time;close;volume;A_context;energy;omega;fatigue;persistence;discharge;bars_since_discharge;state
2026.06.11 20:30;63302.27;38;-0.092557;0.476877;0.003127;0.009538;0.286126;false;0;HOMEOSTASIS
2026.06.11 20:31;63287.06;49;-0.093447;0.476655;0.006417;0.018956;0.562105;false;0;HOMEOSTASIS
2026.06.11 20:32;63324.62;40;-0.091961;0.477026;0.009860;0.028269;0.828647;false;0;HOMEOSTASIS
2026.06.11 20:33;63343.34;52;-0.089957;0.477526;0.013446;0.037481;1.086160;false;0;HOMEOSTASIS
2026.06.11 20:34;63322.50;47;-0.091744;0.477080;0.017155;0.046572;1.334392;false;0;HOMEOSTASIS
2026.06.11 20:35;63282.17;42;-0.092386;0.476920;0.020980;0.055552;1.573841;false;0;HOMEOSTASIS
2026.06.11 20:36;63280.77;38;-0.092699;0.476842;0.024909;0.064422;1.804861;false;0;HOMEOSTASIS
2026.06.11 20:37;63280.56;30;-0.093256;0.476703;0.028933;0.073183;2.027713;false;0;HOMEOSTASIS
2026.06.11 20:38;63271.94;23;-0.092975;0.476773;0.033043;0.081840;2.242806;false;0;HOMEOSTASIS
2026.06.11 20:39;63287.91;45;-0.092739;0.476832;0.037231;0.090395;2.450407;false;0;HOMEOSTASIS
2026.06.11 20:40;63305.90;36;-0.091849;0.477054;0.041489;0.098851;2.650875;false;0;HOMEOSTASIS
2026.06.11 20:41;63255.13;34;-0.091998;0.477017;0.045807;0.107205;2.844305;false;0;HOMEOSTASIS
2026.06.11 20:42;63240.18;33;-0.092022;0.477011;0.050179;0.115459;3.030960;false;0;ACCUMULATION
2026.06.11 20:43;63237.80;30;-0.092357;0.476927;0.054596;0.123612;3.211033;false;0;ACCUMULATION
2026.06.11 20:44;63227.94;39;-0.092417;0.476912;0.059052;0.131667;3.384794;false;0;ACCUMULATION
2026.06.11 20:45;63239.84;38;-0.091253;0.477203;0.063543;0.139631;3.552648;false;0;ACCUMULATION
2026.06.11 20:46;63225.96;28;-0.090712;0.477337;0.068062;0.147502;3.714708;false;0;ACCUMULATION
2026.06.11 20:47;63233.46;32;-0.089867;0.477548;0.072604;0.155283;3.871222;false;0;ACCUMULATION
2026.06.11 20:48;63220.67;16;-0.088015;0.478011;0.077165;0.162980;4.022536;false;0;ACCUMULATION
2026.06.11 20:49;63216.55;13;-0.089810;0.477563;0.081734;0.170576;4.168285;false;0;ACCUMULATION
2026.06.11 20:50;63223.24;33;-0.087486;0.478142;0.086314;0.178091;4.309280;false;0;ACCUMULATION
2026.06.11 20:51;63272.54;39;-0.046357;0.488413;0.090963;0.185723;4.451503;false;0;ACCUMULATION
2026.06.11 20:52;63322.72;69;0.304473;0.575536;0.096184;0.195005;4.641022;false;0;ACCUMULATION
2026.06.11 20:53;63335.76;44;0.001325;0.500331;0.100940;0.202671;4.778785;false;0;ACCUMULATION
2026.06.11 20:54;63332.51;39;-0.023949;0.494013;0.105650;0.210119;4.907935;false;0;ACCUMULATION
2026.06.11 20:55;63328.07;21;-0.082880;0.479292;0.110252;0.217184;5.023733;false;0;ACCUMULATION
2026.06.11 20:56;63339.59;13;-0.086805;0.478312;0.114828;0.224144;5.134889;false;0;ACCUMULATION
2026.06.11 20:57;63345.36;24;-0.088000;0.478014;0.119380;0.231014;5.241977;false;0;ACCUMULATION
2026.06.11 20:58;63332.81;45;-0.086921;0.478283;0.123908;0.237808;5.345478;false;0;ACCUMULATION
2026.06.11 20:59;63328.83;35;-0.081434;0.479653;0.128417;0.244547;5.446178;false;0;ACCUMULATION
2026.06.11 21:00;63348.64;37;-0.082129;0.479479;0.132895;0.251202;5.543249;false;0;ACCUMULATION
2026.06.11 21:01;63369.50;37;-0.092377;0.476922;0.137325;0.257726;5.635388;false;0;ACCUMULATION
2026.06.11 21:02;63342.72;36;-0.091523;0.477135;0.141722;0.264176;5.724431;false;0;ACCUMULATION
2026.06.11 21:03;63335.86;7;-0.091105;0.477240;0.146084;0.270551;5.810420;false;0;ACCUMULATION
2026.06.11 21:04;63393.77;45;-0.093396;0.476668;0.150404;0.276838;5.893056;false;0;ACCUMULATION
2026.06.11 21:05;63406.34;43;-0.093346;0.476680;0.154684;0.283049;5.972807;false;0;ACCUMULATION
2026.06.11 21:06;63397.97;25;-0.093461;0.476652;0.158924;0.289186;6.049750;false;0;ACCUMULATION
2026.06.11 21:07;63403.27;27;-0.093412;0.476664;0.163121;0.295249;6.124007;false;0;ACCUMULATION
2026.06.11 21:08;63427.34;32;-0.094038;0.476508;0.167275;0.301236;6.195571;false;0;ACCUMULATION
2026.06.11 21:09;63407.12;23;-0.093655;0.476603;0.171385;0.307153;6.264688;false;0;ACCUMULATION
2026.06.11 21:10;63403.27;12;-0.093527;0.476635;0.175450;0.313000;6.331405;false;0;ACCUMULATION
2026.06.11 21:11;63417.31;27;-0.092643;0.476856;0.179471;0.318781;6.395919;false;0;ACCUMULATION
2026.06.11 21:12;63427.44;17;-0.091356;0.477177;0.183448;0.324499;6.458368;false;0;ACCUMULATION
2026.06.11 21:13;63519.94;89;-0.093668;0.476600;0.187374;0.330137;6.518286;false;0;ACCUMULATION
2026.06.11 21:14;63490.52;38;-0.093052;0.476754;0.191253;0.335711;6.576198;false;0;ACCUMULATION
2026.06.11 21:15;63471.10;34;-0.092491;0.476894;0.195086;0.341220;6.632167;false;0;ACCUMULATION
2026.06.11 21:16;63464.24;33;-0.091593;0.477118;0.198871;0.346668;6.686312;false;0;ACCUMULATION
2026.06.11 21:17;63459.41;36;-0.090932;0.477283;0.202609;0.352053;6.738661;false;0;ACCUMULATION
2026.06.11 21:18;63458.94;42;-0.091533;0.477133;0.206297;0.357371;6.789087;false;0;ACCUMULATION
2026.06.11 21:19;63473.92;14;-0.092372;0.476923;0.209935;0.362621;6.837623;false;0;ACCUMULATION
2026.06.11 21:20;63448.96;22;-0.090021;0.477510;0.213527;0.367820;6.884812;false;0;ACCUMULATION
2026.06.11 21:21;63462.73;43;-0.089355;0.477676;0.217072;0.372960;6.930450;false;0;ACCUMULATION
2026.06.11 21:22;63489.59;27;-0.092080;0.476996;0.220562;0.378024;6.974082;false;0;ACCUMULATION
2026.06.11 21:23;63485.74;26;-0.091966;0.477025;0.224004;0.383029;7.016204;false;0;ACCUMULATION
2026.06.11 21:24;63462.53;33;-0.086617;0.478359;0.227405;0.387999;7.057652;false;0;ACCUMULATION
2026.06.11 21:25;63437.15;36;-0.074607;0.481357;0.230777;0.392971;7.099448;false;0;ACCUMULATION
2026.06.11 21:26;63392.89;27;0.036952;0.509237;0.234284;0.398440;7.156510;false;0;ACCUMULATION
2026.06.11 21:27;63406.35;17;0.119801;0.529914;0.237889;0.404257;7.223981;false;0;ACCUMULATION
2026.06.11 21:28;63398.01;20;-0.075390;0.481162;0.241142;0.409029;7.259838;false;0;ACCUMULATION
2026.06.11 21:29;63429.33;27;-0.068063;0.482991;0.244359;0.413780;7.295538;false;0;ACCUMULATION
2026.06.11 21:30;63438.02;29;-0.078314;0.480432;0.247510;0.418424;7.328453;false;0;ACCUMULATION
2026.06.11 21:31;63431.43;35;-0.049265;0.487686;0.250659;0.423156;7.364569;false;0;ACCUMULATION
2026.06.11 21:32;63460.96;32;-0.077035;0.480751;0.253717;0.427693;7.395260;false;0;ACCUMULATION
2026.06.11 21:33;63446.00;12;-0.089598;0.477616;0.256705;0.432113;7.422995;false;0;ACCUMULATION
2026.06.11 21:34;63435.89;28;-0.086810;0.478311;0.259649;0.436494;7.450177;false;0;ACCUMULATION
2026.06.11 21:35;63403.93;34;-0.088865;0.477798;0.262542;0.440812;7.476100;false;0;ACCUMULATION
2026.06.11 21:36;63420.90;23;-0.083848;0.479050;0.265394;0.445103;7.501866;false;0;ACCUMULATION
2026.06.11 21:37;63412.88;16;-0.085197;0.478714;0.268197;0.449336;7.526529;false;0;ACCUMULATION
2026.06.11 21:38;63456.11;28;0.101217;0.525283;0.271259;0.454450;7.578270;false;0;ACCUMULATION
2026.06.11 21:39;63463.90;32;-0.040100;0.489976;0.274059;0.458796;7.607017;false;0;ACCUMULATION
2026.06.11 21:40;63428.07;41;-0.069447;0.482645;0.276768;0.462944;7.630358;false;0;ACCUMULATION
2026.06.11 21:41;63440.92;20;-0.071750;0.482070;0.279428;0.467030;7.652538;false;0;ACCUMULATION
2026.06.11 21:42;63462.95;34;-0.076164;0.480968;0.282036;0.471045;7.673280;false;0;ACCUMULATION
2026.06.11 21:43;63433.25;48;-0.086319;0.478434;0.284582;0.474961;7.691775;false;0;ACCUMULATION
2026.06.11 21:44;63470.38;48;-0.018269;0.495433;0.287195;0.479170;7.719823;false;0;ACCUMULATION
2026.06.11 21:45;63470.40;60;-0.078218;0.480455;0.289671;0.483029;7.737902;false;0;ACCUMULATION
2026.06.11 21:46;63480.36;66;-0.089572;0.477622;0.292085;0.486785;7.753649;false;0;ACCUMULATION
2026.06.11 21:47;63484.83;32;-0.088313;0.477936;0.294458;0.490502;7.769033;false;0;ACCUMULATION
2026.06.11 21:48;63510.72;46;-0.090655;0.477352;0.296783;0.494163;7.783528;false;0;ACCUMULATION
2026.06.11 21:49;63491.00;60;-0.083712;0.479084;0.299077;0.497815;7.798555;false;0;ACCUMULATION
2026.06.11 21:50;63460.72;24;-0.062118;0.484475;0.301365;0.501531;7.816290;false;0;ACCUMULATION
2026.06.11 21:51;63485.79;29;-0.081744;0.479575;0.303582;0.505104;7.830466;false;0;ACCUMULATION
2026.06.11 21:52;63487.00;76;-0.053585;0.486607;0.305806;0.508775;7.848363;false;0;ACCUMULATION
2026.06.11 21:53;63479.66;18;-0.102823;0.474317;0.307912;0.512156;7.858261;false;0;ACCUMULATION
2026.06.11 21:54;63455.76;48;0.025613;0.506403;0.310187;0.516138;7.887063;false;0;ACCUMULATION
2026.06.11 21:55;63416.42;35;0.204247;0.550885;0.312726;0.520962;7.941547;false;0;ACCUMULATION
2026.06.11 21:56;63408.35;42;0.212134;0.552836;0.315263;0.525767;7.995294;false;0;ACCUMULATION
2026.06.11 21:57;63417.42;27;1.093878;0.749111;0.319073;0.534440;8.164926;false;0;ACCUMULATION
2026.06.11 21:58;63447.03;31;0.405014;0.599892;0.321957;0.540025;8.239088;false;0;ACCUMULATION
2026.06.11 21:59;63460.11;69;1.435016;0.807682;0.326198;0.549698;8.435329;false;0;ACCUMULATION
2026.06.11 22:00;63498.04;50;-0.196773;0.450965;0.328163;0.552121;8.410672;false;0;ACCUMULATION
2026.06.11 22:01;63507.17;50;-0.187916;0.453159;0.330075;0.554559;8.388193;false;0;ACCUMULATION
2026.06.11 22:02;63499.23;75;-0.094374;0.476424;0.332076;0.557433;8.380461;false;0;ACCUMULATION
2026.06.11 22:03;63529.33;77;-0.214927;0.446474;0.333828;0.559673;8.355029;false;0;ACCUMULATION
2026.06.11 22:04;63516.65;75;-0.128168;0.468002;0.335660;0.562317;8.343404;false;0;ACCUMULATION
2026.06.11 22:05;63526.71;79;-0.154937;0.461343;0.337396;0.564796;8.328191;false;0;ACCUMULATION
2026.06.11 22:06;63556.13;81;-0.188762;0.452949;0.339024;0.567077;8.308474;false;0;ACCUMULATION
2026.06.11 22:07;63588.17;68;-0.213701;0.446777;0.340558;0.569208;8.285744;false;0;ACCUMULATION
2026.06.11 22:08;63573.98;59;-0.162543;0.459454;0.342122;0.571567;8.271415;false;0;ACCUMULATION
2026.06.11 22:09;63577.39;46;-0.198527;0.450531;0.343580;0.573718;8.252234;false;0;ACCUMULATION
2026.06.11 22:10;63574.54;53;-0.218963;0.445477;0.344956;0.575743;8.230691;false;0;ACCUMULATION
2026.06.11 22:11;63552.88;57;-0.164784;0.458897;0.346372;0.578012;8.217955;false;0;ACCUMULATION
2026.06.11 22:12;63532.34;43;-0.109569;0.472635;0.347836;0.580529;8.213908;false;0;ACCUMULATION
2026.06.11 22:13;63565.61;46;-0.193590;0.451753;0.349127;0.582598;8.197473;false;0;ACCUMULATION
2026.06.11 22:14;63579.25;38;-0.224272;0.444166;0.350326;0.584490;8.177061;false;0;ACCUMULATION
2026.06.11 22:15;63552.95;68;-0.228693;0.443075;0.351476;0.586337;8.156709;false;0;ACCUMULATION
2026.06.11 22:16;63571.31;61;-0.237843;0.440818;0.352569;0.588118;8.135715;false;0;ACCUMULATION
2026.06.11 22:17;63583.93;55;-0.237467;0.440911;0.353622;0.589878;8.115511;false;0;ACCUMULATION
2026.06.11 22:18;63575.40;38;-0.220869;0.445006;0.354663;0.591700;8.098472;false;0;ACCUMULATION
2026.06.11 22:19;63573.12;18;-0.214669;0.446538;0.355678;0.593530;8.082948;false;0;ACCUMULATION
2026.06.11 22:20;63567.39;37;-0.167661;0.458183;0.356735;0.595572;8.074955;false;0;ACCUMULATION
2026.06.11 22:21;63554.21;29;-0.112554;0.471891;0.357853;0.597863;8.075466;false;0;ACCUMULATION
2026.06.11 22:22;63505.78;34;0.944866;0.720081;0.360577;0.605090;8.224874;false;0;ACCUMULATION
2026.06.11 22:23;63510.31;40;0.117385;0.529312;0.362112;0.608415;8.254590;false;0;ACCUMULATION
2026.06.11 22:24;63497.05;53;0.096796;0.524180;0.363604;0.611598;8.280188;false;0;ACCUMULATION
2026.06.11 22:25;63494.40;46;-0.065343;0.483670;0.364820;0.613932;8.280583;false;0;ACCUMULATION
2026.06.11 22:26;63492.58;23;-0.185323;0.453801;0.365813;0.615641;8.263044;false;0;ACCUMULATION
2026.06.11 22:27;63504.40;21;-0.216080;0.446189;0.366722;0.617177;8.241551;false;0;ACCUMULATION
2026.06.11 22:28;63511.58;38;-0.191638;0.452237;0.367633;0.618815;8.224439;false;0;ACCUMULATION
2026.06.11 22:29;63533.60;35;-0.149917;0.462591;0.368580;0.620642;8.214138;false;0;ACCUMULATION
2026.06.11 22:30;63547.12;35;-0.068625;0.482851;0.369631;0.622851;8.216353;false;0;ACCUMULATION
2026.06.11 22:31;63532.84;68;0.018438;0.504609;0.370805;0.625469;8.231546;false;0;ACCUMULATION
2026.06.11 22:32;63502.70;35;-0.086428;0.478406;0.371795;0.627531;8.230486;false;0;ACCUMULATION
2026.06.11 22:33;63511.30;41;-0.183356;0.454289;0.372605;0.629087;8.214992;false;0;ACCUMULATION
2026.06.11 22:34;63463.62;40;-0.244033;0.439293;0.373289;0.630324;8.191043;false;0;ACCUMULATION
2026.06.11 22:35;63495.53;50;-0.191919;0.452167;0.374023;0.631803;8.175657;false;0;ACCUMULATION
2026.06.11 22:36;63514.10;20;-0.197152;0.450871;0.374722;0.633239;8.160032;false;0;ACCUMULATION
2026.06.11 22:37;63489.67;29;-0.239034;0.440524;0.375327;0.634450;8.138745;false;0;ACCUMULATION
2026.06.11 22:38;63457.94;35;-0.250922;0.437597;0.375883;0.635589;8.116447;false;0;ACCUMULATION
2026.06.11 22:39;63478.39;34;-0.238281;0.440710;0.376432;0.636776;8.096798;false;0;ACCUMULATION
2026.06.11 22:40;63471.57;47;-0.238200;0.440730;0.376955;0.637949;8.077848;false;0;ACCUMULATION
2026.06.11 22:41;63447.17;17;-0.245386;0.438960;0.377442;0.639073;8.058499;false;0;ACCUMULATION
2026.06.11 22:42;63437.70;24;-0.216294;0.446136;0.377951;0.640327;8.044133;false;0;ACCUMULATION
2026.06.11 22:43;63458.57;27;-0.192442;0.452037;0.378479;0.641684;8.033811;false;0;ACCUMULATION
2026.06.11 22:44;63442.55;19;-0.202756;0.449484;0.378972;0.642973;8.022318;false;0;ACCUMULATION
2026.06.11 22:45;63456.10;39;-0.163811;0.459139;0.379511;0.644440;8.017020;false;0;ACCUMULATION
2026.06.11 22:46;63423.71;33;-0.222871;0.444512;0.379940;0.645597;8.003131;false;0;ACCUMULATION
2026.06.11 22:47;63402.54;23;-0.247477;0.438445;0.380312;0.646619;7.986088;false;0;ACCUMULATION
2026.06.11 22:48;63413.39;24;-0.246601;0.438660;0.380665;0.647633;7.969771;false;0;ACCUMULATION
2026.06.11 22:49;63443.49;49;-0.240636;0.440130;0.381010;0.648664;7.954907;false;0;ACCUMULATION
2026.06.11 22:50;63473.11;38;-0.227487;0.443372;0.381359;0.649747;7.942509;false;0;ACCUMULATION
2026.06.11 22:51;63462.76;19;-0.228635;0.443089;0.381691;0.650812;7.930374;false;0;ACCUMULATION
2026.06.11 22:52;63474.04;39;-0.122977;0.469295;0.382180;0.652388;7.934388;false;0;ACCUMULATION
2026.06.11 22:53;63466.92;35;-0.184997;0.453882;0.382564;0.653637;7.929014;false;0;ACCUMULATION
2026.06.11 22:54;63482.42;27;-0.039879;0.490032;0.383175;0.655594;7.945517;false;0;ACCUMULATION
2026.06.11 22:55;63507.21;30;0.102250;0.525540;0.384022;0.658238;7.982748;false;0;ACCUMULATION
2026.06.11 22:56;63474.48;38;-0.175718;0.456183;0.384428;0.659463;7.977062;false;0;ACCUMULATION
2026.06.11 22:57;63490.30;27;6.703224;0.998775;0.388381;0.671525;8.297129;false;0;ACCUMULATION
2026.06.11 22:58;63482.03;24;-0.117149;0.470746;0.389048;0.672881;8.289178;false;0;ACCUMULATION
2026.06.11 22:59;63437.50;25;-0.192739;0.451964;0.389571;0.673846;8.270235;false;0;ACCUMULATION
2026.06.11 23:00;63379.89;78;-0.248087;0.438294;0.389980;0.674526;8.243753;false;0;ACCUMULATION
2026.06.11 23:01;63374.53;49;-0.232130;0.442227;0.390384;0.675276;8.220558;false;0;ACCUMULATION
2026.06.11 23:02;63381.38;65;-0.208161;0.448147;0.390802;0.676136;8.201727;false;0;ACCUMULATION
2026.06.11 23:03;63349.32;78;-0.247738;0.438380;0.391132;0.676790;8.177694;false;0;ACCUMULATION
2026.06.11 23:04;63359.69;52;-0.228994;0.443000;0.391468;0.677528;8.157275;false;0;ACCUMULATION
2026.06.11 23:05;63359.15;46;-0.236509;0.441147;0.391769;0.678221;8.136459;false;0;ACCUMULATION
2026.06.11 23:06;63335.90;27;-0.229913;0.442774;0.392059;0.678938;8.117347;false;0;ACCUMULATION
2026.06.11 23:07;63329.58;46;-0.213162;0.446910;0.392357;0.679728;8.101386;false;0;ACCUMULATION
2026.06.11 23:08;63307.72;44;-0.235642;0.441361;0.392600;0.680399;8.082654;false;0;ACCUMULATION
2026.06.11 23:09;63292.95;27;-0.253081;0.437065;0.392798;0.680975;8.062000;false;0;ACCUMULATION
2026.06.11 23:10;63316.29;37;-0.254049;0.436827;0.392974;0.681540;8.041926;false;0;ACCUMULATION
2026.06.11 23:11;63309.92;27;-0.252099;0.437307;0.393136;0.682108;8.022843;false;0;ACCUMULATION
2026.06.11 23:12;63357.70;50;-0.238119;0.440750;0.393304;0.682738;8.006493;false;0;ACCUMULATION
2026.06.11 23:13;63334.75;40;-0.238432;0.440673;0.393457;0.683358;7.990670;false;0;ACCUMULATION
2026.06.11 23:14;63337.60;29;-0.236329;0.441191;0.393599;0.683982;7.975711;false;0;ACCUMULATION
2026.06.11 23:15;63355.76;40;-0.237240;0.440967;0.393727;0.684593;7.961141;false;0;ACCUMULATION
2026.06.11 23:16;63353.89;38;-0.226713;0.443563;0.393860;0.685249;7.948639;false;0;ACCUMULATION
2026.06.11 23:17;63326.66;36;-0.238809;0.440580;0.393964;0.685838;7.934785;false;0;ACCUMULATION
2026.06.11 23:18;63337.63;51;-0.228849;0.443036;0.394072;0.686469;7.922889;false;0;ACCUMULATION
2026.06.11 23:19;63360.33;44;-0.188253;0.453075;0.394237;0.687293;7.917433;false;0;ACCUMULATION
2026.06.11 23:20;63328.12;43;-0.151756;0.462134;0.394455;0.688288;7.917603;false;0;ACCUMULATION
2026.06.11 23:21;63321.26;34;-0.157203;0.460780;0.394663;0.689244;7.916955;false;0;ACCUMULATION
2026.06.11 23:22;63361.13;33;0.017985;0.504496;0.395155;0.691063;7.942559;false;0;ACCUMULATION
2026.06.11 23:23;63366.12;28;0.055565;0.513888;0.395721;0.693048;7.972902;false;0;ACCUMULATION
2026.06.11 23:24;63337.75;36;-0.026999;0.493251;0.396167;0.694596;7.989801;false;0;ACCUMULATION
2026.06.11 23:25;63319.64;24;-0.137008;0.465801;0.396439;0.695577;7.989639;false;0;ACCUMULATION
2026.06.11 23:26;63346.87;32;0.212831;0.553008;0.397279;0.698290;8.041806;false;0;ACCUMULATION
2026.06.11 23:27;63311.02;39;0.017500;0.504375;0.397826;0.699998;8.062968;false;0;ACCUMULATION
2026.06.11 23:28;63313.84;7;0.549366;0.633988;0.399230;0.704278;8.161157;false;0;ACCUMULATION
2026.06.11 23:29;63317.21;24;-0.059618;0.485100;0.399708;0.705529;8.166576;false;0;ACCUMULATION
2026.06.11 23:30;63338.99;47;-0.042519;0.489372;0.400210;0.706850;8.174369;false;0;ACCUMULATION
2026.06.11 23:31;63425.06;57;-0.213824;0.446747;0.400429;0.707303;8.156314;false;0;ACCUMULATION
2026.06.11 23:32;63413.44;39;-0.165458;0.458730;0.400708;0.707990;8.146081;false;0;ACCUMULATION
2026.06.11 23:33;63462.34;50;-0.318160;0.421124;0.400728;0.707916;8.113643;false;0;ACCUMULATION
2026.06.11 23:34;63452.70;35;-0.306664;0.423929;0.400741;0.707900;8.084023;false;0;ACCUMULATION
2026.06.11 23:35;63419.40;30;-0.237636;0.440869;0.400842;0.708222;8.065604;false;0;ACCUMULATION
2026.06.11 23:36;63437.07;39;-0.273264;0.432106;0.400870;0.708366;8.042571;false;0;ACCUMULATION
2026.06.11 23:37;63423.39;37;-0.288660;0.428332;0.400856;0.708432;8.018080;false;0;ACCUMULATION
2026.06.11 23:38;63438.32;37;-0.293297;0.427197;0.400817;0.708475;7.993766;false;0;ACCUMULATION
2026.06.11 23:39;63470.98;39;-0.301203;0.425264;0.400748;0.708479;7.969142;false;0;ACCUMULATION
2026.06.11 23:40;63605.44;102;-0.352415;0.412797;0.400581;0.708233;7.937900;false;0;ACCUMULATION
2026.06.11 23:41;63595.07;28;-0.349173;0.413583;0.400400;0.708006;7.908223;false;0;ACCUMULATION
2026.06.11 23:42;63598.49;26;-0.342399;0.415227;0.400211;0.707814;7.880572;false;0;ACCUMULATION
2026.06.11 23:43;63570.37;44;-0.333386;0.417417;0.400021;0.707669;7.855202;false;0;ACCUMULATION
2026.06.11 23:44;63570.12;19;-0.340941;0.415581;0.399804;0.707488;7.829618;false;0;ACCUMULATION
2026.06.11 23:45;63563.15;34;-0.342036;0.415315;0.399573;0.707305;7.804771;false;0;ACCUMULATION
2026.06.11 23:46;63574.53;35;-0.337925;0.416313;0.399335;0.707143;7.781392;false;0;ACCUMULATION
2026.06.11 23:47;63542.00;48;-0.337808;0.416342;0.399086;0.706984;7.758848;false;0;ACCUMULATION
2026.06.11 23:48;63540.78;35;-0.334791;0.417075;0.398832;0.706842;7.737534;false;0;ACCUMULATION
2026.06.11 23:49;63534.10;35;-0.331297;0.417925;0.398575;0.706718;7.717475;false;0;ACCUMULATION
2026.06.11 23:50;63524.14;22;-0.322778;0.419999;0.398323;0.706638;7.699363;false;0;ACCUMULATION
2026.06.11 23:51;63488.42;39;-0.204914;0.448950;0.398254;0.707137;7.699255;false;0;ACCUMULATION
2026.06.11 23:52;63484.82;37;-0.225748;0.443802;0.398156;0.707528;7.696062;false;0;ACCUMULATION
2026.06.11 23:53;63474.87;38;0.506819;0.624060;0.399243;0.711518;7.801136;false;0;ACCUMULATION
2026.06.11 23:54;63563.79;63;-0.282659;0.429802;0.399120;0.711576;7.785978;false;0;ACCUMULATION
2026.06.11 23:55;63567.35;39;-0.306826;0.423890;0.398950;0.711515;7.767802;false;0;ACCUMULATION
2026.06.11 23:56;63563.93;29;-0.290511;0.427879;0.398798;0.711535;7.752656;false;0;ACCUMULATION
2026.06.11 23:57;63554.84;40;-0.291774;0.427570;0.398637;0.711548;7.737855;false;0;ACCUMULATION
2026.06.11 23:58;63544.15;54;-0.263887;0.434409;0.398514;0.711697;7.727675;false;0;ACCUMULATION
2026.06.11 23:59;63562.97;48;-0.245052;0.439042;0.398419;0.711938;7.720632;false;0;ACCUMULATION
2026.06.12 00:00;63545.47;93;-0.176333;0.456031;0.398434;0.712515;7.724028;false;0;ACCUMULATION
2026.06.12 00:01;63540.38;59;-0.146910;0.463338;0.398501;0.713232;7.731690;false;0;ACCUMULATION
2026.06.12 00:02;63520.21;40;-0.212211;0.447145;0.398469;0.713616;7.729368;false;0;ACCUMULATION
2026.06.12 00:03;63489.23;43;-0.216872;0.445993;0.398430;0.713972;7.726437;false;0;ACCUMULATION
2026.06.12 00:04;63519.64;64;-0.108855;0.472813;0.398568;0.714861;7.739699;false;0;ACCUMULATION
2026.06.12 00:05;63529.24;56;0.028983;0.507245;0.398942;0.716427;7.773157;false;0;ACCUMULATION
2026.06.12 00:06;63549.74;34;0.175367;0.543730;0.399575;0.718705;7.827334;false;0;ACCUMULATION
2026.06.12 00:07;63717.40;101;-0.289999;0.428004;0.399482;0.718640;7.810180;false;0;ACCUMULATION
2026.06.12 00:08;63681.76;66;-0.266518;0.433762;0.399416;0.718692;7.797081;false;0;ACCUMULATION
2026.06.12 00:09;63656.83;38;-0.250324;0.437744;0.399368;0.718823;7.786829;false;0;ACCUMULATION
2026.06.12 00:10;63650.70;36;-0.251708;0.437403;0.399313;0.718945;7.776732;false;0;ACCUMULATION
2026.06.12 00:11;63624.60;46;-0.255077;0.436574;0.399246;0.719049;7.766491;false;0;ACCUMULATION
2026.06.12 00:12;63627.85;33;-0.256134;0.436314;0.399173;0.719147;7.756452;false;0;ACCUMULATION
2026.06.12 00:13;63644.70;32;-0.270616;0.432756;0.399071;0.719172;7.744630;false;0;ACCUMULATION
2026.06.12 00:14;63674.71;45;-0.222336;0.444644;0.399042;0.719435;7.740354;false;0;ACCUMULATION
2026.06.12 00:15;63594.23;77;0.216621;0.553945;0.399728;0.721880;7.801809;false;0;ACCUMULATION
2026.06.12 00:16;63560.01;65;3.620856;0.973938;0.403205;0.732697;8.113108;false;0;ACCUMULATION
2026.06.12 00:17;63562.29;38;1.715142;0.847502;0.406031;0.740854;8.337650;false;0;ACCUMULATION
2026.06.12 00:18;63581.09;39;0.046731;0.511681;0.406776;0.742198;8.352841;false;0;ACCUMULATION
2026.06.12 00:19;63574.01;38;0.998924;0.730847;0.408952;0.747908;8.499000;false;0;ACCUMULATION
2026.06.12 00:20;63577.29;21;0.070691;0.517665;0.409801;0.749287;8.512134;false;0;ACCUMULATION
2026.06.12 00:21;63581.39;59;-0.028935;0.492767;0.410477;0.750151;8.509869;false;0;ACCUMULATION
2026.06.12 00:22;63555.12;58;0.037893;0.509472;0.411244;0.751338;8.517707;false;0;ACCUMULATION
2026.06.12 00:23;63535.86;24;-0.071842;0.482047;0.411820;0.751963;8.508816;false;0;ACCUMULATION
2026.06.12 00:24;63512.25;21;1.435041;0.807686;0.414510;0.759093;8.695619;false;0;ACCUMULATION
2026.06.12 00:25;63547.29;59;0.364676;0.590172;0.415865;0.761788;8.745375;false;0;ACCUMULATION
2026.06.12 00:26;63485.87;40;-0.168424;0.457993;0.416362;0.761806;8.714083;false;0;ACCUMULATION
2026.06.12 00:27;63514.29;71;-0.315368;0.421805;0.416584;0.761100;8.662173;false;0;ACCUMULATION
2026.06.12 00:28;63543.21;43;-0.287631;0.428584;0.416801;0.760539;8.616147;false;0;ACCUMULATION
2026.06.12 00:29;63544.97;44;-0.264833;0.434176;0.417011;0.760096;8.575088;false;0;ACCUMULATION
2026.06.12 00:30;63554.66;51;-0.243920;0.439321;0.417215;0.759761;8.538552;false;0;ACCUMULATION
2026.06.12 00:31;63522.09;52;-0.251809;0.437378;0.417372;0.759392;8.502129;false;0;ACCUMULATION
2026.06.12 00:32;63556.76;41;-0.193825;0.451695;0.417589;0.759313;8.475572;false;0;ACCUMULATION
2026.06.12 00:33;63591.87;52;-0.124454;0.468927;0.417892;0.759580;8.460283;false;0;ACCUMULATION
2026.06.12 00:34;63565.48;54;-0.255693;0.436423;0.417962;0.759193;8.426026;false;0;ACCUMULATION
2026.06.12 00:35;63597.48;59;3.653314;0.974749;0.421534;0.769578;8.715965;false;0;ACCUMULATION
2026.06.12 00:36;63603.28;56;-0.085313;0.478685;0.422009;0.769916;8.698117;false;0;ACCUMULATION
2026.06.12 00:37;63610.96;30;-0.121170;0.469745;0.422399;0.770072;8.675530;false;0;ACCUMULATION
2026.06.12 00:38;63636.56;73;-0.144382;0.463967;0.422724;0.770111;8.650266;false;0;ACCUMULATION
2026.06.12 00:39;63598.29;46;0.170156;0.542437;0.423534;0.771718;8.672969;false;0;ACCUMULATION
2026.06.12 00:40;63603.71;39;0.134065;0.533466;0.424286;0.773127;8.689495;false;0;ACCUMULATION
2026.06.12 00:41;63608.12;56;0.125441;0.531319;0.425020;0.774476;8.704154;false;0;ACCUMULATION
2026.06.12 00:42;63610.38;41;-0.143429;0.464204;0.425308;0.774466;8.678031;false;0;ACCUMULATION
2026.06.12 00:43;63583.09;34;-0.098526;0.475388;0.425642;0.774680;8.659533;false;0;ACCUMULATION
2026.06.12 00:44;63586.19;37;-0.192401;0.452048;0.425799;0.774425;8.627678;false;0;ACCUMULATION
2026.06.12 00:45;63619.83;60;-0.185308;0.453805;0.425939;0.774208;8.597992;false;0;ACCUMULATION
2026.06.12 00:46;63603.67;30;-0.257487;0.435982;0.425933;0.773637;8.558652;false;0;ACCUMULATION
2026.06.12 00:47;63606.86;36;-0.230296;0.442679;0.425940;0.773207;8.524706;false;0;ACCUMULATION
2026.06.12 00:48;63600.20;21;-0.145314;0.463735;0.426057;0.773203;8.504583;false;0;ACCUMULATION
2026.06.12 00:49;63609.69;30;-0.175110;0.456334;0.426107;0.773052;8.480723;false;0;ACCUMULATION
2026.06.12 00:50;63592.26;36;-0.038350;0.490414;0.426361;0.773583;8.478146;false;0;ACCUMULATION
2026.06.12 00:51;63636.39;50;-0.263655;0.434466;0.426240;0.772990;8.442090;false;0;ACCUMULATION
2026.06.12 00:52;63633.73;36;-0.211202;0.447395;0.426178;0.772662;8.415054;false;0;ACCUMULATION
2026.06.12 00:53;63633.41;34;-0.079083;0.480240;0.426311;0.772995;8.408670;false;0;ACCUMULATION
2026.06.12 00:54;63639.43;30;-0.210447;0.447581;0.426223;0.772670;8.382916;false;0;ACCUMULATION
2026.06.12 00:55;63630.97;25;-0.030301;0.492425;0.426411;0.773247;8.384969;false;0;ACCUMULATION
2026.06.12 00:56;63633.13;33;-0.000117;0.499971;0.426647;0.773967;8.391477;false;0;ACCUMULATION
2026.06.12 00:57;63603.36;42;1.107402;0.751644;0.428534;0.779712;8.548762;false;0;ACCUMULATION
2026.06.12 00:58;63564.30;40;-0.226784;0.443546;0.428488;0.779227;8.515683;false;0;ACCUMULATION
2026.06.12 00:59;63576.00;34;0.100202;0.525030;0.428950;0.780377;8.532652;false;0;ACCUMULATION
2026.06.12 01:00;63489.54;75;-0.279195;0.430651;0.428798;0.779625;8.492400;false;0;ACCUMULATION
2026.06.12 01:01;63439.47;65;-0.309837;0.423154;0.428568;0.778733;8.449059;false;0;ACCUMULATION
2026.06.12 01:02;63401.78;97;-0.318536;0.421033;0.428294;0.777809;8.405961;false;0;ACCUMULATION
2026.06.12 01:03;63447.04;97;-0.280788;0.430261;0.428052;0.777080;8.369909;false;0;ACCUMULATION
2026.06.12 01:04;63445.39;48;-0.282374;0.429872;0.427784;0.776353;8.334885;false;0;ACCUMULATION
2026.06.12 01:05;63405.85;49;-0.313692;0.422214;0.427445;0.775481;8.296492;false;0;ACCUMULATION
2026.06.12 01:06;63436.33;64;-0.292193;0.427467;0.427118;0.774724;8.262595;false;0;ACCUMULATION
2026.06.12 01:07;63441.87;46;-0.289944;0.428018;0.426775;0.773988;8.230215;false;0;ACCUMULATION
2026.06.12 01:08;63423.69;47;-0.292998;0.427270;0.426409;0.773245;8.198520;false;0;ACCUMULATION
2026.06.12 01:09;63431.90;44;-0.292069;0.427497;0.426030;0.772516;8.168070;false;0;ACCUMULATION
2026.06.12 01:10;63430.49;43;-0.283433;0.429612;0.425649;0.771838;8.139955;false;0;ACCUMULATION
2026.06.12 01:11;63416.51;44;-0.307003;0.423847;0.425217;0.771053;8.109364;false;0;ACCUMULATION
2026.06.12 01:12;63419.50;40;-0.304862;0.424369;0.424776;0.770288;8.080158;false;0;ACCUMULATION
2026.06.12 01:13;63411.42;41;-0.306633;0.423937;0.424320;0.769523;8.051715;false;0;ACCUMULATION
2026.06.12 01:14;63408.21;45;-0.308186;0.423558;0.423849;0.768760;8.024039;false;0;ACCUMULATION
2026.06.12 01:15;63396.28;42;-0.307936;0.423619;0.423370;0.768007;7.997369;false;0;ACCUMULATION
2026.06.12 01:16;63466.79;80;-0.277920;0.430964;0.422929;0.767411;7.976040;false;0;ACCUMULATION
2026.06.12 01:17;63413.94;73;-0.286771;0.428795;0.422469;0.766778;7.954155;false;0;ACCUMULATION
2026.06.12 01:18;63397.92;52;-0.274005;0.431924;0.422023;0.766215;7.934914;false;0;ACCUMULATION
2026.06.12 01:19;63360.53;28;-0.295928;0.426553;0.421539;0.765551;7.913124;false;0;ACCUMULATION
2026.06.12 01:20;63346.62;73;-0.257079;0.436082;0.421113;0.765086;7.897814;false;0;ACCUMULATION
2026.06.12 01:21;63374.25;51;-0.127521;0.468163;0.420896;0.765269;7.902288;false;0;ACCUMULATION
2026.06.12 01:22;63325.02;53;-0.172481;0.456986;0.420616;0.765225;7.899900;false;0;ACCUMULATION
2026.06.12 01:23;63319.19;81;-0.253217;0.437032;0.420212;0.764783;7.885622;false;0;ACCUMULATION
2026.06.12 01:24;63319.40;45;-0.251956;0.437342;0.419810;0.764352;7.872031;false;0;ACCUMULATION
2026.06.12 01:25;63315.61;41;-0.206858;0.448469;0.419480;0.764150;7.865591;false;0;ACCUMULATION
2026.06.12 01:26;63271.59;38;-0.283156;0.429680;0.419031;0.763573;7.848104;false;0;ACCUMULATION
2026.06.12 01:27;63265.79;78;-0.286262;0.428919;0.418575;0.762989;7.830771;false;0;ACCUMULATION
2026.06.12 01:28;63277.06;62;-0.268041;0.433388;0.418147;0.762501;7.816727;false;0;ACCUMULATION
2026.06.12 01:29;63277.98;34;-0.273956;0.431936;0.417709;0.761989;7.802304;false;0;ACCUMULATION
2026.06.12 01:30;63317.40;53;-0.237911;0.440801;0.417329;0.761662;7.793704;false;0;ACCUMULATION
2026.06.12 01:31;63293.48;62;-0.246792;0.438613;0.416938;0.761294;7.784092;false;0;ACCUMULATION
2026.06.12 01:32;63316.70;51;-0.221004;0.444973;0.416592;0.761058;7.778632;false;0;ACCUMULATION
2026.06.12 01:33;63318.10;68;-0.201795;0.449722;0.416282;0.760920;7.776213;false;0;ACCUMULATION
2026.06.12 01:34;63279.61;48;-0.248225;0.438260;0.415904;0.760554;7.767002;false;0;ACCUMULATION
2026.06.12 01:35;63240.97;70;-0.267032;0.433636;0.415498;0.760100;7.755339;false;0;ACCUMULATION
2026.06.12 01:36;63231.06;59;-0.304115;0.424552;0.415034;0.759470;7.738633;false;0;ACCUMULATION
2026.06.12 01:37;63261.87;50;-0.269085;0.433132;0.414625;0.759019;7.727660;false;0;ACCUMULATION
2026.06.12 01:38;63273.38;42;-0.247665;0.438398;0.414253;0.758678;7.720231;false;0;ACCUMULATION
2026.06.12 01:39;63297.23;54;-0.121768;0.469596;0.414089;0.758966;7.731780;false;0;ACCUMULATION
2026.06.12 01:40;63264.59;50;-0.183541;0.454243;0.413839;0.758943;7.733713;false;0;ACCUMULATION
2026.06.12 01:41;63273.75;48;-0.219155;0.445430;0.413541;0.758745;7.730291;false;0;ACCUMULATION
2026.06.12 01:42;63303.47;30;0.329846;0.581722;0.414141;0.761274;7.808764;false;0;ACCUMULATION
2026.06.12 01:43;63331.25;64;0.860170;0.702696;0.415588;0.766193;7.957075;false;0;ACCUMULATION
2026.06.12 01:44;63300.83;59;0.433833;0.606789;0.416495;0.769134;8.042651;false;0;ACCUMULATION
2026.06.12 01:45;63323.24;73;1.649319;0.838799;0.418974;0.776681;8.264437;false;0;ACCUMULATION
2026.06.12 01:46;63329.09;52;-0.113650;0.471618;0.419172;0.776793;8.258153;false;0;ACCUMULATION
2026.06.12 01:47;63331.38;61;-0.151571;0.462180;0.419297;0.776715;8.246425;false;0;ACCUMULATION
2026.06.12 01:48;63350.96;44;-0.181897;0.454651;0.419360;0.776487;8.230591;false;0;ACCUMULATION
2026.06.12 01:49;63362.27;38;-0.206944;0.448448;0.419368;0.776139;8.211589;false;0;ACCUMULATION
2026.06.12 01:50;63339.32;55;0.308848;0.576604;0.420200;0.778357;8.270146;false;0;ACCUMULATION
2026.06.12 01:51;63358.19;47;-0.155336;0.461244;0.420304;0.778242;8.257437;false;0;ACCUMULATION
2026.06.12 01:52;63354.11;36;0.027116;0.506779;0.420694;0.779038;8.272494;false;0;ACCUMULATION
2026.06.12 01:53;63346.47;22;0.138681;0.534615;0.421269;0.780382;8.303726;false;0;ACCUMULATION
2026.06.12 01:54;63378.71;46;-0.233665;0.441848;0.421249;0.779854;8.278204;false;0;ACCUMULATION
2026.06.12 01:55;63339.56;57;-0.234601;0.441617;0.421205;0.779329;8.253437;false;0;ACCUMULATION
2026.06.12 01:56;63314.52;34;-0.212073;0.447179;0.421179;0.778920;8.232875;false;0;ACCUMULATION
2026.06.12 01:57;63317.02;31;-0.129518;0.467666;0.421271;0.778926;8.225324;false;0;ACCUMULATION
2026.06.12 01:58;63339.43;21;-0.176390;0.456017;0.421277;0.778700;8.211047;false;0;ACCUMULATION
2026.06.12 01:59;63349.06;25;-0.127778;0.468099;0.421351;0.778717;8.204520;false;0;ACCUMULATION
2026.06.12 02:00;63353.48;33;-0.237228;0.440970;0.421241;0.778192;8.181943;false;0;ACCUMULATION
2026.06.12 02:01;63392.17;30;-0.276135;0.431402;0.421051;0.777482;8.154416;false;0;ACCUMULATION
2026.06.12 02:02;63423.32;42;-0.275971;0.431442;0.420843;0.776781;8.127877;false;0;ACCUMULATION
2026.06.12 02:03;63389.96;44;-0.168955;0.457861;0.420792;0.776617;8.118118;false;0;ACCUMULATION
2026.06.12 02:04;63396.23;33;-0.256128;0.436316;0.420593;0.776024;8.095773;false;0;ACCUMULATION
2026.06.12 02:05;63422.07;31;-0.267127;0.433613;0.420363;0.775384;8.072589;false;0;ACCUMULATION
2026.06.12 02:06;63427.99;22;-0.271929;0.432434;0.420111;0.774728;8.049508;false;0;ACCUMULATION
2026.06.12 02:07;63448.26;61;-0.289482;0.428131;0.419819;0.773994;8.024654;false;0;ACCUMULATION
2026.06.12 02:08;63443.18;36;-0.265423;0.434031;0.419552;0.773386;8.004210;false;0;ACCUMULATION
2026.06.12 02:09;63567.71;84;-0.328295;0.418655;0.419174;0.772479;7.975256;false;0;ACCUMULATION
2026.06.12 02:10;63628.50;132;-0.340874;0.415597;0.418762;0.771521;7.945480;false;0;ACCUMULATION
2026.06.12 02:11;63607.34;98;-0.330615;0.418091;0.418352;0.770624;7.918243;false;0;ACCUMULATION
2026.06.12 02:12;63607.28;46;-0.330790;0.418048;0.417929;0.769738;7.891934;false;0;ACCUMULATION
2026.06.12 02:13;63593.37;67;-0.326719;0.419039;0.417502;0.768882;7.867139;false;0;ACCUMULATION
2026.06.12 02:14;63590.61;29;-0.318251;0.421102;0.417078;0.768077;7.844451;false;0;ACCUMULATION
2026.06.12 02:15;63578.64;66;-0.325300;0.419385;0.416636;0.767248;7.821526;false;0;ACCUMULATION
2026.06.12 02:16;63552.74;60;-0.323393;0.419849;0.416188;0.766438;7.799682;false;0;ACCUMULATION
2026.06.12 02:17;63525.38;26;-0.314810;0.421941;0.415748;0.765680;7.779858;false;0;ACCUMULATION
2026.06.12 02:18;63523.47;59;-0.302440;0.424961;0.415323;0.764991;7.762539;false;0;ACCUMULATION
2026.06.12 02:19;63562.33;28;-0.313598;0.422237;0.414876;0.764256;7.744192;false;0;ACCUMULATION
2026.06.12 02:20;63552.63;50;-0.307184;0.423802;0.414436;0.763561;7.727427;false;0;ACCUMULATION
2026.06.12 02:21;63538.77;33;-0.278920;0.430719;0.414039;0.763012;7.715398;false;0;ACCUMULATION
2026.06.12 02:22;63539.32;59;-0.248952;0.438081;0.413690;0.762618;7.708208;false;0;ACCUMULATION
2026.06.12 02:23;63554.60;45;-0.289315;0.428172;0.413280;0.762030;7.695324;false;0;ACCUMULATION
2026.06.12 02:24;63560.75;46;-0.287918;0.428514;0.412872;0.761456;7.683096;false;0;ACCUMULATION
2026.06.12 02:25;63514.35;45;-0.208851;0.447976;0.412592;0.761278;7.682973;false;0;ACCUMULATION
2026.06.12 02:26;63501.51;45;-0.154332;0.461493;0.412409;0.761372;7.690965;false;0;ACCUMULATION
2026.06.12 02:27;63478.98;30;0.156530;0.539053;0.412746;0.763017;7.745213;false;0;ACCUMULATION
2026.06.12 02:28;63471.42;37;0.203029;0.550584;0.413196;0.764872;7.804481;false;0;ACCUMULATION
2026.06.12 02:29;63478.16;32;-0.202613;0.449519;0.413023;0.764684;7.801035;false;0;ACCUMULATION
2026.06.12 02:30;63505.93;37;-0.260749;0.435180;0.412758;0.764212;7.789107;false;0;ACCUMULATION
2026.06.12 02:31;63494.82;50;-0.254976;0.436599;0.412499;0.763773;7.778448;false;0;ACCUMULATION
2026.06.12 02:32;63505.23;44;-0.242429;0.439688;0.412258;0.763401;7.770015;false;0;ACCUMULATION
2026.06.12 02:33;63466.83;71;-0.267363;0.433555;0.411976;0.762912;7.758197;false;0;ACCUMULATION
2026.06.12 02:34;63428.71;58;-0.287668;0.428575;0.411659;0.762328;7.743805;false;0;ACCUMULATION
2026.06.12 02:35;63432.48;38;-0.281173;0.430166;0.411348;0.761784;7.730871;false;0;ACCUMULATION
2026.06.12 02:36;63492.24;48;-0.153502;0.461700;0.411242;0.761876;7.737311;false;0;ACCUMULATION
2026.06.12 02:37;63509.32;52;0.477607;0.617183;0.412163;0.765077;7.836814;false;0;ACCUMULATION
2026.06.12 02:38;63514.17;44;1.086925;0.747802;0.414003;0.770853;8.011207;false;0;ACCUMULATION
2026.06.12 02:39;63523.25;44;-0.018665;0.495334;0.414288;0.771509;8.028015;false;0;ACCUMULATION
2026.06.12 02:40;63515.05;57;-0.001554;0.499611;0.414609;0.772243;8.046802;false;0;ACCUMULATION
2026.06.12 02:41;63501.39;33;0.000452;0.500113;0.414940;0.772978;8.065231;false;0;ACCUMULATION
2026.06.12 02:42;63497.53;23;-0.052060;0.486988;0.415193;0.773442;8.075141;false;0;ACCUMULATION
2026.06.12 02:43;63515.22;29;-0.039197;0.490202;0.415469;0.773965;8.086632;false;0;ACCUMULATION
2026.06.12 02:44;63550.72;37;0.923494;0.715754;0.417227;0.778993;8.233052;false;0;ACCUMULATION
2026.06.12 02:45;63520.02;30;1.863098;0.865658;0.420047;0.786958;8.464290;false;0;ACCUMULATION
2026.06.12 02:46;63519.49;16;0.302454;0.575042;0.421087;0.789015;8.513065;false;0;ACCUMULATION
2026.06.12 02:47;63528.26;34;-0.130063;0.467530;0.421436;0.788898;8.495626;false;0;ACCUMULATION
2026.06.12 02:48;63515.82;25;-0.107275;0.473207;0.421799;0.788895;8.482203;false;0;ACCUMULATION
2026.06.12 02:49;63527.56;24;-0.137645;0.465643;0.422090;0.788741;8.464712;false;0;ACCUMULATION
2026.06.12 02:50;63517.60;34;0.643358;0.655512;0.423604;0.792387;8.561754;false;0;ACCUMULATION
2026.06.12 02:51;63503.18;47;1.038256;0.738513;0.425707;0.797648;8.705201;false;0;ACCUMULATION
2026.06.12 02:52;63515.89;31;0.709717;0.670339;0.427431;0.801483;8.802722;false;0;ACCUMULATION
2026.06.12 02:53;63508.51;31;-0.121461;0.469672;0.427877;0.801259;8.776430;false;0;ACCUMULATION
2026.06.12 02:54;63509.87;23;-0.255928;0.436365;0.428071;0.800371;8.731074;false;0;ACCUMULATION
2026.06.12 02:55;63508.75;23;-0.247947;0.438329;0.428233;0.799533;8.688483;false;0;ACCUMULATION
2026.06.12 02:56;63498.27;27;1.274523;0.781516;0.430606;0.805569;8.853296;false;0;ACCUMULATION
2026.06.12 02:57;63501.86;23;0.909489;0.712896;0.432609;0.810160;8.971168;false;0;ACCUMULATION
2026.06.12 02:58;63502.21;39;0.419169;0.603284;0.433941;0.812504;9.019148;false;0;ACCUMULATION
2026.06.12 02:59;63535.54;51;0.421580;0.603861;0.435284;0.814831;9.065794;false;0;ACCUMULATION
2026.06.12 03:00;63545.08;38;-0.061511;0.484627;0.435850;0.814746;9.039268;false;0;ACCUMULATION
2026.06.12 03:01;63524.88;40;0.030914;0.507728;0.436531;0.815123;9.027530;false;0;ACCUMULATION
2026.06.12 03:02;63507.58;45;0.611958;0.648387;0.438106;0.818310;9.100599;false;0;ACCUMULATION
2026.06.12 03:03;63503.41;51;0.490062;0.620121;0.439518;0.820892;9.154151;false;0;ACCUMULATION
2026.06.12 03:04;63501.72;28;-0.175820;0.456158;0.439864;0.820165;9.107450;false;0;ACCUMULATION
2026.06.12 03:05;63477.77;36;-0.140310;0.464980;0.440219;0.819622;9.067677;false;0;ACCUMULATION
2026.06.12 03:06;63496.78;27;0.075615;0.518895;0.440885;0.820165;9.061646;false;0;ACCUMULATION
2026.06.12 03:07;63488.34;26;-0.126138;0.468507;0.441198;0.819693;9.025592;false;0;ACCUMULATION
2026.06.12 03:08;63482.73;29;-0.071067;0.482241;0.441562;0.819501;8.999041;false;0;ACCUMULATION
2026.06.12 03:09;63510.65;25;0.228744;0.556938;0.442385;0.820806;9.018237;false;0;ACCUMULATION
2026.06.12 03:10;63485.16;29;-0.068674;0.482838;0.442717;0.820613;8.992302;false;0;ACCUMULATION
2026.06.12 03:11;63489.89;36;0.375402;0.592764;0.443740;0.822621;9.033229;false;0;ACCUMULATION
2026.06.12 03:12;63478.99;35;-0.111431;0.472171;0.443981;0.822193;9.000369;false;0;ACCUMULATION
2026.06.12 03:13;63444.04;40;-0.227521;0.443364;0.443999;0.821194;8.951374;false;0;ACCUMULATION
2026.06.12 03:14;63444.22;35;-0.227668;0.443328;0.443975;0.820206;8.904073;false;0;ACCUMULATION
2026.06.12 03:15;63429.93;26;-0.253924;0.436858;0.443869;0.819101;8.854545;false;0;ACCUMULATION
2026.06.12 03:16;63436.20;37;-0.215423;0.446352;0.443787;0.818199;8.812447;false;0;ACCUMULATION
2026.06.12 03:17;63416.16;22;-0.263368;0.434536;0.443594;0.817071;8.764733;false;0;ACCUMULATION
2026.06.12 03:18;63421.05;22;-0.259550;0.435474;0.443372;0.815976;8.719252;false;0;ACCUMULATION
2026.06.12 03:19;63397.23;24;-0.315528;0.421766;0.443028;0.814619;8.667138;false;0;ACCUMULATION
2026.06.12 03:20;63378.06;31;-0.327974;0.418734;0.442628;0.813219;8.615028;false;0;ACCUMULATION
2026.06.12 03:21;63357.76;42;-0.326760;0.419029;0.442198;0.811841;8.564919;false;0;ACCUMULATION
2026.06.12 03:22;63335.82;35;-0.323495;0.419824;0.441741;0.810495;8.517042;false;0;ACCUMULATION
2026.06.12 03:23;63333.81;35;-0.321682;0.420266;0.441259;0.809174;8.471105;false;0;ACCUMULATION
2026.06.12 03:24;63342.79;49;-0.313412;0.422282;0.440765;0.807910;8.427985;false;0;ACCUMULATION
2026.06.12 03:25;63293.30;75;-0.317392;0.421312;0.440240;0.806641;8.385793;false;0;ACCUMULATION
2026.06.12 03:26;63334.83;52;-0.306472;0.423976;0.439712;0.805441;8.346676;false;0;ACCUMULATION
2026.06.12 03:27;63315.69;61;-0.307177;0.423804;0.439163;0.804252;8.308824;false;0;ACCUMULATION
2026.06.12 03:28;63364.71;29;-0.275952;0.431447;0.438648;0.803230;8.276884;false;0;ACCUMULATION
2026.06.12 03:29;63344.35;28;-0.303155;0.424786;0.438075;0.802087;8.242064;false;0;ACCUMULATION
2026.06.12 03:30;63353.86;58;-0.279956;0.430465;0.437526;0.801071;8.211871;false;0;ACCUMULATION
2026.06.12 03:31;63389.56;58;-0.246641;0.438651;0.437019;0.800231;8.187646;false;0;ACCUMULATION
2026.06.12 03:32;63373.86;63;-0.247068;0.438545;0.436505;0.799399;8.164205;false;0;ACCUMULATION
2026.06.12 03:33;63375.71;34;-0.182870;0.454410;0.436090;0.798895;8.151104;false;0;ACCUMULATION
2026.06.12 03:34;63414.05;33;0.049661;0.512413;0.436054;0.799556;8.173263;false;0;ACCUMULATION
2026.06.12 03:35;63397.91;49;0.035972;0.508992;0.436018;0.800141;8.192594;false;0;ACCUMULATION
2026.06.12 03:36;63384.23;35;-0.120641;0.469876;0.435743;0.799937;8.187779;false;0;ACCUMULATION
2026.06.12 03:37;63410.66;42;2.023083;0.883199;0.438182;0.808002;8.431126;false;0;ACCUMULATION
2026.06.12 03:38;63391.14;42;0.074861;0.518706;0.438376;0.808680;8.447261;false;0;ACCUMULATION
2026.06.12 03:39;63370.65;32;0.134763;0.533640;0.438678;0.809649;8.471790;false;0;ACCUMULATION
2026.06.12 03:40;63377.86;40;16.761628;1.000000;0.442052;0.819933;8.775278;false;0;ACCUMULATION
2026.06.12 03:41;63383.01;55;-0.013585;0.496604;0.442298;0.820026;8.766105;false;0;ACCUMULATION
2026.06.12 03:42;63376.19;45;-0.063697;0.484081;0.442448;0.819867;8.749740;false;0;ACCUMULATION
2026.06.12 03:43;63364.09;14;-0.037887;0.490529;0.442622;0.819839;8.737817;false;0;ACCUMULATION
2026.06.12 03:44;63377.45;34;-0.053838;0.486544;0.442756;0.819732;8.723920;false;0;ACCUMULATION
2026.06.12 03:45;63379.50;48;-0.112424;0.471923;0.442780;0.819334;8.701736;false;0;ACCUMULATION
2026.06.12 03:46;63399.05;26;-0.101169;0.474729;0.442802;0.818996;8.682013;false;0;ACCUMULATION
2026.06.12 03:47;63406.11;51;-0.115749;0.471095;0.442784;0.818590;8.660800;false;0;ACCUMULATION
2026.06.12 03:48;63413.88;47;-0.085782;0.478568;0.442797;0.818339;8.644812;false;0;ACCUMULATION
2026.06.12 03:49;63376.68;56;-0.049238;0.487693;0.442857;0.818272;8.634860;false;0;ACCUMULATION
2026.06.12 03:50;63392.97;53;-0.067409;0.483154;0.442877;0.818116;8.622532;false;0;ACCUMULATION
2026.06.12 03:51;63406.37;34;0.036899;0.509224;0.443058;0.818483;8.626278;false;0;ACCUMULATION
2026.06.12 03:52;63409.80;26;-0.067023;0.483251;0.443067;0.818326;8.614308;false;0;ACCUMULATION
2026.06.12 03:53;63426.17;26;-0.091807;0.477064;0.443026;0.818048;8.599046;false;0;ACCUMULATION
2026.06.12 03:54;63423.94;31;0.149764;0.537371;0.443369;0.818979;8.620502;false;0;ACCUMULATION
2026.06.12 03:55;63426.49;30;-0.049518;0.487623;0.443395;0.818903;8.611358;false;0;ACCUMULATION
2026.06.12 03:56;63418.54;15;-0.068800;0.482807;0.443382;0.818733;8.599645;false;0;ACCUMULATION
2026.06.12 03:57;63429.60;33;0.008613;0.502153;0.443487;0.818951;8.599949;false;0;ACCUMULATION
2026.06.12 03:58;63420.29;16;-0.047748;0.488065;0.443497;0.818885;8.591790;false;0;ACCUMULATION
2026.06.12 03:59;63429.68;29;-0.095845;0.476057;0.443422;0.818579;8.576712;false;0;ACCUMULATION
2026.06.12 04:00;63424.40;39;-0.083539;0.479127;0.443357;0.818339;8.564003;false;0;ACCUMULATION
2026.06.12 04:01;63409.39;51;-0.039278;0.490182;0.443355;0.818322;8.558372;false;0;ACCUMULATION
2026.06.12 04:02;63397.28;26;-0.017074;0.495731;0.443386;0.818417;8.556268;false;0;ACCUMULATION
2026.06.12 04:03;63418.94;38;-0.092969;0.476774;0.443290;0.818132;8.542863;false;0;ACCUMULATION
2026.06.12 04:04;63426.67;42;-0.086671;0.478346;0.443196;0.817881;8.530871;false;0;ACCUMULATION
2026.06.12 04:05;63409.11;41;-0.050385;0.487407;0.443154;0.817815;8.524734;false;0;ACCUMULATION
2026.06.12 04:06;63356.96;31;-0.077595;0.480611;0.443064;0.817613;8.514735;false;0;ACCUMULATION
2026.06.12 04:07;63363.91;38;-0.079033;0.480252;0.442965;0.817407;8.504871;false;0;ACCUMULATION
2026.06.12 04:08;63412.14;38;1.391250;0.800792;0.444964;0.823614;8.687675;false;0;ACCUMULATION
2026.06.12 04:09;63394.52;21;-0.005952;0.498512;0.445085;0.823701;8.682714;false;0;ACCUMULATION
2026.06.12 04:10;63405.93;13;0.035251;0.508812;0.445267;0.823992;8.684106;false;0;ACCUMULATION
2026.06.12 04:11;63445.25;56;-0.085582;0.478618;0.445248;0.823677;8.667333;false;0;ACCUMULATION
2026.06.12 04:12;63447.35;47;-0.081303;0.479686;0.445222;0.823386;8.651787;false;0;ACCUMULATION
2026.06.12 04:13;63392.96;54;-0.069339;0.482672;0.445204;0.823159;8.638578;false;0;ACCUMULATION
2026.06.12 04:14;63406.10;43;0.001922;0.500480;0.445292;0.823291;8.636516;false;0;ACCUMULATION
2026.06.12 04:15;63468.02;57;-0.082364;0.479421;0.445238;0.823000;8.621891;false;0;ACCUMULATION
2026.06.12 04:16;63623.90;114;-0.134519;0.466421;0.445089;0.822452;8.599977;false;0;ACCUMULATION
2026.06.12 04:17;63570.66;68;-0.126475;0.468423;0.444938;0.821951;8.580032;false;0;ACCUMULATION
2026.06.12 04:18;63564.26;60;-0.125773;0.468598;0.444775;0.821460;8.560889;false;0;ACCUMULATION
2026.06.12 04:19;63588.58;49;-0.127495;0.468169;0.444598;0.820966;8.542160;false;0;ACCUMULATION
2026.06.12 04:20;63573.60;36;-0.125970;0.468549;0.444413;0.820485;8.524314;false;0;ACCUMULATION
2026.06.12 04:21;63592.83;52;-0.130269;0.467479;0.444210;0.819989;8.506450;false;0;ACCUMULATION
2026.06.12 04:22;63623.90;69;-0.132774;0.466855;0.443994;0.819486;8.488837;false;0;ACCUMULATION
2026.06.12 04:23;63634.56;85;-0.130555;0.467408;0.443772;0.819000;8.472173;false;0;ACCUMULATION
2026.06.12 04:24;63649.04;81;-0.130042;0.467535;0.443544;0.818523;8.456168;false;0;ACCUMULATION
2026.06.12 04:25;63638.77;43;-0.130407;0.467444;0.443307;0.818050;8.440669;false;0;ACCUMULATION
2026.06.12 04:26;63696.67;49;-0.135125;0.466270;0.443056;0.817559;8.425007;false;0;ACCUMULATION
2026.06.12 04:27;63687.77;66;-0.133725;0.466618;0.442801;0.817080;8.410103;false;0;ACCUMULATION
2026.06.12 04:28;63694.34;47;-0.130265;0.467480;0.442545;0.816625;8.396237;false;0;ACCUMULATION
2026.06.12 04:29;63704.61;52;-0.130922;0.467316;0.442284;0.816172;8.382759;false;0;ACCUMULATION
2026.06.12 04:30;63707.78;44;-0.129785;0.467599;0.442021;0.815730;8.369922;false;0;ACCUMULATION
2026.06.12 04:31;63694.87;90;-0.126099;0.468517;0.441759;0.815311;8.358085;false;0;ACCUMULATION
2026.06.12 04:32;63683.87;82;-0.124392;0.468942;0.441498;0.814906;8.346917;false;0;ACCUMULATION
2026.06.12 04:33;63661.07;81;-0.126379;0.468447;0.441231;0.814496;8.335843;false;0;ACCUMULATION
2026.06.12 04:34;63662.95;56;-0.125364;0.468700;0.440963;0.814096;8.325309;false;0;ACCUMULATION
2026.06.12 04:35;63645.51;48;-0.116885;0.470812;0.440708;0.813743;8.316410;false;0;ACCUMULATION
2026.06.12 04:36;63633.76;45;0.325470;0.580657;0.441172;0.815592;8.373730;false;0;ACCUMULATION
2026.06.12 04:37;63641.50;50;-0.081496;0.479637;0.441012;0.815397;8.368431;false;0;ACCUMULATION
2026.06.12 04:38;63628.54;35;-0.076544;0.480873;0.440859;0.815230;8.364060;false;0;ACCUMULATION
2026.06.12 04:39;63638.73;50;-0.057035;0.485745;0.440739;0.815162;8.362765;false;0;ACCUMULATION
2026.06.12 04:40;63636.48;29;-0.075780;0.481064;0.440590;0.815002;8.358707;false;0;ACCUMULATION
2026.06.12 04:41;63624.48;38;-0.007933;0.498017;0.440554;0.815182;8.364962;false;0;ACCUMULATION
2026.06.12 04:42;63620.58;22;1.118702;0.753748;0.442201;0.820475;8.524437;false;0;ACCUMULATION
2026.06.12 04:43;63625.28;20;0.274814;0.568274;0.442726;0.821994;8.567047;false;0;ACCUMULATION
2026.06.12 04:44;63634.21;28;0.100354;0.525067;0.442990;0.822632;8.582241;false;0;ACCUMULATION
2026.06.12 04:45;63640.06;55;2.752242;0.940040;0.445983;0.831561;8.845886;false;0;ACCUMULATION
2026.06.12 04:46;63639.79;36;-0.095894;0.476045;0.446080;0.831103;8.821907;false;0;ACCUMULATION
2026.06.12 04:47;63626.10;42;-0.102595;0.474374;0.446144;0.830617;8.797764;false;0;ACCUMULATION
2026.06.12 04:48;63626.06;24;-0.109685;0.472606;0.446174;0.830102;8.773406;false;0;ACCUMULATION
2026.06.12 04:49;63633.99;19;-0.113291;0.471707;0.446177;0.829575;8.749362;false;0;ACCUMULATION
2026.06.12 04:50;63621.93;43;-0.121966;0.469546;0.446145;0.829011;8.724862;false;0;ACCUMULATION
2026.06.12 04:51;63642.93;33;-0.100336;0.474937;0.446128;0.828562;8.704454;false;0;ACCUMULATION
2026.06.12 04:52;63646.08;15;-0.084261;0.478947;0.446121;0.828198;8.687166;false;0;ACCUMULATION
2026.06.12 04:53;63620.63;40;-0.092658;0.476852;0.446085;0.827797;8.669227;false;0;ACCUMULATION
2026.06.12 04:54;63617.25;30;-0.102820;0.474318;0.446019;0.827349;8.650394;false;0;ACCUMULATION
2026.06.12 04:55;63609.36;36;-0.088808;0.477813;0.445962;0.826977;8.634318;false;0;ACCUMULATION
2026.06.12 04:56;63614.38;24;-0.030400;0.492401;0.445988;0.826902;8.627557;false;0;ACCUMULATION
2026.06.12 04:57;63627.04;18;0.005417;0.501354;0.446066;0.827006;8.626405;false;0;ACCUMULATION
2026.06.12 04:58;63615.74;14;0.020412;0.505103;0.446167;0.827184;8.627543;false;0;ACCUMULATION
2026.06.12 04:59;63609.43;28;-0.085803;0.478562;0.446092;0.826829;8.612716;false;0;ACCUMULATION
2026.06.12 05:00;63599.49;34;-0.101374;0.474678;0.445981;0.826401;8.596078;false;0;ACCUMULATION
2026.06.12 05:01;63585.35;42;-0.104359;0.473934;0.445854;0.825962;8.579576;false;0;ACCUMULATION
2026.06.12 05:02;63544.06;64;-0.130914;0.467318;0.445673;0.825397;8.559682;false;0;ACCUMULATION
2026.06.12 05:03;63561.65;24;-0.124168;0.468998;0.445491;0.824873;8.541491;false;0;ACCUMULATION
2026.06.12 05:04;63546.97;40;-0.134025;0.466544;0.445283;0.824305;8.522466;false;0;ACCUMULATION
2026.06.12 05:05;63549.90;39;-0.135380;0.466207;0.445061;0.823737;8.503903;false;0;ACCUMULATION
2026.06.12 05:06;63567.44;23;-0.128996;0.467796;0.444840;0.823208;8.486944;false;0;ACCUMULATION
2026.06.12 05:07;63528.33;40;-0.137735;0.465621;0.444597;0.822642;8.469273;false;0;ACCUMULATION
2026.06.12 05:08;63501.36;58;-0.141973;0.464566;0.444338;0.822062;8.451589;false;0;ACCUMULATION
2026.06.12 05:09;63511.88;33;-0.141072;0.464790;0.444072;0.821493;8.434657;false;0;ACCUMULATION
2026.06.12 05:10;63483.72;38;-0.143632;0.464154;0.443795;0.820918;8.417936;false;0;ACCUMULATION
2026.06.12 05:11;63369.20;76;-0.152151;0.462036;0.443497;0.820308;8.400530;false;0;ACCUMULATION
2026.06.12 05:12;63371.65;113;-0.150762;0.462381;0.443195;0.819712;8.383940;false;0;ACCUMULATION
2026.06.12 05:13;63352.96;46;-0.150354;0.462482;0.442887;0.819125;8.367991;false;0;ACCUMULATION
2026.06.12 05:14;63352.38;29;-0.150168;0.462528;0.442574;0.818546;8.352629;false;0;ACCUMULATION
2026.06.12 05:15;63389.38;77;-0.146612;0.463412;0.442262;0.817992;8.338334;false;0;ACCUMULATION
2026.06.12 05:16;63419.48;56;-0.140842;0.464848;0.441956;0.817473;8.325401;false;0;ACCUMULATION
2026.06.12 05:17;63429.36;44;-0.138853;0.465342;0.441650;0.816970;8.313217;false;0;ACCUMULATION
2026.06.12 05:18;63442.30;38;-0.135554;0.466163;0.441347;0.816490;8.301953;false;0;ACCUMULATION
2026.06.12 05:19;63425.24;20;-0.135797;0.466103;0.441042;0.816014;8.291046;false;0;ACCUMULATION
2026.06.12 05:20;63423.14;67;-0.133902;0.466574;0.440740;0.815553;8.280804;false;0;ACCUMULATION
2026.06.12 05:21;63420.02;21;-0.132761;0.466858;0.440438;0.815104;8.271091;false;0;ACCUMULATION
2026.06.12 05:22;63386.95;40;-0.131913;0.467069;0.440137;0.814664;8.261844;false;0;ACCUMULATION
2026.06.12 05:23;63382.94;46;-0.133949;0.466563;0.439834;0.814219;8.252618;false;0;ACCUMULATION
2026.06.12 05:24;63400.94;35;-0.128078;0.468024;0.439540;0.813809;8.244590;false;0;ACCUMULATION
2026.06.12 05:25;63406.81;30;-0.127239;0.468233;0.439248;0.813408;8.236970;false;0;ACCUMULATION
2026.06.12 05:26;63386.33;37;-0.132025;0.467042;0.438950;0.812988;8.228901;false;0;ACCUMULATION
2026.06.12 05:27;63391.71;38;-0.125639;0.468631;0.438663;0.812605;8.222068;false;0;ACCUMULATION
2026.06.12 05:28;63393.68;36;-0.119380;0.470190;0.438388;0.812257;8.216410;false;0;ACCUMULATION
2026.06.12 05:29;63408.30;12;-0.118873;0.470317;0.438117;0.811916;8.211026;false;0;ACCUMULATION
2026.06.12 05:30;63398.85;39;-0.111546;0.472142;0.437860;0.811616;8.206925;false;0;ACCUMULATION
2026.06.12 05:31;63403.32;49;-0.054626;0.486347;0.437699;0.811604;8.211491;false;0;ACCUMULATION
2026.06.12 05:32;63363.45;51;0.223868;0.555734;0.438002;0.812979;8.257529;false;0;ACCUMULATION
2026.06.12 05:33;63367.60;66;0.062676;0.515664;0.438074;0.813537;8.277914;false;0;ACCUMULATION
2026.06.12 05:34;63370.44;27;0.020790;0.505197;0.438092;0.813878;8.291306;false;0;ACCUMULATION
2026.06.12 05:35;63366.31;41;-0.020008;0.494998;0.438055;0.814012;8.298109;false;0;ACCUMULATION
2026.06.12 05:36;63326.44;61;-0.118364;0.470443;0.437864;0.813652;8.289941;false;0;ACCUMULATION
2026.06.12 05:37;63311.82;56;-0.124649;0.468878;0.437660;0.813266;8.281120;false;0;ACCUMULATION
2026.06.12 05:38;63287.03;60;-0.130352;0.467458;0.437445;0.812856;8.271756;false;0;ACCUMULATION
2026.06.12 05:39;63316.00;80;-0.119233;0.470227;0.437245;0.812506;8.264380;false;0;ACCUMULATION
2026.06.12 05:40;63292.89;62;-0.124025;0.469033;0.437037;0.812137;8.256547;false;0;ACCUMULATION
2026.06.12 05:41;63305.12;39;-0.119588;0.470138;0.436834;0.811794;8.249651;false;0;ACCUMULATION
2026.06.12 05:42;63318.45;42;-0.099052;0.475257;0.436665;0.811558;8.246068;false;0;ACCUMULATION
2026.06.12 05:43;63311.47;36;-0.101587;0.474625;0.436492;0.811311;8.242230;false;0;ACCUMULATION
2026.06.12 05:44;63317.17;22;-0.109182;0.472731;0.436309;0.811030;8.237391;false;0;ACCUMULATION
2026.06.12 05:45;63320.93;34;-0.109954;0.472539;0.436125;0.810749;8.232606;false;0;ACCUMULATION
2026.06.12 05:46;63294.28;58;-0.111751;0.472091;0.435938;0.810462;8.227719;false;0;ACCUMULATION
2026.06.12 05:47;63300.97;53;-0.110576;0.472384;0.435754;0.810184;8.223180;false;0;ACCUMULATION
2026.06.12 05:48;63290.73;36;-0.115098;0.471257;0.435564;0.809887;8.218123;false;0;ACCUMULATION
2026.06.12 05:49;63323.03;42;-0.106613;0.473372;0.435388;0.809636;8.214512;false;0;ACCUMULATION
2026.06.12 05:50;63210.49;64;-0.129253;0.467732;0.435176;0.809275;8.207643;false;0;ACCUMULATION
2026.06.12 05:51;63279.78;84;-0.117764;0.470593;0.434983;0.808975;8.202731;false;0;ACCUMULATION
2026.06.12 05:52;63229.07;50;-0.120271;0.469968;0.434786;0.808667;8.197616;false;0;ACCUMULATION
2026.06.12 05:53;63269.19;42;-0.110545;0.472392;0.434607;0.808411;8.194135;false;0;ACCUMULATION
2026.06.12 05:54;63279.31;37;-0.107056;0.473261;0.434434;0.808175;8.191297;false;0;ACCUMULATION
2026.06.12 05:55;63293.24;24;-0.097465;0.475653;0.434279;0.807990;8.189993;false;0;ACCUMULATION
2026.06.12 05:56;63295.18;30;-0.032674;0.491832;0.434233;0.808131;8.198443;false;0;ACCUMULATION
2026.06.12 05:57;63309.03;40;1.125565;0.755019;0.435921;0.813533;8.364509;false;0;ACCUMULATION
2026.06.12 05:58;63288.01;32;3.301855;0.964492;0.439082;0.823061;8.650447;false;0;ACCUMULATION
2026.06.12 05:59;63261.29;49;-0.099988;0.475024;0.439195;0.822685;8.632695;false;0;ACCUMULATION
2026.06.12 06:00;63285.81;73;0.307227;0.576208;0.439953;0.824337;8.676276;false;0;ACCUMULATION
2026.06.12 06:01;63268.31;47;-0.070648;0.482345;0.440114;0.824091;8.662014;false;0;ACCUMULATION
2026.06.12 06:02;63309.20;59;0.205987;0.551315;0.440710;0.825229;8.689632;false;0;ACCUMULATION
2026.06.12 06:03;63320.94;64;0.207316;0.551644;0.441316;0.826359;8.716482;false;0;ACCUMULATION
2026.06.12 06:04;63317.45;60;10.316937;0.999967;0.444869;0.836442;9.011385;false;0;ACCUMULATION
2026.06.12 06:05;63322.66;42;1.532534;0.822377;0.447418;0.842852;9.189413;false;0;ACCUMULATION
2026.06.12 06:06;63300.74;34;0.272352;0.567670;0.448382;0.844091;9.208385;false;0;ACCUMULATION
2026.06.12 06:07;63284.92;41;0.003590;0.500897;0.448899;0.843980;9.186630;false;0;ACCUMULATION
2026.06.12 06:08;63292.69;68;1.315753;0.788474;0.451270;0.849622;9.338183;false;0;ACCUMULATION
2026.06.12 06:09;63240.37;57;-0.141900;0.464584;0.316110;0.763846;4.645049;true;0;DISCHARGE
2026.06.12 06:10;63245.28;69;-0.092225;0.476960;0.316647;0.764219;4.768648;false;1;ACCUMULATION
2026.06.12 06:11;63246.57;59;-0.090635;0.477357;0.317265;0.764596;4.888159;false;2;ACCUMULATION
2026.06.12 06:12;63222.68;47;0.274584;0.568218;0.318552;0.766785;5.058004;false;3;ACCUMULATION
2026.06.12 06:13;63209.99;39;-0.131019;0.467292;0.319276;0.766929;5.161350;false;4;ACCUMULATION
2026.06.12 06:14;63220.10;34;-0.131299;0.467222;0.320057;0.767071;5.261036;false;5;ACCUMULATION
2026.06.12 06:15;63131.68;94;-0.160903;0.459861;0.320841;0.767063;5.352816;false;6;ACCUMULATION
2026.06.12 06:16;63091.29;121;-0.163539;0.459206;0.321667;0.767042;5.440991;false;7;ACCUMULATION
2026.06.12 06:17;63086.43;56;-0.164705;0.458917;0.322532;0.767016;5.525906;false;8;ACCUMULATION
2026.06.12 06:18;63123.25;54;-0.158927;0.460352;0.323445;0.767019;5.608711;false;9;ACCUMULATION
2026.06.12 06:19;63090.71;57;-0.159525;0.460203;0.324391;0.767019;5.688528;false;10;ACCUMULATION
2026.06.12 06:20;63075.80;37;-0.163867;0.459125;0.325362;0.766997;5.764904;false;11;ACCUMULATION
2026.06.12 06:21;63078.01;110;-0.161097;0.459813;0.326366;0.766990;5.839020;false;12;ACCUMULATION
2026.06.12 06:22;63088.54;58;-0.163616;0.459187;0.327392;0.766969;5.910167;false;13;ACCUMULATION
2026.06.12 06:23;63099.42;52;-0.163812;0.459138;0.328439;0.766949;5.978794;false;14;ACCUMULATION
2026.06.12 06:24;63106.72;37;-0.163290;0.459268;0.329508;0.766930;6.045097;false;15;ACCUMULATION
2026.06.12 06:25;63092.24;34;-0.164738;0.458908;0.330592;0.766905;6.108863;false;16;ACCUMULATION
2026.06.12 06:26;63101.33;55;-0.162092;0.459565;0.331696;0.766894;6.170792;false;17;ACCUMULATION
2026.06.12 06:27;63087.88;45;-0.161821;0.459633;0.332814;0.766884;6.230594;false;18;ACCUMULATION
2026.06.12 06:28;63076.65;30;-0.163900;0.459117;0.333940;0.766864;6.287993;false;19;ACCUMULATION
2026.06.12 06:29;63063.29;41;-0.160689;0.459914;0.335080;0.766859;6.343862;false;20;ACCUMULATION
2026.06.12 06:30;63024.01;79;-0.164307;0.459015;0.336222;0.766837;6.397236;false;21;ACCUMULATION
2026.06.12 06:31;62971.90;111;-0.166682;0.458426;0.337367;0.766804;6.448388;false;22;ACCUMULATION
2026.06.12 06:32;62977.42;64;-0.164868;0.458876;0.338518;0.766780;6.498020;false;23;ACCUMULATION
2026.06.12 06:33;62809.93;171;-0.169478;0.457732;0.339664;0.766733;6.545229;false;24;ACCUMULATION
2026.06.12 06:34;62856.22;179;-0.167251;0.458284;0.340815;0.766698;6.591116;false;25;ACCUMULATION
2026.06.12 06:35;62866.42;85;-0.162811;0.459387;0.341973;0.766685;6.636059;false;26;ACCUMULATION
2026.06.12 06:36;62840.49;88;-0.162257;0.459524;0.343131;0.766676;6.679512;false;27;ACCUMULATION
2026.06.12 06:37;62805.67;107;-0.163527;0.459209;0.344285;0.766660;6.721255;false;28;ACCUMULATION
2026.06.12 06:38;62777.65;113;-0.165951;0.458607;0.345432;0.766632;6.761175;false;29;ACCUMULATION
2026.06.12 06:39;62879.55;97;-0.156756;0.460891;0.346589;0.766650;6.801068;false;30;ACCUMULATION
2026.06.12 06:40;62875.01;70;-0.155052;0.461314;0.347744;0.766677;6.839820;false;31;ACCUMULATION
2026.06.12 06:41;62867.14;60;-0.156879;0.460861;0.348891;0.766694;6.876942;false;32;ACCUMULATION
2026.06.12 06:42;62851.58;56;-0.158926;0.460352;0.350029;0.766700;6.912461;false;33;ACCUMULATION
2026.06.12 06:43;62843.18;42;-0.159725;0.460154;0.351157;0.766703;6.946617;false;34;ACCUMULATION
2026.06.12 06:44;62843.60;53;-0.159504;0.460208;0.352278;0.766707;6.979610;false;35;ACCUMULATION
2026.06.12 06:45;62901.21;89;-0.150564;0.462430;0.353405;0.766755;7.012782;false;36;ACCUMULATION
2026.06.12 06:46;62906.56;52;-0.150990;0.462324;0.354522;0.766800;7.044729;false;37;ACCUMULATION
2026.06.12 06:47;62924.14;48;-0.146135;0.463531;0.355638;0.766869;7.076282;false;38;ACCUMULATION
2026.06.12 06:48;62919.64;46;-0.144516;0.463934;0.356747;0.766946;7.106972;false;39;ACCUMULATION
2026.06.12 06:49;62898.23;37;-0.146088;0.463543;0.357844;0.767013;7.136354;false;40;ACCUMULATION
2026.06.12 06:50;62873.59;51;-0.143362;0.464221;0.358934;0.767093;7.165114;false;41;ACCUMULATION
2026.06.12 06:51;62866.53;54;-0.131243;0.467236;0.360034;0.767233;7.194677;false;42;ACCUMULATION
2026.06.12 06:52;62885.01;50;-0.125385;0.468695;0.361133;0.767400;7.224080;false;43;ACCUMULATION
2026.06.12 06:53;62877.82;44;-0.112785;0.471834;0.362243;0.767628;7.254337;false;44;ACCUMULATION
2026.06.12 06:54;62887.72;49;-0.053330;0.486671;0.363441;0.768150;7.292438;false;45;ACCUMULATION
2026.06.12 06:55;62871.29;19;0.571509;0.639111;0.365633;0.771714;7.420669;false;46;ACCUMULATION
2026.06.12 06:56;62903.21;42;-0.121863;0.469572;0.366760;0.771845;7.442689;false;47;ACCUMULATION
2026.06.12 06:57;62916.95;33;-0.148207;0.463016;0.367827;0.771843;7.460004;false;48;ACCUMULATION
2026.06.12 06:58;62919.78;54;-0.155797;0.461129;0.368863;0.771804;7.475582;false;49;ACCUMULATION
2026.06.12 06:59;62905.82;42;-0.065553;0.483618;0.370027;0.772215;7.504107;false;50;ACCUMULATION
2026.06.12 07:00;62965.12;79;-0.144881;0.463843;0.371050;0.772225;7.519769;false;51;ACCUMULATION
2026.06.12 07:01;62999.22;78;-0.154984;0.461331;0.372037;0.772185;7.533376;false;52;ACCUMULATION
2026.06.12 07:02;62991.39;60;-0.156169;0.461037;0.373003;0.772139;7.546330;false;53;ACCUMULATION
2026.06.12 07:03;62998.65;47;-0.158186;0.460536;0.373946;0.772084;7.558530;false;54;ACCUMULATION
2026.06.12 07:04;63006.72;45;-0.159231;0.460276;0.374869;0.772025;7.570147;false;55;ACCUMULATION
2026.06.12 07:05;63030.93;46;-0.155423;0.461222;0.375778;0.771985;7.581926;false;56;ACCUMULATION
2026.06.12 07:06;63016.68;36;-0.151878;0.462103;0.376674;0.771963;7.593820;false;57;ACCUMULATION
2026.06.12 07:07;62982.92;45;-0.129448;0.467683;0.377589;0.772053;7.608646;false;58;ACCUMULATION
2026.06.12 07:08;63019.86;36;-0.149813;0.462617;0.378455;0.772041;7.619914;false;59;ACCUMULATION
2026.06.12 07:09;62992.82;27;-0.148514;0.462940;0.379305;0.772035;7.630980;false;60;ACCUMULATION
2026.06.12 07:10;63000.20;16;-0.156843;0.460870;0.380124;0.771988;7.640418;false;61;ACCUMULATION
2026.06.12 07:11;62953.49;58;-0.147097;0.463292;0.380942;0.771990;7.650978;false;62;ACCUMULATION
2026.06.12 07:12;62964.98;64;-0.143943;0.464076;0.381748;0.772008;7.661640;false;63;ACCUMULATION
2026.06.12 07:13;62934.44;43;-0.129986;0.467549;0.382561;0.772095;7.674012;false;64;ACCUMULATION
2026.06.12 07:14;62903.18;51;-0.001415;0.499646;0.383570;0.772823;7.705209;false;65;ACCUMULATION
2026.06.12 07:15;62904.96;39;-0.095873;0.476050;0.384421;0.773070;7.721157;false;66;ACCUMULATION
2026.06.12 07:16;62933.06;76;-0.082110;0.479484;0.385281;0.773383;7.738607;false;67;ACCUMULATION
2026.06.12 07:17;62939.84;77;-0.047190;0.488205;0.386188;0.773866;7.760678;false;68;ACCUMULATION
2026.06.12 07:18;62964.18;73;-0.110353;0.472440;0.386983;0.774028;7.772519;false;69;ACCUMULATION
2026.06.12 07:19;62945.58;64;-0.100795;0.474823;0.387779;0.774237;7.785374;false;70;ACCUMULATION
2026.06.12 07:20;62983.66;52;-0.014716;0.496321;0.388703;0.774872;7.810679;false;71;ACCUMULATION
2026.06.12 07:21;62953.90;72;-0.113373;0.471687;0.389459;0.775007;7.820317;false;72;ACCUMULATION
2026.06.12 07:22;62904.02;81;-0.145185;0.463767;0.390149;0.774983;7.824866;false;73;ACCUMULATION
2026.06.12 07:23;62949.44;52;-0.117316;0.470705;0.390866;0.775097;7.833419;false;74;ACCUMULATION
2026.06.12 07:24;62957.79;32;-0.117891;0.470561;0.391569;0.775207;7.841586;false;75;ACCUMULATION
2026.06.12 07:25;62939.33;45;-0.147424;0.463211;0.392208;0.775169;7.845057;false;76;ACCUMULATION
2026.06.12 07:26;62939.30;35;-0.141233;0.464750;0.392841;0.775162;7.849330;false;77;ACCUMULATION
2026.06.12 07:27;62930.58;34;-0.122578;0.469394;0.393489;0.775248;7.856240;false;78;ACCUMULATION
2026.06.12 07:28;62947.11;42;-0.138492;0.465432;0.394097;0.775253;7.860531;false;79;ACCUMULATION
2026.06.12 07:29;62939.46;44;-0.122250;0.469476;0.394716;0.775340;7.867097;false;80;ACCUMULATION
2026.06.12 07:30;62960.23;36;-0.101307;0.474695;0.395356;0.775530;7.876566;false;81;ACCUMULATION
2026.06.12 07:31;62970.81;22;-0.003693;0.499077;0.396145;0.776205;7.900332;false;82;ACCUMULATION
2026.06.12 07:32;62948.44;40;-0.000147;0.499963;0.396937;0.776890;7.923798;false;83;ACCUMULATION
2026.06.12 07:33;62937.91;58;0.694795;0.667033;0.398822;0.780908;8.046685;false;84;ACCUMULATION
2026.06.12 07:34;62909.66;46;0.282364;0.570126;0.400125;0.782939;8.107127;false;85;ACCUMULATION
2026.06.12 07:35;62947.62;55;-0.114214;0.471477;0.400796;0.782974;8.106264;false;86;ACCUMULATION
2026.06.12 07:36;62935.48;44;1.043028;0.739434;0.403204;0.788366;8.266205;false;87;ACCUMULATION
2026.06.12 07:37;62905.12;68;-0.104701;0.473849;0.403942;0.788383;8.261197;false;88;ACCUMULATION
2026.06.12 07:38;62934.22;41;-0.093711;0.476589;0.404673;0.788454;8.258008;false;89;ACCUMULATION
2026.06.12 07:39;62990.02;56;-0.125358;0.468701;0.405328;0.788367;8.250199;false;90;ACCUMULATION
2026.06.12 07:40;62985.64;37;1.214452;0.771086;0.407940;0.794328;8.424094;false;91;ACCUMULATION
2026.06.12 07:41;63007.40;19;-0.143983;0.464066;0.408617;0.794078;8.407690;false;92;ACCUMULATION
2026.06.12 07:42;63000.12;37;-0.167008;0.458345;0.409224;0.793716;8.388428;false;93;ACCUMULATION
2026.06.12 07:43;62973.81;50;-0.090822;0.477310;0.409920;0.793737;8.381219;false;94;ACCUMULATION
2026.06.12 07:44;62970.59;39;0.003477;0.500869;0.410745;0.794230;8.388398;false;95;ACCUMULATION
2026.06.12 07:45;62979.86;21;-0.131425;0.467191;0.411331;0.794043;8.375118;false;96;ACCUMULATION
2026.06.12 07:46;62961.08;45;-0.078097;0.480486;0.411976;0.794124;8.370281;false;97;ACCUMULATION
2026.06.12 07:47;62942.21;22;0.017405;0.504351;0.412756;0.794681;8.379932;false;98;ACCUMULATION
2026.06.12 07:48;62962.53;50;-0.032925;0.491769;0.413439;0.794981;8.381696;false;99;ACCUMULATION
2026.06.12 07:49;62965.29;16;-0.100619;0.474866;0.413993;0.794938;8.373256;false;100;ACCUMULATION
2026.06.12 07:50;62941.47;34;-0.065986;0.483509;0.414581;0.795069;8.370298;false;101;ACCUMULATION
2026.06.12 07:51;62936.81;20;-0.122143;0.469502;0.415058;0.794918;8.359039;false;102;ACCUMULATION
2026.06.12 07:52;62942.18;43;0.187145;0.546650;0.416017;0.796312;8.394462;false;103;ACCUMULATION
2026.06.12 07:53;62925.55;20;-0.009664;0.497584;0.416659;0.796708;8.399207;false;104;ACCUMULATION
2026.06.12 07:54;62926.40;11;-0.064108;0.483978;0.417197;0.796827;8.395621;false;105;ACCUMULATION
2026.06.12 07:55;62968.19;28;-0.092264;0.476950;0.417671;0.796804;8.387945;false;106;ACCUMULATION
2026.06.12 07:56;63089.29;155;-0.176632;0.455956;0.417987;0.796362;8.367941;false;107;ACCUMULATION
2026.06.12 07:57;63043.65;149;-0.172386;0.457010;0.418284;0.795946;8.349269;false;108;ACCUMULATION
2026.06.12 07:58;63038.68;53;-0.165368;0.458752;0.418567;0.795569;8.332295;false;109;ACCUMULATION
2026.06.12 07:59;63019.72;39;-0.102181;0.474477;0.418931;0.795512;8.325351;false;110;ACCUMULATION
2026.06.12 08:00;63030.15;44;-0.131209;0.467245;0.419230;0.795311;8.314311;false;111;ACCUMULATION
2026.06.12 08:01;63055.61;49;-0.133866;0.466583;0.419507;0.795099;8.303260;false;112;ACCUMULATION
2026.06.12 08:02;63095.01;83;-0.159874;0.460116;0.419724;0.794760;8.288716;false;113;ACCUMULATION
2026.06.12 08:03;63078.47;66;-0.161779;0.459643;0.419919;0.794416;8.274397;false;114;ACCUMULATION
2026.06.12 08:04;63048.11;49;-0.151602;0.462172;0.420113;0.794126;8.262096;false;115;ACCUMULATION
2026.06.12 08:05;63116.87;78;-0.166844;0.458386;0.420265;0.793764;8.247954;false;116;ACCUMULATION
2026.06.12 08:06;63139.28;64;-0.171559;0.457215;0.420393;0.793384;8.233605;false;117;ACCUMULATION
2026.06.12 08:07;63165.93;61;-0.174555;0.456472;0.420499;0.792992;8.219312;false;118;ACCUMULATION
2026.06.12 08:08;63202.07;60;-0.175245;0.456300;0.420589;0.792602;8.205416;false;119;ACCUMULATION
2026.06.12 08:09;63186.46;52;-0.173260;0.456793;0.420667;0.792227;8.192302;false;120;ACCUMULATION
2026.06.12 08:10;63206.61;54;-0.175446;0.456251;0.420728;0.791845;8.179322;false;121;ACCUMULATION
2026.06.12 08:11;63211.77;50;-0.175139;0.456327;0.420776;0.791470;8.166842;false;122;ACCUMULATION
2026.06.12 08:12;63231.11;46;-0.175598;0.456213;0.420810;0.791096;8.154730;false;123;ACCUMULATION
2026.06.12 08:13;63237.52;64;-0.176033;0.456105;0.420833;0.790725;8.142977;false;124;ACCUMULATION
2026.06.12 08:14;63207.68;35;-0.174419;0.456505;0.420846;0.790367;8.131876;false;125;ACCUMULATION
2026.06.12 08:15;63224.30;56;-0.172734;0.456924;0.420852;0.790021;8.121415;false;126;ACCUMULATION
2026.06.12 08:16;63308.19;110;-0.170717;0.457424;0.420852;0.789689;8.111620;false;127;ACCUMULATION
2026.06.12 08:17;63312.47;105;-0.174339;0.456525;0.420837;0.789343;8.101628;false;128;ACCUMULATION
2026.06.12 08:18;63376.20;165;-0.176044;0.456102;0.420810;0.788993;8.091733;false;129;ACCUMULATION
2026.06.12 08:19;63379.84;108;-0.176201;0.456063;0.420775;0.788647;8.082160;false;130;ACCUMULATION
2026.06.12 08:20;63385.15;57;-0.175927;0.456131;0.420733;0.788305;8.072963;false;131;ACCUMULATION
2026.06.12 08:21;63490.07;150;-0.177391;0.455768;0.420681;0.787961;8.063871;false;132;ACCUMULATION
2026.06.12 08:22;63474.57;142;-0.175441;0.456252;0.420626;0.787631;8.055386;false;133;ACCUMULATION
2026.06.12 08:23;63442.16;86;-0.174750;0.456423;0.420566;0.787308;8.047302;false;134;ACCUMULATION
2026.06.12 08:24;63417.23;81;-0.174688;0.456439;0.420499;0.786989;8.039509;false;135;ACCUMULATION
2026.06.12 08:25;63412.65;70;-0.171552;0.457217;0.420433;0.786689;8.032457;false;136;ACCUMULATION
2026.06.12 08:26;63399.87;58;-0.169452;0.457738;0.420366;0.786404;8.025964;false;137;ACCUMULATION
2026.06.12 08:27;63425.58;50;-0.169530;0.457719;0.420294;0.786121;8.019686;false;138;ACCUMULATION
2026.06.12 08:28;63467.71;49;-0.170062;0.457587;0.420217;0.785839;8.013549;false;139;ACCUMULATION
2026.06.12 08:29;63447.91;44;-0.169885;0.457631;0.420138;0.785562;8.007653;false;140;ACCUMULATION
2026.06.12 08:30;63407.70;59;-0.164454;0.458979;0.420064;0.785315;8.002773;false;141;ACCUMULATION
2026.06.12 08:31;63400.56;48;-0.162968;0.459348;0.419989;0.785078;7.998284;false;142;ACCUMULATION
2026.06.12 08:32;63406.82;42;-0.161197;0.459788;0.419916;0.784853;7.994217;false;143;ACCUMULATION
2026.06.12 08:33;63439.40;53;-0.164770;0.458901;0.419834;0.784613;7.989760;false;144;ACCUMULATION
2026.06.12 08:34;63410.90;50;-0.164509;0.458965;0.419751;0.784376;7.985497;false;145;ACCUMULATION
2026.06.12 08:35;63382.96;46;-0.158047;0.460570;0.419677;0.784175;7.982347;false;146;ACCUMULATION
2026.06.12 08:36;63376.75;44;-0.122341;0.469453;0.419660;0.784154;7.984637;false;147;ACCUMULATION
2026.06.12 08:37;63366.68;45;-0.107114;0.473247;0.419671;0.784209;7.989123;false;148;ACCUMULATION
2026.06.12 08:38;63397.33;40;-0.001104;0.499724;0.419858;0.784793;8.009338;false;149;ACCUMULATION
2026.06.12 08:39;63414.24;42;-0.078370;0.480418;0.419930;0.784984;8.017261;false;150;ACCUMULATION
2026.06.12 08:40;63364.54;71;0.060154;0.515034;0.420235;0.785865;8.045678;false;151;ACCUMULATION
2026.06.12 08:41;63339.55;45;-0.182497;0.454502;0.420158;0.785525;8.036780;false;152;ACCUMULATION
2026.06.12 08:42;63315.46;39;-0.187055;0.453372;0.420068;0.785166;8.027516;false;153;ACCUMULATION
2026.06.12 08:43;63309.50;21;-0.182923;0.454396;0.419979;0.784832;8.019191;false;154;ACCUMULATION
2026.06.12 08:44;63320.03;26;-0.172866;0.456891;0.419902;0.784552;8.012654;false;155;ACCUMULATION
2026.06.12 08:45;63286.19;21;-0.184685;0.453960;0.419801;0.784216;8.004586;false;156;ACCUMULATION
2026.06.12 08:46;63346.76;42;-0.142109;0.464533;0.419765;0.784096;8.003145;false;157;ACCUMULATION
2026.06.12 08:47;63347.39;79;-0.164367;0.459001;0.419692;0.783867;7.998436;false;158;ACCUMULATION
2026.06.12 08:48;63369.05;66;-0.174317;0.456531;0.419601;0.783591;7.992409;false;159;ACCUMULATION
2026.06.12 08:49;63349.49;45;-0.173902;0.456634;0.419507;0.783321;7.986655;false;160;ACCUMULATION
2026.06.12 08:50;63340.25;29;-0.156332;0.460996;0.419439;0.783141;7.983720;false;161;ACCUMULATION
2026.06.12 08:51;63349.87;49;-0.135993;0.466054;0.419404;0.783064;7.983922;false;162;ACCUMULATION
2026.06.12 08:52;63389.48;35;0.014914;0.503728;0.419616;0.783742;8.006722;false;163;ACCUMULATION
2026.06.12 08:53;63397.36;44;-0.121844;0.469577;0.419618;0.783729;8.008233;false;164;ACCUMULATION
2026.06.12 08:54;63381.18;23;-0.086086;0.478492;0.419680;0.783894;8.015040;false;165;ACCUMULATION
2026.06.12 08:55;63389.82;22;0.327567;0.581167;0.420419;0.786111;8.083213;false;166;ACCUMULATION
2026.06.12 08:56;63397.28;42;-0.035599;0.491101;0.420606;0.786499;8.094962;false;167;ACCUMULATION
2026.06.12 08:57;63394.88;11;-0.090224;0.477459;0.420709;0.786610;8.098114;false;168;ACCUMULATION
2026.06.12 08:58;63380.25;29;-0.010986;0.497253;0.420942;0.787116;8.113032;false;169;ACCUMULATION
2026.06.12 08:59;63386.36;25;-0.093856;0.476553;0.421045;0.787202;8.115007;false;170;ACCUMULATION
2026.06.12 09:00;63376.45;36;0.057922;0.514477;0.421395;0.788045;8.139668;false;171;ACCUMULATION
2026.06.12 09:01;63395.25;44;-0.158987;0.460337;0.421403;0.787795;8.130982;false;172;ACCUMULATION
2026.06.12 09:02;63413.03;49;-0.183438;0.454269;0.421363;0.787427;8.118959;false;173;ACCUMULATION
2026.06.12 09:03;63359.24;44;-0.148587;0.462922;0.421370;0.787236;8.112548;false;174;ACCUMULATION
2026.06.12 09:04;63353.32;47;-0.111782;0.472084;0.421431;0.787231;8.111859;false;175;ACCUMULATION
2026.06.12 09:05;63377.83;95;-0.175371;0.456269;0.421386;0.786910;8.101705;false;176;ACCUMULATION
2026.06.12 09:06;63399.07;45;-0.143431;0.464204;0.421385;0.786751;8.096668;false;177;ACCUMULATION
2026.06.12 09:07;63457.45;76;-0.182276;0.454557;0.421317;0.786401;8.086019;false;178;ACCUMULATION
2026.06.12 09:08;63417.23;60;-0.132617;0.466894;0.421322;0.786302;8.083144;false;179;ACCUMULATION
2026.06.12 09:09;63429.67;47;-0.163987;0.459095;0.421273;0.786048;8.075691;false;180;ACCUMULATION
2026.06.12 09:10;63422.47;36;-0.164225;0.459036;0.421219;0.785796;8.068464;false;181;ACCUMULATION
2026.06.12 09:11;63453.89;53;-0.173839;0.456649;0.421144;0.785500;8.060057;false;182;ACCUMULATION
2026.06.12 09:12;63431.23;34;-0.117963;0.470543;0.421154;0.785485;8.060281;false;183;ACCUMULATION
2026.06.12 09:13;63454.12;26;-0.144032;0.464054;0.421122;0.785340;8.056604;false;184;ACCUMULATION
2026.06.12 09:14;63487.47;75;-0.172718;0.456928;0.421041;0.785055;8.048779;false;185;ACCUMULATION
2026.06.12 09:15;63484.59;55;-0.166382;0.458500;0.420965;0.784804;8.042172;false;186;ACCUMULATION
2026.06.12 09:16;63515.27;77;-0.173838;0.456650;0.420874;0.784519;8.034685;false;187;ACCUMULATION
2026.06.12 09:17;63484.43;69;-0.159239;0.460274;0.420801;0.784310;8.029636;false;188;ACCUMULATION
2026.06.12 09:18;63470.12;52;-0.158347;0.460496;0.420728;0.784109;8.024896;false;189;ACCUMULATION
2026.06.12 09:19;63505.27;62;-0.169847;0.457640;0.420634;0.783852;8.018609;false;190;ACCUMULATION
2026.06.12 09:20;63523.29;66;-0.176781;0.455920;0.420526;0.783564;8.011509;false;191;ACCUMULATION
2026.06.12 09:21;63609.94;96;-0.186527;0.453503;0.420398;0.783232;8.003208;false;192;ACCUMULATION
2026.06.12 09:22;63570.86;95;-0.176416;0.456010;0.420283;0.782953;7.996702;false;193;ACCUMULATION
2026.06.12 09:23;63578.84;42;-0.186234;0.453576;0.420149;0.782629;7.988963;false;194;ACCUMULATION
2026.06.12 09:24;63582.87;50;-0.187263;0.453321;0.420010;0.782304;7.981341;false;195;ACCUMULATION
2026.06.12 09:25;63612.86;42;-0.188846;0.452928;0.419866;0.781975;7.973751;false;196;ACCUMULATION
2026.06.12 09:26;63636.55;48;-0.189046;0.452879;0.419718;0.781649;7.966397;false;197;ACCUMULATION
2026.06.12 09:27;63654.70;68;-0.184753;0.453943;0.419575;0.781348;7.959939;false;198;ACCUMULATION
2026.06.12 09:28;63689.50;75;-0.191802;0.452196;0.419419;0.781016;7.952659;false;199;ACCUMULATION
2026.06.12 09:29;63689.47;56;-0.190726;0.452462;0.419262;0.780693;7.945793;false;200;ACCUMULATION
2026.06.12 09:30;63722.49;54;-0.193206;0.451848;0.419099;0.780361;7.938799;false;201;ACCUMULATION
2026.06.12 09:31;63724.16;60;-0.191098;0.452370;0.418938;0.780044;7.932363;false;202;ACCUMULATION
2026.06.12 09:32;63803.41;141;-0.195283;0.451334;0.418768;0.779710;7.925531;false;203;ACCUMULATION
2026.06.12 09:33;63828.11;88;-0.194593;0.451505;0.418598;0.779384;7.919040;false;204;ACCUMULATION
2026.06.12 09:34;63829.69;99;-0.192720;0.451969;0.418430;0.779071;7.913055;false;205;ACCUMULATION
2026.06.12 09:35;63827.98;98;-0.192169;0.452105;0.418262;0.778764;7.907361;false;206;ACCUMULATION
2026.06.12 09:36;63792.97;84;-0.185832;0.453675;0.418104;0.778492;7.902809;false;207;ACCUMULATION
2026.06.12 09:37;63778.73;64;-0.187054;0.453372;0.417943;0.778218;7.898234;false;208;ACCUMULATION
2026.06.12 09:38;63774.48;55;-0.187535;0.453253;0.417782;0.777944;7.893747;false;209;ACCUMULATION
2026.06.12 09:39;63784.65;46;-0.185595;0.453734;0.417625;0.777684;7.889706;false;210;ACCUMULATION
2026.06.12 09:40;63785.60;39;-0.184354;0.454042;0.417470;0.777432;7.885992;false;211;ACCUMULATION
2026.06.12 09:41;63758.85;49;-0.166966;0.458355;0.417344;0.777270;7.884995;false;212;ACCUMULATION
2026.06.12 09:42;63794.69;55;-0.177144;0.455830;0.417204;0.777060;7.882518;false;213;ACCUMULATION
2026.06.12 09:43;63805.18;30;-0.176107;0.456087;0.417067;0.776857;7.880282;false;214;ACCUMULATION
2026.06.12 09:44;63802.73;54;-0.174344;0.456524;0.416934;0.776665;7.878386;false;215;ACCUMULATION
2026.06.12 09:45;63818.08;92;-0.162770;0.459397;0.416822;0.776533;7.878281;false;216;ACCUMULATION
2026.06.12 09:46;63791.84;40;-0.153060;0.461810;0.416728;0.776451;7.879627;false;217;ACCUMULATION
2026.06.12 09:47;63834.84;93;-0.157828;0.460625;0.416630;0.776346;7.880215;false;218;ACCUMULATION
2026.06.12 09:48;63767.60;82;-0.111468;0.472162;0.416611;0.776473;7.887705;false;219;ACCUMULATION
2026.06.12 09:49;63761.97;29;-0.106977;0.473281;0.416605;0.776621;7.895604;false;220;ACCUMULATION
2026.06.12 09:50;63786.55;31;-0.097439;0.475660;0.416623;0.776814;7.904653;false;221;ACCUMULATION
2026.06.12 09:51;63746.05;46;0.083724;0.520919;0.416944;0.777911;7.940542;false;222;ACCUMULATION
2026.06.12 09:52;63728.24;31;-0.119855;0.470072;0.416953;0.777978;7.944666;false;223;ACCUMULATION
2026.06.12 09:53;63724.39;43;-0.142157;0.464520;0.416930;0.777932;7.945315;false;224;ACCUMULATION
2026.06.12 09:54;63702.09;44;-0.153722;0.461645;0.416889;0.777830;7.944216;false;225;ACCUMULATION
2026.06.12 09:55;63755.69;41;-0.126661;0.468377;0.416892;0.777864;7.947194;false;226;ACCUMULATION
2026.06.12 09:56;63724.80;42;-0.125151;0.468753;0.416899;0.777904;7.950294;false;227;ACCUMULATION
2026.06.12 09:57;63732.32;39;-0.095296;0.476194;0.416958;0.778093;7.957751;false;228;ACCUMULATION
2026.06.12 09:58;63708.36;24;-0.126073;0.468523;0.416971;0.778127;7.960343;false;229;ACCUMULATION
2026.06.12 09:59;63685.71;31;-0.148639;0.462909;0.416949;0.778047;7.959477;false;230;ACCUMULATION
2026.06.12 10:00;63637.94;82;-0.161557;0.459698;0.416905;0.777905;7.956714;false;231;ACCUMULATION
2026.06.12 10:01;63650.21;29;-0.151307;0.462245;0.416877;0.777815;7.955576;false;232;ACCUMULATION
2026.06.12 10:02;63657.85;58;-0.159585;0.460188;0.416835;0.777685;7.953244;false;233;ACCUMULATION
2026.06.12 10:03;63649.77;64;-0.162393;0.459491;0.416787;0.777542;7.950575;false;234;ACCUMULATION
2026.06.12 10:04;63632.38;42;-0.165286;0.458772;0.416734;0.777387;7.947568;false;235;ACCUMULATION
2026.06.12 10:05;63624.99;29;-0.169898;0.457627;0.416671;0.777211;7.943980;false;236;ACCUMULATION
2026.06.12 10:06;63637.70;29;-0.164617;0.458938;0.416616;0.777063;7.941303;false;237;ACCUMULATION
2026.06.12 10:07;63662.46;29;-0.169194;0.457802;0.416552;0.776895;7.938039;false;238;ACCUMULATION
2026.06.12 10:08;63673.55;27;-0.153072;0.461807;0.416513;0.776808;7.937292;false;239;ACCUMULATION
2026.06.12 10:09;63748.23;93;0.094565;0.523624;0.416879;0.777959;7.973661;false;240;ACCUMULATION
2026.06.12 10:10;63717.15;79;-0.132823;0.466843;0.416895;0.777960;7.974688;false;241;ACCUMULATION
2026.06.12 10:11;63663.96;86;-0.139998;0.465057;0.416899;0.777926;7.974609;false;242;ACCUMULATION
2026.06.12 10:12;63646.69;41;-0.139217;0.465252;0.416905;0.777896;7.974649;false;243;ACCUMULATION
2026.06.12 10:13;63686.76;84;-0.071548;0.482121;0.417020;0.778203;7.984808;false;244;ACCUMULATION
2026.06.12 10:14;63694.27;47;0.393337;0.597086;0.417896;0.780807;8.063591;false;245;ACCUMULATION
2026.06.12 10:15;63670.87;61;-0.140189;0.465010;0.417949;0.780737;8.060372;false;246;ACCUMULATION
2026.06.12 10:16;63671.02;32;-0.109310;0.472700;0.418049;0.780822;8.061879;false;247;ACCUMULATION
2026.06.12 10:17;63687.10;60;-0.091076;0.477247;0.418177;0.780997;8.066061;false;248;ACCUMULATION
2026.06.12 10:18;63663.37;66;-0.086509;0.478386;0.418312;0.781193;8.070781;false;249;ACCUMULATION
2026.06.12 10:19;63691.66;60;0.653603;0.657822;0.419625;0.784975;8.182996;false;250;ACCUMULATION
2026.06.12 10:20;63675.82;43;-0.070178;0.482463;0.419850;0.785205;8.186069;false;251;ACCUMULATION
2026.06.12 10:21;63688.08;41;-0.069031;0.482749;0.420073;0.785437;8.189206;false;252;ACCUMULATION
2026.06.12 10:22;63709.27;47;-0.104684;0.473853;0.420234;0.785489;8.186896;false;253;ACCUMULATION
2026.06.12 10:23;63695.30;29;-0.096182;0.475973;0.420403;0.785583;8.185938;false;254;ACCUMULATION
2026.06.12 10:24;63728.76;30;-0.151707;0.462146;0.420476;0.785399;8.176718;false;255;ACCUMULATION
2026.06.12 10:25;63575.37;145;-0.095389;0.476171;0.420631;0.785497;8.176235;false;256;ACCUMULATION
2026.06.12 10:26;63535.19;105;-0.146315;0.463486;0.420698;0.785341;8.168159;false;257;ACCUMULATION
2026.06.12 10:27;63531.53;75;-0.156525;0.460949;0.420740;0.785136;8.158842;false;258;ACCUMULATION
2026.06.12 10:28;63539.47;55;-0.156613;0.460927;0.420772;0.784933;8.149839;false;259;ACCUMULATION
2026.06.12 10:29;63539.95;44;-0.173360;0.456768;0.420769;0.784649;8.138655;false;260;ACCUMULATION
2026.06.12 10:30;63570.67;89;-0.161497;0.459713;0.420775;0.784428;8.129630;false;261;ACCUMULATION
2026.06.12 10:31;63570.50;33;-0.141724;0.464628;0.420806;0.784307;8.123870;false;262;ACCUMULATION
2026.06.12 10:32;63628.71;53;0.108247;0.527035;0.421240;0.785436;8.155756;false;263;ACCUMULATION
2026.06.12 10:33;63609.85;47;-0.129467;0.467678;0.421300;0.785364;8.150911;false;264;ACCUMULATION
2026.06.12 10:34;63658.60;52;-0.047891;0.488029;0.421489;0.785701;8.158447;false;265;ACCUMULATION
2026.06.12 10:35;63646.95;50;0.024038;0.506009;0.421797;0.786392;8.176507;false;266;ACCUMULATION
2026.06.12 10:36;63685.34;57;0.180690;0.545050;0.422368;0.787857;8.217359;false;267;ACCUMULATION
2026.06.12 10:37;63661.39;41;0.007839;0.501960;0.422677;0.788442;8.230928;false;268;ACCUMULATION
2026.06.12 10:38;63662.10;23;3.765133;0.977360;0.426107;0.798527;8.529261;false;269;ACCUMULATION
2026.06.12 10:39;63628.66;66;-0.128988;0.467798;0.426362;0.798301;8.511416;false;270;ACCUMULATION
2026.06.12 10:40;63623.64;47;-0.112166;0.471988;0.426622;0.798161;8.496709;false;271;ACCUMULATION
2026.06.12 10:41;63595.33;42;-0.154877;0.461358;0.426793;0.797810;8.476139;false;272;ACCUMULATION
2026.06.12 10:42;63615.45;31;-0.156252;0.461016;0.426940;0.797457;8.456084;false;273;ACCUMULATION
2026.06.12 10:43;63587.41;38;-0.162828;0.459383;0.427054;0.797075;8.435750;false;274;ACCUMULATION
2026.06.12 10:44;63612.79;35;-0.165893;0.458622;0.427144;0.796683;8.415672;false;275;ACCUMULATION
2026.06.12 10:45;63621.29;42;-0.109259;0.472712;0.427306;0.796577;8.404751;false;276;ACCUMULATION
2026.06.12 10:46;63616.67;37;-0.157000;0.460831;0.427377;0.796234;8.387083;false;277;ACCUMULATION
2026.06.12 10:47;63618.27;40;-0.162040;0.459578;0.427422;0.795871;8.369282;false;278;ACCUMULATION
2026.06.12 10:48;63651.48;43;-0.173328;0.456776;0.427433;0.795456;8.350423;false;279;ACCUMULATION
2026.06.12 10:49;63652.37;38;-0.173654;0.456695;0.427427;0.795045;8.332175;false;280;ACCUMULATION
2026.06.12 10:50;63648.65;34;-0.160902;0.459861;0.427427;0.794701;8.316466;false;281;ACCUMULATION
2026.06.12 10:51;63627.90;23;-0.144177;0.464018;0.427440;0.794445;8.303800;false;282;ACCUMULATION
2026.06.12 10:52;63636.98;33;0.235265;0.558547;0.428062;0.796083;8.348295;false;283;ACCUMULATION
2026.06.12 10:53;63633.77;23;-0.061905;0.484529;0.428221;0.796220;8.346822;false;284;ACCUMULATION
2026.06.12 10:54;63621.16;29;-0.118968;0.470293;0.428281;0.796072;8.336859;false;285;ACCUMULATION
2026.06.12 10:55;63631.16;44;0.006338;0.501584;0.428536;0.796551;8.346020;false;286;ACCUMULATION
2026.06.12 10:56;63626.62;36;-0.155016;0.461323;0.428529;0.796218;8.330703;false;287;ACCUMULATION
2026.06.12 10:57;63630.56;53;-0.097083;0.475748;0.428604;0.796179;8.324578;false;288;ACCUMULATION
2026.06.12 10:58;63635.71;63;-0.059634;0.485096;0.428733;0.796327;8.324275;false;289;ACCUMULATION
2026.06.12 10:59;63622.84;36;0.410731;0.601263;0.429620;0.798796;8.393683;false;290;ACCUMULATION
2026.06.12 11:00;63613.27;43;0.141022;0.535197;0.430111;0.799914;8.421023;false;291;ACCUMULATION
2026.06.12 11:01;63652.61;29;-0.139973;0.465064;0.430152;0.799617;8.405325;false;292;ACCUMULATION
2026.06.12 11:02;63707.79;85;-0.158983;0.460338;0.430148;0.799228;8.387341;false;293;ACCUMULATION
2026.06.12 11:03;63788.28;124;-0.177404;0.455765;0.430099;0.798752;8.367243;false;294;ACCUMULATION
2026.06.12 11:04;63742.87;122;-0.292069;0.427497;0.429849;0.797717;8.330888;false;295;ACCUMULATION
2026.06.12 11:05;63790.23;110;-0.309368;0.423269;0.429547;0.796610;8.293269;false;296;ACCUMULATION
2026.06.12 11:06;63744.02;98;-0.270456;0.432795;0.429283;0.795707;8.262681;false;297;ACCUMULATION
2026.06.12 11:07;63752.80;59;-0.272574;0.432275;0.428996;0.794804;8.232853;false;298;ACCUMULATION
2026.06.12 11:08;63732.00;36;-0.189096;0.452866;0.428827;0.794323;8.216423;false;299;ACCUMULATION
2026.06.12 11:09;63685.70;34;0.095254;0.523796;0.429113;0.795267;8.243125;false;300;ACCUMULATION
2026.06.12 11:10;63676.94;26;0.177591;0.544281;0.429549;0.796610;8.281185;false;301;ACCUMULATION
2026.06.12 11:11;63718.27;27;-0.213187;0.446904;0.429369;0.795989;8.259486;false;302;ACCUMULATION
2026.06.12 11:12;63749.15;50;-0.240238;0.440228;0.429130;0.795241;8.234540;false;303;ACCUMULATION
2026.06.12 11:13;63757.43;52;-0.250142;0.437788;0.428861;0.794454;8.209004;false;304;ACCUMULATION
2026.06.12 11:14;63749.49;40;-0.253506;0.436961;0.428572;0.793660;8.183866;false;305;ACCUMULATION
2026.06.12 11:15;63763.05;27;-0.259124;0.435579;0.428260;0.792848;8.158778;false;306;ACCUMULATION
2026.06.12 11:16;63748.04;58;-0.245637;0.438898;0.427957;0.792111;8.136559;false;307;ACCUMULATION
2026.06.12 11:17;63722.44;40;-0.202524;0.449541;0.427712;0.791597;8.121504;false;308;ACCUMULATION
2026.06.12 11:18;63706.98;41;-0.153931;0.461593;0.427540;0.791330;8.114208;false;309;ACCUMULATION
2026.06.12 11:19;63707.05;23;-0.192538;0.452014;0.427304;0.790874;8.101419;false;310;ACCUMULATION
2026.06.12 11:20;63723.87;61;-0.237187;0.440980;0.426991;0.790203;8.082457;false;311;ACCUMULATION
2026.06.12 11:21;63750.48;40;-0.216088;0.446187;0.426705;0.789644;8.067283;false;312;ACCUMULATION
2026.06.12 11:22;63766.93;30;-0.117061;0.470768;0.426574;0.789584;8.067389;false;313;ACCUMULATION
2026.06.12 11:23;63781.87;30;1.893068;0.869105;0.429059;0.797491;8.306494;false;314;ACCUMULATION
2026.06.12 11:24;63791.06;47;-0.114030;0.471523;0.429077;0.797352;8.298680;false;315;ACCUMULATION
2026.06.12 11:25;63783.77;44;1.543892;0.824030;0.431400;0.804264;8.502644;false;316;ACCUMULATION
2026.06.12 11:26;63761.63;21;0.247336;0.561521;0.432117;0.805843;8.541964;false;317;ACCUMULATION
2026.06.12 11:27;63750.28;13;3.765839;0.977376;0.435575;0.815721;8.829421;false;318;ACCUMULATION
2026.06.12 11:28;63776.70;32;-0.172951;0.456870;0.435777;0.815069;8.794513;false;319;ACCUMULATION
2026.06.12 11:29;63745.82;29;-0.234434;0.441658;0.435843;0.814122;8.751700;false;320;ACCUMULATION
2026.06.12 11:30;63718.98;52;-0.151966;0.462082;0.436005;0.813594;8.722640;false;321;ACCUMULATION
2026.06.12 11:31;63703.07;88;0.354643;0.587743;0.436962;0.815586;8.769993;false;322;ACCUMULATION
2026.06.12 11:32;63657.24;61;-0.282250;0.429902;0.436900;0.814397;8.720985;false;323;ACCUMULATION
2026.06.12 11:33;63664.88;70;-0.280672;0.430289;0.436800;0.813230;8.673924;false;324;ACCUMULATION
2026.06.12 11:34;63669.25;45;-0.260162;0.435324;0.436695;0.812177;8.631530;false;325;ACCUMULATION
2026.06.12 11:35;63637.45;62;-0.310794;0.422921;0.436476;0.810890;8.583179;false;326;ACCUMULATION
2026.06.12 11:36;63639.62;28;-0.298930;0.425819;0.436240;0.809675;8.538260;false;327;ACCUMULATION
2026.06.12 11:37;63624.98;28;-0.288216;0.428441;0.435989;0.808528;8.496485;false;328;ACCUMULATION
2026.06.12 11:38;63632.23;47;-0.249974;0.437830;0.435770;0.807582;8.461806;false;329;ACCUMULATION
2026.06.12 11:39;63618.80;45;-0.271313;0.432585;0.435494;0.806543;8.425193;false;330;ACCUMULATION
2026.06.12 11:40;63659.43;38;-0.224669;0.444068;0.435269;0.805746;8.396752;false;331;ACCUMULATION
2026.06.12 11:41;63704.79;69;-0.139241;0.465246;0.435164;0.805382;8.382013;false;332;ACCUMULATION
2026.06.12 11:42;63699.09;35;-0.227851;0.443282;0.434906;0.804583;8.354612;false;333;ACCUMULATION
2026.06.12 11:43;63719.30;49;-0.208338;0.448103;0.434664;0.803890;8.331063;false;334;ACCUMULATION
2026.06.12 11:44;63722.39;23;-0.231889;0.442286;0.434369;0.803089;8.304847;false;335;ACCUMULATION
2026.06.12 11:45;63788.10;104;2.630632;0.932807;0.437277;0.812108;8.573862;false;336;ACCUMULATION
2026.06.12 11:46;63760.24;60;8.288608;0.999749;0.440779;0.822358;8.873626;false;337;ACCUMULATION
2026.06.12 11:47;63756.32;68;1.700028;0.845538;0.443436;0.829400;9.070372;false;338;ACCUMULATION
2026.06.12 11:48;63761.75;42;0.453472;0.611464;0.444658;0.831677;9.119788;false;339;ACCUMULATION
2026.06.12 11:49;63745.67;47;16.953859;1.000000;0.448438;0.841697;9.400595;false;340;ACCUMULATION
2026.06.12 11:50;63750.59;27;-0.057239;0.485694;0.448988;0.841310;9.362991;false;341;ACCUMULATION
2026.06.12 11:51;63739.39;33;-0.071266;0.482191;0.449469;0.840858;9.324601;false;342;ACCUMULATION
2026.06.12 11:52;63746.58;35;-0.110649;0.472366;0.449840;0.840215;9.281659;false;343;ACCUMULATION
2026.06.12 11:53;63763.45;33;-0.113880;0.471561;0.450159;0.839564;9.239738;false;344;ACCUMULATION
2026.06.12 11:54;63767.53;35;-0.113802;0.471580;0.450434;0.838921;9.199295;false;345;ACCUMULATION
2026.06.12 11:55;63767.87;48;-0.117632;0.470626;0.450662;0.838266;9.159695;false;346;ACCUMULATION
2026.06.12 11:56;63750.42;46;-0.114220;0.471476;0.450855;0.837637;9.121991;false;347;ACCUMULATION
2026.06.12 11:57;63724.02;29;-0.111828;0.472072;0.451016;0.837026;9.085965;false;348;ACCUMULATION
2026.06.12 11:58;63721.10;30;-0.109762;0.472587;0.451145;0.836434;9.051508;false;349;ACCUMULATION
2026.06.12 11:59;63684.91;30;-0.101724;0.474591;0.315878;0.752300;4.509730;true;0;DISCHARGE
2026.06.12 12:00;63583.54;79;-0.104577;0.473880;0.316249;0.752750;4.636217;false;1;ACCUMULATION
2026.06.12 12:01;63621.00;119;-0.105935;0.473541;0.316703;0.753187;4.758074;false;2;ACCUMULATION
2026.06.12 12:02;63670.11;88;-0.048715;0.487824;0.317331;0.753906;4.884236;false;3;ACCUMULATION
2026.06.12 12:03;63666.89;63;-0.086393;0.478415;0.317977;0.754427;5.000337;false;4;ACCUMULATION
2026.06.12 12:04;63606.36;76;-0.111587;0.472132;0.318652;0.754817;5.108604;false;5;ACCUMULATION
2026.06.12 12:05;63603.97;54;-0.120642;0.469876;0.319375;0.755156;5.211729;false;6;ACCUMULATION
2026.06.12 12:06;63585.52;66;-0.119800;0.470086;0.320157;0.755496;5.311370;false;7;ACCUMULATION
2026.06.12 12:07;63572.69;39;-0.120797;0.469837;0.320990;0.755827;5.407374;false;8;ACCUMULATION
2026.06.12 12:08;63605.93;35;-0.118488;0.470413;0.321876;0.756165;5.500364;false;9;ACCUMULATION
2026.06.12 12:09;63599.85;31;-0.117652;0.470621;0.322808;0.756504;5.590223;false;10;ACCUMULATION
2026.06.12 12:10;63614.10;52;-0.116083;0.471012;0.323784;0.756846;5.677173;false;11;ACCUMULATION
2026.06.12 12:11;63590.36;43;-0.117414;0.470680;0.324795;0.757177;5.760880;false;12;ACCUMULATION
2026.06.12 12:12;63538.88;50;-0.121910;0.469560;0.325833;0.757482;5.840985;false;13;ACCUMULATION
2026.06.12 12:13;63555.70;54;-0.121578;0.469643;0.326903;0.757785;5.918336;false;14;ACCUMULATION
2026.06.12 12:14;63558.13;41;-0.121165;0.469746;0.328000;0.758087;5.993042;false;15;ACCUMULATION
2026.06.12 12:15;63545.31;45;-0.121741;0.469602;0.329121;0.758382;6.065047;false;16;ACCUMULATION
2026.06.12 12:16;63574.53;45;-0.118455;0.470421;0.330269;0.758690;6.135023;false;17;ACCUMULATION
2026.06.12 12:17;63583.95;40;-0.114210;0.471478;0.331444;0.759015;6.203184;false;18;ACCUMULATION
2026.06.12 12:18;63570.30;43;-0.115197;0.471233;0.332635;0.759332;6.268812;false;19;ACCUMULATION
2026.06.12 12:19;63572.31;60;-0.108475;0.472908;0.333852;0.759678;6.333149;false;20;ACCUMULATION
2026.06.12 12:20;63519.54;54;-0.090804;0.477315;0.335111;0.760108;6.397877;false;21;ACCUMULATION
2026.06.12 12:21;63488.67;56;-0.113242;0.471720;0.336346;0.760421;6.456983;false;22;ACCUMULATION
2026.06.12 12:22;63541.68;60;-0.113161;0.471740;0.337590;0.760731;6.514033;false;23;ACCUMULATION
2026.06.12 12:23;63526.39;31;-0.115222;0.471226;0.338838;0.761027;6.568778;false;24;ACCUMULATION
2026.06.12 12:24;63483.94;32;-0.113502;0.471655;0.340094;0.761327;6.621863;false;25;ACCUMULATION
2026.06.12 12:25;63484.51;48;-0.113139;0.471745;0.341354;0.761626;6.673145;false;26;ACCUMULATION
2026.06.12 12:26;63465.12;37;-0.113818;0.471576;0.342615;0.761918;6.722531;false;27;ACCUMULATION
2026.06.12 12:27;63443.19;47;-0.114830;0.471324;0.343875;0.762202;6.770037;false;28;ACCUMULATION
2026.06.12 12:28;63419.86;44;-0.119766;0.470094;0.345126;0.762457;6.815142;false;29;ACCUMULATION
2026.06.12 12:29;63402.67;52;-0.120054;0.470022;0.346375;0.762708;6.858625;false;30;ACCUMULATION
2026.06.12 12:30;63437.97;83;-0.118088;0.470512;0.347623;0.762966;6.900881;false;31;ACCUMULATION
2026.06.12 12:31;63444.67;69;-0.114462;0.471416;0.348872;0.763239;6.942200;false;32;ACCUMULATION
2026.06.12 12:32;63448.24;59;-0.103835;0.474065;0.350133;0.763561;6.983661;false;33;ACCUMULATION
2026.06.12 12:33;63461.35;64;-0.102390;0.474425;0.351392;0.763887;7.023888;false;34;ACCUMULATION
2026.06.12 12:34;63480.82;58;-0.095002;0.476267;0.352657;0.764246;7.063812;false;35;ACCUMULATION
2026.06.12 12:35;63454.20;56;-0.099470;0.475153;0.353908;0.764578;7.101671;false;36;ACCUMULATION
2026.06.12 12:36;63435.53;49;-0.105741;0.473589;0.355141;0.764874;7.137266;false;37;ACCUMULATION
2026.06.12 12:37;63440.95;32;-0.106210;0.473472;0.356365;0.765165;7.171545;false;38;ACCUMULATION
2026.06.12 12:38;63385.10;56;-0.109813;0.472574;0.357573;0.765435;7.204085;false;39;ACCUMULATION
2026.06.12 12:39;63347.85;119;-0.111436;0.472170;0.358768;0.765693;7.235244;false;40;ACCUMULATION
2026.06.12 12:40;63358.80;74;-0.102811;0.474320;0.359966;0.765991;7.266603;false;41;ACCUMULATION
2026.06.12 12:41;63377.92;65;-0.094894;0.476294;0.361165;0.766325;7.298048;false;42;ACCUMULATION
2026.06.12 12:42;63392.40;65;-0.101218;0.474717;0.362344;0.766624;7.327447;false;43;ACCUMULATION
2026.06.12 12:43;63407.84;52;-0.095787;0.476071;0.363520;0.766946;7.356629;false;44;ACCUMULATION
2026.06.12 12:44;63364.96;103;-0.093973;0.476524;0.364686;0.767273;7.385061;false;45;ACCUMULATION
2026.06.12 12:45;63360.76;78;-0.094271;0.476450;0.365840;0.767594;7.412454;false;46;ACCUMULATION
2026.06.12 12:46;63402.18;55;-0.069539;0.482622;0.367022;0.768036;7.442591;false;47;ACCUMULATION
2026.06.12 12:47;63416.73;78;0.001462;0.500366;0.368310;0.768827;7.482320;false;48;ACCUMULATION
2026.06.12 12:48;63435.61;72;0.087220;0.521791;0.369732;0.770037;7.533514;false;49;ACCUMULATION
2026.06.12 12:49;63421.14;64;0.058095;0.514520;0.371109;0.771086;7.578552;false;50;ACCUMULATION
2026.06.12 12:50;63428.41;63;0.217534;0.554170;0.372742;0.772917;7.645805;false;51;ACCUMULATION
2026.06.12 12:51;63410.60;51;-0.026724;0.493319;0.373987;0.773508;7.674194;false;52;ACCUMULATION
2026.06.12 12:52;63468.67;38;0.033696;0.508423;0.375317;0.774395;7.710651;false;53;ACCUMULATION
2026.06.12 12:53;63437.40;32;0.007992;0.501998;0.376596;0.775142;7.741977;false;54;ACCUMULATION
2026.06.12 12:54;63369.36;70;-0.091645;0.477105;0.377701;0.775382;7.757270;false;55;ACCUMULATION
2026.06.12 12:55;63355.66;108;-0.086570;0.478371;0.378793;0.775645;7.772789;false;56;ACCUMULATION
2026.06.12 12:56;63362.97;46;-0.075110;0.481231;0.379884;0.775962;7.789480;false;57;ACCUMULATION
2026.06.12 12:57;63385.98;58;-0.059983;0.485009;0.380981;0.776351;7.807853;false;58;ACCUMULATION
2026.06.12 12:58;63393.63;28;0.254350;0.563247;0.382574;0.778299;7.872527;false;59;ACCUMULATION
2026.06.12 12:59;63393.34;42;-0.054351;0.486415;0.383673;0.778688;7.888837;false;60;ACCUMULATION
2026.06.12 13:00;63363.91;70;0.464903;0.614177;0.385591;0.781627;7.981234;false;61;ACCUMULATION
2026.06.12 13:01;63361.70;41;0.058657;0.514660;0.386881;0.782541;8.010687;false;62;ACCUMULATION
2026.06.12 13:02;63387.50;78;0.482060;0.618234;0.388837;0.785515;8.101253;false;63;ACCUMULATION
2026.06.12 13:03;63379.79;59;-0.018337;0.495416;0.390011;0.785997;8.114959;false;64;ACCUMULATION
2026.06.12 13:04;63354.96;42;0.158432;0.539525;0.391452;0.787356;8.154651;false;65;ACCUMULATION
2026.06.12 13:05;63375.21;50;0.065638;0.516404;0.392734;0.788236;8.179080;false;66;ACCUMULATION
2026.06.12 13:06;63365.81;39;-0.051339;0.487168;0.393807;0.788520;8.185113;false;67;ACCUMULATION
2026.06.12 13:07;63377.89;52;-0.057934;0.485520;0.394844;0.788768;8.189946;false;68;ACCUMULATION
2026.06.12 13:08;63402.21;41;-0.049198;0.487703;0.395868;0.789057;8.195920;false;69;ACCUMULATION
2026.06.12 13:09;63393.15;67;-0.034176;0.491457;0.396892;0.789418;8.203937;false;70;ACCUMULATION
2026.06.12 13:10;63391.03;72;-0.057169;0.485712;0.397856;0.789659;8.208226;false;71;ACCUMULATION
2026.06.12 13:11;63354.54;41;-0.081136;0.479727;0.398755;0.789777;8.208774;false;72;ACCUMULATION
2026.06.12 13:12;63309.48;50;-0.111049;0.472266;0.399580;0.789745;8.204827;false;73;ACCUMULATION
2026.06.12 13:13;63369.81;54;-0.087958;0.478025;0.400414;0.789829;8.204473;false;74;ACCUMULATION
2026.06.12 13:14;63411.76;61;-0.065047;0.483744;0.401261;0.790026;8.207563;false;75;ACCUMULATION
2026.06.12 13:15;63371.88;76;0.031059;0.507764;0.402244;0.790701;8.224957;false;76;ACCUMULATION
2026.06.12 13:16;63392.71;37;-0.042383;0.489406;0.403092;0.791001;8.230727;false;77;ACCUMULATION
2026.06.12 13:17;63391.01;61;0.380811;0.594069;0.404608;0.793390;8.299092;false;78;ACCUMULATION
2026.06.12 13:18;63462.88;65;-0.091913;0.477038;0.405372;0.793410;8.294847;false;79;ACCUMULATION
2026.06.12 13:19;63431.06;71;-0.058151;0.485466;0.406165;0.793598;8.295807;false;80;ACCUMULATION
2026.06.12 13:20;63427.55;58;-0.088202;0.477964;0.406888;0.793635;8.292232;false;81;ACCUMULATION
2026.06.12 13:21;63400.60;29;-0.062154;0.484467;0.407628;0.793800;8.292684;false;82;ACCUMULATION
2026.06.12 13:22;63359.10;39;-0.040351;0.489914;0.408383;0.794073;8.296388;false;83;ACCUMULATION
2026.06.12 13:23;63314.04;48;-0.092417;0.476912;0.409035;0.794082;8.292162;false;84;ACCUMULATION
2026.06.12 13:24;63353.39;42;1.483034;0.815030;0.411880;0.800854;8.490954;false;85;ACCUMULATION
2026.06.12 13:25;63324.55;47;-0.086191;0.478466;0.412614;0.800813;8.480850;false;86;ACCUMULATION
2026.06.12 13:26;63332.36;45;-0.060220;0.484950;0.413359;0.800902;8.474990;false;87;ACCUMULATION
2026.06.12 13:27;63331.88;38;-0.081894;0.479538;0.414043;0.800882;8.466088;false;88;ACCUMULATION
2026.06.12 13:28;63309.55;37;-0.109567;0.472636;0.414655;0.800724;8.453357;false;89;ACCUMULATION
2026.06.12 13:29;63338.28;45;-0.092010;0.477014;0.415266;0.800656;8.443697;false;90;ACCUMULATION
2026.06.12 13:30;63248.97;347;-0.114783;0.471336;0.415815;0.800475;8.430969;false;91;ACCUMULATION
2026.06.12 13:31;63173.14;251;-0.116746;0.470847;0.416333;0.800286;8.418394;false;92;ACCUMULATION
2026.06.12 16:55;63876.44;50;-0.232533;0.442127;0.416637;0.799525;8.389026;false;93;ACCUMULATION
2026.06.12 16:56;63874.28;90;-0.172805;0.456906;0.417003;0.799069;8.369554;false;94;ACCUMULATION
2026.06.12 16:57;63889.99;62;3.493820;0.970511;0.420710;0.808890;8.658926;false;95;ACCUMULATION
2026.06.12 16:58;63910.01;43;9.898162;0.999950;0.424760;0.819183;8.955834;false;96;ACCUMULATION
2026.06.12 16:59;63944.11;33;0.163075;0.540679;0.425947;0.820166;8.966787;false;97;ACCUMULATION
2026.06.12 17:00;63927.65;67;1.054453;0.741629;0.428428;0.825157;9.097927;false;98;ACCUMULATION
2026.06.12 17:01;63940.10;72;-0.141806;0.464608;0.429138;0.824547;9.058264;false;99;ACCUMULATION
2026.06.12 17:02;63900.94;49;-0.241169;0.439998;0.429634;0.823452;9.005224;false;100;ACCUMULATION
2026.06.12 17:03;63919.03;69;-0.242346;0.439708;0.430068;0.822365;8.953866;false;101;ACCUMULATION
2026.06.12 17:04;63973.01;83;-0.277224;0.431134;0.430389;0.821119;8.899161;false;102;ACCUMULATION
2026.06.12 17:05;63991.82;62;-0.270642;0.432749;0.430664;0.819921;8.847340;false;103;ACCUMULATION
2026.06.12 17:06;64026.84;152;-0.295717;0.426605;0.430847;0.818614;8.793646;false;104;ACCUMULATION
2026.06.12 17:07;63986.81;69;-0.262520;0.434744;0.431031;0.817485;8.746715;false;105;ACCUMULATION
2026.06.12 17:08;63971.37;65;-0.138432;0.465447;0.431371;0.816985;8.719848;false;106;ACCUMULATION
2026.06.12 17:09;63971.91;56;-0.185269;0.453815;0.431601;0.816257;8.686943;false;107;ACCUMULATION
2026.06.12 17:10;63927.68;52;-0.050818;0.487298;0.432017;0.816208;8.675278;false;108;ACCUMULATION
2026.06.12 17:11;63921.44;58;1.382609;0.799410;0.434457;0.822402;8.851289;false;109;ACCUMULATION
2026.06.12 17:12;63881.46;73;0.729613;0.674720;0.436167;0.826027;8.946327;false;110;ACCUMULATION
2026.06.12 17:13;63851.25;60;-0.149393;0.462721;0.436523;0.825369;8.910838;false;111;ACCUMULATION
