timestamp;symbol;price;C_t;K_t;P;F;R;Omega;SI;SD;RDebt;RE;CI;MB;VS_raw;VS;phase
2026.07.21 20:50:00;EURUSDm;1.13995;0.337801;3.508772;0.000000;0.175439;0.000000;0.122807;0.000000;0.000000;0.001754;0.000000;0.000000;-0.177193;-0.022184;0.494454;SEED
2026.07.21 20:51:00;EURUSDm;1.13995;0.233405;0.001000;0.000000;0.166717;0.000000;0.118544;0.000000;0.000000;0.003422;0.000000;0.000000;-0.170138;-0.021336;0.494666;SEED
2026.07.21 20:52:00;EURUSDm;1.13995;0.277356;0.001000;0.000000;0.158431;0.000000;0.114430;0.000000;0.000000;0.005006;0.000000;0.000000;-0.163437;-0.020530;0.494868;SEED
2026.07.21 20:53:00;EURUSDm;1.13991;0.261098;1.886792;0.000000;0.244849;0.000000;0.176462;0.000000;0.000000;0.007454;0.000000;0.000000;-0.252303;-0.031687;0.492079;SEED
2026.07.21 20:54:00;EURUSDm;1.13985;0.192332;2.777778;0.000000;0.371495;0.000000;0.267508;0.000000;0.000000;0.011169;0.000000;0.000000;-0.382665;-0.048056;0.487988;SEED
2026.07.21 20:55:00;EURUSDm;1.13985;0.184240;0.001000;0.000000;0.352971;0.000000;0.258181;0.000000;0.000000;0.014699;0.000000;0.000000;-0.367670;-0.046253;0.488439;SEED
2026.07.21 20:56:00;EURUSDm;1.13985;0.190897;0.001000;0.000000;0.335372;0.000000;0.249179;0.000000;0.000000;0.018053;0.000000;0.000000;-0.353425;-0.044539;0.488867;SEED
2026.07.21 20:57:00;EURUSDm;1.13971;0.149754;6.422018;0.000000;0.639704;0.000000;0.465229;0.000000;0.000000;0.024450;0.000000;0.000000;-0.664154;-0.083508;0.479135;SEED
2026.07.21 20:58:00;EURUSDm;1.13976;0.169454;2.252252;0.000000;0.720332;0.000000;0.527775;0.000000;0.000000;0.031653;0.000000;0.000000;-0.751985;-0.094631;0.476360;SEED
2026.07.21 20:59:00;EURUSDm;1.13949;0.133136;10.150376;0.000000;1.000000;0.000000;0.864566;0.000000;0.000000;0.041653;0.000000;0.000000;-1.041653;-0.131040;0.467287;SEED
2026.07.21 21:01:00;EURUSDm;1.13969;0.166525;6.666667;0.000000;1.000000;0.000000;1.000000;0.000000;0.000000;0.051653;0.000000;0.000000;-1.051653;-0.132490;0.466926;SEED
2026.07.21 21:02:00;EURUSDm;1.13969;0.166292;0.001000;0.000000;0.950050;0.000000;0.965035;0.000000;0.000000;0.061154;0.000000;0.000000;-1.011204;-0.127624;0.468137;SEED
2026.07.21 21:03:00;EURUSDm;1.13970;0.173207;0.342466;0.000000;0.919671;0.000000;0.943245;0.000000;0.000000;0.070350;0.000000;0.000000;-0.990021;-0.125160;0.468751;SEED
2026.07.21 21:04:00;EURUSDm;1.13973;0.186110;1.013514;0.000000;0.924363;0.000000;0.945704;0.000000;0.000000;0.079594;0.000000;0.000000;-1.003957;-0.127086;0.468271;SEED
2026.07.21 21:05:00;EURUSDm;1.13955;0.156046;5.487805;0.000000;1.000000;0.000000;1.000000;0.000000;0.000000;0.089594;0.000000;0.000000;-1.089594;-0.137991;0.465557;SEED
2026.07.21 21:06:00;EURUSDm;1.13962;0.167636;2.134146;0.000000;1.000000;0.000000;1.000000;0.000000;0.000000;0.099594;0.000000;0.000000;-1.099594;-0.139441;0.465196;SEED
2026.07.21 21:07:00;EURUSDm;1.13962;0.173329;0.001000;0.000000;0.950050;0.000000;0.965035;0.000000;0.000000;0.109094;0.000000;0.000000;-1.059144;-0.134575;0.466407;SEED
2026.07.21 21:08:00;EURUSDm;1.13963;0.177502;0.308642;0.000000;0.917980;0.000000;0.942061;0.000000;0.000000;0.118274;0.000000;0.000000;-1.036254;-0.131897;0.467073;SEED
2026.07.21 21:09:00;EURUSDm;1.13965;0.183344;0.609756;0.000000;0.902568;0.000000;0.930431;0.000000;0.000000;0.127300;0.000000;0.000000;-1.029868;-0.131280;0.467227;SEED
2026.07.21 21:10:00;EURUSDm;1.13960;0.179923;1.488095;0.000000;0.931845;0.000000;0.949949;0.000000;0.000000;0.136618;0.000000;0.000000;-1.068463;-0.136290;0.465980;SEED
2026.07.21 21:11:00;EURUSDm;1.13959;0.191706;0.304878;0.000000;0.900496;0.000000;0.927371;0.000000;0.000000;0.145623;0.000000;0.000000;-1.046120;-0.133677;0.466630;SEED
2026.07.21 21:12:00;EURUSDm;1.13963;0.202455;1.234568;0.000000;0.917200;0.000000;0.938123;0.000000;0.000000;0.154795;0.000000;0.000000;-1.071995;-0.137095;0.465780;SEED
2026.07.21 21:13:00;EURUSDm;1.13962;0.201874;0.316456;0.000000;0.887163;0.000000;0.916365;0.000000;0.000000;0.163667;0.000000;0.000000;-1.050830;-0.134627;0.466394;SEED
2026.07.21 21:14:00;EURUSDm;1.13957;0.202827;1.533742;0.000000;0.919492;0.000000;0.937973;0.000000;0.000000;0.172862;0.000000;0.000000;-1.092354;-0.140001;0.465057;SEED
2026.07.21 21:15:00;EURUSDm;1.13963;0.247348;1.775148;0.000000;0.962275;0.000000;0.967274;0.000000;0.000000;0.182485;0.000000;0.000000;-1.144759;-0.146745;0.463380;SEED
2026.07.21 21:16:00;EURUSDm;1.13963;0.242061;0.001000;0.000000;0.914211;0.000000;0.933455;0.000000;0.000000;0.191627;0.000000;0.000000;-1.105838;-0.142062;0.464544;SEED
2026.07.21 21:17:00;EURUSDm;1.13964;0.247618;0.295858;0.000000;0.883293;0.000000;0.911139;0.000000;0.000000;0.200460;0.000000;0.000000;-1.083753;-0.139478;0.465187;SEED
2026.07.21 21:18:00;EURUSDm;1.13965;0.345763;0.294118;0.000000;0.853834;0.000000;0.889543;0.000000;0.000000;0.208998;0.000000;0.000000;-1.062832;-0.137034;0.465795;SEED
2026.07.21 21:19:00;EURUSDm;1.13964;0.297106;0.295858;0.000000;0.825936;0.000000;0.868764;0.000000;0.000000;0.217257;0.000000;0.000000;-1.043193;-0.134744;0.466365;SEED
2026.07.21 21:20:00;EURUSDm;1.13963;0.246540;0.304878;0.000000;0.799883;0.000000;0.849028;0.000000;0.000000;0.225256;0.000000;0.000000;-1.025139;-0.132647;0.466887;SEED
2026.07.21 21:21:00;EURUSDm;1.13958;0.282527;1.488095;0.000000;0.834293;0.000000;0.871395;0.000000;0.000000;0.233599;0.000000;0.000000;-1.067892;-0.138159;0.465515;SEED
2026.07.21 21:22:00;EURUSDm;1.13963;0.301505;1.479290;0.000000;0.866543;0.000000;0.892672;0.000000;0.000000;0.242265;0.000000;0.000000;-1.108808;-0.143446;0.464200;SEED
2026.07.21 21:23:00;EURUSDm;1.13966;0.309508;0.882353;0.000000;0.867334;0.000000;0.892311;0.000000;0.000000;0.250938;0.000000;0.000000;-1.118272;-0.144803;0.463862;SEED
2026.07.21 21:24:00;EURUSDm;1.13963;0.321262;0.882353;0.000000;0.868085;0.000000;0.891962;0.000000;0.000000;0.259619;0.000000;0.000000;-1.127703;-0.146155;0.463526;SEED
2026.07.21 21:25:00;EURUSDm;1.13960;0.310365;0.867052;0.000000;0.868033;0.000000;0.891090;0.000000;0.000000;0.268299;0.000000;0.000000;-1.136332;-0.147407;0.463215;SEED
2026.07.21 21:26:00;EURUSDm;1.13956;0.308928;1.142857;0.000000;0.881774;0.000000;0.899902;0.000000;0.000000;0.277117;0.000000;0.000000;-1.158891;-0.150404;0.462470;SEED
2026.07.21 21:27:00;EURUSDm;1.13963;0.305481;1.933702;0.000000;0.934371;0.000000;0.936085;0.000000;0.000000;0.286461;0.000000;0.000000;-1.220831;-0.158333;0.460499;SEED
2026.07.21 21:28:00;EURUSDm;1.13963;0.307067;0.001000;0.000000;0.887702;0.000000;0.903357;0.000000;0.000000;0.295338;0.000000;0.000000;-1.183040;-0.153787;0.461629;SEED
2026.07.21 21:29:00;EURUSDm;1.13965;0.299706;0.546448;0.000000;0.870639;0.000000;0.890865;0.000000;0.000000;0.304044;0.000000;0.000000;-1.174683;-0.152916;0.461845;SEED
2026.07.21 21:30:00;EURUSDm;1.13967;0.303335;0.540541;0.000000;0.854134;0.000000;0.878604;0.000000;0.000000;0.312585;0.000000;0.000000;-1.166720;-0.152092;0.462050;SEED
2026.07.21 21:31:00;EURUSDm;1.13969;0.309343;0.534759;0.000000;0.838166;0.000000;0.866569;0.000000;0.000000;0.320967;0.000000;0.000000;-1.159133;-0.151311;0.462244;SEED
2026.07.21 21:32:00;EURUSDm;1.13971;0.322815;0.531915;0.000000;0.822853;0.000000;0.854856;0.000000;0.000000;0.329195;0.000000;0.000000;-1.152049;-0.150590;0.462423;SEED
2026.07.21 21:33:00;EURUSDm;1.13968;0.331382;0.789474;0.000000;0.821184;0.000000;0.852568;0.000000;0.000000;0.337407;0.000000;0.000000;-1.158591;-0.151572;0.462179;SEED
2026.07.21 21:34:00;EURUSDm;1.13969;0.295927;0.263158;0.000000;0.793283;0.000000;0.831939;0.000000;0.000000;0.345340;0.000000;0.000000;-1.138623;-0.149235;0.462760;SEED
2026.07.21 21:35:00;EURUSDm;1.13962;0.336156;1.785714;0.000000;0.842904;0.000000;0.865321;0.000000;0.000000;0.353769;0.000000;0.000000;-1.196674;-0.156660;0.460915;SEED
2026.07.21 21:36:00;EURUSDm;1.13963;0.347711;0.256410;0.000000;0.813580;0.000000;0.844009;0.000000;0.000000;0.361905;0.000000;0.000000;-1.175485;-0.154174;0.461533;SEED
2026.07.21 21:37:00;EURUSDm;1.13968;0.371088;1.250000;0.000000;0.835401;0.000000;0.858219;0.000000;0.000000;0.370259;0.000000;0.000000;-1.205660;-0.158113;0.460554;SEED
2026.07.21 21:38:00;EURUSDm;1.13971;0.383619;0.742574;0.000000;0.830759;0.000000;0.854171;0.000000;0.000000;0.378567;0.000000;0.000000;-1.209326;-0.158737;0.460399;SEED
2026.07.21 21:39:00;EURUSDm;1.13973;0.399797;0.490196;0.000000;0.813731;0.000000;0.841432;0.000000;0.000000;0.386704;0.000000;0.000000;-1.200435;-0.157788;0.460635;SEED
2026.07.21 21:40:00;EURUSDm;1.13966;0.443291;1.674641;0.000000;0.856777;0.000000;0.870594;0.000000;0.000000;0.395272;0.000000;0.000000;-1.252048;-0.164411;0.458989;SEED
2026.07.21 21:41:00;EURUSDm;1.13976;0.309487;2.369668;0.000000;0.932421;0.000000;0.923062;0.000000;0.000000;0.404596;0.000000;0.000000;-1.337017;-0.175219;0.456307;SEED
2026.07.21 21:42:00;EURUSDm;1.13966;0.477653;2.262443;0.000000;0.998922;0.000000;0.969940;0.000000;0.000000;0.414585;0.000000;0.000000;-1.413507;-0.184980;0.453886;SEED
2026.07.21 21:43:00;EURUSDm;1.13973;0.511696;1.535088;0.383772;1.000000;0.013777;0.989720;0.019189;0.003838;0.424348;0.013777;0.013467;-1.072851;-0.145344;0.463728;SEED
2026.07.21 21:44:00;EURUSDm;1.13970;0.528580;0.660793;0.780207;0.982764;0.044147;0.978879;0.038051;0.011621;0.433409;0.044922;0.042760;-0.691161;-0.103198;0.474223;SEED
2026.07.21 21:45:00;EURUSDm;1.13973;0.437648;0.669643;0.717791;0.966225;0.069470;0.969388;0.039269;0.018740;0.441869;0.071898;0.067826;-0.736853;-0.114136;0.471497;SEED
2026.07.21 21:46:00;EURUSDm;1.13971;0.388879;0.442478;0.660367;0.938648;0.091018;0.952321;0.040177;0.025250;0.449688;0.096967;0.090649;-0.767805;-0.122778;0.469344;SEED
2026.07.21 21:47:00;EURUSDm;1.13974;0.507286;0.655022;1.040832;0.922647;0.128086;0.943321;0.057191;0.035532;0.456708;0.138824;0.126147;-0.395884;-0.083680;0.479092;SEED
2026.07.21 21:48:00;EURUSDm;1.13978;0.400611;0.913242;0.957565;0.919615;0.159059;0.944270;0.058495;0.044930;0.463172;0.172963;0.155477;-0.473013;-0.100358;0.474932;SEED
2026.07.21 21:49:00;EURUSDm;1.13974;0.599475;0.917431;1.407172;0.916324;0.206922;0.945378;0.078051;0.058778;0.468785;0.225817;0.196478;-0.044672;-0.057139;0.485719;SEED
2026.07.21 21:50:00;EURUSDm;1.13973;0.601686;0.260417;1.858437;0.879391;0.268932;0.924136;0.096711;0.077068;0.472971;0.305816;0.255355;0.427449;-0.011154;0.497212;AGING
2026.07.21 21:51:00;EURUSDm;1.13976;0.613230;0.857143;2.318359;0.872900;0.343416;0.925176;0.114872;0.099866;0.475830;0.393420;0.315745;0.883570;0.028653;0.507163;AGING
2026.07.21 21:52:00;EURUSDm;1.13977;0.609710;0.284091;2.775642;0.836591;0.428683;0.906759;0.131992;0.127123;0.476893;0.512416;0.391239;1.372609;0.096973;0.524224;MATURE
2026.07.21 21:53:00;EURUSDm;1.13979;0.542671;0.564972;3.182645;0.814436;0.521706;0.899416;0.145743;0.158314;0.476187;0.640573;0.466436;1.805613;0.158717;0.539596;MATURE
2026.07.21 21:54:00;EURUSDm;1.13988;0.290540;2.459016;2.928033;0.886231;0.601709;0.959103;0.151186;0.186803;0.474883;0.678952;0.491503;1.492649;0.122027;0.530469;MATURE
2026.07.21 21:55:00;EURUSDm;1.13991;0.187889;0.892857;2.693790;0.874528;0.670167;0.962076;0.155339;0.212807;0.472353;0.766319;0.539295;1.280785;0.100605;0.525130;MATURE
2026.07.21 21:56:00;EURUSDm;1.13981;0.306063;2.923977;2.478287;0.963597;0.727698;1.000000;0.158347;0.236526;0.469800;0.755189;0.535675;0.982842;0.062899;0.515719;MATURE
2026.07.21 21:57:00;EURUSDm;1.13982;0.387760;0.290698;2.280024;0.915398;0.775674;0.980717;0.160343;0.258143;0.466022;0.847363;0.581515;0.837305;0.049839;0.512457;MATURE
2026.07.21 21:58:00;EURUSDm;1.13982;0.505946;0.001000;2.659483;0.854165;0.834096;0.952039;0.171299;0.283447;0.460716;0.976504;0.637244;1.269205;0.110594;0.527620;MATURE
2026.07.21 21:59:00;EURUSDm;1.14001;0.183973;5.053191;2.446725;1.000000;0.881712;1.000000;0.173372;0.306497;0.456147;0.881712;0.595804;0.912551;0.061187;0.515292;MATURE
2026.07.21 22:00:00;EURUSDm;1.13998;0.177290;0.806452;2.250987;0.972688;0.920260;0.999294;0.174490;0.327475;0.450744;0.946100;0.624052;0.743885;0.043556;0.510887;MATURE
2026.07.21 22:01:00;EURUSDm;1.13992;0.347433;1.570681;2.070908;0.984183;0.950430;1.000000;0.174770;0.346546;0.445042;0.965705;0.631306;0.549481;0.020321;0.505080;MATURE
2026.07.21 22:02:00;EURUSDm;1.13998;0.197386;1.554404;1.905235;0.993685;0.973010;1.000000;0.174315;0.363866;0.439158;0.979194;0.635180;0.369041;-0.001518;0.499620;ORGANIZING
2026.07.21 22:03:00;EURUSDm;1.14001;0.220668;0.769231;1.752816;0.963002;0.988887;0.998024;0.173220;0.375737;0.432767;1.026879;0.654043;0.248019;-0.014144;0.496464;ORGANIZING
2026.07.21 22:04:00;EURUSDm;1.13993;0.273807;2.020202;1.612591;0.996085;0.998499;1.000000;0.171570;0.382182;0.426580;1.002424;0.644261;0.080920;-0.036131;0.490968;ORGANIZING
2026.07.21 22:05:00;EURUSDm;1.13994;0.293198;0.259067;1.483584;0.939264;1.000000;0.980072;0.169442;0.387929;0.419852;1.064664;0.668165;0.009725;-0.041833;0.489543;ORGANIZING
2026.07.21 22:06:00;EURUSDm;1.13995;0.258422;0.257732;1.364897;0.885187;0.999814;0.960721;0.166904;0.393035;0.412638;1.129494;0.691852;-0.052993;-0.046399;0.488402;ORGANIZING
2026.07.21 22:07:00;EURUSDm;1.13995;0.291572;0.001000;1.255705;0.820981;0.995537;0.932972;0.164019;0.393219;0.404869;1.212619;0.722336;-0.089082;-0.046737;0.488318;ORGANIZING
2026.07.21 22:08:00;EURUSDm;1.13994;0.386041;0.259067;1.155249;0.772975;0.987614;0.915126;0.160841;0.393229;0.396779;1.277679;0.744220;-0.135031;-0.049273;0.487684;ORGANIZING
2026.07.21 22:09:00;EURUSDm;1.13995;0.286267;0.259067;1.062829;0.727527;0.976503;0.897794;0.157420;0.394707;0.388471;1.342222;0.763099;-0.180919;-0.051963;0.487012;ORGANIZING
2026.07.21 22:10:00;EURUSDm;1.13995;0.282495;0.001000;0.977803;0.671671;0.962684;0.871916;0.153800;0.401539;0.379949;1.433267;0.784577;-0.221813;-0.053099;0.486728;ORGANIZING
2026.07.21 22:11:00;EURUSDm;1.13992;0.462068;0.789474;0.899578;0.658307;0.946366;0.874413;0.150021;0.413720;0.371742;1.437574;0.774410;-0.311587;-0.064535;0.483872;ORGANIZING
2026.07.21 22:12:00;EURUSDm;1.13991;0.579269;0.268817;1.334030;0.619906;0.949474;0.858468;0.164243;0.426067;0.363213;1.531643;0.784550;0.119766;-0.007117;0.498221;ORGANIZING
2026.07.21 22:13:00;EURUSDm;1.13988;0.853326;0.806452;1.974025;0.610243;0.976410;0.862396;0.188030;0.436023;0.354147;1.600034;0.791066;0.737938;0.072714;0.518170;MATURE
2026.07.21 22:14:00;EURUSDm;1.13989;0.855648;0.271739;2.615761;0.573790;1.000000;0.848304;0.210716;0.436966;0.344255;1.742798;0.818685;1.402354;0.161627;0.540319;MATURE
2026.07.21 22:15:00;EURUSDm;1.13987;0.872770;0.546448;3.270339;0.552423;1.000000;0.845114;0.232909;0.440546;0.334184;1.810207;0.815742;2.036822;0.238410;0.559322;MATURE
2026.07.21 22:16:00;EURUSDm;1.13987;0.873687;0.001000;3.925604;0.504852;1.000000;0.823722;0.254027;0.452817;0.323761;1.980780;0.825290;2.683305;0.244213;0.560752;MATURE
2026.07.21 22:17:00;EURUSDm;1.13989;0.877569;0.574713;4.583781;0.488345;1.000000;0.823897;0.274234;0.473590;0.313380;2.047734;0.808951;3.286408;0.245612;0.561096;MATURE
2026.07.21 22:18:00;EURUSDm;1.13990;0.875303;0.285714;5.240259;0.458213;1.000000;0.814659;0.293346;0.497030;0.302933;2.182390;0.800904;3.898361;0.249458;0.562043;MATURE
2026.07.21 22:19:00;EURUSDm;1.13990;0.824288;0.001000;5.858475;0.415353;1.000000;0.796448;0.309590;0.528662;0.292373;2.407593;0.797700;4.474245;0.256265;0.563718;MATURE
2026.07.21 22:20:00;EURUSDm;1.13993;0.820623;0.862069;6.473941;0.417688;1.000000;0.809581;0.324884;0.568248;0.282232;2.394129;0.762881;4.987757;0.254323;0.563240;MATURE
2026.07.21 22:21:00;EURUSDm;1.13993;0.797228;0.001000;7.071863;0.376854;1.000000;0.792651;0.338535;0.615417;0.272155;2.653548;0.751424;5.514949;0.261735;0.565063;MATURE
2026.07.21 22:22:00;EURUSDm;1.13993;0.747251;0.001000;7.632301;0.338061;1.000000;0.776792;0.349631;0.669610;0.262232;2.958043;0.736756;5.993526;0.270334;0.567175;MATURE
2026.07.21 22:23:00;EURUSDm;1.13993;0.712107;0.001000;8.166381;0.301208;1.000000;0.761877;0.358853;0.730398;0.252548;3.319962;0.719187;6.434123;0.280507;0.569671;MATURE
2026.07.21 22:24:00;EURUSDm;1.13990;0.675067;0.887574;8.672681;0.310527;1.000000;0.778836;0.366225;0.797347;0.243627;3.220337;0.678381;6.791384;0.275657;0.568481;MATURE
2026.07.21 22:25:00;EURUSDm;1.13991;0.678669;0.306748;9.181683;0.290338;1.000000;0.775131;0.373364;0.870341;0.235233;3.444266;0.651872;7.168701;0.281217;0.569845;MATURE
2026.07.21 22:26:00;EURUSDm;1.14002;0.721273;3.179191;9.722638;0.414780;1.000000;0.872341;0.381744;0.949567;0.228877;2.410915;0.572708;7.416360;0.246385;0.561287;MATURE
2026.07.21 22:27:00;EURUSDm;1.14001;0.750756;0.295858;10.285705;0.388834;1.000000;0.865525;0.390810;1.035119;0.223116;2.571790;0.551036;7.821897;0.250243;0.562236;MATURE
2026.07.21 22:28:00;EURUSDm;1.14000;0.749860;0.299401;10.848100;0.364363;1.000000;0.859389;0.399389;1.126872;0.218029;2.744519;0.528926;8.213187;0.254421;0.563264;MATURE
2026.07.21 22:29:00;EURUSDm;1.13999;0.760481;0.301205;11.418461;0.341205;1.000000;0.853831;0.407938;1.224794;0.213689;2.930793;0.506602;8.598104;0.258980;0.564386;MATURE
2026.07.21 22:30:00;EURUSDm;1.13998;0.760911;0.312500;11.989144;0.319769;1.000000;0.849162;0.416075;1.328783;0.210174;3.127254;0.484349;8.969484;0.263832;0.565578;MATURE
2026.07.21 22:31:00;EURUSDm;1.13994;0.692987;1.298701;12.508884;0.348716;1.000000;0.879459;0.421258;1.438232;0.208044;2.867663;0.452856;9.233143;0.254512;0.563287;MATURE
2026.07.21 22:32:00;EURUSDm;1.13995;0.661566;0.344828;13.005059;0.328522;1.000000;0.875491;0.425004;1.547752;0.206806;3.043940;0.434541;9.524219;0.258909;0.564368;MATURE
2026.07.21 22:33:00;EURUSDm;1.13999;0.522241;1.408451;13.396740;0.362518;1.000000;0.909019;0.423338;1.654240;0.206974;2.758484;0.409820;9.672092;0.249106;0.561956;MATURE
2026.07.21 22:34:00;EURUSDm;1.13998;0.606640;0.357143;13.851720;0.342249;1.000000;0.904520;0.424920;1.758328;0.207980;2.921847;0.395962;9.934994;0.253294;0.562987;MATURE
2026.07.21 22:35:00;EURUSDm;1.13999;0.473062;0.362319;12.743582;0.323253;1.000000;0.900416;0.459081;1.844269;0.209655;3.093555;0.380720;8.603974;0.257650;0.564058;MATURE
2026.07.21 22:36:00;EURUSDm;1.13998;0.517554;0.364964;13.131748;0.305338;1.000000;0.897743;0.455535;1.927109;0.211979;3.275056;0.372026;8.849141;0.262613;0.565279;MATURE
2026.07.21 22:37:00;EURUSDm;1.13999;0.562971;0.370370;13.553976;0.288590;1.000000;0.895228;0.453870;2.007176;0.214937;3.465125;0.363685;9.128358;0.267839;0.566562;MATURE
2026.07.21 22:38:00;EURUSDm;1.13999;0.589250;0.001000;13.995913;0.254210;1.000000;0.879816;0.453273;2.084696;0.218326;3.933749;0.358143;9.447438;0.281553;0.569927;MATURE
2026.07.21 22:39:00;EURUSDm;1.13995;0.629090;1.526718;14.467730;0.297836;1.000000;0.918322;0.454200;2.160365;0.222908;3.357555;0.343359;9.717855;0.263436;0.565481;MATURE
2026.07.21 22:40:00;EURUSDm;1.13993;0.672641;0.757576;14.972211;0.300823;1.000000;0.928593;0.456714;2.234546;0.228262;3.324217;0.334215;10.060605;0.261872;0.565096;MATURE
2026.07.21 22:41:00;EURUSDm;1.13995;0.688631;0.763359;15.488685;0.303950;1.000000;0.938795;0.459702;2.307542;0.234377;3.290020;0.325606;10.415870;0.260293;0.564708;MATURE
2026.07.21 22:42:00;EURUSDm;1.13996;0.703875;0.381679;16.016591;0.287836;1.000000;0.935385;0.463113;2.379847;0.241054;3.474200;0.319408;10.801782;0.265375;0.565957;MATURE
2026.07.21 22:43:00;EURUSDm;1.13996;0.730140;0.001000;16.564196;0.253494;1.000000;0.918891;0.467337;2.451926;0.248108;3.944863;0.315183;11.224068;0.279143;0.569336;MATURE
2026.07.21 22:44:00;EURUSDm;1.13996;0.726287;0.001000;17.108911;0.220870;1.000000;0.903121;0.471206;2.524029;0.255557;4.527560;0.310935;11.642016;0.296262;0.573529;MATURE
2026.07.21 22:45:00;EURUSDm;1.13994;0.734218;0.840336;17.659575;0.231843;1.000000;0.917416;0.475179;2.596187;0.263837;4.313266;0.302736;12.021162;0.289258;0.571814;MATURE
2026.07.21 22:46:00;EURUSDm;1.13994;0.694046;0.001000;18.180109;0.200301;1.000000;0.901973;0.477447;2.667781;0.272518;4.992493;0.298906;12.416835;0.309270;0.576707;MATURE
2026.07.21 22:47:00;EURUSDm;1.13992;0.677541;0.909091;18.688265;0.215740;1.000000;0.918932;0.478982;2.738468;0.282060;4.635204;0.291274;12.755565;0.297979;0.573948;MATURE
2026.07.21 22:48:00;EURUSDm;1.13990;0.693530;0.892857;19.208413;0.229596;1.000000;0.934784;0.481040;2.808379;0.292440;4.355475;0.284170;13.107539;0.289024;0.571757;MATURE
2026.07.21 22:49:00;EURUSDm;1.13992;0.709034;1.052632;19.740188;0.250748;1.000000;0.955745;0.483577;2.877554;0.303723;3.988070;0.276864;13.463455;0.277411;0.568911;MATURE
2026.07.21 22:50:00;EURUSDm;1.13991;0.711842;0.537634;20.274069;0.245092;1.000000;0.958037;0.486092;2.946015;0.315634;4.080098;0.271946;13.849128;0.279688;0.569470;MATURE
2026.07.21 22:51:00;EURUSDm;1.13994;0.701883;1.666667;20.800482;0.296171;1.000000;0.999852;0.488108;3.014201;0.328738;3.376429;0.263263;14.170954;0.257881;0.564115;MATURE
2026.07.21 22:52:00;EURUSDm;1.13993;0.685073;0.588235;21.314287;0.290774;1.000000;1.000000;0.489393;3.082223;0.342468;3.439096;0.258907;14.537813;0.259269;0.564457;MATURE
2026.07.21 22:53:00;EURUSDm;1.13991;0.688348;1.190476;21.830548;0.315759;1.000000;1.000000;0.490737;3.151150;0.357137;3.166970;0.252675;14.873880;0.250500;0.562300;MATURE
2026.07.21 22:54:00;EURUSDm;1.13991;0.678042;0.001000;22.339080;0.280021;1.000000;0.982211;0.491626;3.220267;0.372140;3.571157;0.250506;15.263131;0.262217;0.565181;MATURE
2026.07.21 22:55:00;EURUSDm;1.13991;0.653239;0.001000;22.829009;0.246070;1.000000;0.965075;0.491542;3.305020;0.387650;4.063881;0.247364;15.602165;0.276532;0.568696;MATURE
2026.07.21 22:56:00;EURUSDm;1.13991;0.627578;0.001000;23.299693;0.213817;1.000000;0.948537;0.490499;3.390175;0.403690;4.676903;0.244231;15.920839;0.294445;0.573084;MATURE
2026.07.21 22:57:00;EURUSDm;1.13990;0.639272;0.666667;23.779146;0.216459;1.000000;0.955839;0.489946;3.475476;0.420610;4.619808;0.239127;16.211234;0.292138;0.572520;MATURE
2026.07.21 22:58:00;EURUSDm;1.13990;0.622801;0.001000;24.246247;0.185686;1.000000;0.939567;0.488804;3.560601;0.438073;5.385429;0.236122;16.523677;0.314608;0.578010;MATURE
2026.07.21 22:59:00;EURUSDm;1.13989;0.581411;0.675676;24.682305;0.190186;1.000000;0.947439;0.486167;3.644944;0.456424;5.258019;0.231412;16.773474;0.310183;0.576930;MATURE
2026.07.21 23:00:00;EURUSDm;1.13990;0.577868;0.666667;25.115706;0.194010;1.000000;0.954628;0.483529;3.728154;0.475646;5.154380;0.226979;17.022685;0.306467;0.576023;MATURE
2026.07.21 23:01:00;EURUSDm;1.13990;0.534386;0.001000;25.516496;0.164359;1.000000;0.938175;0.479392;3.809792;0.495387;6.084233;0.224540;17.278383;0.333846;0.582695;MATURE
2026.07.21 23:02:00;EURUSDm;1.13984;0.417379;3.896104;23.475176;0.330946;1.000000;1.000000;0.557488;3.865329;0.517350;3.021636;0.210360;14.781247;0.240820;0.559916;MATURE
2026.07.21 23:03:00;EURUSDm;1.13985;0.464365;0.666667;21.597162;0.327733;1.000000;1.000000;0.623514;3.896332;0.539590;3.051269;0.206289;12.690147;0.241061;0.559975;MATURE
2026.07.21 23:04:00;EURUSDm;1.13985;0.470648;0.001000;19.869389;0.291396;1.000000;0.986858;0.678727;3.904455;0.561549;3.431758;0.205146;10.850080;0.251979;0.562664;MATURE
2026.07.21 23:05:00;EURUSDm;1.13985;0.633232;0.001000;20.344313;0.256876;1.000000;0.976108;0.668537;3.911780;0.583235;3.892928;0.206731;11.343567;0.265460;0.565978;MATURE
2026.07.21 23:06:00;EURUSDm;1.13984;0.622515;0.684932;20.811199;0.258279;1.000000;0.989316;0.658455;3.918532;0.605004;3.871784;0.206814;11.793944;0.264394;0.565716;MATURE
2026.07.21 23:07:00;EURUSDm;1.13988;0.657897;2.666667;21.304622;0.358698;1.000000;1.000000;0.650203;3.925103;0.627842;2.787859;0.202675;12.167471;0.231213;0.557547;MATURE
2026.07.21 23:08:00;EURUSDm;1.13990;0.662146;1.315789;21.801231;0.386553;1.000000;1.000000;0.642523;3.931406;0.651021;2.586969;0.201593;12.615800;0.224668;0.555932;MATURE
2026.07.21 23:09:00;EURUSDm;1.13989;0.628073;0.649351;22.272286;0.379693;1.000000;1.000000;0.633950;3.937069;0.674189;2.633709;0.201991;13.076366;0.225627;0.556169;MATURE
2026.07.21 23:10:00;EURUSDm;1.13989;0.608926;0.001000;22.728981;0.340758;1.000000;0.987223;0.625087;3.941933;0.697016;2.934633;0.203758;13.557166;0.234287;0.558305;MATURE
2026.07.21 23:11:00;EURUSDm;1.13990;0.572986;0.666667;23.158721;0.337053;1.000000;0.997882;0.615320;3.945806;0.719844;2.966888;0.204157;13.979571;0.234818;0.558436;MATURE
2026.07.21 23:12:00;EURUSDm;1.13989;0.586796;0.657895;23.598817;0.333096;1.000000;1.000000;0.606559;3.948922;0.742665;3.002142;0.204559;14.412096;0.235439;0.558589;MATURE
2026.07.21 23:13:00;EURUSDm;1.13990;0.616777;0.649351;24.061400;0.328908;1.000000;1.000000;0.599360;3.951486;0.765468;3.040361;0.204928;14.865332;0.236148;0.558764;MATURE
2026.07.21 23:14:00;EURUSDm;1.13989;0.571616;0.666667;24.490112;0.325796;1.000000;1.000000;0.590827;3.953239;0.788259;3.069403;0.205345;15.287924;0.236584;0.558872;MATURE
2026.07.21 23:15:00;EURUSDm;1.13990;0.650944;0.666667;24.978320;0.322840;1.000000;1.000000;0.585696;3.954966;0.811037;3.097512;0.205613;15.763119;0.236985;0.558971;MATURE
2026.07.21 23:16:00;EURUSDm;1.13990;0.663395;0.001000;25.475866;0.286748;1.000000;0.985534;0.581289;3.956953;0.833474;3.487386;0.207254;16.279161;0.248315;0.561762;MATURE
2026.07.21 23:17:00;EURUSDm;1.13991;0.675690;0.781250;25.982633;0.291473;1.000000;0.998730;0.577563;3.959203;0.855981;3.430851;0.207115;16.761648;0.246162;0.561232;MATURE
2026.07.21 23:18:00;EURUSDm;1.13993;0.687642;1.538462;26.498365;0.333822;1.000000;1.000000;0.574471;3.961928;0.878938;2.995606;0.205329;17.212805;0.232556;0.557878;MATURE
2026.07.21 23:19:00;EURUSDm;1.13994;0.684605;0.769231;27.011818;0.335593;1.000000;1.000000;0.571420;3.965414;0.901948;2.979802;0.205237;17.700610;0.231617;0.557647;MATURE
2026.07.21 23:20:00;EURUSDm;1.13994;0.627976;0.001000;27.482800;0.298863;1.000000;0.985035;0.566398;3.969257;0.924629;3.346014;0.206846;18.187996;0.242230;0.560263;MATURE
2026.07.21 23:21:00;EURUSDm;1.13990;0.648594;3.125000;27.969245;0.420170;1.000000;1.000000;0.562401;3.973939;0.948570;2.379989;0.201755;18.527826;0.212516;0.552930;MATURE
2026.07.21 23:22:00;EURUSDm;1.13985;0.623042;3.676471;28.436527;0.562985;1.000000;1.000000;0.557645;4.003683;0.974237;1.776246;0.195148;18.776650;0.193560;0.548239;MATURE
2026.07.21 23:23:00;EURUSDm;1.13989;0.638835;2.941176;28.915653;0.661895;1.000000;1.000000;0.553719;4.056849;1.001425;1.510815;0.189665;19.031198;0.184779;0.546064;MATURE
2026.07.21 23:24:00;EURUSDm;1.13988;0.638418;0.735294;29.394467;0.645565;1.000000;1.000000;0.549974;4.131816;1.029198;1.549032;0.187710;19.356126;0.185273;0.546186;MATURE
2026.07.21 23:25:00;EURUSDm;1.13987;0.509050;0.735294;29.776254;0.630051;1.000000;1.000000;0.541564;4.205476;1.057554;1.587173;0.185974;19.594569;0.185763;0.546308;MATURE
2026.07.21 23:26:00;EURUSDm;1.13987;0.524326;0.001000;30.169499;0.578598;1.000000;0.983990;0.534148;4.278031;1.086120;1.728314;0.185502;19.880421;0.189402;0.547209;MATURE
2026.07.21 23:27:00;EURUSDm;1.13989;0.471907;1.470588;27.755939;0.603198;1.000000;1.000000;0.628119;4.321154;1.115363;1.657831;0.180100;17.138831;0.186433;0.546474;MATURE
2026.07.21 23:28:00;EURUSDm;1.13993;0.452599;2.777778;25.535464;0.691927;1.000000;1.000000;0.707737;4.336891;1.145652;1.445239;0.174321;14.608630;0.179160;0.544671;MATURE
2026.07.21 23:29:00;EURUSDm;1.13989;0.480887;2.777778;23.492627;0.776219;1.000000;1.000000;0.774492;4.327410;1.176688;1.288295;0.170122;12.335916;0.173621;0.543297;MATURE
2026.07.21 23:30:00;EURUSDm;1.13991;0.500072;1.388889;23.867681;0.786853;1.000000;1.000000;0.754520;4.317160;1.207728;1.270885;0.170691;12.729740;0.172507;0.543020;MATURE
2026.07.21 23:31:00;EURUSDm;1.13993;0.492586;1.388889;21.958266;0.796955;1.000000;1.000000;0.812265;4.307579;1.238773;1.254776;0.169010;10.682852;0.171318;0.542725;MATURE
2026.07.21 23:32:00;EURUSDm;1.13996;0.467206;2.027027;20.201605;0.838458;1.000000;1.000000;0.859484;4.320013;1.270358;1.192665;0.166169;8.733794;0.168681;0.542071;MATURE
2026.07.21 23:33:00;EURUSDm;1.13996;0.441127;0.001000;18.585477;0.776585;1.000000;0.995117;0.897317;4.353172;1.301656;1.287688;0.165918;7.006258;0.170893;0.542620;MATURE
2026.07.21 23:34:00;EURUSDm;1.13995;0.445995;0.666667;17.098638;0.751090;1.000000;1.000000;0.926793;4.405321;1.333220;1.331399;0.164387;5.350102;0.171497;0.542769;MATURE
2026.07.21 23:35:00;EURUSDm;1.13994;0.359842;0.675676;15.730747;0.727319;1.000000;1.000000;0.948848;4.475770;1.365251;1.374913;0.162550;3.788942;0.172070;0.542912;MATURE
2026.07.21 23:36:00;EURUSDm;1.13994;0.322836;0.001000;14.472288;0.671003;1.000000;0.998245;0.964328;4.563427;1.397595;1.490307;0.161323;2.348179;0.174823;0.543595;MATURE
2026.07.21 23:37:00;EURUSDm;1.13994;0.282466;0.001000;13.314505;0.617503;1.000000;0.997093;0.974001;4.667291;1.430443;1.619426;0.159775;0.983975;0.050960;0.512737;MATURE
2026.07.21 23:38:00;EURUSDm;1.13999;0.314856;3.333333;12.249344;0.733294;1.000000;1.000000;0.978559;4.786445;1.465640;1.363709;0.153886;-0.479598;-0.140657;0.464894;ORGANIZING
2026.07.21 23:39:00;EURUSDm;1.13999;0.364856;0.001000;11.269397;0.676680;1.000000;0.999285;0.978628;4.919937;1.501607;1.477804;0.152086;-1.706020;-0.291346;0.427674;ORGANIZING
2026.07.21 23:40:00;EURUSDm;1.13993;0.459780;3.846154;10.367845;0.815153;1.000000;1.000000;0.974775;5.066487;1.540423;1.226763;0.145849;-3.070254;-0.336713;0.416608;ORGANIZING
2026.07.21 23:41:00;EURUSDm;1.13999;0.465588;3.703704;9.538417;0.939581;1.000000;1.000000;0.967507;5.225463;1.582073;1.064304;0.140202;-4.369176;-0.342702;0.415153;ORGANIZING
2026.07.21 23:42:00;EURUSDm;1.13999;0.198450;0.001000;8.775344;0.872652;1.000000;0.998898;0.957285;5.395947;1.624759;1.145933;0.138391;-5.428532;-0.341198;0.415519;ORGANIZING
2026.07.21 23:43:00;EURUSDm;1.14001;0.289423;1.250000;8.073316;0.871519;1.000000;1.000000;0.944523;5.577391;1.669248;1.147422;0.135255;-6.511278;-0.342200;0.415275;ORGANIZING
2026.07.21 23:44:00;EURUSDm;1.14004;0.166618;1.807229;7.427451;0.898305;1.000000;1.000000;0.929590;5.769174;1.715923;1.113208;0.131630;-7.584304;-0.344341;0.414755;ORGANIZING
2026.07.21 23:45:00;EURUSDm;1.14005;0.158017;0.595238;6.833255;0.863151;1.000000;1.000000;0.912820;5.969758;1.764252;1.158545;0.129103;-8.559305;-0.344074;0.414820;ORGANIZING
2026.07.21 23:46:00;EURUSDm;1.14001;0.344917;2.272727;6.286595;0.913630;1.000000;1.000000;0.894512;6.178738;1.815176;1.094535;0.125205;-9.588712;-0.347207;0.414060;ORGANIZING
2026.07.21 23:47:00;EURUSDm;1.14004;0.284824;1.666667;5.783667;0.931282;1.000000;1.000000;0.874933;6.367567;1.868164;1.073789;0.122342;-10.500780;-0.349033;0.413617;ORGANIZING
2026.07.21 23:48:00;EURUSDm;1.14001;0.757528;1.612903;6.351813;0.945363;1.000000;1.000000;0.859594;6.527566;1.922894;1.057795;0.120012;-10.290763;-0.350723;0.413207;ORGANIZING
2026.07.21 23:49:00;EURUSDm;1.14001;0.463813;0.001000;5.843668;0.878145;1.000000;0.995121;0.842021;6.671418;1.978389;1.138764;0.119167;-11.039744;-0.349447;0.413517;ORGANIZING
2026.07.21 23:50:00;EURUSDm;1.14001;0.743084;0.001000;6.400981;0.814288;1.000000;0.989797;0.827786;6.812728;2.034660;1.228067;0.118276;-10.728993;-0.347937;0.413883;ORGANIZING
2026.07.21 23:51:00;EURUSDm;1.14002;0.759780;0.543478;6.970816;0.780747;1.000000;1.000000;0.814888;6.928539;2.091752;1.280824;0.117313;-10.388537;-0.347545;0.413978;ORGANIZING
2026.07.21 23:52:00;EURUSDm;1.14010;0.488647;4.255319;6.413151;0.934476;1.000000;1.000000;0.802027;7.031780;2.151415;1.070119;0.114047;-11.340355;-0.355222;0.412117;ORGANIZING
2026.07.21 23:53:00;EURUSDm;1.14013;0.270203;1.562500;5.900099;0.945877;1.000000;1.000000;0.787578;7.123475;2.212108;1.057220;0.112906;-12.079994;-0.356880;0.411715;ORGANIZING
2026.07.21 23:54:00;EURUSDm;1.14015;0.187644;1.020408;5.428091;0.929604;1.000000;1.000000;0.771800;7.204563;2.273450;1.075727;0.112284;-12.727689;-0.357583;0.411545;ORGANIZING
2026.07.21 23:55:00;EURUSDm;1.14019;0.114664;1.960784;4.993844;0.961163;1.000000;1.000000;0.754922;7.275910;2.335821;1.040407;0.111210;-13.364803;-0.359944;0.410973;ORGANIZING
2026.07.21 23:56:00;EURUSDm;1.14021;0.103212;0.970874;4.594336;0.941648;1.000000;1.000000;0.737151;7.338310;2.398620;1.061968;0.110900;-13.896854;-0.360568;0.410822;ORGANIZING
2026.07.21 23:57:00;EURUSDm;1.14016;0.274196;2.403846;4.226789;0.994758;1.000000;1.000000;0.718671;7.392495;2.462493;1.005270;0.109819;-14.452794;-0.363601;0.410088;ORGANIZING
2026.07.21 23:58:00;EURUSDm;1.14017;0.611955;0.485437;4.685755;0.949292;1.000000;1.000000;0.705686;7.431169;2.526298;1.053417;0.110058;-14.063543;-0.363421;0.410132;ORGANIZING
2026.07.21 23:59:00;EURUSDm;1.14019;0.400310;0.961538;4.310895;0.929904;1.000000;1.000000;0.689145;7.463598;2.590233;1.075379;0.110100;-14.514727;-0.364038;0.409982;ORGANIZING
2026.07.22 00:00:00;EURUSDm;1.14010;0.822410;3.982301;4.927703;1.000000;1.000000;1.000000;0.685528;7.480681;2.655039;1.000000;0.109096;-14.059755;-0.367646;0.409110;ORGANIZING
2026.07.22 00:01:00;EURUSDm;1.14020;0.562316;4.098361;5.349440;1.000000;1.000000;1.000000;0.672338;7.485168;2.719891;1.000000;0.109200;-13.685463;-0.368938;0.408798;ORGANIZING
2026.07.22 00:02:00;EURUSDm;1.14028;0.209057;3.100775;4.921484;1.000000;1.000000;1.000000;0.660119;7.486280;2.784754;1.000000;0.109333;-14.156068;-0.370228;0.408486;ORGANIZING
2026.07.22 00:03:00;EURUSDm;1.14029;0.295742;0.387597;4.527766;0.949380;1.000000;1.000000;0.646799;7.484304;2.849091;1.053319;0.110126;-14.532912;-0.369876;0.408571;ORGANIZING
2026.07.22 00:04:00;EURUSDm;1.14034;0.249484;1.879699;4.165544;0.975896;1.000000;1.000000;0.632570;7.479502;2.913645;1.024700;0.110036;-14.948141;-0.372030;0.408051;ORGANIZING
2026.07.22 00:05:00;EURUSDm;1.14020;0.989500;4.794521;4.907669;1.000000;1.000000;1.000000;0.638048;7.461360;2.978258;1.000000;0.109897;-14.269406;-0.374070;0.407558;ORGANIZING
2026.07.22 00:06:00;EURUSDm;1.14026;0.672656;1.973684;5.412161;1.000000;1.000000;1.000000;0.631370;7.432798;3.042586;1.000000;0.110325;-13.758761;-0.375336;0.407252;ORGANIZING
2026.07.22 00:07:00;EURUSDm;1.14020;0.989360;1.910828;6.154181;1.000000;1.000000;1.000000;0.636903;7.399339;3.106580;1.000000;0.110665;-13.024882;-0.376598;0.406948;ORGANIZING
2026.07.22 00:08:00;EURUSDm;1.14018;0.987698;0.636943;6.894955;0.961847;1.000000;1.000000;0.642096;7.367774;3.169876;1.039666;0.111461;-12.256508;-0.376634;0.406939;ORGANIZING
2026.07.22 00:09:00;EURUSDm;1.14024;0.908207;1.851852;7.576110;0.986347;1.000000;1.000000;0.644049;7.348259;3.233222;1.013842;0.111375;-11.628076;-0.378680;0.406445;ORGANIZING
2026.07.22 00:10:00;EURUSDm;1.14029;0.767304;1.497006;8.151588;0.991880;1.000000;1.000000;0.640621;7.329024;3.296431;1.008186;0.111588;-11.076013;-0.380104;0.406102;ORGANIZING
2026.07.22 00:11:00;EURUSDm;1.14034;0.629507;1.488095;8.623718;0.996691;1.000000;1.000000;0.632196;7.308908;3.359487;1.003320;0.111884;-10.614668;-0.381496;0.405766;ORGANIZING
2026.07.22 00:12:00;EURUSDm;1.14034;0.891671;0.001000;9.292471;0.926906;1.000000;0.987162;0.634024;7.301157;3.421768;1.078857;0.112840;-9.926564;-0.380428;0.406024;ORGANIZING
2026.07.22 00:13:00;EURUSDm;1.14030;0.991049;1.226994;10.035758;0.921911;1.000000;1.000000;0.639487;7.306007;3.484047;1.084704;0.112773;-9.261189;-0.381501;0.405765;ORGANIZING
2026.07.22 00:14:00;EURUSDm;1.14033;0.981899;0.909091;10.772182;0.901270;1.000000;1.000000;0.644334;7.322918;3.546289;1.109546;0.112758;-8.609881;-0.382001;0.405644;ORGANIZING
2026.07.22 00:15:00;EURUSDm;1.14035;0.989901;0.602410;11.514608;0.866327;1.000000;1.000000;0.649238;7.351511;3.608467;1.154299;0.112777;-7.961686;-0.381902;0.405668;ORGANIZING
2026.07.22 00:16:00;EURUSDm;1.14044;0.909148;2.571429;12.196468;0.931582;1.000000;1.000000;0.650870;7.390775;3.671691;1.073443;0.111443;-7.490094;-0.385658;0.404763;ORGANIZING
2026.07.22 00:17:00;EURUSDm;1.14040;0.891345;1.129944;12.864977;0.921500;1.000000;1.000000;0.651752;7.440203;3.735308;1.085187;0.110945;-6.975740;-0.386603;0.404535;ORGANIZING
2026.07.22 00:18:00;EURUSDm;1.14044;0.831005;1.129944;13.488231;0.911922;1.000000;1.000000;0.650327;7.491027;3.799337;1.096585;0.110457;-6.505736;-0.387566;0.404303;ORGANIZING
2026.07.22 00:19:00;EURUSDm;1.14052;0.680719;2.209945;13.998770;0.956823;1.000000;1.000000;0.643337;7.550450;3.864410;1.045125;0.109282;-6.210038;-0.390470;0.403604;ORGANIZING
2026.07.22 00:20:00;EURUSDm;1.14057;0.349460;1.358696;12.878869;0.956917;1.000000;1.000000;0.667166;7.592210;3.929901;1.045023;0.108504;-7.526700;-0.391822;0.403279;ORGANIZING
2026.07.22 00:21:00;EURUSDm;1.14057;0.584488;0.001000;13.317235;0.889121;1.000000;0.988386;0.655726;7.633927;3.995132;1.124706;0.108947;-7.146322;-0.390714;0.403545;ORGANIZING
2026.07.22 00:22:00;EURUSDm;1.14061;0.695738;1.092896;13.839039;0.879310;1.000000;1.000000;0.649029;7.684933;4.060774;1.137256;0.108539;-6.768970;-0.391671;0.403315;ORGANIZING
2026.07.22 00:23:00;EURUSDm;1.14057;0.835546;1.069519;14.465698;0.868820;1.000000;1.000000;0.647911;7.745887;4.126921;1.150986;0.107961;-6.317640;-0.392611;0.403089;ORGANIZING
2026.07.22 00:24:00;EURUSDm;1.14058;0.916454;0.267380;15.153039;0.818748;1.000000;0.997035;0.649882;7.817033;4.193279;1.221377;0.107693;-5.792819;-0.391840;0.403275;ORGANIZING
2026.07.22 00:25:00;EURUSDm;1.14061;0.466970;0.793651;13.940795;0.797493;1.000000;1.000000;0.678000;7.868279;4.259937;1.253929;0.107023;-7.209193;-0.392230;0.403181;ORGANIZING
2026.07.22 00:26:00;EURUSDm;1.14062;0.553429;0.263158;14.355867;0.750777;1.000000;0.997941;0.664854;7.918375;4.326628;1.331954;0.107135;-6.887995;-0.391217;0.403424;ORGANIZING
2026.07.22 00:27:00;EURUSDm;1.14057;0.531824;1.282051;14.754735;0.757340;1.000000;1.000000;0.651555;7.964788;4.393850;1.320410;0.106682;-6.629141;-0.392931;0.403012;ORGANIZING
2026.07.22 00:28:00;EURUSDm;1.14063;0.343073;1.530612;13.574356;0.776004;1.000000;1.000000;0.677996;7.991758;4.461527;1.288653;0.105868;-8.002684;-0.395278;0.402447;ORGANIZING
2026.07.22 00:29:00;EURUSDm;1.14062;0.447300;0.253807;12.488408;0.729894;1.000000;0.997613;0.698394;8.000923;4.528835;1.370062;0.106053;-9.168954;-0.394172;0.402713;ORGANIZING
2026.07.22 00:30:00;EURUSDm;1.14058;0.699218;1.025641;13.012821;0.724681;1.000000;1.000000;0.689695;8.009530;4.596177;1.379917;0.106113;-8.706487;-0.395220;0.402461;ORGANIZING
2026.07.22 00:31:00;EURUSDm;1.14058;0.853154;0.001000;13.652686;0.668497;1.000000;0.989174;0.687203;8.019772;4.663060;1.495892;0.106661;-8.092822;-0.393051;0.402983;ORGANIZING
2026.07.22 00:32:00;EURUSDm;1.14053;0.958532;1.288660;14.371585;0.679505;1.000000;1.000000;0.688788;8.030465;4.730160;1.471658;0.106397;-7.476585;-0.395134;0.402482;ORGANIZING
2026.07.22 00:33:00;EURUSDm;1.14059;0.704652;1.515152;14.900075;0.701288;1.000000;1.000000;0.680773;8.038955;4.797562;1.425948;0.106146;-7.038232;-0.397866;0.401825;ORGANIZING
2026.07.22 00:34:00;EURUSDm;1.14054;0.905900;1.250000;15.579500;0.708723;1.000000;1.000000;0.680706;8.046834;4.865118;1.410988;0.105974;-6.449420;-0.399674;0.401391;ORGANIZING
2026.07.22 00:35:00;EURUSDm;1.14048;0.991649;1.463415;16.323236;0.726458;1.000000;1.000000;0.683857;8.054686;4.932929;1.376542;0.105652;-5.813237;-0.402080;0.400813;ORGANIZING
2026.07.22 00:36:00;EURUSDm;1.14049;0.996000;0.247525;17.070236;0.682511;1.000000;0.997598;0.687014;8.063150;5.000386;1.465177;0.106014;-5.112990;-0.400744;0.401134;ORGANIZING
2026.07.22 00:37:00;EURUSDm;1.14048;0.993673;0.250000;17.815491;0.640886;1.000000;0.995478;0.689926;8.072340;5.067518;1.560341;0.106347;-4.417445;-0.397872;0.401824;ORGANIZING
2026.07.22 00:38:00;EURUSDm;1.14045;0.987263;0.750000;18.555938;0.626341;1.000000;1.000000;0.692452;8.082655;5.134608;1.596573;0.106367;-3.755226;-0.396784;0.402085;ORGANIZING
2026.07.22 00:39:00;EURUSDm;1.14029;0.697968;3.703704;19.079414;0.760210;1.000000;1.000000;0.684003;8.093048;5.203141;1.315427;0.104852;-3.438040;-0.405295;0.400041;ORGANIZING
2026.07.22 00:40:00;EURUSDm;1.14031;0.620997;0.458716;19.545162;0.725135;1.000000;1.000000;0.673091;8.119246;5.271584;1.379054;0.105070;-3.036231;-0.403375;0.400502;ORGANIZING
2026.07.22 00:41:00;EURUSDm;1.14028;0.529326;0.681818;19.942156;0.702969;1.000000;1.000000;0.659286;8.144899;5.340063;1.422538;0.105184;-2.709246;-0.402065;0.400816;ORGANIZING
2026.07.22 00:42:00;EURUSDm;1.14031;0.496957;0.697674;18.346783;0.682704;1.000000;1.000000;0.706090;8.149252;5.408383;1.464763;0.104843;-4.454988;-0.400815;0.401117;ORGANIZING
2026.07.22 00:43:00;EURUSDm;1.14027;0.494088;0.925926;16.879041;0.674865;1.000000;1.000000;0.744173;8.132639;5.476458;1.481777;0.104694;-6.025906;-0.400312;0.401237;ORGANIZING
2026.07.22 00:44:00;EURUSDm;1.14031;0.538455;0.917431;17.282882;0.666994;1.000000;1.000000;0.727156;8.113274;5.544260;1.499265;0.105181;-5.609233;-0.399763;0.401369;ORGANIZING
2026.07.22 00:45:00;EURUSDm;1.14022;0.387963;2.017937;15.900251;0.714541;1.000000;1.000000;0.759930;8.092302;5.612329;1.399500;0.104528;-7.131083;-0.402789;0.400643;ORGANIZING
2026.07.22 00:46:00;EURUSDm;1.14031;0.490009;1.956522;14.628231;0.756640;1.000000;1.000000;0.785534;8.054564;5.680441;1.321633;0.104202;-8.489048;-0.405141;0.400078;ORGANIZING
2026.07.22 00:47:00;EURUSDm;1.14028;0.513490;0.657895;15.013348;0.731703;1.000000;1.000000;0.765514;8.016878;5.747927;1.366675;0.105107;-8.031064;-0.403744;0.400413;ORGANIZING
2026.07.22 00:48:00;EURUSDm;1.14030;0.458268;0.436681;13.812280;0.696952;1.000000;1.000000;0.787291;7.979173;5.814688;1.434820;0.105670;-9.232287;-0.401672;0.400911;ORGANIZING
2026.07.22 00:49:00;EURUSDm;1.14029;0.454403;0.219298;12.707298;0.653069;1.000000;1.000000;0.803176;7.941466;5.880633;1.531232;0.106409;-10.315687;-0.398743;0.401614;ORGANIZING
2026.07.22 00:50:00;EURUSDm;1.14023;0.424382;1.333333;11.690714;0.667082;1.000000;1.000000;0.813846;7.914979;5.946454;1.499066;0.106429;-11.380473;-0.399707;0.401383;ORGANIZING
2026.07.22 00:51:00;EURUSDm;1.14034;0.624692;2.433628;12.159233;0.735409;1.000000;1.000000;0.796580;7.890339;6.012711;1.359787;0.106131;-10.962725;-0.403900;0.400376;ORGANIZING
2026.07.22 00:52:00;EURUSDm;1.14026;0.545234;1.769912;12.568159;0.767135;1.000000;1.000000;0.777197;7.868922;6.079072;1.303552;0.106233;-10.570285;-0.405582;0.399972;ORGANIZING
2026.07.22 00:53:00;EURUSDm;1.14033;0.586721;1.508621;13.008199;0.784209;1.000000;1.000000;0.760339;7.848496;6.145399;1.275171;0.106462;-10.139079;-0.406422;0.399770;ORGANIZING
2026.07.22 00:54:00;EURUSDm;1.14023;0.518600;2.109705;13.397149;0.830484;1.000000;1.000000;0.741770;7.831077;6.212015;1.204118;0.106345;-9.791042;-0.408559;0.399258;ORGANIZING
2026.07.22 00:55:00;EURUSDm;1.14023;0.656669;0.001000;13.889651;0.769009;1.000000;0.990997;0.729306;7.816257;6.277867;1.300374;0.107359;-9.248353;-0.405621;0.399963;ORGANIZING
2026.07.22 00:56:00;EURUSDm;1.14018;0.523956;1.126126;14.282618;0.766865;1.000000;1.000000;0.712490;7.805052;6.343586;1.304010;0.107707;-8.862917;-0.405494;0.399993;ORGANIZING
2026.07.22 00:57:00;EURUSDm;1.14023;0.627141;1.131222;14.752974;0.765083;1.000000;1.000000;0.700383;7.796652;6.409204;1.307048;0.107967;-8.415383;-0.405390;0.400018;ORGANIZING
2026.07.22 00:58:00;EURUSDm;1.14039;0.983649;3.404255;15.490711;0.877042;1.000000;1.000000;0.702251;7.788321;6.475857;1.140197;0.106751;-7.843332;-0.410457;0.398803;ORGANIZING
2026.07.22 00:59:00;EURUSDm;1.14037;0.976383;0.432900;16.222998;0.834835;1.000000;1.000000;0.703752;7.777944;6.541985;1.197842;0.107336;-7.117214;-0.408698;0.399224;ORGANIZING
2026.07.22 01:00:00;EURUSDm;1.14049;0.789595;2.521008;16.815194;0.899143;1.000000;1.000000;0.698175;7.766354;6.608640;1.112170;0.106796;-6.621646;-0.411295;0.398602;ORGANIZING
2026.07.22 01:01:00;EURUSDm;1.14051;0.677792;0.425532;17.323538;0.855463;1.000000;1.000000;0.688683;7.753708;6.674732;1.168958;0.107552;-6.091438;-0.409554;0.399019;ORGANIZING
2026.07.22 01:02:00;EURUSDm;1.14042;0.968555;1.844262;18.049954;0.884903;1.000000;1.000000;0.690570;7.717908;6.740760;1.130068;0.107603;-5.392663;-0.410718;0.398740;ORGANIZING
2026.07.22 01:03:00;EURUSDm;1.14044;0.827826;0.413223;18.670824;0.841319;1.000000;1.000000;0.687085;7.697236;6.806146;1.188610;0.108394;-4.745282;-0.408922;0.399171;ORGANIZING
2026.07.22 01:04:00;EURUSDm;1.14048;0.831124;0.823045;19.294166;0.820405;1.000000;1.000000;0.683898;7.678863;6.871138;1.218910;0.108895;-4.122897;-0.407988;0.399395;ORGANIZING
2026.07.22 01:05:00;EURUSDm;1.14058;0.445534;1.992032;17.750633;0.858986;1.000000;1.000000;0.726879;7.658972;6.936318;1.164163;0.108168;-5.816374;-0.409667;0.398992;ORGANIZING
2026.07.22 01:06:00;EURUSDm;1.14053;0.688647;1.012146;18.267119;0.846644;1.000000;1.000000;0.716360;7.657066;7.001355;1.181133;0.108459;-5.327732;-0.409143;0.399118;ORGANIZING
2026.07.22 01:07:00;EURUSDm;1.14052;0.637419;0.204918;18.745183;0.794558;1.000000;0.997245;0.704445;7.656099;7.065861;1.258561;0.109229;-4.836325;-0.406782;0.399684;ORGANIZING
2026.07.22 01:08:00;EURUSDm;1.14058;0.553136;1.219512;19.160035;0.795806;1.000000;1.000000;0.689965;7.671296;7.130533;1.256588;0.109205;-4.488826;-0.406842;0.399670;ORGANIZING
2026.07.22 01:09:00;EURUSDm;1.14061;0.490225;0.622407;17.627233;0.767136;1.000000;1.000000;0.732107;7.682139;7.195025;1.303550;0.108916;-6.163421;-0.405448;0.400004;ORGANIZING
2026.07.22 01:10:00;EURUSDm;1.14058;0.443657;0.627615;16.217054;0.740160;1.000000;1.000000;0.766011;7.688992;7.259317;1.351060;0.108753;-7.692428;-0.404031;0.400344;ORGANIZING
2026.07.22 01:11:00;EURUSDm;1.14053;0.749890;1.024590;16.779471;0.734381;1.000000;1.000000;0.755831;7.696749;7.323628;1.361690;0.108850;-7.183699;-0.403707;0.400422;ORGANIZING
2026.07.22 01:12:00;EURUSDm;1.14057;0.475931;0.819672;15.437114;0.718646;1.000000;1.000000;0.785157;7.686955;7.387684;1.391506;0.108805;-8.613441;-0.402815;0.400636;ORGANIZING
2026.07.22 01:13:00;EURUSDm;1.14055;0.624756;0.413223;15.905681;0.683375;1.000000;1.000000;0.769328;7.677495;7.451293;1.463326;0.109527;-8.122633;-0.400624;0.401162;ORGANIZING
2026.07.22 01:14:00;EURUSDm;1.14055;0.413029;0.001000;14.633226;0.629256;1.000000;0.991961;0.794484;7.651468;7.514100;1.589178;0.110190;-9.402035;-0.396815;0.402078;ORGANIZING
2026.07.22 01:15:00;EURUSDm;1.14045;0.587902;2.016129;15.074153;0.678600;1.000000;1.000000;0.776806;7.625056;7.577137;1.473623;0.110127;-8.985308;-0.400285;0.401244;ORGANIZING
2026.07.22 01:16:00;EURUSDm;1.14042;0.539898;0.600000;15.479076;0.654670;1.000000;1.000000;0.758212;7.598895;7.639672;1.527488;0.110966;-8.529481;-0.398627;0.401642;ORGANIZING
2026.07.22 01:17:00;EURUSDm;1.14038;0.779077;0.803213;16.063384;0.642097;1.000000;1.000000;0.749517;7.574005;7.701833;1.557398;0.111537;-7.927590;-0.397701;0.401865;ORGANIZING
2026.07.22 01:18:00;EURUSDm;1.14038;0.932134;0.001000;16.762485;0.590042;1.000000;0.991268;0.746996;7.548853;7.763222;1.694795;0.112538;-7.182477;-0.393529;0.402868;ORGANIZING
2026.07.22 01:19:00;EURUSDm;1.14033;0.912418;1.012146;17.446798;0.591147;1.000000;1.000000;0.743862;7.523346;7.824367;1.691626;0.112888;-6.503133;-0.393607;0.402849;ORGANIZING
2026.07.22 01:20:00;EURUSDm;1.14038;0.854826;1.008065;18.087918;0.591993;1.000000;1.000000;0.738725;7.498457;7.885272;1.689209;0.113261;-5.863711;-0.393661;0.402836;ORGANIZING
2026.07.22 01:21:00;EURUSDm;1.14035;0.617875;0.597610;18.551324;0.572274;1.000000;1.000000;0.724959;7.473243;7.945727;1.747415;0.114019;-5.363080;-0.391877;0.403266;ORGANIZING
2026.07.22 01:22:00;EURUSDm;1.14036;0.856348;0.202429;19.193585;0.533782;1.000000;0.997459;0.720824;7.447313;8.005538;1.873425;0.114917;-4.682008;-0.388051;0.404186;ORGANIZING
2026.07.22 01:23:00;EURUSDm;1.14031;0.690906;1.016260;19.711764;0.537906;1.000000;1.000000;0.710692;7.420485;8.065122;1.859062;0.115352;-4.153618;-0.388461;0.404088;ORGANIZING
2026.07.22 01:24:00;EURUSDm;1.14023;0.362488;1.606426;18.134823;0.571332;1.000000;1.000000;0.754004;7.394976;8.124785;1.750297;0.114675;-5.859255;-0.391757;0.403294;ORGANIZING
2026.07.22 01:25:00;EURUSDm;1.14029;0.310145;1.204819;16.684037;0.583006;1.000000;1.000000;0.788843;7.368668;8.184301;1.715248;0.114410;-7.398292;-0.392822;0.403038;ORGANIZING
2026.07.22 01:26:00;EURUSDm;1.14028;0.355621;0.200803;15.349314;0.543896;1.000000;0.999638;0.816137;7.361002;8.243350;1.838587;0.114665;-8.792211;-0.389109;0.403932;ORGANIZING
2026.07.22 01:27:00;EURUSDm;1.14029;0.384873;0.200803;14.121369;0.506741;1.000000;1.000000;0.836728;7.370435;8.302122;1.973394;0.114759;-10.101821;-0.385060;0.404907;ORGANIZING
2026.07.22 01:28:00;EURUSDm;1.14025;0.279397;0.800000;12.991659;0.501404;1.000000;1.000000;0.851377;7.395267;8.361089;1.994399;0.114311;-11.364121;-0.384452;0.405053;ORGANIZING
2026.07.22 01:29:00;EURUSDm;1.14034;0.330995;1.851852;11.952327;0.548927;1.000000;1.000000;0.860775;7.415040;8.420729;1.821738;0.113318;-12.568957;-0.389682;0.403794;ORGANIZING
2026.07.22 01:30:00;EURUSDm;1.14014;0.238411;3.831418;10.996140;0.693051;1.000000;1.000000;0.865545;7.430174;8.481961;1.442895;0.111250;-13.770309;-0.401151;0.401036;ORGANIZING
2026.07.22 01:31:00;EURUSDm;1.14008;0.244856;1.136364;10.116449;0.695217;1.000000;1.000000;0.866252;7.459653;8.543510;1.438400;0.110851;-14.774088;-0.401305;0.400999;ORGANIZING
2026.07.22 01:32:00;EURUSDm;1.13998;0.219323;1.845018;9.307133;0.732707;1.000000;1.000000;0.863406;7.483655;8.605673;1.364802;0.110135;-15.725367;-0.403549;0.400460;ORGANIZING
2026.07.22 01:33:00;EURUSDm;1.13994;0.220108;0.738007;8.562563;0.712972;1.000000;1.000000;0.857464;7.519667;8.668000;1.402580;0.110010;-16.572671;-0.402422;0.400731;ORGANIZING
2026.07.22 01:34:00;EURUSDm;1.13998;0.231658;0.738007;7.877558;0.694224;1.000000;1.000000;0.848841;7.549626;8.730438;1.440458;0.109978;-17.344038;-0.401287;0.401003;ORGANIZING
2026.07.22 01:35:00;EURUSDm;1.13989;0.227382;1.660517;7.247353;0.722538;1.000000;1.000000;0.837909;7.590146;8.793565;1.384010;0.109283;-18.124860;-0.403016;0.400588;ORGANIZING
2026.07.22 01:36:00;EURUSDm;1.13991;0.245499;0.378788;6.667565;0.685351;1.000000;1.000000;0.825003;7.640310;8.856821;1.459107;0.109282;-18.805234;-0.400763;0.401129;ORGANIZING
2026.07.22 01:37:00;EURUSDm;1.13992;0.265671;0.190840;6.134160;0.640625;1.000000;1.000000;0.810423;7.701401;8.920242;1.560975;0.109260;-19.450355;-0.397708;0.401863;ORGANIZING
2026.07.22 01:38:00;EURUSDm;1.14004;0.344909;2.205882;5.643427;0.698888;1.000000;1.000000;0.794439;7.774084;8.984971;1.430844;0.107905;-20.177479;-0.401679;0.400909;ORGANIZING
2026.07.22 01:39:00;EURUSDm;1.14004;0.396381;0.001000;5.191953;0.643994;1.000000;0.992840;0.777290;7.857762;9.049989;1.552810;0.107770;-20.772136;-0.398027;0.401786;ORGANIZING
2026.07.22 01:40:00;EURUSDm;1.14004;0.333784;0.001000;4.776596;0.591844;1.000000;0.985331;0.759194;7.951587;9.115423;1.689635;0.107497;-21.352232;-0.393936;0.402770;ORGANIZING
2026.07.22 01:41:00;EURUSDm;1.14003;0.343491;0.196078;4.394469;0.552056;1.000000;0.984279;0.740340;8.053397;9.181478;1.811412;0.107000;-21.926540;-0.390308;0.403643;ORGANIZING
2026.07.22 01:42:00;EURUSDm;1.14003;0.326774;0.001000;4.042911;0.504503;1.000000;0.975776;0.720901;8.164637;9.248169;1.982149;0.106496;-22.480838;-0.385211;0.404871;ORGANIZING
2026.07.22 01:43:00;EURUSDm;1.14005;0.416200;0.413223;3.719478;0.479939;1.000000;0.981318;0.701028;8.283737;9.315806;2.083599;0.105656;-23.045796;-0.382209;0.405594;ORGANIZING
2026.07.22 01:44:00;EURUSDm;1.14009;0.737079;0.847458;4.272288;0.478315;1.000000;1.000000;0.693617;8.380943;9.384399;2.090673;0.104681;-22.739546;-0.382046;0.405634;ORGANIZING
2026.07.22 01:45:00;EURUSDm;1.14014;0.695193;1.037344;4.793683;0.486266;1.000000;1.000000;0.685006;8.457942;9.453841;2.056486;0.103851;-22.432320;-0.383113;0.405376;ORGANIZING
2026.07.22 01:46:00;EURUSDm;1.14022;0.890206;1.639344;5.461338;0.523920;1.000000;1.000000;0.684138;8.514532;9.524225;1.908688;0.102853;-21.984149;-0.387597;0.404296;ORGANIZING
2026.07.22 01:47:00;EURUSDm;1.14022;0.883821;0.001000;6.124203;0.477774;1.000000;0.988980;0.683075;8.551931;9.594522;2.093039;0.102957;-21.418105;-0.382061;0.405630;ORGANIZING
2026.07.22 01:48:00;EURUSDm;1.14022;0.872229;0.001000;6.778375;0.433935;1.000000;0.978308;0.681630;8.571305;9.664575;2.304490;0.103233;-20.826003;-0.375704;0.407164;ORGANIZING
2026.07.22 01:49:00;EURUSDm;1.14020;0.692945;0.448430;7.298084;0.414660;1.000000;0.983619;0.673533;8.574990;9.734471;2.411613;0.103486;-20.348096;-0.372477;0.407943;ORGANIZING
2026.07.22 01:50:00;EURUSDm;1.14014;0.854586;1.382488;7.939023;0.443052;1.000000;1.000000;0.671904;8.562687;9.804529;2.257073;0.103331;-19.777738;-0.377121;0.406821;ORGANIZING
2026.07.22 01:51:00;EURUSDm;1.14022;0.633370;1.793722;8.414050;0.490585;1.000000;1.000000;0.662060;8.536897;9.874803;2.038382;0.103204;-19.349253;-0.383688;0.405238;ORGANIZING
2026.07.22 01:52:00;EURUSDm;1.14023;0.339498;0.232558;7.740926;0.457684;1.000000;0.996312;0.662613;8.509875;9.944479;2.184914;0.103840;-20.006213;-0.379261;0.406305;ORGANIZING
2026.07.22 01:53:00;EURUSDm;1.14017;0.354371;1.369863;7.121652;0.483293;1.000000;1.000000;0.660446;8.481735;10.014129;2.069139;0.103891;-20.660131;-0.382731;0.405468;ORGANIZING
2026.07.22 01:54:00;EURUSDm;1.14022;0.332625;1.136364;6.551920;0.495946;1.000000;1.000000;0.655910;8.452582;10.083615;2.016347;0.104119;-21.244626;-0.384304;0.405089;ORGANIZING
2026.07.22 01:55:00;EURUSDm;1.14023;0.262943;0.236967;6.027766;0.462997;1.000000;0.996251;0.649323;8.422515;10.152470;2.159840;0.104879;-21.731376;-0.379961;0.406136;ORGANIZING
2026.07.22 01:56:00;EURUSDm;1.14018;0.302673;1.184834;5.545545;0.479089;1.000000;1.000000;0.640968;8.391623;10.221177;2.087294;0.105134;-22.219902;-0.382124;0.405615;ORGANIZING
2026.07.22 01:57:00;EURUSDm;1.14025;0.266701;1.612903;5.101901;0.515780;1.000000;1.000000;0.631101;8.359987;10.289934;1.938812;0.105187;-22.685990;-0.386576;0.404542;ORGANIZING
2026.07.22 01:58:00;EURUSDm;1.14022;0.408330;0.700935;4.693749;0.505038;1.000000;1.000000;0.619954;8.327684;10.358262;1.980051;0.105790;-23.064826;-0.385309;0.404847;ORGANIZING
2026.07.22 01:59:00;EURUSDm;1.14026;0.345452;0.930233;4.318249;0.506297;1.000000;1.000000;0.607731;8.294783;10.426272;1.975124;0.106283;-23.419348;-0.385432;0.404817;ORGANIZING
2026.07.22 02:00:00;EURUSDm;1.14019;0.497791;1.598174;3.972789;0.540891;1.000000;1.000000;0.594618;8.261347;10.494295;1.848801;0.106419;-23.774326;-0.389215;0.403906;ORGANIZING
2026.07.22 02:01:00;EURUSDm;1.14012;0.743837;1.583710;4.530667;0.573032;1.000000;1.000000;0.592781;8.221402;10.562239;1.745103;0.106528;-23.232970;-0.392321;0.403159;ORGANIZING
2026.07.22 02:02:00;EURUSDm;1.14010;0.774173;0.456621;5.111297;0.547212;1.000000;1.000000;0.592173;8.190979;10.629621;1.827447;0.107177;-22.631840;-0.389818;0.403761;ORGANIZING
2026.07.22 02:03:00;EURUSDm;1.14015;0.759605;1.126126;5.681001;0.556157;1.000000;1.000000;0.591050;8.169639;10.696879;1.798052;0.107332;-22.093413;-0.390692;0.403551;ORGANIZING
2026.07.22 02:04:00;EURUSDm;1.14017;0.765002;0.446429;6.254752;0.530671;1.000000;1.000000;0.590185;8.148616;10.763672;1.884407;0.107881;-21.517191;-0.388074;0.404181;ORGANIZING
2026.07.22 02:05:00;EURUSDm;1.14010;0.757155;1.583710;6.822618;0.563323;1.000000;1.000000;0.589069;8.128162;10.830587;1.775181;0.107752;-21.005753;-0.391357;0.403391;ORGANIZING
2026.07.22 02:06:00;EURUSDm;1.14014;0.740254;0.900901;7.377809;0.560202;1.000000;1.000000;0.587375;8.106686;10.897256;1.785071;0.108058;-20.467770;-0.391045;0.403466;ORGANIZING
2026.07.22 02:07:00;EURUSDm;1.14017;0.730659;0.678733;7.925803;0.546128;1.000000;1.000000;0.585406;8.084169;10.963559;1.831072;0.108510;-19.923033;-0.389642;0.403803;ORGANIZING
2026.07.22 02:08:00;EURUSDm;1.14016;0.726752;0.225225;8.470867;0.510083;1.000000;0.993372;0.583389;8.060673;11.029266;1.960465;0.109240;-19.356605;-0.385724;0.404747;ORGANIZING
2026.07.22 02:09:00;EURUSDm;1.14026;0.739855;2.202643;9.025758;0.574711;1.000000;1.000000;0.581964;8.037646;11.095390;1.740004;0.108763;-18.883563;-0.392362;0.403149;ORGANIZING
2026.07.22 02:10:00;EURUSDm;1.14035;0.375913;1.948052;8.303697;0.623378;1.000000;1.000000;0.588969;8.001105;11.161635;1.604163;0.108537;-19.661462;-0.396448;0.402166;ORGANIZING
2026.07.22 02:11:00;EURUSDm;1.14043;0.384212;1.694915;7.639402;0.656955;1.000000;1.000000;0.592735;7.968845;11.227893;1.522174;0.108477;-20.368607;-0.398911;0.401574;ORGANIZING
2026.07.22 02:12:00;EURUSDm;1.14043;0.408587;0.001000;7.028249;0.604157;1.000000;0.985781;0.593656;7.936128;11.293295;1.655198;0.109482;-20.928771;-0.394870;0.402546;ORGANIZING
2026.07.22 02:13:00;EURUSDm;1.14040;0.359248;0.643777;6.465990;0.586138;1.000000;0.994589;0.592086;7.903004;11.358187;1.706082;0.110117;-21.468516;-0.393312;0.402920;ORGANIZING
2026.07.22 02:14:00;EURUSDm;1.14043;0.392726;0.657895;5.948710;0.569726;1.000000;1.000000;0.588346;7.869521;11.422579;1.755229;0.110771;-21.959329;-0.391805;0.403283;ORGANIZING
2026.07.22 02:15:00;EURUSDm;1.14043;0.410836;0.001000;5.472814;0.521290;1.000000;0.985627;0.582723;7.835723;11.486149;1.918319;0.111860;-22.371518;-0.386857;0.404474;ORGANIZING
2026.07.22 02:16:00;EURUSDm;1.14044;0.318144;0.225225;5.034988;0.486487;1.000000;0.979408;0.575478;7.801650;11.549031;2.055555;0.112821;-22.754786;-0.382692;0.405478;ORGANIZING
2026.07.22 02:17:00;EURUSDm;1.14044;0.418329;0.001000;4.632189;0.442212;1.000000;0.965306;0.566844;7.767339;11.611126;2.261358;0.113942;-23.089516;-0.376462;0.406980;ORGANIZING
2026.07.22 02:18:00;EURUSDm;1.14038;0.503321;1.345291;5.009680;0.467366;1.000000;0.998445;0.557377;7.731661;11.673117;2.139650;0.114202;-22.708879;-0.380100;0.406103;ORGANIZING
2026.07.22 02:19:00;EURUSDm;1.14038;0.649429;0.001000;5.496752;0.424048;1.000000;0.983042;0.553862;7.704788;11.734405;2.358224;0.115172;-22.179000;-0.373495;0.407697;ORGANIZING
2026.07.22 02:20:00;EURUSDm;1.14043;0.321578;1.256281;5.057012;0.445660;1.000000;1.000000;0.548155;7.677106;11.795633;2.243865;0.115328;-22.634804;-0.376918;0.406871;ORGANIZING
2026.07.22 02:21:00;EURUSDm;1.14044;0.248888;0.257732;4.652451;0.416263;1.000000;0.993206;0.540976;7.639939;11.856195;2.402326;0.116317;-22.981836;-0.372114;0.408030;ORGANIZING
2026.07.22 02:22:00;EURUSDm;1.14052;0.210616;2.083333;4.280255;0.479617;1.000000;1.000000;0.532537;7.610049;11.917091;2.084998;0.115980;-23.401626;-0.381651;0.405729;ORGANIZING
2026.07.22 02:23:00;EURUSDm;1.14055;0.216180;0.785340;3.937834;0.474903;1.000000;1.000000;0.523031;7.589431;11.977735;2.105694;0.116450;-23.739727;-0.381007;0.405884;ORGANIZING
2026.07.22 02:24:00;EURUSDm;1.14057;0.217816;0.529101;3.622808;0.457613;1.000000;1.000000;0.512631;7.577803;12.038089;2.185254;0.116986;-24.053762;-0.378593;0.406466;ORGANIZING
2026.07.22 02:25:00;EURUSDm;1.14066;0.188662;2.380952;3.332983;0.533780;1.000000;1.000000;0.501490;7.574811;12.099175;1.873432;0.116143;-24.452573;-0.387990;0.404201;ORGANIZING
2026.07.22 02:26:00;EURUSDm;1.14069;0.196311;0.789474;3.066344;0.526564;1.000000;1.000000;0.489748;7.580051;12.160241;1.899103;0.116328;-24.760059;-0.387211;0.404389;ORGANIZING
2026.07.22 02:27:00;EURUSDm;1.14077;0.197712;2.030457;2.821037;0.581759;1.000000;1.000000;0.477526;7.593199;12.221990;1.718925;0.115574;-25.124161;-0.392654;0.403079;ORGANIZING
2026.07.22 02:28:00;EURUSDm;1.14093;0.190019;3.980100;2.595354;0.731676;1.000000;1.000000;0.464934;7.613988;12.285447;1.366725;0.113500;-25.579612;-0.403323;0.400514;ORGANIZING
2026.07.22 02:29:00;EURUSDm;1.14074;0.234632;4.318182;2.387726;0.891001;1.000000;1.000000;0.452068;7.642298;12.350780;1.122333;0.111292;-26.042789;-0.410765;0.398729;ORGANIZING
2026.07.22 02:30:00;EURUSDm;1.14067;0.303478;1.541850;2.196707;0.903544;1.000000;1.000000;0.439016;7.665156;12.416467;1.106753;0.111016;-26.331648;-0.411247;0.398613;ORGANIZING
2026.07.22 02:31:00;EURUSDm;1.14071;0.336104;0.869565;2.020971;0.881845;1.000000;1.000000;0.425852;7.683015;12.482116;1.133986;0.111226;-26.560723;-0.410419;0.398812;ORGANIZING
2026.07.22 02:32:00;EURUSDm;1.14072;0.332844;0.216450;1.859293;0.828575;1.000000;0.987481;0.412643;7.696289;12.547364;1.206891;0.111888;-26.734512;-0.408199;0.399344;ORGANIZING
2026.07.22 02:33:00;EURUSDm;1.14075;0.299784;0.646552;1.710550;0.799474;1.000000;0.989991;0.399448;7.705362;12.612413;1.250822;0.112305;-26.910958;-0.406860;0.399665;ORGANIZING
2026.07.22 02:34:00;EURUSDm;1.14072;0.347452;0.649351;1.573706;0.771968;0.998918;0.992049;0.386318;7.710586;12.677260;1.293989;0.112632;-27.070412;-0.405549;0.399980;ORGANIZING
2026.07.22 02:35:00;EURUSDm;1.14068;0.392161;0.869565;1.447809;0.756869;0.993313;1.000000;0.373297;7.712283;12.742085;1.312397;0.112335;-27.228991;-0.405011;0.400109;ORGANIZING
2026.07.22 02:36:00;EURUSDm;1.14062;0.540108;1.315789;1.852891;0.764949;1.000000;1.000000;0.374886;7.705542;12.806790;1.307277;0.113053;-26.879705;-0.405129;0.400081;ORGANIZING
2026.07.22 02:37:00;EURUSDm;1.14060;0.595979;0.434783;2.299875;0.728441;1.000000;0.993338;0.378491;7.690338;12.870978;1.372795;0.113672;-26.437201;-0.403133;0.400560;ORGANIZING
2026.07.22 02:38:00;EURUSDm;1.14062;0.430486;0.431034;2.115885;0.693570;1.000000;0.986905;0.368766;7.680824;12.934722;1.441815;0.114375;-26.611587;-0.401027;0.401066;ORGANIZING
2026.07.22 02:39:00;EURUSDm;1.14062;0.428974;0.001000;1.946614;0.638942;1.000000;0.965305;0.358791;7.677921;12.997890;1.565087;0.115265;-26.763643;-0.397284;0.401965;ORGANIZING
2026.07.22 02:40:00;EURUSDm;1.14067;0.433385;1.091703;1.790885;0.641580;1.000000;0.982287;0.348638;7.672193;13.061028;1.558652;0.115441;-26.953385;-0.397468;0.401921;ORGANIZING
2026.07.22 02:41:00;EURUSDm;1.14067;0.473904;0.001000;1.647614;0.589551;1.000000;0.960144;0.338370;7.663880;13.123562;1.696206;0.116390;-27.070000;-0.393294;0.402925;ORGANIZING
2026.07.22 02:42:00;EURUSDm;1.14071;0.571540;0.892857;2.076269;0.584716;1.000000;0.969632;0.342884;7.647601;13.185886;1.710231;0.116615;-26.675303;-0.392862;0.403028;ORGANIZING
2026.07.22 02:43:00;EURUSDm;1.14070;0.715083;0.228311;2.612581;0.546896;1.000000;0.955687;0.352555;7.622615;13.247581;1.828501;0.117342;-26.132237;-0.389278;0.403891;ORGANIZING
2026.07.22 02:44:00;EURUSDm;1.14067;0.903531;0.691244;3.290229;0.534113;1.000000;0.958771;0.368810;7.587828;13.308800;1.872262;0.117775;-25.465961;-0.387943;0.404212;ORGANIZING
2026.07.22 02:45:00;EURUSDm;1.14062;0.899269;1.131222;3.964681;0.543969;1.000000;0.977715;0.384092;7.556206;13.369802;1.838341;0.117865;-24.829686;-0.388957;0.403969;ORGANIZING
2026.07.22 02:46:00;EURUSDm;1.14066;0.892266;0.909091;4.633880;0.542225;1.000000;0.988756;0.398347;7.534100;13.430565;1.844253;0.117999;-24.203805;-0.388772;0.404013;ORGANIZING
2026.07.22 02:47:00;EURUSDm;1.14063;0.702469;0.694444;5.160732;0.529836;1.000000;0.992397;0.404773;7.519827;13.491062;1.887377;0.118281;-23.709364;-0.387465;0.404328;ORGANIZING
2026.07.22 02:48:00;EURUSDm;1.14057;0.295582;1.369863;4.747874;0.551837;1.000000;1.000000;0.405177;7.503753;13.551618;1.812128;0.118193;-24.173441;-0.389727;0.403783;ORGANIZING
2026.07.22 02:49:00;EURUSDm;1.14053;0.434663;0.913242;4.368044;0.549907;1.000000;1.000000;0.403910;7.486037;13.611977;1.818488;0.118485;-24.573734;-0.389521;0.403833;ORGANIZING
2026.07.22 02:50:00;EURUSDm;1.14051;0.512500;0.467290;4.752419;0.525777;1.000000;0.995492;0.402933;7.474164;13.671977;1.901948;0.119007;-24.199528;-0.386991;0.404442;ORGANIZING
2026.07.22 02:51:00;EURUSDm;1.14057;0.566127;1.408451;5.177014;0.549910;1.000000;1.000000;0.404016;7.468354;13.732159;1.818478;0.118733;-23.849794;-0.389509;0.403836;ORGANIZING
2026.07.22 02:52:00;EURUSDm;1.14060;0.612001;0.700935;5.636015;0.537462;1.000000;1.000000;0.406765;7.468779;13.792222;1.860598;0.118864;-23.444757;-0.388239;0.404141;ORGANIZING
2026.07.22 02:53:00;EURUSDm;1.14064;0.636177;0.938967;6.113147;0.537537;1.000000;1.000000;0.410284;7.475461;13.852352;1.860338;0.118719;-23.048231;-0.388254;0.404138;ORGANIZING
2026.07.22 02:54:00;EURUSDm;1.14065;0.680089;0.235849;6.623214;0.502452;1.000000;0.987615;0.415273;7.488579;13.912262;1.990238;0.118958;-22.599204;-0.384345;0.405079;ORGANIZING
2026.07.22 02:55:00;EURUSDm;1.14067;0.715697;0.483092;7.159987;0.481484;1.000000;0.984491;0.421348;7.508258;13.972159;2.076911;0.118891;-22.152868;-0.381748;0.405705;ORGANIZING
2026.07.22 02:56:00;EURUSDm;1.14067;0.696511;0.001000;7.682370;0.437460;1.000000;0.964816;0.426400;7.529011;14.031824;2.285922;0.119149;-21.697736;-0.375465;0.407221;ORGANIZING
2026.07.22 02:57:00;EURUSDm;1.14063;0.728730;0.980392;8.228918;0.444607;1.000000;0.980285;0.432407;7.550657;14.091777;2.249179;0.118657;-21.273593;-0.376592;0.406949;ORGANIZING
2026.07.22 02:58:00;EURUSDm;1.14065;0.716426;0.487805;8.766237;0.426767;1.000000;0.978182;0.437653;7.579407;14.151838;2.343201;0.118430;-20.846487;-0.373782;0.407627;ORGANIZING
2026.07.22 02:59:00;EURUSDm;1.14053;0.763908;2.898551;9.339168;0.530356;1.000000;1.000000;0.444417;7.615435;14.213296;1.885526;0.116412;-20.524188;-0.387614;0.404292;ORGANIZING
2026.07.22 03:00:00;EURUSDm;1.14061;0.807709;1.941748;9.944950;0.580925;1.000000;1.000000;0.452485;7.658899;14.275695;1.721391;0.115044;-20.134437;-0.392606;0.403090;ORGANIZING
2026.07.22 03:01:00;EURUSDm;1.14057;0.780996;0.990099;10.530697;0.581384;1.000000;1.000000;0.459148;7.709435;14.338603;1.720033;0.114286;-19.726456;-0.392685;0.403071;ORGANIZING
2026.07.22 03:02:00;EURUSDm;1.14062;0.787552;1.207729;11.121361;0.592701;1.000000;1.000000;0.465724;7.761339;14.402143;1.687190;0.113382;-19.327609;-0.393715;0.402823;ORGANIZING
2026.07.22 03:03:00;EURUSDm;1.14064;0.783485;0.485437;11.708975;0.567338;1.000000;0.998291;0.471818;7.813496;14.465951;1.762617;0.112960;-18.894944;-0.391473;0.403363;ORGANIZING
2026.07.22 03:04:00;EURUSDm;1.14064;0.783991;0.001000;12.296968;0.519021;1.000000;0.979899;0.477627;7.864496;14.529787;1.926703;0.112852;-18.436086;-0.386556;0.404547;ORGANIZING
2026.07.22 03:05:00;EURUSDm;1.14063;0.772522;0.245098;12.876360;0.485325;1.000000;0.970898;0.482715;7.914291;14.593783;2.060474;0.112583;-17.996759;-0.382557;0.405510;ORGANIZING
2026.07.22 03:06:00;EURUSDm;1.14066;0.761051;0.728155;13.447148;0.477467;1.000000;0.979297;0.487119;7.962852;14.658186;2.094387;0.112014;-17.588446;-0.381568;0.405749;ORGANIZING
2026.07.22 03:07:00;EURUSDm;1.14069;0.765780;0.717703;14.021483;0.469478;1.000000;0.987190;0.491480;8.011645;14.722997;2.130023;0.111450;-17.177242;-0.380527;0.406000;ORGANIZING
2026.07.22 03:08:00;EURUSDm;1.14063;0.768463;1.435407;14.597830;0.497775;1.000000;1.000000;0.495723;8.070086;14.788676;2.008940;0.110332;-16.820239;-0.384215;0.405111;ORGANIZING
2026.07.22 03:09:00;EURUSDm;1.14050;0.769293;2.927928;15.174800;0.599283;1.000000;1.000000;0.499785;8.137803;14.856047;1.668662;0.108262;-16.555707;-0.394527;0.402628;ORGANIZING
2026.07.22 03:10:00;EURUSDm;1.14054;0.791723;0.904977;15.768592;0.594567;1.000000;1.000000;0.504486;8.207276;14.924065;1.681895;0.107454;-16.173564;-0.394170;0.402714;ORGANIZING
2026.07.22 03:11:00;EURUSDm;1.14050;0.790417;0.892857;16.361405;0.589482;1.000000;1.000000;0.508902;8.278084;14.992741;1.696405;0.106650;-15.794789;-0.393775;0.402809;ORGANIZING
2026.07.22 03:12:00;EURUSDm;1.14043;0.524696;1.569507;16.754927;0.618483;1.000000;1.000000;0.503133;8.347882;15.062404;1.616859;0.105602;-15.627992;-0.396214;0.402222;ORGANIZING
2026.07.22 03:13:00;EURUSDm;1.14050;0.631551;1.541850;17.228590;0.644651;1.000000;1.000000;0.501660;8.417297;15.133024;1.551226;0.104563;-15.386999;-0.398235;0.401736;ORGANIZING
2026.07.22 03:14:00;EURUSDm;1.14052;0.671522;0.440529;17.732232;0.614445;1.000000;0.997977;0.501759;8.486301;15.204031;1.627484;0.104139;-15.062365;-0.395968;0.402281;ORGANIZING
2026.07.22 03:15:00;EURUSDm;1.14062;0.812671;2.192982;18.341735;0.673372;1.000000;1.000000;0.507146;8.555687;15.276322;1.485063;0.102709;-14.733625;-0.400313;0.401237;ORGANIZING
2026.07.22 03:16:00;EURUSDm;1.14066;0.803458;0.873362;18.944328;0.663372;1.000000;1.000000;0.511918;8.625528;15.349211;1.507451;0.102032;-14.343147;-0.399675;0.401390;ORGANIZING
2026.07.22 03:17:00;EURUSDm;1.14059;0.777507;1.535088;19.527458;0.686957;1.000000;1.000000;0.515479;8.695386;15.423034;1.455694;0.101032;-14.004263;-0.401278;0.401005;ORGANIZING
2026.07.22 03:18:00;EURUSDm;1.14058;0.788190;0.234742;20.118601;0.644347;1.000000;0.991258;0.519262;8.765433;15.497132;1.551960;0.100715;-13.592267;-0.398405;0.401696;ORGANIZING
2026.07.22 03:19:00;EURUSDm;1.14060;0.755700;0.510204;20.685376;0.617640;1.000000;0.992595;0.521638;8.835068;15.571659;1.619067;0.100257;-13.217334;-0.396415;0.402174;ORGANIZING
2026.07.22 03:20:00;EURUSDm;1.14062;0.708806;0.523560;21.216980;0.592936;1.000000;0.994436;0.522136;8.903613;15.646625;1.686524;0.099814;-12.874077;-0.394414;0.402655;ORGANIZING
2026.07.22 03:21:00;EURUSDm;1.14061;0.705107;0.265957;21.745810;0.556587;1.000000;0.987214;0.522471;8.971246;15.721903;1.796665;0.099499;-12.520112;-0.391125;0.403446;ORGANIZING
2026.07.22 03:22:00;EURUSDm;1.14064;0.686630;0.789474;22.260783;0.548231;1.000000;0.998580;0.522096;9.037784;15.797763;1.824049;0.098930;-12.204970;-0.390332;0.403637;ORGANIZING
2026.07.22 03:23:00;EURUSDm;1.14064;0.667974;0.001000;22.761763;0.500869;1.000000;0.981938;0.521040;9.103123;15.873803;1.996528;0.098765;-11.861235;-0.385166;0.404882;ORGANIZING
2026.07.22 03:24:00;EURUSDm;1.14064;0.653874;0.001000;23.252168;0.455876;1.000000;0.965841;0.519508;9.167159;15.950033;2.193579;0.098595;-11.527076;-0.379263;0.406305;ORGANIZING
2026.07.22 03:25:00;EURUSDm;1.14068;0.659637;1.086957;23.746897;0.467430;1.000000;0.988263;0.518269;9.230029;16.027008;2.139358;0.097888;-11.244137;-0.380925;0.405904;ORGANIZING
2026.07.22 03:26:00;EURUSDm;1.14073;0.653946;1.366120;24.237356;0.492365;1.000000;1.000000;0.516879;9.291780;16.104850;2.031016;0.097078;-10.977176;-0.384216;0.405111;ORGANIZING
2026.07.22 03:27:00;EURUSDm;1.14072;0.641261;0.274725;24.718302;0.461483;1.000000;0.992706;0.515082;9.352290;16.182987;2.166929;0.096816;-10.660911;-0.380151;0.406090;ORGANIZING
2026.07.22 03:28:00;EURUSDm;1.14072;0.642420;0.001000;25.200118;0.418458;1.000000;0.976024;0.513419;9.411551;16.261287;2.389724;0.096680;-10.329568;-0.373474;0.407702;ORGANIZING
2026.07.22 03:29:00;EURUSDm;1.14074;0.248363;0.549451;23.184108;0.405008;1.000000;0.979064;0.588548;9.444587;16.339783;2.469087;0.095802;-12.626953;-0.371137;0.408266;ORGANIZING
2026.07.22 03:30:00;EURUSDm;1.14069;0.390830;1.373626;21.329379;0.433439;1.000000;1.000000;0.651857;9.452971;16.418647;2.307130;0.094892;-14.732365;-0.376041;0.407082;ORGANIZING
2026.07.22 03:31:00;EURUSDm;1.14071;0.280853;0.543478;19.623029;0.418941;1.000000;1.000000;0.704582;9.438323;16.497220;2.386971;0.094680;-16.578942;-0.373657;0.407658;ORGANIZING
2026.07.22 03:32:00;EURUSDm;1.14061;0.311281;2.631579;18.053187;0.509573;1.000000;1.000000;0.747845;9.404114;16.576357;1.962428;0.093795;-18.336661;-0.386437;0.404575;ORGANIZING
2026.07.22 03:33:00;EURUSDm;1.14063;0.449593;0.523560;16.608932;0.490272;1.000000;1.000000;0.782666;9.363290;16.654893;2.039683;0.094018;-19.828144;-0.384109;0.405136;ORGANIZING
2026.07.22 03:34:00;EURUSDm;1.14065;0.443323;0.526316;15.280217;0.472074;1.000000;1.000000;0.809968;9.340994;16.733023;2.118310;0.094135;-21.226803;-0.381744;0.405706;ORGANIZING
2026.07.22 03:35:00;EURUSDm;1.14065;0.559790;0.001000;15.700060;0.428521;1.000000;0.993384;0.790462;9.320705;16.810515;2.333610;0.094879;-20.761310;-0.375248;0.407274;ORGANIZING
2026.07.22 03:36:00;EURUSDm;1.14060;0.567001;1.344086;16.125310;0.454299;1.000000;1.000000;0.772201;9.302292;16.888081;2.201194;0.094978;-20.366056;-0.379215;0.406316;ORGANIZING
2026.07.22 03:37:00;EURUSDm;1.14060;0.571285;0.001000;16.553774;0.411634;1.000000;0.992062;0.755014;9.285517;16.965053;2.429343;0.095674;-19.903976;-0.372336;0.407977;ORGANIZING
2026.07.22 03:38:00;EURUSDm;1.14060;0.539558;0.001000;16.958443;0.371102;1.000000;0.983800;0.737497;9.270691;17.041471;2.694675;0.096346;-19.470507;-0.364342;0.409909;ORGANIZING
2026.07.22 03:39:00;EURUSDm;1.14061;0.555386;0.287356;17.374982;0.346915;1.000000;0.985237;0.721449;9.257442;17.117514;2.882551;0.096845;-19.047229;-0.358681;0.411279;ORGANIZING
2026.07.22 03:40:00;EURUSDm;1.14062;0.537657;0.289017;17.778225;0.324020;1.000000;0.986120;0.705539;9.245542;17.193210;3.086228;0.097323;-18.641167;-0.352547;0.412765;ORGANIZING
2026.07.22 03:41:00;EURUSDm;1.14058;0.544593;1.169591;18.186669;0.346299;1.000000;1.000000;0.690684;9.234906;17.269022;2.887681;0.097353;-18.279831;-0.358502;0.411322;ORGANIZING
2026.07.22 03:42:00;EURUSDm;1.14061;0.543995;0.877193;18.594666;0.352843;1.000000;1.000000;0.676550;9.225393;17.344804;2.834119;0.097515;-17.906866;-0.360101;0.410935;ORGANIZING
2026.07.22 03:43:00;EURUSDm;1.14057;0.543232;1.169591;19.002090;0.373681;1.000000;1.000000;0.663093;9.216862;17.420710;2.676081;0.097526;-17.552212;-0.364841;0.409788;ORGANIZING
2026.07.22 03:44:00;EURUSDm;1.14058;0.537188;0.292398;19.404981;0.349617;1.000000;0.998442;0.650083;9.209250;17.496299;2.860277;0.097953;-17.159600;-0.359294;0.411130;ORGANIZING
2026.07.22 03:45:00;EURUSDm;1.14062;0.533855;1.156069;19.805372;0.369939;1.000000;1.000000;0.637599;9.202619;17.572024;2.703147;0.097942;-16.817026;-0.364009;0.409990;ORGANIZING
2026.07.22 03:46:00;EURUSDm;1.14061;0.431397;0.287356;18.220942;0.345810;1.000000;0.997373;0.684940;9.216770;17.647650;2.891761;0.097585;-18.575938;-0.358368;0.411355;ORGANIZING
2026.07.22 03:47:00;EURUSDm;1.14057;0.331763;1.149425;16.763267;0.365991;1.000000;1.000000;0.723577;9.250236;17.723812;2.732309;0.096714;-20.274163;-0.363195;0.410186;ORGANIZING
2026.07.22 03:48:00;EURUSDm;1.14057;0.338339;0.001000;15.422206;0.327741;1.000000;0.990360;0.754451;9.301764;17.800107;3.051187;0.096302;-21.818074;-0.353649;0.412498;ORGANIZING
2026.07.22 03:49:00;EURUSDm;1.14059;0.331740;0.617284;14.188429;0.322218;1.000000;1.000000;0.778417;9.345212;17.876782;3.103485;0.095732;-23.257830;-0.352109;0.412871;ORGANIZING
2026.07.22 03:50:00;EURUSDm;1.14057;0.418724;0.641026;13.053355;0.318159;1.000000;1.000000;0.796250;9.381246;17.953776;3.143085;0.095278;-24.573573;-0.350944;0.413154;ORGANIZING
2026.07.22 03:51:00;EURUSDm;1.14054;0.265707;0.967742;12.009086;0.330638;1.000000;1.000000;0.808651;9.410480;18.031187;3.024456;0.094789;-25.791000;-0.354527;0.412285;ORGANIZING
2026.07.22 03:52:00;EURUSDm;1.14059;0.477183;1.612903;11.048360;0.374751;1.000000;1.000000;0.816255;9.433476;18.109269;2.668437;0.094122;-26.935122;-0.365241;0.409692;ORGANIZING
2026.07.22 03:53:00;EURUSDm;1.14057;0.458396;0.645161;10.164491;0.368272;1.000000;1.000000;0.819636;9.450753;18.187459;2.715387;0.093997;-27.932017;-0.363839;0.410031;ORGANIZING
2026.07.22 03:54:00;EURUSDm;1.14056;0.465298;0.320513;9.351332;0.345884;1.000000;1.000000;0.819312;9.462788;18.265546;2.891145;0.094091;-28.824297;-0.358561;0.411308;ORGANIZING
2026.07.22 03:55:00;EURUSDm;1.14060;0.486419;1.257862;8.603225;0.371483;1.000000;1.000000;0.815752;9.486442;18.344125;2.691916;0.093688;-29.716770;-0.364558;0.409857;ORGANIZING
2026.07.22 03:56:00;EURUSDm;1.14063;0.469435;0.943396;7.914967;0.380078;1.000000;1.000000;0.809377;9.521113;18.423137;2.631037;0.093366;-30.549229;-0.366401;0.409411;ORGANIZING
2026.07.22 03:57:00;EURUSDm;1.14068;0.467952;1.552795;7.281770;0.418714;1.000000;1.000000;0.800568;9.566228;18.502987;2.388264;0.092717;-31.373523;-0.373716;0.407643;ORGANIZING
2026.07.22 03:58:00;EURUSDm;1.14067;0.458928;0.320513;6.699228;0.393804;1.000000;1.000000;0.789667;9.620989;18.583134;2.539334;0.092554;-32.099021;-0.369192;0.408736;ORGANIZING
2026.07.22 03:59:00;EURUSDm;1.14069;0.451663;0.689655;6.163290;0.388597;1.000000;1.000000;0.776980;9.685001;18.663870;2.573362;0.092161;-32.813139;-0.368191;0.408978;ORGANIZING
2026.07.22 04:00:00;EURUSDm;1.14064;0.483124;1.712329;5.670227;0.434783;1.000000;1.000000;0.762784;9.757656;18.745795;2.299997;0.091281;-33.551232;-0.376436;0.406987;ORGANIZING
2026.07.22 04:01:00;EURUSDm;1.14065;0.455948;0.349650;5.216609;0.410527;1.000000;1.000000;0.747326;9.838568;18.828286;2.435896;0.090939;-34.193992;-0.372376;0.407967;ORGANIZING
2026.07.22 04:02:00;EURUSDm;1.14069;0.453765;1.428571;4.799280;0.441429;1.000000;1.000000;0.730826;9.927329;18.911973;2.265371;0.090093;-34.870433;-0.377534;0.406722;ORGANIZING
2026.07.22 04:03:00;EURUSDm;1.14068;0.418722;0.373134;4.415337;0.418014;1.000000;1.000000;0.713482;10.023560;18.996389;2.392264;0.089645;-35.473150;-0.373750;0.407635;ORGANIZING
2026.07.22 04:04:00;EURUSDm;1.14061;0.498382;2.517986;4.062110;0.503013;1.000000;1.000000;0.695469;10.126871;19.082688;1.988021;0.088297;-36.168270;-0.385944;0.404694;ORGANIZING
2026.07.22 04:05:00;EURUSDm;1.14069;0.501973;2.919708;4.438590;0.603847;1.000000;1.000000;0.679520;10.229904;19.171025;1.656047;0.086856;-36.155131;-0.395976;0.402280;ORGANIZING
2026.07.22 04:06:00;EURUSDm;1.14065;0.502518;1.459854;4.815478;0.626648;1.000000;1.000000;0.664388;10.312809;19.260420;1.595793;0.086178;-36.025985;-0.397817;0.401837;ORGANIZING
2026.07.22 04:07:00;EURUSDm;1.14064;0.486264;0.381679;4.430240;0.594399;1.000000;1.000000;0.650431;10.384576;19.350210;1.682371;0.085989;-36.584382;-0.395229;0.402459;ORGANIZING
2026.07.22 04:08:00;EURUSDm;1.14060;0.451494;1.492537;4.075821;0.619306;1.000000;1.000000;0.635630;10.446117;19.440864;1.614710;0.085462;-37.147843;-0.397286;0.401965;ORGANIZING
2026.07.22 04:09:00;EURUSDm;1.14063;0.437429;1.111111;3.749755;0.623897;1.000000;1.000000;0.620152;10.498273;19.532086;1.602830;0.085162;-37.643077;-0.397657;0.401875;ORGANIZING
2026.07.22 04:10:00;EURUSDm;1.14055;0.449843;2.836879;3.449775;0.714546;1.000000;1.000000;0.604143;10.541817;19.624649;1.399491;0.084313;-38.181341;-0.403800;0.400400;ORGANIZING
2026.07.22 04:11:00;EURUSDm;1.14049;0.478078;2.054795;3.173793;0.761558;1.000000;1.000000;0.587735;10.577461;19.718040;1.313097;0.083845;-38.636198;-0.406415;0.399772;ORGANIZING
2026.07.22 04:12:00;EURUSDm;1.14047;0.326892;0.689655;2.919889;0.737963;1.000000;1.000000;0.571044;10.605859;19.811478;1.355082;0.083929;-38.983356;-0.405151;0.400075;ORGANIZING
2026.07.22 04:13:00;EURUSDm;1.14055;0.526561;2.614379;3.314810;0.811784;1.000000;1.000000;0.562238;10.621326;19.905809;1.231855;0.083366;-38.769909;-0.408876;0.399182;ORGANIZING
2026.07.22 04:14:00;EURUSDm;1.14054;0.510135;0.324675;3.697412;0.767428;1.000000;0.996042;0.553256;10.624759;19.999731;1.303053;0.083714;-38.425776;-0.406723;0.399698;ORGANIZING
2026.07.22 04:15:00;EURUSDm;1.14063;0.501951;2.830189;4.073875;0.850566;1.000000;1.000000;0.544416;10.616928;20.094406;1.175687;0.083251;-38.193786;-0.410567;0.398776;ORGANIZING
2026.07.22 04:16:00;EURUSDm;1.14061;0.492145;0.641026;3.747965;0.820089;1.000000;1.000000;0.533491;10.605514;20.188662;1.219379;0.083618;-38.538795;-0.409238;0.399095;ORGANIZING
2026.07.22 04:17:00;EURUSDm;1.14059;0.487373;0.636943;3.448127;0.790932;1.000000;1.000000;0.521808;10.590823;20.282479;1.264331;0.084008;-38.850545;-0.407870;0.399423;ORGANIZING
2026.07.22 04:18:00;EURUSDm;1.14058;0.471509;0.316456;3.172277;0.747208;1.000000;0.994339;0.509510;10.573138;20.375683;1.338315;0.084532;-39.115910;-0.405624;0.399962;ORGANIZING
2026.07.22 04:19:00;EURUSDm;1.14057;0.293681;0.318471;2.918495;0.705771;1.000000;0.988517;0.496724;10.552720;20.468268;1.416890;0.085069;-39.354432;-0.403240;0.400534;ORGANIZING
2026.07.22 04:20:00;EURUSDm;1.14057;0.388994;0.001000;2.685016;0.650533;1.000000;0.971339;0.483562;10.529809;20.560071;1.537202;0.085735;-39.552329;-0.399597;0.401409;ORGANIZING
2026.07.22 04:21:00;EURUSDm;1.14057;0.374304;0.001000;2.470214;0.598056;1.000000;0.954302;0.470124;10.504624;20.651098;1.672084;0.086409;-39.728434;-0.395517;0.402390;ORGANIZING
2026.07.22 04:22:00;EURUSDm;1.14057;0.259461;0.001000;2.272597;0.548203;1.000000;0.937391;0.456498;10.477367;20.741354;1.824141;0.087092;-39.884691;-0.390921;0.403496;ORGANIZING
2026.07.22 04:23:00;EURUSDm;1.14062;0.350328;1.748252;2.090789;0.588206;1.000000;0.981748;0.442764;10.448226;20.831718;1.700085;0.087114;-40.111114;-0.394642;0.402600;ORGANIZING
2026.07.22 04:24:00;EURUSDm;1.14062;0.326893;0.001000;1.923526;0.538845;1.000000;0.962919;0.428989;10.417371;20.921280;1.855820;0.087833;-40.229318;-0.389934;0.403733;ORGANIZING
2026.07.22 04:25:00;EURUSDm;1.14060;0.288666;0.699301;1.769644;0.526868;1.000000;0.968707;0.415233;10.391973;21.010468;1.898008;0.088230;-40.382106;-0.388648;0.404043;ORGANIZING
2026.07.22 04:26:00;EURUSDm;1.14057;0.261855;1.063830;1.628073;0.533716;1.000000;0.986569;0.401550;10.371887;21.099524;1.873655;0.088440;-40.552044;-0.389368;0.403869;ORGANIZING
2026.07.22 04:27:00;EURUSDm;1.14066;0.290492;3.000000;1.497827;0.637030;0.995928;1.000000;0.387985;10.349352;21.189470;1.563392;0.087559;-40.807420;-0.398720;0.401620;ORGANIZING
2026.07.22 04:28:00;EURUSDm;1.14068;0.295849;0.657895;1.378001;0.618155;0.987711;1.000000;0.374577;10.324584;21.279143;1.597837;0.087274;-40.929908;-0.397701;0.401865;ORGANIZING
2026.07.22 04:29:00;EURUSDm;1.14070;0.292460;0.653595;1.267761;0.600173;0.975872;1.000000;0.361360;10.297781;21.368605;1.625984;0.086672;-41.043428;-0.396887;0.402061;ORGANIZING
2026.07.22 04:30:00;EURUSDm;1.14070;0.107160;0.001000;1.166340;0.550697;0.961031;0.977683;0.348363;10.269126;21.457583;1.745119;0.086051;-41.115887;-0.393344;0.402913;ORGANIZING
2026.07.22 04:31:00;EURUSDm;1.14069;0.063210;0.335570;1.073033;0.520720;0.943546;0.967401;0.335610;10.238788;21.546307;1.812004;0.085042;-41.199245;-0.391388;0.403383;ORGANIZING
2026.07.22 04:32:00;EURUSDm;1.14069;0.062704;0.001000;0.987190;0.475863;0.923889;0.945324;0.323122;10.206921;21.634657;1.941501;0.083945;-41.259528;-0.387558;0.404305;ORGANIZING
2026.07.22 04:33:00;EURUSDm;1.14074;0.073739;1.700680;0.908215;0.518626;0.902029;0.983070;0.310915;10.179952;21.723602;1.739267;0.081932;-41.413719;-0.393725;0.402821;ORGANIZING
2026.07.22 04:34:00;EURUSDm;1.14074;0.075852;0.001000;0.835558;0.474704;0.878708;0.959580;0.299002;10.157671;21.812352;1.851064;0.080384;-41.486136;-0.390449;0.403609;ORGANIZING
2026.07.22 04:35:00;EURUSDm;1.14069;0.211404;1.700680;0.768713;0.518429;0.853821;0.995984;0.287394;10.139934;21.901859;1.646940;0.078005;-41.652411;-0.396692;0.402107;ORGANIZING
2026.07.22 04:36:00;EURUSDm;1.14071;0.224026;0.675676;0.707216;0.509215;0.827898;0.994832;0.276099;10.119642;21.991589;1.625833;0.075919;-41.757173;-0.397429;0.401930;ORGANIZING
2026.07.22 04:37:00;EURUSDm;1.14068;0.215181;1.020408;0.650639;0.518216;0.801100;1.000000;0.265123;10.097019;22.081720;1.545880;0.073628;-41.872481;-0.399942;0.401326;ORGANIZING
2026.07.22 04:38:00;EURUSDm;1.14068;0.219800;0.001000;0.598588;0.476334;0.773894;0.974314;0.254469;10.072271;22.171728;1.624689;0.071636;-41.929060;-0.397678;0.401870;ORGANIZING
2026.07.22 04:39:00;EURUSDm;1.14070;0.145704;0.680272;0.550701;0.471053;0.746295;0.972929;0.244140;10.045587;22.261968;1.584314;0.069353;-42.015481;-0.399003;0.401552;ORGANIZING
2026.07.22 04:40:00;EURUSDm;1.14072;0.125853;0.680272;0.506645;0.466588;0.718476;0.971231;0.234136;10.017143;22.352436;1.539851;0.067035;-42.096462;-0.400453;0.401204;ORGANIZING
2026.07.22 04:41:00;EURUSDm;1.14077;0.103248;1.677852;0.466113;0.512781;0.690346;1.000000;0.224456;9.987098;22.443628;1.346277;0.064372;-42.223059;-0.406393;0.399777;ORGANIZING
2026.07.22 04:42:00;EURUSDm;1.14081;0.088421;1.351351;0.428824;0.540903;0.662140;1.000000;0.215098;9.955601;22.535350;1.224137;0.061815;-42.326686;-0.410185;0.398868;ORGANIZING
2026.07.22 04:43:00;EURUSDm;1.14078;0.137331;1.006711;0.394518;0.550951;0.634071;1.000000;0.206058;9.922785;22.627406;1.150867;0.059371;-42.407455;-0.412505;0.398312;ORGANIZING
2026.07.22 04:44:00;EURUSDm;1.14080;0.124494;0.666667;0.362957;0.544055;0.606329;0.995545;0.197333;9.888777;22.719608;1.114463;0.057039;-42.466598;-0.413714;0.398022;ORGANIZING
2026.07.22 04:45:00;EURUSDm;1.14077;0.150345;1.006711;0.333920;0.555061;0.578914;1.000000;0.188918;9.853691;22.812117;1.042972;0.054627;-42.539563;-0.415980;0.397479;ORGANIZING
2026.07.22 04:46:00;EURUSDm;1.14073;0.164631;1.333333;0.307206;0.582397;0.551823;1.000000;0.180808;9.817631;22.905081;0.947504;0.052153;-42.625326;-0.418967;0.396764;ORGANIZING
2026.07.22 04:47:00;EURUSDm;1.14074;0.298926;0.342466;0.282630;0.559364;0.525378;0.983315;0.172996;9.780695;22.997974;0.939243;0.049974;-42.656712;-0.419324;0.396679;ORGANIZING
2026.07.22 04:48:00;EURUSDm;1.14073;0.296444;0.342466;0.260020;0.538011;0.499620;0.966940;0.165477;9.742971;23.090792;0.928642;0.047827;-42.686059;-0.419749;0.396577;ORGANIZING
2026.07.22 04:49:00;EURUSDm;1.14072;0.290889;0.344828;0.239218;0.518360;0.474580;0.950958;0.158243;9.704541;23.183529;0.915541;0.045716;-42.713661;-0.420248;0.396457;ORGANIZING
2026.07.22 04:50:00;EURUSDm;1.14072;0.315998;0.001000;0.220081;0.483000;0.450369;0.923248;0.151288;9.665481;23.276006;0.932440;0.043726;-42.722096;-0.419840;0.396555;ORGANIZING
2026.07.22 04:51:00;EURUSDm;1.14073;0.312739;0.357143;0.202474;0.467700;0.426909;0.908729;0.144604;9.625860;23.368404;0.912784;0.041698;-42.747647;-0.420532;0.396390;ORGANIZING
2026.07.22 04:52:00;EURUSDm;1.14073;0.302402;0.001000;0.186276;0.435827;0.404303;0.882020;0.138184;9.585739;23.460533;0.927669;0.039795;-42.753627;-0.420180;0.396474;ORGANIZING
2026.07.22 04:53:00;EURUSDm;1.14072;0.315492;0.367647;0.171374;0.424332;0.382458;0.868853;0.132020;9.545179;23.552579;0.901319;0.037861;-42.777476;-0.421067;0.396261;ORGANIZING
2026.07.22 04:54:00;EURUSDm;1.14072;0.319025;0.001000;0.157664;0.395516;0.361469;0.843099;0.126104;9.504232;23.644347;0.913918;0.036054;-42.781403;-0.420780;0.396330;ORGANIZING
2026.07.22 04:55:00;EURUSDm;1.14072;0.349178;0.001000;0.145051;0.368561;0.341326;0.818039;0.120430;9.462948;23.735836;0.926107;0.034297;-42.784774;-0.420502;0.396397;ORGANIZING
2026.07.22 04:56:00;EURUSDm;1.14074;0.355902;0.840336;0.133447;0.385323;0.321810;0.823034;0.114988;9.421371;23.827467;0.835169;0.032435;-42.830251;-0.423323;0.395722;ORGANIZING
2026.07.22 04:57:00;EURUSDm;1.14074;0.374313;0.001000;0.122771;0.359671;0.303132;0.798288;0.109773;9.379542;23.918796;0.842805;0.030778;-42.831194;-0.423177;0.395757;ORGANIZING
2026.07.22 04:58:00;EURUSDm;1.14078;0.409820;1.694915;0.112949;0.420370;0.284856;0.833512;0.104775;9.337501;24.010678;0.677632;0.028882;-42.917795;-0.428227;0.394550;ORGANIZING
2026.07.22 04:59:00;EURUSDm;1.14081;0.371490;1.271186;0.103914;0.457214;0.267108;0.852498;0.099988;9.295281;24.102861;0.584209;0.027111;-42.979592;-0.431118;0.393859;ORGANIZING
2026.07.22 05:00:00;EURUSDm;1.14080;0.462026;0.450450;0.095600;0.451534;0.250098;0.841926;0.095404;9.252915;24.194903;0.553885;0.025521;-42.997378;-0.432107;0.393623;ORGANIZING
2026.07.22 05:01:00;EURUSDm;1.14080;0.448962;0.001000;0.087952;0.424005;0.233918;0.815832;0.091017;9.210432;24.286569;0.551686;0.024052;-42.991602;-0.432247;0.393590;ORGANIZING
2026.07.22 05:02:00;EURUSDm;1.14082;0.513129;0.952381;0.472799;0.445745;0.237393;0.823797;0.105708;9.164820;24.377927;0.532576;0.024433;-42.654537;-0.432801;0.393458;ORGANIZING
2026.07.22 05:03:00;EURUSDm;1.14088;0.627663;2.912621;0.943546;0.564341;0.260711;0.900606;0.123960;9.124486;24.469601;0.461974;0.026568;-42.326578;-0.434812;0.392978;ORGANIZING
2026.07.22 05:04:00;EURUSDm;1.14087;0.641720;0.485437;1.424836;0.555182;0.302078;0.890413;0.141827;9.089483;24.560006;0.544106;0.030867;-41.850892;-0.432133;0.393617;ORGANIZING
2026.07.22 05:05:00;EURUSDm;1.14082;0.634138;2.525253;1.900440;0.647644;0.358499;0.952597;0.158515;9.059700;24.649910;0.553543;0.036337;-41.475046;-0.431577;0.393750;ORGANIZING
2026.07.22 05:06:00;EURUSDm;1.14081;0.653278;0.510204;2.390398;0.633602;0.428844;0.942661;0.175088;9.035234;24.738021;0.676835;0.043564;-40.973024;-0.427517;0.394719;ORGANIZING
2026.07.22 05:07:00;EURUSDm;1.14087;0.460710;2.941176;2.199167;0.740404;0.488125;1.000000;0.175895;9.009223;24.825755;0.659268;0.049179;-41.249103;-0.427763;0.394661;ORGANIZING
2026.07.22 05:08:00;EURUSDm;1.14078;0.774569;4.090909;2.780093;0.898166;0.563384;1.000000;0.196146;8.989378;24.913363;0.627260;0.055871;-40.839100;-0.428389;0.394511;ORGANIZING
2026.07.22 05:09:00;EURUSDm;1.14077;0.784417;0.454545;3.368406;0.864718;0.652392;0.987774;0.215755;8.975723;24.998719;0.754457;0.064875;-40.225593;-0.424123;0.395531;ORGANIZING
2026.07.22 05:10:00;EURUSDm;1.14081;0.780165;1.754386;3.953529;0.896153;0.752750;1.000000;0.234223;8.968178;25.082307;0.839980;0.074540;-39.676984;-0.421074;0.396260;ORGANIZING
2026.07.22 05:11:00;EURUSDm;1.14083;0.823135;0.862069;4.570881;0.879394;0.863585;1.000000;0.253380;8.967022;25.163500;0.982023;0.085505;-39.049230;-0.416264;0.397411;ORGANIZING
2026.07.22 05:12:00;EURUSDm;1.14081;0.852508;0.847458;5.210262;0.860526;0.983608;1.000000;0.272680;8.972426;25.242157;1.143031;0.097333;-38.399026;-0.410842;0.398710;ORGANIZING
2026.07.22 05:13:00;EURUSDm;1.14072;0.863641;3.688525;5.857992;0.982253;1.000000;1.000000;0.291432;8.984430;25.321824;1.018067;0.097484;-37.997811;-0.414584;0.397814;ORGANIZING
2026.07.22 05:14:00;EURUSDm;1.14076;0.866831;1.587302;6.508115;0.992506;1.000000;1.000000;0.309367;9.003013;25.401779;1.007551;0.097041;-37.510929;-0.414921;0.397733;ORGANIZING
2026.07.22 05:15:00;EURUSDm;1.14072;0.867467;1.562500;7.158715;1.000000;1.000000;1.000000;0.326428;9.028134;25.482061;1.000000;0.096576;-37.032471;-0.415171;0.397673;ORGANIZING
2026.07.22 05:16:00;EURUSDm;1.14068;0.874255;1.550388;7.814407;1.000000;1.000000;1.000000;0.342892;9.059803;25.562659;1.000000;0.096129;-36.553642;-0.415194;0.397667;ORGANIZING
2026.07.22 05:17:00;EURUSDm;1.14069;0.864530;0.413223;8.462804;0.950661;1.000000;0.991464;0.358167;9.097905;25.643144;1.051900;0.096092;-36.043144;-0.413638;0.398040;ORGANIZING
2026.07.22 05:18:00;EURUSDm;1.14073;0.851843;1.626016;9.101687;0.964429;1.000000;1.000000;0.372203;9.142302;25.724212;1.036883;0.095430;-35.615964;-0.414122;0.397924;ORGANIZING
2026.07.22 05:19:00;EURUSDm;1.14076;0.861614;1.209677;9.747897;0.956691;1.000000;1.000000;0.385903;9.193031;25.805709;1.045269;0.094916;-35.172371;-0.413896;0.397978;ORGANIZING
2026.07.22 05:20:00;EURUSDm;1.14076;0.849015;0.001000;10.384658;0.888907;1.000000;0.978542;0.398446;9.249956;25.887098;1.124977;0.094901;-34.688150;-0.411506;0.398551;ORGANIZING
2026.07.22 05:21:00;EURUSDm;1.14084;0.843260;3.053435;11.017103;0.977133;1.000000;1.000000;0.410146;9.312998;25.969999;1.023402;0.093456;-34.376316;-0.414625;0.397804;ORGANIZING
2026.07.22 05:22:00;EURUSDm;1.14092;0.818090;2.877698;11.630671;1.000000;1.000000;1.000000;0.420317;9.378012;26.053779;1.000000;0.092607;-34.019765;-0.415370;0.397625;ORGANIZING
2026.07.22 05:23:00;EURUSDm;1.14086;0.799411;2.142857;12.230229;1.000000;1.000000;1.000000;0.429279;9.443988;26.138219;1.000000;0.091969;-33.654524;-0.415402;0.397618;ORGANIZING
2026.07.22 05:24:00;EURUSDm;1.14082;0.812853;1.388889;12.839869;0.999444;1.000000;1.000000;0.438297;9.510919;26.223322;1.000556;0.091335;-33.281330;-0.415417;0.397614;ORGANIZING
2026.07.22 05:25:00;EURUSDm;1.14083;0.812413;0.357143;13.449178;0.947329;1.000000;0.992840;0.446848;9.578852;26.308584;1.055599;0.091133;-32.858134;-0.413775;0.398007;ORGANIZING
2026.07.22 05:26:00;EURUSDm;1.14080;0.805286;1.063830;14.053142;0.933154;1.000000;1.000000;0.454703;9.647585;26.394392;1.071634;0.090617;-32.478980;-0.413320;0.398116;ORGANIZING
2026.07.22 05:27:00;EURUSDm;1.14073;0.500680;2.413793;14.428652;0.987186;1.000000;1.000000;0.450744;9.721642;26.481480;1.012980;0.089609;-32.384785;-0.415130;0.397683;ORGANIZING
2026.07.22 05:28:00;EURUSDm;1.14068;0.794418;1.666667;15.024465;1.000000;1.000000;1.000000;0.457997;9.795477;26.569435;1.000000;0.088861;-32.051918;-0.415557;0.397580;ORGANIZING
2026.07.22 05:29:00;EURUSDm;1.14067;0.800339;0.335570;15.624719;0.946779;1.000000;0.992775;0.465110;9.869063;26.657593;1.056213;0.088645;-31.647998;-0.413881;0.397982;ORGANIZING
2026.07.22 05:30:00;EURUSDm;1.14065;0.431139;0.671141;14.374742;0.912997;1.000000;0.997797;0.504353;9.923930;26.745962;1.095294;0.088173;-33.140784;-0.412732;0.398257;ORGANIZING
2026.07.22 05:31:00;EURUSDm;1.14067;0.433531;0.684932;13.224763;0.881593;1.000000;1.000000;0.536635;9.960849;26.834387;1.134310;0.087881;-34.486185;-0.411577;0.398534;ORGANIZING
2026.07.22 05:32:00;EURUSDm;1.14061;0.283620;2.027027;12.166782;0.918865;1.000000;1.000000;0.562702;9.980610;26.923382;1.088299;0.087243;-35.762089;-0.412989;0.398196;ORGANIZING
2026.07.22 05:33:00;EURUSDm;1.14051;0.262036;3.225806;11.193439;1.000000;1.000000;1.000000;0.583234;9.984061;27.013222;1.000000;0.086451;-36.954374;-0.415677;0.397552;ORGANIZING
2026.07.22 05:34:00;EURUSDm;1.14057;0.343630;1.886792;10.297964;1.000000;1.000000;1.000000;0.598846;9.972040;27.102943;1.000000;0.086424;-37.946750;-0.415679;0.397551;ORGANIZING
2026.07.22 05:35:00;EURUSDm;1.14060;0.712851;0.943396;10.832602;0.977170;1.000000;1.000000;0.595636;9.958918;27.192303;1.023364;0.086717;-37.445979;-0.414963;0.397723;ORGANIZING
2026.07.22 05:36:00;EURUSDm;1.14065;0.854091;1.562500;11.473170;0.986436;1.000000;1.000000;0.597882;9.945711;27.281625;1.013750;0.086730;-36.882078;-0.415251;0.397654;ORGANIZING
2026.07.22 05:37:00;EURUSDm;1.14062;0.858493;0.925926;12.117040;0.963411;1.000000;1.000000;0.600182;9.932525;27.370584;1.037979;0.086986;-36.282369;-0.414511;0.397831;ORGANIZING
2026.07.22 05:38:00;EURUSDm;1.14062;0.798051;0.001000;12.715578;0.895290;1.000000;0.986041;0.600100;9.919001;27.458727;1.116956;0.087609;-35.676641;-0.412111;0.398406;ORGANIZING
2026.07.22 05:39:00;EURUSDm;1.14066;0.841335;1.219512;13.346580;0.891501;1.000000;1.000000;0.601645;9.905393;27.546696;1.121703;0.087731;-35.105693;-0.411962;0.398442;ORGANIZING
2026.07.22 05:40:00;EURUSDm;1.14062;0.577846;1.190476;13.779964;0.886450;1.000000;1.000000;0.593232;9.889819;27.634459;1.128095;0.087955;-34.707047;-0.411759;0.398490;ORGANIZING
2026.07.22 05:41:00;EURUSDm;1.14060;0.245630;0.591716;12.677567;0.851713;1.000000;1.000000;0.618690;9.856975;27.721546;1.174104;0.088282;-35.847021;-0.410363;0.398825;ORGANIZING
2026.07.22 05:42:00;EURUSDm;1.14057;0.157535;0.872093;11.663362;0.832732;1.000000;1.000000;0.638466;9.808017;27.807953;1.200866;0.088659;-36.870289;-0.409541;0.399022;ORGANIZING
2026.07.22 05:43:00;EURUSDm;1.14062;0.261256;1.420455;10.730293;0.842118;1.000000;1.000000;0.653196;9.773976;27.894114;1.187481;0.088737;-37.860284;-0.409939;0.398927;ORGANIZING
2026.07.22 05:44:00;EURUSDm;1.14068;0.630047;1.648352;11.202828;0.862430;1.000000;1.000000;0.644163;9.741477;27.980153;1.159514;0.088904;-37.411034;-0.410769;0.398728;ORGANIZING
2026.07.22 05:45:00;EURUSDm;1.14064;0.389991;1.075269;10.306602;0.853072;1.000000;1.000000;0.656766;9.724195;28.065926;1.172234;0.089015;-38.374318;-0.410382;0.398820;ORGANIZING
2026.07.22 05:46:00;EURUSDm;1.14062;0.448289;0.537634;9.482074;0.817300;1.000000;1.000000;0.665154;9.721285;28.151312;1.223541;0.089256;-39.259416;-0.408831;0.399192;ORGANIZING
2026.07.22 05:47:00;EURUSDm;1.14062;0.823811;0.001000;10.099932;0.756485;1.000000;0.988315;0.662789;9.715965;28.236036;1.321903;0.089805;-38.650099;-0.405853;0.399907;ORGANIZING
2026.07.22 05:48:00;EURUSDm;1.14062;0.858880;0.001000;10.744092;0.698711;1.000000;0.976957;0.661858;9.710189;28.320125;1.431207;0.090328;-38.018839;-0.402547;0.400700;ORGANIZING
2026.07.22 05:49:00;EURUSDm;1.14061;0.863911;0.277778;11.392025;0.657664;1.000000;0.975651;0.661162;9.703965;28.403742;1.520533;0.090721;-37.399635;-0.399848;0.401349;ORGANIZING
2026.07.22 05:50:00;EURUSDm;1.14062;0.846330;0.277778;12.026773;0.618670;1.000000;0.974366;0.659841;9.678925;28.486718;1.616371;0.091262;-36.756147;-0.396946;0.402046;ORGANIZING
2026.07.22 05:51:00;EURUSDm;1.14070;0.843576;2.127660;12.659454;0.674119;1.000000;1.000000;0.658483;9.636184;28.569821;1.483417;0.091168;-36.173819;-0.400939;0.401087;ORGANIZING
2026.07.22 05:52:00;EURUSDm;1.14069;0.855691;0.267380;13.301223;0.633782;1.000000;0.997405;0.657647;9.599347;28.652152;1.577829;0.091821;-35.498700;-0.398074;0.401775;ORGANIZING
2026.07.22 05:53:00;EURUSDm;1.14077;0.262445;2.116402;12.237125;0.687913;1.000000;1.000000;0.677970;9.561787;28.734649;1.453671;0.091511;-36.664951;-0.401814;0.400877;ORGANIZING
2026.07.22 05:54:00;EURUSDm;1.14072;0.567773;1.295337;12.662955;0.698285;1.000000;1.000000;0.665363;9.537628;28.817008;1.432081;0.091732;-36.258320;-0.402451;0.400724;ORGANIZING
2026.07.22 05:55:00;EURUSDm;1.14075;0.617975;0.785340;13.126436;0.682637;1.000000;1.000000;0.655269;9.512879;28.898963;1.464907;0.092159;-35.791459;-0.401445;0.400965;ORGANIZING
2026.07.22 05:56:00;EURUSDm;1.14077;0.808771;0.520833;13.733014;0.654547;1.000000;1.000000;0.652834;9.487913;28.980388;1.527774;0.092633;-35.183414;-0.399535;0.401424;ORGANIZING
2026.07.22 05:57:00;EURUSDm;1.14075;0.767342;0.531915;14.308521;0.628416;1.000000;1.000000;0.648968;9.462388;29.061296;1.591304;0.093112;-34.603902;-0.397605;0.401888;ORGANIZING
2026.07.22 05:58:00;EURUSDm;1.14086;0.343683;2.894737;13.163839;0.721732;1.000000;1.000000;0.673753;9.419558;29.142709;1.385557;0.092464;-35.887225;-0.403810;0.400397;ORGANIZING
2026.07.22 05:59:00;EURUSDm;1.14091;0.347774;1.288660;12.110732;0.730078;1.000000;1.000000;0.692721;9.384819;29.223858;1.369717;0.092527;-36.998284;-0.404282;0.400284;ORGANIZING
2026.07.22 06:00:00;EURUSDm;1.14093;0.313422;0.520833;11.141873;0.699616;1.000000;1.000000;0.706528;9.364276;29.304497;1.429356;0.092847;-38.003847;-0.402477;0.400717;ORGANIZING
2026.07.22 06:01:00;EURUSDm;1.14110;0.185927;4.106280;10.250523;0.849949;1.000000;1.000000;0.715769;9.341725;29.386413;1.176541;0.091681;-39.100827;-0.410120;0.398883;ORGANIZING
2026.07.22 06:02:00;EURUSDm;1.14123;0.154908;2.981651;9.430482;0.936534;1.000000;1.000000;0.720983;9.317345;29.468952;1.067767;0.091117;-40.051661;-0.413411;0.398094;ORGANIZING
2026.07.22 06:03:00;EURUSDm;1.14123;0.182469;0.001000;8.676043;0.869757;1.000000;0.990269;0.722656;9.291301;29.550563;1.149746;0.091880;-40.772190;-0.410914;0.398693;ORGANIZING
2026.07.22 06:04:00;EURUSDm;1.14117;0.237606;1.421801;7.981960;0.877360;1.000000;1.000000;0.721227;9.277053;29.632107;1.139784;0.091949;-41.524067;-0.411209;0.398622;ORGANIZING
2026.07.22 06:05:00;EURUSDm;1.14111;0.268643;1.408451;7.343403;0.883914;1.000000;1.000000;0.717093;9.260300;29.713549;1.131332;0.092070;-42.208847;-0.411457;0.398563;ORGANIZING
2026.07.22 06:06:00;EURUSDm;1.14102;0.332739;2.064220;6.755931;0.922929;1.000000;1.000000;0.710612;9.241260;29.795191;1.083506;0.091956;-42.865934;-0.412897;0.398218;ORGANIZING
2026.07.22 06:07:00;EURUSDm;1.14106;0.302003;0.904977;6.215456;0.902032;1.000000;1.000000;0.702105;9.233898;29.876550;1.108608;0.092268;-43.435133;-0.412128;0.398402;ORGANIZING
2026.07.22 06:08:00;EURUSDm;1.14099;0.396279;1.562500;5.718220;0.915055;1.000000;1.000000;0.691862;9.237987;29.958081;1.092830;0.092209;-44.014615;-0.412605;0.398288;ORGANIZING
2026.07.22 06:09:00;EURUSDm;1.14102;0.346658;0.669643;5.260762;0.882785;1.000000;1.000000;0.680142;9.253110;30.039439;1.132779;0.092455;-44.527966;-0.411394;0.398578;ORGANIZING
2026.07.22 06:10:00;EURUSDm;1.14098;0.409045;0.877193;4.839901;0.862505;1.000000;1.000000;0.667178;9.278713;30.120852;1.159413;0.092521;-45.035238;-0.410592;0.398770;ORGANIZING
2026.07.22 06:11:00;EURUSDm;1.14106;0.417140;1.754386;4.452709;0.887099;1.000000;1.000000;0.653178;9.314387;30.202867;1.127270;0.092126;-45.572388;-0.411576;0.398534;ORGANIZING
2026.07.22 06:12:00;EURUSDm;1.14112;0.331171;1.327434;4.096492;0.889116;1.000000;1.000000;0.638330;9.359863;30.285356;1.124713;0.091850;-46.074366;-0.411666;0.398513;ORGANIZING
2026.07.22 06:13:00;EURUSDm;1.14117;0.353965;1.111111;3.768773;0.880216;1.000000;1.000000;0.622800;9.397747;30.368136;1.136085;0.091737;-46.520672;-0.411331;0.398593;ORGANIZING
2026.07.22 06:14:00;EURUSDm;1.14106;0.442636;2.370690;3.467271;0.934739;1.000000;1.000000;0.606735;9.442715;30.451910;1.069817;0.091040;-47.018278;-0.413353;0.398108;ORGANIZING
2026.07.22 06:15:00;EURUSDm;1.14101;0.610848;1.059322;3.925407;0.920968;1.000000;1.000000;0.599305;9.487512;30.535995;1.085814;0.090845;-46.705190;-0.412883;0.398221;ORGANIZING
2026.07.22 06:16:00;EURUSDm;1.14102;0.638091;0.213675;4.403976;0.865604;1.000000;0.993454;0.593268;9.533364;30.619985;1.155263;0.090973;-46.334878;-0.410793;0.398722;ORGANIZING
2026.07.22 06:17:00;EURUSDm;1.14108;0.434990;1.287554;4.051658;0.866701;1.000000;1.000000;0.581221;9.588266;30.704535;1.153800;0.090611;-46.858552;-0.410855;0.398707;ORGANIZING
2026.07.22 06:18:00;EURUSDm;1.14101;0.937506;1.489362;4.754787;0.877834;1.000000;1.000000;0.587316;9.624415;30.789557;1.139167;0.090175;-46.336068;-0.411316;0.398597;ORGANIZING
2026.07.22 06:19:00;EURUSDm;1.14107;0.908479;1.250000;5.436146;0.876443;1.000000;1.000000;0.592018;9.643039;30.874752;1.140976;0.089997;-45.785164;-0.411271;0.398607;ORGANIZING
2026.07.22 06:20:00;EURUSDm;1.14102;0.987656;1.028807;6.176888;0.864061;1.000000;1.000000;0.599454;9.644474;30.959837;1.157326;0.090025;-45.134867;-0.410779;0.398725;ORGANIZING
2026.07.22 06:21:00;EURUSDm;1.14100;0.981113;0.411523;6.912723;0.821434;1.000000;1.000000;0.606273;9.629630;31.044348;1.217383;0.090438;-44.424865;-0.408957;0.399162;ORGANIZING
2026.07.22 06:22:00;EURUSDm;1.14109;0.876133;1.829268;7.569822;0.851826;1.000000;1.000000;0.608815;9.600088;31.128867;1.173949;0.090410;-43.828676;-0.410261;0.398850;ORGANIZING
2026.07.22 06:23:00;EURUSDm;1.14111;0.913845;0.420168;8.255206;0.810243;1.000000;1.000000;0.612643;9.556296;31.212532;1.234198;0.091081;-43.105448;-0.408420;0.399291;ORGANIZING
2026.07.22 06:24:00;EURUSDm;1.14101;0.756617;2.066116;8.822669;0.853036;1.000000;1.000000;0.610384;9.516922;31.296232;1.172283;0.091072;-42.581211;-0.410278;0.398845;ORGANIZING
2026.07.22 06:25:00;EURUSDm;1.14098;0.856623;0.619835;9.465136;0.821376;1.000000;1.000000;0.611988;9.490554;31.379351;1.217469;0.091542;-41.940677;-0.408899;0.399176;ORGANIZING
2026.07.22 06:26:00;EURUSDm;1.14095;0.950400;0.625000;10.177936;0.791557;1.000000;1.000000;0.617029;9.477322;31.462040;1.263332;0.091862;-41.264363;-0.407507;0.399510;ORGANIZING
2026.07.22 06:27:00;EURUSDm;1.14089;0.692875;1.234568;10.697592;0.793708;1.000000;1.000000;0.612160;9.474756;31.544725;1.259909;0.091906;-40.814674;-0.407607;0.399486;ORGANIZING
2026.07.22 06:28:00;EURUSDm;1.14080;0.614820;1.785714;11.158707;0.823308;1.000000;1.000000;0.604608;9.481787;31.627776;1.214612;0.091662;-40.465167;-0.408979;0.399157;ORGANIZING
2026.07.22 06:29:00;EURUSDm;1.14077;0.466722;0.597610;10.266011;0.792023;1.000000;1.000000;0.619012;9.484431;31.710540;1.262589;0.091781;-41.443440;-0.407533;0.399504;ORGANIZING
2026.07.22 06:30:00;EURUSDm;1.14069;0.413777;1.568627;9.444730;0.810854;1.000000;1.000000;0.629126;9.483057;31.793479;1.233268;0.091550;-42.383969;-0.408424;0.399290;ORGANIZING
2026.07.22 06:31:00;EURUSDm;1.14087;0.666661;3.321033;9.944726;0.916363;1.000000;1.000000;0.622669;9.490562;31.877549;1.091271;0.090665;-42.075648;-0.412729;0.398258;ORGANIZING
2026.07.22 06:32:00;EURUSDm;1.14099;0.885254;2.142857;10.608666;0.957687;1.000000;1.000000;0.624733;9.508231;31.962208;1.044182;0.090166;-41.577156;-0.414166;0.397914;ORGANIZING
2026.07.22 06:33:00;EURUSDm;1.14095;0.550367;0.716846;11.021442;0.925645;1.000000;1.000000;0.614135;9.533216;32.046796;1.080328;0.090310;-41.245703;-0.413075;0.398175;ORGANIZING
2026.07.22 06:34:00;EURUSDm;1.14101;0.965668;1.075269;11.745693;0.913126;1.000000;1.000000;0.619641;9.568335;32.131611;1.095139;0.090081;-40.674995;-0.412642;0.398279;ORGANIZING
2026.07.22 06:35:00;EURUSDm;1.14107;0.960034;1.067616;12.465718;0.900851;1.000000;1.000000;0.624660;9.605896;32.216679;1.110062;0.089836;-40.112923;-0.412206;0.398383;ORGANIZING
2026.07.22 06:36:00;EURUSDm;1.14102;0.948226;0.880282;13.176888;0.879822;1.000000;1.000000;0.628986;9.645596;32.301933;1.136593;0.089651;-39.554029;-0.411420;0.398572;ORGANIZING
2026.07.22 06:37:00;EURUSDm;1.14095;0.853329;1.202749;13.816885;0.875969;1.000000;1.000000;0.629536;9.695020;32.387643;1.141593;0.089282;-39.095838;-0.411288;0.398603;ORGANIZING
2026.07.22 06:38:00;EURUSDm;1.14088;0.853100;1.174497;14.456710;0.870895;1.000000;1.000000;0.630051;9.743564;32.473787;1.148244;0.088932;-38.635202;-0.411106;0.398647;ORGANIZING
2026.07.22 06:39:00;EURUSDm;1.14086;0.544664;0.334448;14.865207;0.824073;1.000000;0.998757;0.618973;9.789137;32.559919;1.213485;0.089030;-38.335004;-0.409144;0.399117;ORGANIZING
2026.07.22 06:40:00;EURUSDm;1.14086;0.685584;0.001000;15.379396;0.762919;1.000000;0.985500;0.613734;9.832216;32.645871;1.310755;0.089215;-37.921294;-0.406217;0.399820;ORGANIZING
2026.07.22 06:41:00;EURUSDm;1.14113;0.813416;4.258675;15.989457;0.917707;1.000000;1.000000;0.613550;9.873823;32.733786;1.089672;0.087680;-37.636781;-0.412926;0.398211;ORGANIZING
2026.07.22 06:42:00;EURUSDm;1.14107;0.913785;0.931677;16.674796;0.898405;1.000000;1.000000;0.617140;9.915503;32.821925;1.113083;0.087481;-37.110820;-0.412233;0.398377;ORGANIZING
2026.07.22 06:43:00;EURUSDm;1.14111;0.907917;0.628931;17.355734;0.864932;1.000000;1.000000;0.620329;9.956931;32.910144;1.156161;0.087396;-36.573862;-0.410945;0.398685;ORGANIZING
2026.07.22 06:44:00;EURUSDm;1.14108;0.891146;0.474684;18.024093;0.825419;1.000000;1.000000;0.622731;9.999160;32.998389;1.211505;0.087357;-36.043499;-0.409287;0.399083;ORGANIZING
2026.07.22 06:45:00;EURUSDm;1.14116;0.546108;1.246106;18.433674;0.826454;1.000000;1.000000;0.612073;10.038850;33.087042;1.209989;0.087128;-35.781669;-0.409344;0.399069;ORGANIZING
2026.07.22 06:46:00;EURUSDm;1.14108;0.735341;1.223242;18.985180;0.826293;1.000000;1.000000;0.609045;10.076728;33.176073;1.210224;0.086865;-35.388732;-0.409350;0.399068;ORGANIZING
2026.07.22 06:47:00;EURUSDm;1.14109;0.458114;0.153374;17.466365;0.772647;1.000000;0.991685;0.654534;10.094032;33.264739;1.294252;0.086796;-37.068153;-0.406833;0.399672;ORGANIZING
2026.07.22 06:48:00;EURUSDm;1.14106;0.329067;0.471698;16.069056;0.737600;1.000000;0.996394;0.691672;10.092666;33.353042;1.355749;0.086791;-38.590261;-0.404988;0.400115;ORGANIZING
2026.07.22 06:49:00;EURUSDm;1.14110;0.259476;0.630915;14.783532;0.712265;1.000000;1.000000;0.721365;10.087378;33.441039;1.403971;0.086798;-39.987257;-0.403541;0.400462;ORGANIZING
2026.07.22 06:50:00;EURUSDm;1.14107;0.222789;0.471698;13.600849;0.680237;1.000000;1.000000;0.744431;10.078502;33.528626;1.470076;0.086933;-41.253879;-0.401551;0.400940;ORGANIZING
2026.07.22 06:51:00;EURUSDm;1.14112;0.327340;0.816993;12.512781;0.667075;1.000000;1.000000;0.761613;10.053790;33.615835;1.499082;0.087089;-42.400933;-0.400673;0.401151;ORGANIZING
2026.07.22 06:52:00;EURUSDm;1.14115;0.524480;0.506757;12.906141;0.639059;1.000000;1.000000;0.743200;10.026496;33.702490;1.564801;0.087652;-41.974799;-0.398673;0.401631;ORGANIZING
2026.07.22 06:53:00;EURUSDm;1.14107;0.690929;1.315789;13.424338;0.652895;1.000000;1.000000;0.731950;10.000392;33.789023;1.531639;0.087833;-41.482265;-0.399659;0.401394;ORGANIZING
2026.07.22 06:54:00;EURUSDm;1.14101;0.784241;0.986842;14.012518;0.649593;1.000000;1.000000;0.724761;9.973058;33.875250;1.539426;0.088126;-40.907964;-0.399411;0.401454;ORGANIZING
2026.07.22 06:55:00;EURUSDm;1.14093;0.602348;1.307190;14.464279;0.662473;1.000000;1.000000;0.711111;9.943179;33.961306;1.509496;0.088364;-40.468080;-0.400297;0.401241;ORGANIZING
2026.07.22 06:56:00;EURUSDm;1.14098;0.807562;0.827815;15.069950;0.650740;1.000000;1.000000;0.705839;9.912394;34.046937;1.536713;0.088739;-39.864192;-0.399462;0.401442;ORGANIZING
2026.07.22 06:57:00;EURUSDm;1.14091;0.812262;1.147541;15.679147;0.655580;1.000000;1.000000;0.701007;9.881454;34.132308;1.525367;0.088983;-39.273663;-0.399790;0.401363;ORGANIZING
2026.07.22 06:58:00;EURUSDm;1.14102;0.615596;1.779935;16.140844;0.691798;1.000000;1.000000;0.689042;9.848888;34.217715;1.445510;0.089049;-38.844528;-0.402182;0.400788;ORGANIZING
2026.07.22 06:59:00;EURUSDm;1.14115;0.309440;2.037618;14.849576;0.739089;1.000000;1.000000;0.719153;9.799800;34.303103;1.353018;0.088825;-40.230522;-0.404968;0.400119;ORGANIZING
2026.07.22 07:00:00;EURUSDm;1.14111;0.376194;0.626959;13.661610;0.713482;1.000000;1.000000;0.742594;9.767979;34.387918;1.401577;0.089094;-41.460935;-0.403498;0.400472;ORGANIZING
2026.07.22 07:01:00;EURUSDm;1.14102;0.825511;1.406250;14.280743;0.728121;1.000000;1.000000;0.736421;9.736226;34.472562;1.373399;0.089280;-40.865233;-0.404334;0.400271;ORGANIZING
2026.07.22 07:02:00;EURUSDm;1.14085;0.446640;2.567976;13.138284;0.800113;1.000000;1.000000;0.756723;9.722910;34.557792;1.249823;0.088654;-42.178887;-0.408073;0.399374;ORGANIZING
2026.07.22 07:03:00;EURUSDm;1.14085;0.376580;0.001000;12.087221;0.740158;1.000000;0.991520;0.771440;9.726981;34.642463;1.351064;0.088979;-43.292241;-0.405019;0.400107;ORGANIZING
2026.07.22 07:04:00;EURUSDm;1.14098;0.892636;1.981707;12.756698;0.782235;1.000000;1.000000;0.766341;9.731020;34.727596;1.278388;0.088656;-42.747856;-0.407216;0.399580;ORGANIZING
2026.07.22 07:05:00;EURUSDm;1.14092;0.416128;0.911854;11.736162;0.768716;1.000000;1.000000;0.779051;9.749340;34.812776;1.300870;0.088518;-43.902112;-0.406548;0.399740;ORGANIZING
2026.07.22 07:06:00;EURUSDm;1.14093;0.678146;0.151976;12.244771;0.717879;1.000000;0.997586;0.765529;9.767997;34.897635;1.392992;0.088878;-43.437795;-0.403766;0.400408;ORGANIZING
2026.07.22 07:07:00;EURUSDm;1.14106;0.898275;1.934524;12.918478;0.758711;1.000000;1.000000;0.760938;9.764636;34.982869;1.318024;0.088619;-42.874250;-0.406028;0.399865;ORGANIZING
2026.07.22 07:08:00;EURUSDm;1.14105;0.895862;0.151515;13.590374;0.708351;1.000000;0.996936;0.756486;9.740600;35.067358;1.411729;0.089242;-42.179507;-0.403186;0.400547;ORGANIZING
2026.07.22 07:09:00;EURUSDm;1.14114;0.885380;1.351351;14.254409;0.720501;1.000000;1.000000;0.751863;9.697188;35.151535;1.387922;0.089529;-41.515730;-0.403886;0.400379;ORGANIZING
2026.07.22 07:10:00;EURUSDm;1.14117;0.883467;0.453172;14.917009;0.687135;1.000000;1.000000;0.747400;9.661864;35.235025;1.455318;0.090119;-40.823678;-0.401834;0.400872;ORGANIZING
2026.07.22 07:11:00;EURUSDm;1.14107;0.864471;1.474926;15.565362;0.706525;1.000000;1.000000;0.742448;9.644080;35.318531;1.415379;0.090147;-40.232749;-0.403031;0.400584;ORGANIZING
2026.07.22 07:12:00;EURUSDm;1.14113;0.856350;0.892857;16.207625;0.695841;1.000000;1.000000;0.737439;9.628875;35.401778;1.437110;0.090398;-39.622621;-0.402367;0.400744;ORGANIZING
2026.07.22 07:13:00;EURUSDm;1.14107;0.854550;0.882353;16.848538;0.685167;1.000000;1.000000;0.732612;9.614972;35.484779;1.459499;0.090639;-39.016577;-0.401683;0.400908;ORGANIZING
2026.07.22 07:14:00;EURUSDm;1.14121;0.476369;2.034884;15.500655;0.732653;1.000000;1.000000;0.763376;9.581779;35.567924;1.364903;0.090271;-40.490231;-0.404539;0.400222;ORGANIZING
2026.07.22 07:15:00;EURUSDm;1.14106;0.706041;2.106742;16.030186;0.781357;1.000000;1.000000;0.751684;9.549529;35.651233;1.279825;0.090232;-40.004829;-0.407094;0.399609;ORGANIZING
2026.07.22 07:16:00;EURUSDm;1.14110;0.755210;0.560224;16.596593;0.750300;1.000000;1.000000;0.742420;9.517048;35.733906;1.332799;0.090828;-39.406549;-0.405475;0.399998;ORGANIZING
2026.07.22 07:17:00;EURUSDm;1.14105;0.640142;0.702247;17.076700;0.727898;1.000000;1.000000;0.729304;9.483438;35.816020;1.373819;0.091402;-38.892702;-0.404215;0.400300;ORGANIZING
2026.07.22 07:18:00;EURUSDm;1.14127;0.353104;2.981030;15.710564;0.820554;1.000000;1.000000;0.761146;9.440324;35.898628;1.218688;0.090727;-40.411557;-0.408903;0.399175;ORGANIZING
2026.07.22 07:19:00;EURUSDm;1.14130;0.569191;0.406504;16.137457;0.779852;1.000000;1.000000;0.744433;9.406001;35.980487;1.282295;0.091489;-39.923749;-0.406957;0.399642;ORGANIZING
2026.07.22 07:20:00;EURUSDm;1.14142;0.280563;1.608579;14.846460;0.801288;1.000000;1.000000;0.771761;9.370819;36.062208;1.247990;0.091375;-41.302197;-0.407992;0.399394;ORGANIZING
2026.07.22 07:21:00;EURUSDm;1.14134;0.274719;1.101928;13.658743;0.796320;1.000000;1.000000;0.792559;9.330185;36.143473;1.255776;0.091583;-42.526538;-0.407748;0.399452;ORGANIZING
2026.07.22 07:22:00;EURUSDm;1.14132;0.210824;0.283286;12.566044;0.750669;1.000000;1.000000;0.807566;9.289257;36.223872;1.332146;0.092187;-43.602142;-0.405426;0.400009;ORGANIZING
2026.07.22 07:23:00;EURUSDm;1.14125;0.232697;0.983146;11.560760;0.742292;1.000000;1.000000;0.817452;9.248075;36.303776;1.347178;0.092526;-44.616361;-0.404958;0.400122;ORGANIZING
2026.07.22 07:24:00;EURUSDm;1.14118;0.407504;0.980392;10.635900;0.734197;1.000000;1.000000;0.822822;9.223043;36.383348;1.362032;0.092764;-45.573376;-0.404501;0.400231;ORGANIZING
2026.07.22 07:25:00;EURUSDm;1.14121;0.290441;0.423729;9.785028;0.698674;1.000000;1.000000;0.824225;9.196439;36.462299;1.431283;0.093289;-46.417273;-0.402397;0.400737;ORGANIZING
2026.07.22 07:26:00;EURUSDm;1.14122;0.288327;0.142857;9.002225;0.650883;1.000000;0.998848;0.822154;9.182882;36.540637;1.536374;0.093845;-47.199366;-0.399217;0.401501;ORGANIZING
2026.07.22 07:27:00;EURUSDm;1.14130;0.341199;1.139601;8.282047;0.655319;1.000000;1.000000;0.817055;9.183332;36.619024;1.525974;0.093846;-47.993069;-0.399528;0.401426;ORGANIZING
2026.07.22 07:28:00;EURUSDm;1.14126;0.392326;0.574713;7.619484;0.631289;1.000000;1.000000;0.809330;9.197124;36.697308;1.584061;0.094005;-48.722022;-0.397778;0.401846;ORGANIZING
2026.07.22 07:29:00;EURUSDm;1.14127;0.636099;0.144092;8.096558;0.586929;1.000000;0.998370;0.792718;9.212717;36.775304;1.703784;0.094408;-48.276544;-0.394166;0.402715;ORGANIZING
2026.07.22 07:30:00;EURUSDm;1.14152;0.307956;3.360215;7.448833;0.705593;1.000000;1.000000;0.785468;9.241335;36.854773;1.417247;0.093176;-49.165140;-0.402824;0.400634;ORGANIZING
2026.07.22 07:31:00;EURUSDm;1.14168;0.222526;2.216066;6.852926;0.761117;1.000000;1.000000;0.775990;9.282253;36.935207;1.313859;0.092427;-49.959883;-0.405963;0.399881;ORGANIZING
2026.07.22 07:32:00;EURUSDm;1.14146;0.362852;2.917772;6.304692;0.848950;1.000000;1.000000;0.764602;9.334871;37.017045;1.177926;0.091337;-50.760249;-0.410095;0.398889;ORGANIZING
2026.07.22 07:33:00;EURUSDm;1.14142;0.348410;0.530504;5.800317;0.813027;1.000000;1.000000;0.751591;9.398679;37.099162;1.229971;0.091213;-51.412412;-0.408540;0.399262;ORGANIZING
2026.07.22 07:34:00;EURUSDm;1.14134;0.843665;1.047120;6.433065;0.804732;1.000000;1.000000;0.745649;9.442361;37.181633;1.242650;0.090969;-50.929320;-0.408172;0.399351;ORGANIZING
2026.07.22 07:35:00;EURUSDm;1.14138;0.372887;0.529101;5.918420;0.770950;1.000000;1.000000;0.734098;9.496267;37.264305;1.297100;0.090898;-51.577567;-0.406542;0.399742;ORGANIZING
2026.07.22 07:36:00;EURUSDm;1.14133;0.521409;0.666667;6.309477;0.745736;1.000000;1.000000;0.716946;9.551657;37.347279;1.340957;0.090791;-51.320745;-0.405232;0.400056;ORGANIZING
2026.07.22 07:37:00;EURUSDm;1.14137;0.382767;0.529101;5.804719;0.714904;1.000000;1.000000;0.706337;9.616618;37.430595;1.398788;0.090597;-51.986691;-0.403506;0.400470;ORGANIZING
2026.07.22 07:38:00;EURUSDm;1.14123;0.941230;1.799486;6.510641;0.749133;1.000000;1.000000;0.706316;9.660535;37.514691;1.334876;0.089961;-51.486885;-0.405456;0.400002;ORGANIZING
2026.07.22 07:39:00;EURUSDm;1.14108;0.557320;1.875000;6.928631;0.785427;1.000000;1.000000;0.691900;9.704320;37.599589;1.273193;0.089432;-51.248824;-0.407333;0.399552;ORGANIZING
2026.07.22 07:40:00;EURUSDm;1.14094;0.281063;1.703163;6.374341;0.811314;1.000000;1.000000;0.685019;9.740520;37.685107;1.232569;0.088993;-51.973158;-0.408573;0.399254;ORGANIZING
2026.07.22 07:41:00;EURUSDm;1.14073;0.237440;2.459016;5.864394;0.873699;1.000000;1.000000;0.676266;9.769761;37.771542;1.144559;0.088341;-52.672900;-0.411246;0.398613;ORGANIZING
2026.07.22 07:42:00;EURUSDm;1.14067;0.226580;0.697674;5.395242;0.844898;1.000000;1.000000;0.665910;9.792620;37.857917;1.183575;0.088469;-53.224632;-0.410069;0.398896;ORGANIZING
2026.07.22 07:43:00;EURUSDm;1.14070;0.253171;0.352941;4.963623;0.800300;1.000000;1.000000;0.654196;9.809628;37.944016;1.249532;0.088777;-53.708341;-0.408075;0.399374;ORGANIZING
2026.07.22 07:44:00;EURUSDm;1.14064;0.258618;0.705882;4.566533;0.775579;1.000000;1.000000;0.641340;9.821274;38.029985;1.289360;0.088982;-54.164259;-0.406870;0.399663;ORGANIZING
2026.07.22 07:45:00;EURUSDm;1.14052;0.221443;1.398601;4.201210;0.786730;1.000000;1.000000;0.627539;9.828005;38.116132;1.271084;0.088950;-54.612742;-0.407420;0.399531;ORGANIZING
2026.07.22 07:46:00;EURUSDm;1.14044;0.208656;0.925926;3.865113;0.773690;1.000000;1.000000;0.612967;9.830237;38.202171;1.292508;0.089151;-54.997155;-0.406767;0.399688;ORGANIZING
2026.07.22 07:47:00;EURUSDm;1.14031;0.186342;1.484018;3.555904;0.789206;1.000000;1.000000;0.597779;9.828347;38.288347;1.267096;0.089164;-55.373901;-0.407529;0.399505;ORGANIZING
2026.07.22 07:48:00;EURUSDm;1.14047;0.213469;1.805869;3.271432;0.820039;1.000000;1.000000;0.582114;9.822686;38.374774;1.219454;0.089088;-55.732981;-0.408962;0.399161;ORGANIZING
2026.07.22 07:49:00;EURUSDm;1.14055;0.226909;0.913242;3.009717;0.804699;1.000000;1.000000;0.566094;9.824441;38.461065;1.242700;0.089324;-56.037117;-0.408253;0.399331;ORGANIZING
2026.07.22 07:50:00;EURUSDm;1.14057;0.184178;0.229358;2.768940;0.755932;1.000000;0.992841;0.549828;9.822117;38.546846;1.322870;0.089864;-56.277729;-0.405821;0.399915;ORGANIZING
2026.07.22 07:51:00;EURUSDm;1.14064;0.177495;0.806452;2.547425;0.738458;1.000000;1.000000;0.533413;9.816062;38.632391;1.354172;0.090188;-56.522373;-0.404865;0.400144;ORGANIZING
2026.07.22 07:52:00;EURUSDm;1.14063;0.194291;0.119617;2.343631;0.687516;1.000000;0.987856;0.516932;9.806592;38.717332;1.454511;0.090818;-56.708265;-0.401824;0.400874;ORGANIZING
2026.07.22 07:53:00;EURUSDm;1.14078;0.223685;1.732102;2.156140;0.719746;1.000000;1.000000;0.500460;9.794001;38.802470;1.389380;0.090792;-56.954996;-0.403779;0.400405;ORGANIZING
2026.07.22 07:54:00;EURUSDm;1.14092;0.293610;1.612903;1.983649;0.744403;1.000000;1.000000;0.484061;9.789525;38.887809;1.343358;0.090761;-57.195736;-0.405161;0.400073;ORGANIZING
2026.07.22 07:55:00;EURUSDm;1.14095;0.287396;0.348028;1.824957;0.704585;1.000000;0.994123;0.467793;9.781512;38.972670;1.419276;0.091292;-57.350907;-0.402857;0.400626;ORGANIZING
2026.07.22 07:56:00;EURUSDm;1.14097;0.333426;0.231481;1.678961;0.660930;0.999797;0.983803;0.451703;9.778910;39.057072;1.512714;0.091796;-57.500469;-0.400029;0.401305;ORGANIZING
2026.07.22 07:57:00;EURUSDm;1.14100;0.325529;0.355450;1.544644;0.625660;0.994903;0.977621;0.435834;9.772616;39.141157;1.590166;0.091831;-57.644169;-0.397703;0.401864;ORGANIZING
2026.07.22 07:58:00;EURUSDm;1.14087;0.331105;1.497696;1.421072;0.649363;0.985648;1.000000;0.420220;9.774648;39.225684;1.517868;0.090891;-57.858065;-0.399919;0.401332;ORGANIZING
2026.07.22 07:59:00;EURUSDm;1.14089;0.581067;0.234192;1.856873;0.608892;0.995314;0.987904;0.420999;9.776493;39.309632;1.634631;0.092104;-57.461322;-0.396356;0.402188;ORGANIZING
2026.07.22 08:00:00;EURUSDm;1.14081;0.800598;0.925926;2.457322;0.604837;1.000000;1.000000;0.429972;9.766780;39.393348;1.653337;0.092579;-56.934369;-0.395771;0.402329;ORGANIZING
2026.07.22 08:01:00;EURUSDm;1.14075;0.909695;0.700935;3.139593;0.589642;1.000000;1.000000;0.442587;9.745195;39.476696;1.695944;0.092787;-56.302308;-0.394482;0.402639;ORGANIZING
2026.07.22 08:02:00;EURUSDm;1.14078;0.866336;0.352941;3.789345;0.557807;1.000000;0.992843;0.452945;9.712528;39.559400;1.792734;0.093255;-55.658807;-0.391555;0.403343;ORGANIZING
2026.07.22 08:03:00;EURUSDm;1.14081;0.859914;0.355450;4.434280;0.527689;1.000000;0.986388;0.462545;9.669258;39.641369;1.895055;0.093813;-54.998384;-0.388458;0.404089;ORGANIZING
2026.07.22 08:04:00;EURUSDm;1.14075;0.860092;0.724638;5.079349;0.517537;1.000000;0.993416;0.471671;9.626040;39.722805;1.932230;0.094204;-54.356415;-0.387323;0.404362;ORGANIZING
2026.07.22 08:05:00;EURUSDm;1.14068;0.663693;0.862069;5.577119;0.514763;1.000000;1.000000;0.472976;9.591669;39.803869;1.942640;0.094523;-53.870803;-0.386995;0.404441;ORGANIZING
2026.07.22 08:06:00;EURUSDm;1.14068;0.457686;0.001000;5.130950;0.469075;1.000000;0.981589;0.471636;9.556369;39.884124;2.131855;0.095265;-54.278259;-0.381281;0.405818;ORGANIZING
2026.07.22 08:07:00;EURUSDm;1.14062;0.370136;0.744417;4.720474;0.462842;1.000000;0.989795;0.468578;9.520233;39.963955;2.160564;0.095679;-54.683944;-0.380399;0.406031;ORGANIZING
2026.07.22 08:08:00;EURUSDm;1.14053;0.888523;1.153846;5.386866;0.477392;1.000000;1.000000;0.478468;9.493786;40.043666;2.094713;0.095697;-54.078702;-0.382374;0.405555;ORGANIZING
2026.07.22 08:09:00;EURUSDm;1.14064;0.885519;1.381910;6.051005;0.502618;1.000000;1.000000;0.487752;9.476730;40.123460;1.989581;0.095537;-53.504037;-0.385536;0.404792;ORGANIZING
2026.07.22 08:10:00;EURUSDm;1.14059;0.885682;0.639386;6.715267;0.489457;1.000000;1.000000;0.496577;9.468810;40.203042;2.043082;0.095649;-52.908006;-0.383925;0.405181;ORGANIZING
2026.07.22 08:11:00;EURUSDm;1.14051;0.749314;1.023018;7.277253;0.496135;1.000000;1.000000;0.499848;9.468764;40.282691;2.015582;0.095559;-52.438797;-0.384755;0.404981;ORGANIZING
2026.07.22 08:12:00;EURUSDm;1.14062;0.877542;1.375000;7.935409;0.520078;1.000000;1.000000;0.507763;9.477338;40.362666;1.922789;0.095191;-51.917537;-0.387557;0.404306;ORGANIZING
2026.07.22 08:13:00;EURUSDm;1.14068;0.867869;0.751880;8.586311;0.511668;1.000000;1.000000;0.514920;9.494253;40.442725;1.954392;0.095049;-51.386428;-0.386616;0.404532;ORGANIZING
2026.07.22 08:14:00;EURUSDm;1.14049;0.281869;2.311436;7.899406;0.581656;1.000000;1.000000;0.523519;9.505939;40.523601;1.719228;0.094241;-52.264769;-0.393711;0.402824;ORGANIZING
2026.07.22 08:15:00;EURUSDm;1.14042;0.259731;0.843373;7.267453;0.574742;1.000000;1.000000;0.528941;9.512835;40.604477;1.739910;0.094193;-52.995316;-0.393093;0.402973;ORGANIZING
2026.07.22 08:16:00;EURUSDm;1.14054;0.292742;1.408451;6.686057;0.596428;1.000000;1.000000;0.531564;9.515341;40.685594;1.676649;0.093956;-53.689775;-0.395003;0.402514;ORGANIZING
2026.07.22 08:17:00;EURUSDm;1.14063;0.322971;1.053864;6.151173;0.599300;1.000000;1.000000;0.531730;9.513830;40.766726;1.668615;0.093942;-54.305972;-0.395244;0.402455;ORGANIZING
2026.07.22 08:18:00;EURUSDm;1.14060;0.412271;0.352113;5.659079;0.566940;1.000000;0.995934;0.529748;9.508641;40.847481;1.763854;0.094292;-54.832120;-0.392370;0.403147;ORGANIZING
2026.07.22 08:19:00;EURUSDm;1.14052;0.331885;0.923788;5.206352;0.564783;1.000000;1.000000;0.525897;9.494592;40.928075;1.770593;0.094471;-55.327484;-0.392159;0.403198;ORGANIZING
2026.07.22 08:20:00;EURUSDm;1.14057;0.448819;0.605327;4.789844;0.546810;1.000000;1.000000;0.520427;9.470445;41.008248;1.828790;0.094898;-55.746957;-0.390391;0.403623;ORGANIZING
2026.07.22 08:21:00;EURUSDm;1.14059;0.622629;0.250627;5.256816;0.512001;1.000000;0.991987;0.517755;9.444265;41.087810;1.953123;0.095474;-55.267034;-0.386633;0.404528;ORGANIZING
2026.07.22 08:22:00;EURUSDm;1.14066;0.772483;0.911458;5.836178;0.511974;1.000000;1.000000;0.520835;9.417512;41.167105;1.953226;0.095691;-54.719594;-0.386619;0.404532;ORGANIZING
2026.07.22 08:23:00;EURUSDm;1.14081;0.850147;1.898734;6.473788;0.561312;1.000000;1.000000;0.526674;9.390819;41.246626;1.781542;0.095431;-54.169136;-0.391782;0.403288;ORGANIZING
2026.07.22 08:24:00;EURUSDm;1.14085;0.829652;0.511509;7.096027;0.538821;1.000000;1.000000;0.531452;9.364032;41.325655;1.855903;0.095838;-53.559418;-0.389531;0.403830;ORGANIZING
2026.07.22 08:25:00;EURUSDm;1.14083;0.599171;0.257069;7.545405;0.504734;1.000000;0.992598;0.527348;9.336895;41.404071;1.981242;0.096442;-53.091886;-0.385741;0.404743;ORGANIZING
2026.07.22 08:26:00;EURUSDm;1.14078;0.809419;0.642674;8.152469;0.491631;1.000000;0.998808;0.531334;9.320425;41.482192;2.034047;0.096680;-52.524872;-0.384145;0.405128;ORGANIZING
2026.07.22 08:27:00;EURUSDm;1.14066;0.803711;1.511335;8.755252;0.522616;1.000000;1.000000;0.534907;9.314171;41.560560;1.913451;0.096416;-52.026078;-0.387776;0.404253;ORGANIZING
2026.07.22 08:28:00;EURUSDm;1.14078;0.384306;1.518987;8.054832;0.552435;1.000000;1.000000;0.543182;9.294280;41.639027;1.810169;0.096247;-52.811553;-0.390883;0.403505;ORGANIZING
2026.07.22 08:29:00;EURUSDm;1.14078;0.602908;0.001000;8.507013;0.504863;1.000000;0.984046;0.538632;9.272368;41.716799;1.980736;0.096938;-52.336650;-0.385731;0.404745;ORGANIZING
2026.07.22 08:30:00;EURUSDm;1.14098;0.277877;2.590674;7.826452;0.589153;1.000000;1.000000;0.545729;9.237118;41.795062;1.697351;0.096413;-53.123457;-0.394259;0.402693;ORGANIZING
2026.07.22 08:31:00;EURUSDm;1.14108;0.233960;1.333333;7.200336;0.606362;1.000000;1.000000;0.549748;9.191702;41.873043;1.649179;0.096639;-53.761969;-0.395693;0.402348;ORGANIZING
2026.07.22 08:32:00;EURUSDm;1.14099;0.284716;1.190476;6.624309;0.615568;1.000000;1.000000;0.551062;9.158854;41.950787;1.624516;0.096848;-54.361879;-0.396422;0.402172;ORGANIZING
2026.07.22 08:33:00;EURUSDm;1.14098;0.320577;0.132979;6.094364;0.571439;1.000000;0.988941;0.550006;9.137980;42.027881;1.749969;0.097471;-54.880927;-0.392627;0.403085;ORGANIZING
2026.07.22 08:34:00;EURUSDm;1.14098;0.250927;0.001000;5.606815;0.522917;1.000000;0.973614;0.546883;9.115216;42.104262;1.912351;0.098183;-55.344562;-0.387720;0.404266;ORGANIZING
2026.07.22 08:35:00;EURUSDm;1.14101;0.233611;0.415512;5.158270;0.497546;1.000000;0.973221;0.541966;9.090731;42.180145;2.009863;0.098714;-55.784817;-0.384768;0.404977;ORGANIZING
2026.07.22 08:36:00;EURUSDm;1.14100;0.261618;0.141243;4.745608;0.459731;1.000000;0.963071;0.535501;9.064682;42.255389;2.175184;0.099404;-56.169879;-0.379774;0.406181;ORGANIZING
2026.07.22 08:37:00;EURUSDm;1.14096;0.311767;0.579710;4.365960;0.445730;1.000000;0.968396;0.527709;9.037211;42.330219;2.243509;0.099894;-56.539828;-0.377700;0.406682;ORGANIZING
2026.07.22 08:38:00;EURUSDm;1.14108;0.264452;1.759531;4.016683;0.491420;1.000000;1.000000;0.518787;9.008449;42.405217;2.034918;0.099814;-56.934426;-0.383962;0.405172;ORGANIZING
2026.07.22 08:39:00;EURUSDm;1.14101;0.260554;1.029412;3.695348;0.498320;1.000000;1.000000;0.508914;8.978517;42.479986;2.006743;0.100143;-57.257819;-0.384791;0.404972;ORGANIZING
2026.07.22 08:40:00;EURUSDm;1.14109;0.255290;1.156069;3.399720;0.511207;1.000000;1.000000;0.498250;8.947525;42.554573;1.956154;0.100432;-57.557611;-0.386294;0.404610;ORGANIZING
2026.07.22 08:41:00;EURUSDm;1.14113;0.258160;0.583090;3.127743;0.494801;1.000000;1.000000;0.486936;8.924078;42.628762;2.021013;0.100951;-57.817850;-0.384322;0.405085;ORGANIZING
2026.07.22 08:42:00;EURUSDm;1.14103;0.302907;1.420455;2.877523;0.521084;1.000000;1.000000;0.475101;8.909045;42.703063;1.919076;0.100957;-58.114914;-0.387380;0.404348;ORGANIZING
2026.07.22 08:43:00;EURUSDm;1.14106;0.375651;0.441176;2.647321;0.497089;1.000000;0.997070;0.462856;8.902764;42.777062;2.011713;0.101392;-58.358068;-0.384579;0.405023;ORGANIZING
2026.07.22 08:44:00;EURUSDm;1.14108;0.399571;0.304878;2.435536;0.467478;1.000000;0.989043;0.450302;8.904855;42.850785;2.139137;0.101806;-58.593042;-0.380736;0.405949;ORGANIZING
2026.07.22 08:45:00;EURUSDm;1.14101;0.489542;1.054217;2.240693;0.476815;1.000000;1.000000;0.437529;8.913378;42.924687;2.097249;0.101753;-58.862623;-0.381995;0.405646;ORGANIZING
2026.07.22 08:46:00;EURUSDm;1.14112;0.323323;1.612903;2.061437;0.513620;1.000000;1.000000;0.424615;8.929721;42.999120;1.946966;0.101338;-59.159976;-0.386524;0.404554;ORGANIZING
2026.07.22 08:47:00;EURUSDm;1.14109;0.289654;0.439883;1.896522;0.489933;1.000000;0.995257;0.411630;8.953660;43.073556;2.041097;0.101469;-59.397547;-0.383694;0.405236;ORGANIZING
2026.07.22 08:48:00;EURUSDm;1.14088;0.754529;3.008596;2.462419;0.595866;1.000000;1.000000;0.419344;8.964816;43.149163;1.678230;0.100200;-59.050929;-0.394643;0.402600;ORGANIZING
2026.07.22 08:49:00;EURUSDm;1.14089;0.710422;0.143678;2.995235;0.553256;1.000000;0.984706;0.425017;8.975110;43.224447;1.807480;0.100468;-58.582722;-0.390752;0.403536;ORGANIZING
2026.07.22 08:50:00;EURUSDm;1.14085;0.608718;0.581395;3.451774;0.534663;1.000000;0.985466;0.426593;8.973981;43.299533;1.870336;0.100652;-58.183572;-0.388857;0.403992;ORGANIZING
2026.07.22 08:51:00;EURUSDm;1.14082;0.373858;0.439883;3.175632;0.509924;1.000000;0.981301;0.419071;8.969358;43.374326;1.961075;0.101027;-58.485476;-0.386116;0.404653;ORGANIZING
2026.07.22 08:52:00;EURUSDm;1.14083;0.528496;0.147493;3.572003;0.471803;1.000000;0.966785;0.417936;8.955034;43.448594;2.119530;0.101577;-58.094334;-0.381335;0.405805;ORGANIZING
2026.07.22 08:53:00;EURUSDm;1.14089;0.733621;0.877193;4.122219;0.472072;1.000000;0.978277;0.424550;8.929981;43.522615;2.118320;0.101765;-57.581529;-0.381362;0.405798;ORGANIZING
2026.07.22 08:54:00;EURUSDm;1.14087;0.682317;0.295858;4.633956;0.443262;1.000000;0.969252;0.428909;8.895059;43.595998;2.256004;0.102383;-57.053240;-0.377201;0.406802;ORGANIZING
2026.07.22 08:55:00;EURUSDm;1.14089;0.643046;0.300300;5.116241;0.416114;1.000000;0.960850;0.431578;8.851004;43.668669;2.403190;0.103107;-56.533707;-0.372749;0.407877;ORGANIZING
2026.07.22 08:56:00;EURUSDm;1.14083;0.493451;0.884956;4.706941;0.419556;1.000000;0.973299;0.430464;8.807136;43.740936;2.383474;0.103550;-56.928750;-0.373318;0.407739;ORGANIZING
2026.07.22 08:57:00;EURUSDm;1.14092;0.739480;1.315789;5.261551;0.444367;1.000000;1.000000;0.436671;8.772056;43.813100;2.250390;0.103594;-56.413371;-0.377309;0.406776;ORGANIZING
2026.07.22 08:58:00;EURUSDm;1.14093;0.540796;0.149701;5.667148;0.409634;1.000000;0.985523;0.435118;8.744701;43.884644;2.441204;0.104281;-55.986766;-0.371550;0.408167;ORGANIZING
2026.07.22 08:59:00;EURUSDm;1.14096;0.730463;0.460123;6.214995;0.392158;1.000000;0.982363;0.440754;8.726173;43.955827;2.549990;0.104613;-55.466845;-0.368270;0.408959;ORGANIZING
2026.07.22 09:00:00;EURUSDm;1.14108;0.740616;1.801802;6.770457;0.442641;1.000000;1.000000;0.446489;8.716250;44.027416;2.259169;0.104108;-55.025078;-0.377020;0.406846;ORGANIZING
2026.07.22 09:01:00;EURUSDm;1.14107;0.732962;0.153374;7.320179;0.408177;1.000000;0.985995;0.451651;8.714593;44.098644;2.449916;0.104445;-54.519131;-0.371280;0.408232;ORGANIZING
2026.07.22 09:02:00;EURUSDm;1.14106;0.725261;0.158228;7.864124;0.375680;1.000000;0.972831;0.456266;8.720886;44.169609;2.661841;0.104681;-54.035469;-0.364911;0.409771;ORGANIZING
2026.07.22 09:03:00;EURUSDm;1.14098;0.737341;1.257862;8.417130;0.399789;1.000000;0.998777;0.461103;8.734980;44.240957;2.501320;0.104211;-53.615781;-0.369750;0.408601;ORGANIZING
2026.07.22 09:04:00;EURUSDm;1.14109;0.748274;1.774194;8.978335;0.448509;1.000000;1.000000;0.466108;8.756733;44.313009;2.229609;0.103398;-53.228865;-0.377942;0.406623;ORGANIZING
2026.07.22 09:05:00;EURUSDm;1.14108;0.727776;0.164474;9.524167;0.414307;1.000000;0.987070;0.470094;8.785784;44.385010;2.413667;0.103411;-52.786906;-0.372419;0.407957;ORGANIZING
2026.07.22 09:06:00;EURUSDm;1.14101;0.663259;1.170569;10.021612;0.432120;1.000000;1.000000;0.471462;8.821457;44.457546;2.314170;0.102827;-52.453892;-0.375434;0.407229;ORGANIZING
2026.07.22 09:07:00;EURUSDm;1.14118;0.712802;2.768730;10.556214;0.528951;1.000000;1.000000;0.474619;8.863946;44.531475;1.890535;0.101343;-52.181342;-0.388217;0.404147;ORGANIZING
2026.07.22 09:08:00;EURUSDm;1.14113;0.353620;0.809061;9.711717;0.522956;1.000000;1.000000;0.493113;8.892120;44.605626;1.912205;0.100927;-53.187330;-0.387588;0.404298;ORGANIZING
2026.07.22 09:09:00;EURUSDm;1.14112;0.377181;0.165563;8.934779;0.485087;1.000000;0.988054;0.507304;8.907054;44.679547;2.061487;0.101016;-54.058571;-0.383105;0.405378;ORGANIZING
2026.07.22 09:10:00;EURUSDm;1.14110;0.353213;0.334448;8.219997;0.457555;1.000000;0.982933;0.517678;8.910201;44.753225;2.185531;0.101159;-54.846541;-0.379376;0.406277;ORGANIZING
2026.07.22 09:11:00;EURUSDm;1.14099;0.459447;1.785714;7.562397;0.503963;1.000000;1.000000;0.524674;8.909518;44.827360;1.984274;0.100622;-55.637309;-0.385441;0.404815;ORGANIZING
2026.07.22 09:12:00;EURUSDm;1.14079;0.707386;3.115265;8.092937;0.614528;1.000000;1.000000;0.524967;8.910180;44.902607;1.627265;0.099506;-55.294492;-0.396207;0.402224;ORGANIZING
2026.07.22 09:13:00;EURUSDm;1.14095;0.723165;2.484472;8.635311;0.688025;1.000000;1.000000;0.525837;8.910760;44.978595;1.453435;0.098769;-54.904504;-0.401458;0.400962;ORGANIZING
2026.07.22 09:14:00;EURUSDm;1.14091;0.710784;0.621118;9.168399;0.664680;1.000000;1.000000;0.526200;8.911550;45.054357;1.504484;0.098986;-54.426139;-0.399916;0.401332;ORGANIZING
2026.07.22 09:15:00;EURUSDm;1.14086;0.697566;0.769231;9.691573;0.649907;1.000000;1.000000;0.526049;8.912746;45.129983;1.538681;0.099121;-53.965907;-0.398884;0.401581;ORGANIZING
2026.07.22 09:16:00;EURUSDm;1.14085;0.696091;0.155763;10.213642;0.605200;1.000000;0.988863;0.525850;8.923249;45.205268;1.652346;0.099460;-53.495024;-0.395457;0.402404;ORGANIZING
2026.07.22 09:17:00;EURUSDm;1.14086;0.683870;0.161290;10.726544;0.563005;1.000000;0.978303;0.525202;8.933283;45.280231;1.776184;0.099786;-53.033662;-0.391725;0.403302;ORGANIZING
2026.07.22 09:18:00;EURUSDm;1.14090;0.687043;0.662252;11.241826;0.547967;1.000000;0.985623;0.524706;8.944363;45.355154;1.824928;0.099830;-52.599434;-0.390261;0.403655;ORGANIZING
2026.07.22 09:19:00;EURUSDm;1.14093;0.680933;0.491803;11.752526;0.525159;1.000000;0.986704;0.524006;8.955017;45.429956;1.904186;0.099958;-52.160634;-0.387877;0.404229;ORGANIZING
2026.07.22 09:20:00;EURUSDm;1.14092;0.449937;0.174825;10.812324;0.487642;1.000000;0.976629;0.544816;8.950660;45.504339;2.050684;0.100169;-53.170610;-0.383471;0.405290;ORGANIZING
2026.07.22 09:21:00;EURUSDm;1.14080;0.301574;2.083333;9.947338;0.547427;1.000000;1.000000;0.560824;8.932179;45.579135;1.826729;0.099597;-54.165230;-0.390218;0.403665;ORGANIZING
2026.07.22 09:22:00;EURUSDm;1.14082;0.332258;0.355872;9.151551;0.517849;1.000000;0.997084;0.572572;8.900392;45.653317;1.931065;0.100092;-54.965544;-0.387063;0.404424;ORGANIZING
2026.07.22 09:23:00;EURUSDm;1.14084;0.507621;0.354610;9.532267;0.489687;1.000000;0.994638;0.562980;8.867042;45.726885;2.042121;0.100809;-54.544347;-0.383696;0.405236;ORGANIZING
2026.07.22 09:24:00;EURUSDm;1.14086;0.326133;0.352113;8.769685;0.462808;1.000000;0.991854;0.572960;8.824793;45.799761;2.160722;0.101414;-55.288389;-0.380108;0.406101;ORGANIZING
2026.07.22 09:25:00;EURUSDm;1.14086;0.337329;0.001000;8.068111;0.419718;1.000000;0.977227;0.579390;8.795229;45.871910;2.382553;0.102100;-55.972757;-0.373418;0.407715;ORGANIZING
2026.07.22 09:26:00;EURUSDm;1.14080;0.345366;1.048951;7.422662;0.431179;1.000000;1.000000;0.582693;8.777243;45.943994;2.319220;0.102133;-56.672384;-0.375317;0.407257;ORGANIZING
2026.07.22 09:27:00;EURUSDm;1.14086;0.256985;1.041667;6.828849;0.441704;1.000000;1.000000;0.583249;8.770630;46.016118;2.263960;0.102087;-57.336732;-0.376977;0.406856;ORGANIZING
2026.07.22 09:28:00;EURUSDm;1.14088;0.285677;0.359712;6.282541;0.417604;1.000000;0.998004;0.581402;8.761069;46.087904;2.394612;0.102458;-57.907910;-0.373039;0.407807;ORGANIZING
2026.07.22 09:29:00;EURUSDm;1.14087;0.285563;0.183824;5.779938;0.385915;1.000000;0.989856;0.577462;8.748812;46.159252;2.591243;0.102963;-58.417778;-0.367115;0.409238;ORGANIZING
2026.07.22 09:30:00;EURUSDm;1.14082;0.270209;0.929368;5.317543;0.393088;1.000000;1.000000;0.571709;8.734092;46.230523;2.543960;0.103105;-58.917671;-0.368526;0.408897;ORGANIZING
2026.07.22 09:31:00;EURUSDm;1.14087;0.510854;0.925926;5.700683;0.399730;1.000000;1.000000;0.562281;8.709039;46.301611;2.501690;0.103401;-58.543297;-0.369779;0.408594;ORGANIZING
2026.07.22 09:32:00;EURUSDm;1.14099;0.335755;2.205882;5.244628;0.470037;1.000000;1.000000;0.556969;8.693977;46.373251;2.127490;0.102870;-59.100553;-0.381032;0.405878;ORGANIZING
2026.07.22 09:33:00;EURUSDm;1.14114;0.345705;2.640845;4.825058;0.558578;1.000000;1.000000;0.550099;8.688610;46.445723;1.790261;0.102069;-59.656660;-0.391189;0.403431;ORGANIZING
2026.07.22 09:34:00;EURUSDm;1.14124;0.244540;1.712329;4.439054;0.596265;1.000000;1.000000;0.541895;8.692460;46.518610;1.677106;0.101723;-60.144531;-0.394601;0.402610;ORGANIZING
2026.07.22 09:35:00;EURUSDm;1.14120;0.241975;0.692042;4.083929;0.581054;1.000000;1.000000;0.532556;8.705074;46.591472;1.721010;0.101847;-60.563857;-0.393277;0.402929;ORGANIZING
2026.07.22 09:36:00;EURUSDm;1.14117;0.256413;0.533808;3.757215;0.558692;1.000000;1.000000;0.522264;8.726113;46.664320;1.789896;0.101967;-60.962551;-0.391205;0.403427;ORGANIZING
2026.07.22 09:37:00;EURUSDm;1.14120;0.250018;0.533808;3.456638;0.537448;1.000000;1.000000;0.511180;8.755182;46.737246;1.860646;0.102001;-61.350778;-0.389081;0.403939;ORGANIZING
2026.07.22 09:38:00;EURUSDm;1.14118;0.283469;0.381679;3.180107;0.509659;1.000000;0.996250;0.499447;8.792023;46.810263;1.962095;0.102029;-61.722755;-0.386036;0.404672;ORGANIZING
2026.07.22 09:39:00;EURUSDm;1.14108;0.471123;1.845018;2.925698;0.556427;1.000000;1.000000;0.487195;8.836331;46.884190;1.797180;0.101215;-62.161972;-0.391024;0.403471;ORGANIZING
2026.07.22 09:40:00;EURUSDm;1.14103;0.631294;0.919118;3.399169;0.554562;1.000000;1.000000;0.486509;8.866281;46.958399;1.803226;0.100935;-61.819371;-0.390856;0.403511;ORGANIZING
2026.07.22 09:41:00;EURUSDm;1.14087;0.707142;2.807018;3.929526;0.647184;1.000000;1.000000;0.488701;8.882128;47.033692;1.545154;0.099820;-61.493009;-0.398654;0.401636;ORGANIZING
2026.07.22 09:42:00;EURUSDm;1.14086;0.700391;0.175439;4.454819;0.603597;1.000000;0.988245;0.490531;8.884684;47.108575;1.656734;0.100212;-61.007783;-0.395287;0.402445;ORGANIZING
2026.07.22 09:43:00;EURUSDm;1.14087;0.690227;0.178571;4.972490;0.562346;1.000000;0.977075;0.491888;8.885859;47.183057;1.778265;0.100603;-60.528406;-0.391622;0.403327;ORGANIZING
2026.07.22 09:44:00;EURUSDm;1.14083;0.701491;0.709220;5.498608;0.549690;1.000000;0.984916;0.493600;8.874140;47.257295;1.819208;0.100833;-60.043856;-0.390382;0.403625;ORGANIZING
2026.07.22 09:45:00;EURUSDm;1.14082;0.707041;0.177936;6.028889;0.511102;1.000000;0.973948;0.495434;8.850162;47.330908;1.956557;0.101454;-59.504311;-0.386231;0.404625;ORGANIZING
2026.07.22 09:46:00;EURUSDm;1.14077;0.710494;0.892857;6.561760;0.510190;1.000000;0.988450;0.497305;8.814520;47.404155;1.960055;0.101812;-58.976235;-0.386108;0.404655;ORGANIZING
2026.07.22 09:47:00;EURUSDm;1.14084;0.728047;1.258993;7.107796;0.527630;1.000000;1.000000;0.499742;8.773237;47.477164;1.895268;0.102034;-58.442955;-0.388040;0.404189;ORGANIZING
2026.07.22 09:48:00;EURUSDm;1.14073;0.530566;1.909722;7.505720;0.576734;1.000000;1.000000;0.494651;8.741602;47.550347;1.733900;0.101906;-58.093868;-0.392888;0.403022;ORGANIZING
2026.07.22 09:49:00;EURUSDm;1.14068;0.430674;0.862069;6.905262;0.571001;1.000000;1.000000;0.499941;8.709148;47.623148;1.751310;0.102249;-58.707065;-0.392348;0.403152;ORGANIZING
2026.07.22 09:50:00;EURUSDm;1.14057;0.339869;1.903114;6.352841;0.617607;1.000000;1.000000;0.502565;8.675955;47.696084;1.619153;0.102081;-59.317890;-0.396321;0.402196;ORGANIZING
2026.07.22 09:51:00;EURUSDm;1.14049;0.255231;1.351351;5.844614;0.634294;1.000000;1.000000;0.502848;8.634014;47.768767;1.576556;0.102342;-59.832173;-0.397586;0.401892;ORGANIZING
2026.07.22 09:52:00;EURUSDm;1.14048;0.214559;0.168919;5.377045;0.591025;1.000000;0.988512;0.501085;8.592168;47.840599;1.691975;0.103260;-60.241085;-0.394078;0.402736;ORGANIZING
2026.07.22 09:53:00;EURUSDm;1.14051;0.197641;0.515464;4.946881;0.567247;1.000000;0.989493;0.497538;8.550426;47.911776;1.762900;0.104002;-60.628070;-0.391913;0.403257;ORGANIZING
2026.07.22 09:54:00;EURUSDm;1.14061;0.198367;1.724138;4.551131;0.605092;1.000000;1.000000;0.492449;8.508794;47.982915;1.652642;0.104098;-61.039363;-0.395216;0.402462;ORGANIZING
2026.07.22 09:55:00;EURUSDm;1.14055;0.199228;1.016949;4.187040;0.605685;1.000000;1.000000;0.486031;8.467282;48.053644;1.651024;0.104613;-61.378914;-0.395239;0.402457;ORGANIZING
2026.07.22 09:56:00;EURUSDm;1.14059;0.208228;0.684932;3.852077;0.589647;1.000000;1.000000;0.478478;8.425894;48.123800;1.695930;0.105329;-61.670113;-0.393856;0.402789;ORGANIZING
2026.07.22 09:57:00;EURUSDm;1.14046;0.192676;2.256944;3.543911;0.653012;1.000000;1.000000;0.469962;8.384637;48.194176;1.531366;0.105179;-62.012476;-0.398800;0.401601;ORGANIZING
2026.07.22 09:58:00;EURUSDm;1.14043;0.195510;0.524476;3.260398;0.626585;1.000000;0.999805;0.460640;8.343517;48.263877;1.595953;0.106036;-62.238377;-0.396820;0.402077;ORGANIZING
2026.07.22 09:59:00;EURUSDm;1.14044;0.209944;0.174825;2.999566;0.583997;1.000000;0.987053;0.450649;8.302538;48.332743;1.712337;0.107099;-62.423548;-0.393275;0.402929;ORGANIZING
2026.07.22 10:00:00;EURUSDm;1.14047;0.227408;0.522648;2.759601;0.560930;1.000000;0.986572;0.440115;8.267421;48.401026;1.782755;0.107893;-62.617427;-0.391123;0.403447;ORGANIZING
2026.07.22 10:01:00;EURUSDm;1.14051;0.289893;0.714286;2.538833;0.548597;1.000000;0.992446;0.429148;8.239991;48.468912;1.822830;0.108487;-62.816953;-0.389891;0.403744;ORGANIZING
2026.07.22 10:02:00;EURUSDm;1.14046;0.276966;0.943396;2.335726;0.548337;1.000000;1.000000;0.417846;8.219982;48.536595;1.823695;0.108859;-63.024861;-0.389846;0.403754;ORGANIZING
2026.07.22 10:03:00;EURUSDm;1.14022;0.223871;4.395604;2.148868;0.720701;1.000000;1.000000;0.406296;8.207118;48.605873;1.387539;0.107134;-63.404534;-0.403017;0.400588;ORGANIZING
2026.07.22 10:04:00;EURUSDm;1.14014;0.222572;1.444043;1.976959;0.736868;1.000000;1.000000;0.394577;8.201299;48.675255;1.357095;0.107150;-63.626916;-0.403930;0.400369;ORGANIZING
2026.07.22 10:05:00;EURUSDm;1.14018;0.236198;0.724638;1.818802;0.716256;1.000000;1.000000;0.382756;8.202393;48.744441;1.396148;0.107511;-63.812194;-0.402740;0.400654;ORGANIZING
2026.07.22 10:06:00;EURUSDm;1.14023;0.259003;0.892857;1.673298;0.705086;1.000000;1.000000;0.370893;8.210266;48.813595;1.418266;0.107686;-64.007702;-0.402068;0.400816;ORGANIZING
2026.07.22 10:07:00;EURUSDm;1.14028;0.254768;0.880282;1.539434;0.693846;0.997525;1.000000;0.359042;8.224898;48.882832;1.437675;0.107518;-64.207599;-0.401494;0.400953;ORGANIZING
2026.07.22 10:08:00;EURUSDm;1.14015;0.251902;2.218430;1.416279;0.750125;0.990332;1.000000;0.347248;8.244668;48.952973;1.320223;0.106008;-64.480318;-0.405093;0.400089;ORGANIZING
2026.07.22 10:09:00;EURUSDm;1.14013;0.259623;0.342466;1.302977;0.709935;0.979382;0.989140;0.335550;8.259468;49.023080;1.379537;0.105254;-64.640692;-0.403351;0.400507;ORGANIZING
2026.07.22 10:10:00;EURUSDm;1.14014;0.294220;0.171233;1.198739;0.663412;0.965202;0.972257;0.323985;8.269711;49.093107;1.454905;0.104266;-64.779970;-0.401140;0.401039;ORGANIZING
2026.07.22 10:11:00;EURUSDm;1.14024;0.416808;1.724138;1.102840;0.697145;0.947901;1.000000;0.312580;8.275780;49.163878;1.359690;0.102084;-64.987004;-0.404105;0.400326;ORGANIZING
2026.07.22 10:12:00;EURUSDm;1.14028;0.497141;0.684932;1.014612;0.677576;0.928144;0.999913;0.301363;8.278026;49.234871;1.369801;0.100264;-65.128468;-0.403893;0.400377;ORGANIZING
2026.07.22 10:13:00;EURUSDm;1.14028;0.431548;0.001000;0.933443;0.625184;0.906467;0.975499;0.290353;8.276770;49.305761;1.449919;0.098611;-65.225282;-0.401572;0.400935;ORGANIZING
2026.07.22 10:14:00;EURUSDm;1.14026;0.316323;0.344828;0.858768;0.593037;0.883123;0.963588;0.279569;8.272310;49.376752;1.489153;0.096570;-65.331657;-0.400497;0.401193;ORGANIZING
2026.07.22 10:15:00;EURUSDm;1.14019;0.305596;1.178451;0.790067;0.604645;0.858228;0.980893;0.269026;8.264918;49.448283;1.419390;0.093913;-65.472522;-0.402723;0.400658;ORGANIZING
2026.07.22 10:16:00;EURUSDm;1.14028;0.339837;1.500000;0.726861;0.632249;0.831999;1.000000;0.258735;8.254846;49.520514;1.315936;0.090970;-65.621064;-0.405973;0.399878;ORGANIZING
2026.07.22 10:17:00;EURUSDm;1.14036;0.814319;1.324503;1.337601;0.650221;0.834374;1.000000;0.276335;8.235635;49.592685;1.283216;0.091067;-65.094871;-0.406950;0.399644;ORGANIZING
2026.07.22 10:18:00;EURUSDm;1.14044;0.811931;1.298701;1.946549;0.665958;0.859906;1.000000;0.292966;8.207595;49.664223;1.291232;0.093809;-64.524847;-0.406573;0.399734;ORGANIZING
2026.07.22 10:19:00;EURUSDm;1.14054;0.808766;1.577287;2.553124;0.694326;0.905085;1.000000;0.308646;8.171021;49.734775;1.303545;0.098658;-63.930227;-0.405961;0.399881;ORGANIZING
2026.07.22 10:20:00;EURUSDm;1.14057;0.805729;0.476190;3.157421;0.665318;0.967135;0.992469;0.323429;8.134144;49.803427;1.453644;0.106012;-63.259334;-0.401090;0.401050;ORGANIZING
2026.07.22 10:21:00;EURUSDm;1.14056;0.790956;0.160772;3.750638;0.620748;1.000000;0.974680;0.336918;8.105592;49.870690;1.610960;0.110336;-62.625819;-0.396154;0.402237;ORGANIZING
2026.07.22 10:22:00;EURUSDm;1.14060;0.599959;0.660066;4.200607;0.602714;1.000000;0.975461;0.342571;8.083713;49.937554;1.659163;0.110754;-62.192227;-0.394687;0.402589;ORGANIZING
2026.07.22 10:23:00;EURUSDm;1.14064;0.249365;0.684932;3.864559;0.586825;1.000000;0.977282;0.342245;8.060451;50.004027;1.704087;0.111241;-62.531684;-0.393315;0.402919;ORGANIZING
2026.07.22 10:24:00;EURUSDm;1.14062;0.237628;0.352113;3.555394;0.555089;1.000000;0.967380;0.340591;8.035933;50.069937;1.801513;0.111962;-62.822679;-0.390357;0.403631;ORGANIZING
2026.07.22 10:25:00;EURUSDm;1.14052;0.280988;1.724138;3.270962;0.593541;1.000000;1.000000;0.337783;8.010275;50.135975;1.684803;0.111837;-63.154670;-0.393864;0.402787;ORGANIZING
2026.07.22 10:26:00;EURUSDm;1.14055;0.288667;0.517241;3.009285;0.569726;1.000000;0.994926;0.333977;7.983583;50.201508;1.755229;0.112520;-63.397071;-0.391717;0.403304;ORGANIZING
2026.07.22 10:27:00;EURUSDm;1.14052;0.345665;0.517241;2.768543;0.547102;1.000000;0.989896;0.329316;7.955957;50.266539;1.827812;0.113220;-63.615643;-0.389505;0.403837;ORGANIZING
2026.07.22 10:28:00;EURUSDm;1.14052;0.264349;0.001000;2.547059;0.499797;1.000000;0.966811;0.323924;7.927485;50.330812;2.000812;0.114270;-63.786367;-0.384262;0.405099;ORGANIZING
2026.07.22 10:29:00;EURUSDm;1.14047;0.282189;0.883392;2.343294;0.498977;1.000000;0.975228;0.317916;7.898250;50.394784;2.004101;0.114743;-63.982799;-0.384140;0.405129;ORGANIZING
2026.07.22 10:30:00;EURUSDm;1.14046;0.295013;0.179211;2.155831;0.462989;1.000000;0.958495;0.311393;7.868330;50.458097;2.159881;0.115704;-64.124702;-0.379418;0.406267;ORGANIZING
2026.07.22 10:31:00;EURUSDm;1.14040;0.500343;1.115242;2.531088;0.475601;1.000000;0.974880;0.314587;7.843271;50.521286;2.102602;0.115828;-63.781514;-0.381131;0.405854;ORGANIZING
2026.07.22 10:32:00;EURUSDm;1.14048;0.413908;1.449275;2.328601;0.504285;1.000000;1.000000;0.308982;7.817194;50.584501;1.983006;0.115869;-64.012537;-0.384716;0.404990;ORGANIZING
2026.07.22 10:33:00;EURUSDm;1.14052;0.362466;0.716846;2.142313;0.494913;1.000000;1.000000;0.302847;7.790197;50.647352;2.020557;0.116442;-64.186040;-0.383561;0.405268;ORGANIZING
2026.07.22 10:34:00;EURUSDm;1.14048;0.386552;0.716846;1.970928;0.486010;1.000000;1.000000;0.296274;7.762368;50.709836;2.057573;0.117032;-64.342200;-0.382421;0.405543;ORGANIZING
2026.07.22 10:35:00;EURUSDm;1.14041;0.394298;1.228070;1.813254;0.503113;1.000000;1.000000;0.289344;7.733788;50.772205;1.987627;0.117285;-64.508327;-0.384507;0.405040;ORGANIZING
2026.07.22 10:36:00;EURUSDm;1.14050;0.388044;1.557093;1.668194;0.535812;1.000000;1.000000;0.282130;7.704532;50.834608;1.866328;0.117337;-64.675550;-0.388143;0.404164;ORGANIZING
2026.07.22 10:37:00;EURUSDm;1.14051;0.533373;0.176678;2.068223;0.497855;1.000000;0.981058;0.288025;7.673316;50.896320;2.008617;0.118215;-64.248633;-0.383831;0.405203;ORGANIZING
2026.07.22 10:38:00;EURUSDm;1.14049;0.731516;0.364964;2.616860;0.471210;1.000000;0.969576;0.301055;7.641652;50.957448;2.122194;0.118851;-63.697214;-0.380392;0.406032;ORGANIZING
2026.07.22 10:39:00;EURUSDm;1.14047;0.735120;0.369004;3.168200;0.446100;1.000000;0.959093;0.313570;7.609595;51.018005;2.241649;0.119485;-63.142234;-0.376776;0.406905;ORGANIZING
2026.07.22 10:40:00;EURUSDm;1.14042;0.517329;0.943396;3.556197;0.450965;1.000000;0.969518;0.317291;7.575535;51.078270;2.217468;0.119850;-62.758689;-0.377483;0.406734;ORGANIZING
2026.07.22 10:41:00;EURUSDm;1.14032;0.360694;1.872659;3.271701;0.502050;1.000000;1.000000;0.315651;7.542446;51.138715;1.991835;0.119615;-63.085259;-0.384264;0.405099;ORGANIZING
2026.07.22 10:42:00;EURUSDm;1.14034;0.342721;0.373134;3.009965;0.475604;1.000000;0.989107;0.312955;7.516640;51.198638;2.102590;0.120406;-63.323468;-0.380902;0.405909;ORGANIZING
2026.07.22 10:43:00;EURUSDm;1.14037;0.333522;0.559701;2.769168;0.459809;1.000000;0.985032;0.309347;7.490011;51.258136;2.174817;0.121078;-63.547494;-0.378702;0.406440;ORGANIZING
2026.07.22 10:44:00;EURUSDm;1.14048;0.552565;2.044610;3.183592;0.519049;1.000000;1.000000;0.314601;7.456279;51.317889;1.926601;0.120628;-63.195107;-0.386171;0.404640;ORGANIZING
2026.07.22 10:45:00;EURUSDm;1.14051;0.733340;0.563910;3.733596;0.501292;1.000000;0.995748;0.326371;7.423624;51.377138;1.994846;0.121193;-62.644825;-0.384095;0.405140;ORGANIZING
2026.07.22 10:46:00;EURUSDm;1.14049;0.746229;0.378788;4.293268;0.475167;1.000000;0.985577;0.338036;7.399346;51.435884;2.104525;0.121765;-62.092546;-0.380776;0.405940;ORGANIZING
2026.07.22 10:47:00;EURUSDm;1.14047;0.758956;0.395257;4.862485;0.451171;1.000000;0.976747;0.349596;7.383288;51.494228;2.216454;0.122189;-61.548682;-0.377397;0.406755;ORGANIZING
2026.07.22 10:48:00;EURUSDm;1.14056;0.753825;1.737452;5.427854;0.495485;1.000000;1.000000;0.360384;7.375180;51.552935;2.018224;0.121491;-61.091695;-0.383379;0.405312;ORGANIZING
2026.07.22 10:49:00;EURUSDm;1.14056;0.745442;0.001000;5.986935;0.450761;1.000000;0.977648;0.370319;7.374740;51.611190;2.218471;0.122013;-60.565135;-0.377345;0.406767;ORGANIZING
2026.07.22 10:50:00;EURUSDm;1.14064;0.453602;1.520913;5.507980;0.484268;1.000000;1.000000;0.375751;7.371388;51.669746;2.064970;0.121486;-61.140313;-0.381977;0.405650;ORGANIZING
2026.07.22 10:51:00;EURUSDm;1.14061;0.409430;0.572519;5.067342;0.468681;1.000000;0.998189;0.378995;7.359894;51.728032;2.133647;0.121839;-61.607150;-0.379899;0.406151;ORGANIZING
2026.07.22 10:52:00;EURUSDm;1.14064;0.521845;0.576923;5.458726;0.454093;1.000000;0.996710;0.379615;7.354396;51.786117;2.202191;0.122128;-61.249505;-0.377828;0.406651;ORGANIZING
2026.07.22 10:53:00;EURUSDm;1.14055;0.775527;1.836735;6.040371;0.503225;1.000000;1.000000;0.389716;7.356604;51.844715;1.987182;0.121219;-60.800210;-0.384324;0.405085;ORGANIZING
2026.07.22 10:54:00;EURUSDm;1.14051;0.778558;0.829876;6.624289;0.499558;1.000000;1.000000;0.399426;7.366355;51.903374;2.001771;0.120987;-60.310205;-0.383898;0.405187;ORGANIZING
2026.07.22 10:55:00;EURUSDm;1.14058;0.511593;1.434426;7.007984;0.526301;1.000000;1.000000;0.398640;7.381470;51.962452;1.900053;0.120389;-60.040989;-0.386979;0.404445;ORGANIZING
2026.07.22 10:56:00;EURUSDm;1.14056;0.793108;0.414938;7.602815;0.500733;1.000000;0.993475;0.408449;7.403909;52.021499;1.997072;0.120292;-59.544134;-0.384073;0.405145;ORGANIZING
2026.07.22 10:57:00;EURUSDm;1.14046;0.807422;2.032520;8.208382;0.557322;1.000000;1.000000;0.418305;7.428291;52.081355;1.794294;0.118992;-59.123488;-0.390222;0.403664;ORGANIZING
2026.07.22 10:58:00;EURUSDm;1.14042;0.829629;0.843882;8.830604;0.551650;1.000000;1.000000;0.428501;7.453287;52.141404;1.812743;0.118576;-58.626027;-0.389689;0.403792;ORGANIZING
2026.07.22 10:59:00;EURUSDm;1.14033;0.667720;1.844262;9.331394;0.596281;1.000000;1.000000;0.432115;7.477653;52.202143;1.677062;0.117563;-58.286567;-0.393810;0.402800;ORGANIZING
2026.07.22 11:00:00;EURUSDm;1.14026;0.618048;1.400000;9.794930;0.616467;1.000000;1.000000;0.433686;7.502652;52.263335;1.622147;0.116921;-57.957548;-0.395490;0.402397;ORGANIZING
2026.07.22 11:01:00;EURUSDm;1.14035;0.865091;1.807229;10.443749;0.656005;1.000000;1.000000;0.444443;7.536859;52.325263;1.524379;0.115777;-57.500124;-0.398480;0.401678;ORGANIZING
2026.07.22 11:02:00;EURUSDm;1.14030;0.868965;1.000000;11.095473;0.653205;1.000000;1.000000;0.454807;7.580030;52.387596;1.530914;0.115101;-57.015002;-0.398318;0.401717;ORGANIZING
2026.07.22 11:03:00;EURUSDm;1.14038;0.885417;1.550388;11.759536;0.678064;1.000000;1.000000;0.465270;7.632033;52.450697;1.474787;0.113955;-56.563831;-0.400059;0.401298;ORGANIZING
2026.07.22 11:04:00;EURUSDm;1.14028;0.543157;1.879699;12.166903;0.718146;1.000000;1.000000;0.462375;7.683706;52.514715;1.392475;0.112813;-56.358120;-0.402585;0.400691;ORGANIZING
2026.07.22 11:05:00;EURUSDm;1.14034;0.632550;1.132075;12.641316;0.718842;1.000000;1.000000;0.462977;7.734365;52.579247;1.391126;0.112156;-56.051457;-0.402658;0.400674;ORGANIZING
2026.07.22 11:06:00;EURUSDm;1.14037;0.811286;0.579151;13.249780;0.691858;1.000000;1.000000;0.470251;7.785258;52.644018;1.445384;0.111765;-55.597114;-0.401050;0.401060;ORGANIZING
2026.07.22 11:07:00;EURUSDm;1.14037;0.883332;0.001000;13.912279;0.637315;1.000000;0.981494;0.479863;7.836830;52.708760;1.569084;0.111682;-55.067182;-0.397343;0.401951;ORGANIZING
2026.07.22 11:08:00;EURUSDm;1.14025;0.367918;2.352941;12.799297;0.703096;1.000000;1.000000;0.511519;7.871360;52.774504;1.422281;0.110060;-56.444063;-0.401829;0.400873;ORGANIZING
2026.07.22 11:09:00;EURUSDm;1.14041;0.686570;3.065134;13.314224;0.801198;1.000000;1.000000;0.511690;7.905276;52.841569;1.248131;0.108481;-56.162475;-0.407132;0.399600;ORGANIZING
2026.07.22 11:10:00;EURUSDm;1.14041;0.468591;0.001000;12.249086;0.741188;1.000000;0.982944;0.539362;7.933161;52.908313;1.349185;0.108534;-57.345461;-0.404098;0.400328;ORGANIZING
2026.07.22 11:11:00;EURUSDm;1.14040;0.498419;0.193798;11.269159;0.693819;1.000000;0.974202;0.561390;7.955513;52.974806;1.441299;0.108569;-58.433273;-0.401333;0.400992;ORGANIZING
2026.07.22 11:12:00;EURUSDm;1.14045;0.546068;0.965251;11.678711;0.687390;1.000000;0.993537;0.553798;7.977936;53.041459;1.454778;0.108470;-58.113607;-0.400933;0.401088;ORGANIZING
2026.07.22 11:13:00;EURUSDm;1.14037;0.570791;1.520913;12.106804;0.709066;1.000000;1.000000;0.547513;7.998710;53.108537;1.410305;0.108046;-57.803246;-0.402289;0.400763;ORGANIZING
2026.07.22 11:14:00;EURUSDm;1.14042;0.867229;0.939850;12.757225;0.700605;1.000000;1.000000;0.552659;8.020046;53.175743;1.427337;0.107836;-57.264533;-0.401788;0.400883;ORGANIZING
2026.07.22 11:15:00;EURUSDm;1.14050;0.852830;1.515152;13.396848;0.721333;1.000000;1.000000;0.557007;8.043834;53.243395;1.386323;0.107271;-56.769563;-0.403047;0.400581;ORGANIZING
2026.07.22 11:16:00;EURUSDm;1.14055;0.851365;0.939850;14.035372;0.712259;1.000000;1.000000;0.561083;8.067941;53.311197;1.403984;0.107052;-56.246131;-0.402528;0.400705;ORGANIZING
2026.07.22 11:17:00;EURUSDm;1.14052;0.841202;0.563910;14.666273;0.684841;1.000000;1.000000;0.564574;8.092180;53.378967;1.460193;0.107048;-55.711043;-0.400842;0.401110;ORGANIZING
2026.07.22 11:18:00;EURUSDm;1.14046;0.825394;1.102941;15.285318;0.685746;1.000000;1.000000;0.567297;8.116266;53.446987;1.458266;0.106731;-55.214543;-0.400915;0.401092;ORGANIZING
2026.07.22 11:19:00;EURUSDm;1.14032;0.809919;2.491103;15.892757;0.756014;1.000000;1.000000;0.569304;8.141299;53.515961;1.322727;0.105634;-54.800423;-0.405036;0.400103;ORGANIZING
2026.07.22 11:20:00;EURUSDm;1.14043;0.500310;1.890034;16.267990;0.792715;1.000000;1.000000;0.559601;8.165323;53.585541;1.261487;0.105068;-54.560113;-0.406902;0.399655;ORGANIZING
2026.07.22 11:21:00;EURUSDm;1.14044;0.761555;0.174825;16.839156;0.741821;1.000000;0.990705;0.560179;8.188450;53.654844;1.348035;0.105369;-54.054766;-0.404290;0.400282;ORGANIZING
2026.07.22 11:22:00;EURUSDm;1.14049;0.431307;0.883392;15.492024;0.728899;1.000000;1.000000;0.599527;8.191473;53.724047;1.371932;0.105043;-55.542923;-0.403590;0.400450;ORGANIZING
2026.07.22 11:23:00;EURUSDm;1.14044;0.733560;0.880282;16.042194;0.716468;1.000000;1.000000;0.597059;8.193343;53.793146;1.395735;0.105187;-55.048223;-0.402869;0.400623;ORGANIZING
2026.07.22 11:24:00;EURUSDm;1.14038;0.721827;1.048951;16.583564;0.713092;1.000000;1.000000;0.594274;8.196543;53.862242;1.402343;0.105220;-54.573404;-0.402669;0.400671;ORGANIZING
2026.07.22 11:25:00;EURUSDm;1.14026;0.712457;2.061856;17.117907;0.760531;1.000000;1.000000;0.591278;8.200326;53.931850;1.314872;0.104689;-54.157681;-0.405319;0.400035;ORGANIZING
2026.07.22 11:26:00;EURUSDm;1.14024;0.575136;0.352113;17.549259;0.720110;1.000000;0.998019;0.583282;8.202319;54.001075;1.388677;0.105200;-53.743126;-0.403080;0.400573;ORGANIZING
2026.07.22 11:27:00;EURUSDm;1.14023;0.542118;0.176056;17.955848;0.672907;1.000000;0.989665;0.574447;8.201743;54.069821;1.486089;0.105830;-53.339260;-0.400126;0.401282;ORGANIZING
2026.07.22 11:28:00;EURUSDm;1.14036;0.673893;2.203390;18.461268;0.729431;1.000000;1.000000;0.570996;8.217354;54.139289;1.370931;0.105067;-52.984152;-0.403619;0.400443;ORGANIZING
2026.07.22 11:29:00;EURUSDm;1.14035;0.711629;0.170068;18.994989;0.681463;1.000000;0.990937;0.569132;8.233075;54.208434;1.467431;0.105444;-52.499322;-0.400705;0.401143;ORGANIZING
2026.07.22 11:30:00;EURUSDm;1.14041;0.721151;1.016949;19.535853;0.678237;1.000000;1.000000;0.567718;8.264777;54.277865;1.474410;0.105144;-52.085241;-0.400510;0.401190;ORGANIZING
2026.07.22 11:31:00;EURUSDm;1.14046;0.723132;0.862069;20.078202;0.667429;1.000000;1.000000;0.566450;8.311544;54.347654;1.498287;0.104762;-51.692869;-0.399813;0.401357;ORGANIZING
2026.07.22 11:32:00;EURUSDm;1.14053;0.716995;1.186441;20.615948;0.673379;1.000000;1.000000;0.565015;8.359358;54.417982;1.485047;0.104191;-51.324159;-0.400239;0.401255;ORGANIZING
2026.07.22 11:33:00;EURUSDm;1.14053;0.465123;0.001000;18.966672;0.619760;1.000000;0.984811;0.619228;8.386160;54.488041;1.613527;0.103894;-53.151905;-0.396399;0.402178;ORGANIZING
2026.07.22 11:34:00;EURUSDm;1.14049;0.722019;0.701754;19.508187;0.603860;1.000000;0.996577;0.615342;8.411739;54.558197;1.656012;0.103832;-52.708033;-0.395128;0.402483;ORGANIZING
2026.07.22 11:35:00;EURUSDm;1.14042;0.730045;1.211073;20.055720;0.614221;1.000000;1.000000;0.611952;8.436269;54.628702;1.628079;0.103494;-52.283644;-0.395983;0.402278;ORGANIZING
2026.07.22 11:36:00;EURUSDm;1.14045;0.725125;0.517241;20.599564;0.589372;1.000000;1.000000;0.608546;8.459730;54.699193;1.696722;0.103545;-51.825553;-0.393921;0.402774;ORGANIZING
2026.07.22 11:37:00;EURUSDm;1.14042;0.719144;0.515464;21.138922;0.565676;1.000000;1.000000;0.605087;8.482158;54.769671;1.767795;0.103596;-51.370914;-0.391786;0.403287;ORGANIZING
2026.07.22 11:38:00;EURUSDm;1.14054;0.704502;2.040816;21.667298;0.619433;1.000000;1.000000;0.601251;8.503567;54.840901;1.614378;0.102836;-51.002672;-0.396427;0.402171;ORGANIZING
2026.07.22 11:39:00;EURUSDm;1.14059;0.266891;0.836120;19.933915;0.610268;1.000000;1.000000;0.657858;8.501460;54.912018;1.638625;0.102358;-52.907008;-0.395723;0.402340;ORGANIZING
2026.07.22 11:40:00;EURUSDm;1.14047;0.728345;1.980198;20.480173;0.658764;1.000000;1.000000;0.652278;8.501075;54.983617;1.517994;0.101915;-52.468914;-0.399364;0.401465;ORGANIZING
2026.07.22 11:41:00;EURUSDm;1.14051;0.789850;0.657895;21.072561;0.638721;1.000000;1.000000;0.649284;8.500903;55.055013;1.565629;0.102156;-51.921547;-0.397923;0.401811;ORGANIZING
2026.07.22 11:42:00;EURUSDm;1.14045;0.811475;0.977199;21.681167;0.635645;1.000000;1.000000;0.647250;8.520290;55.126572;1.573206;0.102008;-51.416130;-0.397703;0.401864;ORGANIZING
2026.07.22 11:43:00;EURUSDm;1.14032;0.755352;2.090032;22.247681;0.688364;1.000000;1.000000;0.643213;8.539744;55.198853;1.452720;0.101304;-51.005450;-0.401353;0.400987;ORGANIZING
2026.07.22 11:44:00;EURUSDm;1.14046;0.861876;2.180685;22.894089;0.742980;1.000000;1.000000;0.643373;8.560150;55.271885;1.345931;0.100538;-50.527822;-0.404595;0.400209;ORGANIZING
2026.07.22 11:45:00;EURUSDm;1.14050;0.361284;0.628931;21.062562;0.717278;1.000000;1.000000;0.702780;8.556796;55.344626;1.394160;0.100232;-52.518495;-0.403164;0.400552;ORGANIZING
2026.07.22 11:46:00;EURUSDm;1.14048;0.362827;0.314465;19.377557;0.677137;1.000000;1.000000;0.751892;8.532295;55.416720;1.476806;0.100388;-54.284674;-0.400676;0.401150;ORGANIZING
2026.07.22 11:47:00;EURUSDm;1.14066;0.208311;2.760736;17.827352;0.761317;1.000000;1.000000;0.791807;8.490919;55.489242;1.313513;0.099562;-55.988659;-0.405617;0.399964;ORGANIZING
2026.07.22 11:48:00;EURUSDm;1.14061;0.355652;0.764526;16.401164;0.741477;1.000000;1.000000;0.823526;8.469065;55.561348;1.348659;0.099660;-57.486844;-0.404557;0.400218;ORGANIZING
2026.07.22 11:49:00;EURUSDm;1.14050;0.666164;1.671733;16.900787;0.767990;1.000000;1.000000;0.807331;8.447662;55.633504;1.302100;0.099771;-57.010693;-0.405948;0.399884;ORGANIZING
2026.07.22 11:50:00;EURUSDm;1.14053;0.804805;0.461538;17.504390;0.732668;1.000000;1.000000;0.797145;8.425738;55.705088;1.364875;0.100446;-56.379131;-0.404031;0.400344;ORGANIZING
2026.07.22 11:51:00;EURUSDm;1.14054;0.902655;0.157729;18.181381;0.683921;1.000000;0.998421;0.791137;8.402578;55.775953;1.462158;0.101239;-55.665922;-0.401073;0.401054;ORGANIZING
2026.07.22 11:52:00;EURUSDm;1.14043;0.895752;1.702786;18.853195;0.714864;1.000000;1.000000;0.785171;8.378192;55.846884;1.398868;0.101233;-55.035279;-0.402972;0.400598;ORGANIZING
2026.07.22 11:53:00;EURUSDm;1.14048;0.893696;0.781250;19.523467;0.698183;1.000000;1.000000;0.779426;8.341869;55.917284;1.432289;0.101838;-54.334591;-0.401939;0.400846;ORGANIZING
2026.07.22 11:54:00;EURUSDm;1.14047;0.889656;0.160772;20.190709;0.651313;1.000000;0.997907;0.773817;8.306985;55.986867;1.535361;0.102753;-53.609074;-0.398802;0.401600;ORGANIZING
2026.07.22 11:55:00;EURUSDm;1.14048;0.880536;0.163399;20.851111;0.606917;1.000000;0.995783;0.768146;8.273404;56.055670;1.647672;0.103643;-52.894576;-0.395388;0.402421;ORGANIZING
2026.07.22 11:56:00;EURUSDm;1.14059;0.674062;1.751592;21.356658;0.644151;1.000000;1.000000;0.755016;8.239608;56.124508;1.552432;0.103748;-52.401249;-0.398240;0.401735;ORGANIZING
2026.07.22 11:57:00;EURUSDm;1.14056;0.684656;0.473186;21.870150;0.615603;1.000000;1.000000;0.742940;8.205722;56.192721;1.624425;0.104556;-51.835498;-0.396039;0.402264;ORGANIZING
2026.07.22 11:58:00;EURUSDm;1.14056;0.887769;0.001000;22.535976;0.564872;1.000000;0.991038;0.739084;8.173380;56.260104;1.770311;0.105515;-51.113929;-0.391615;0.403329;ORGANIZING
2026.07.22 11:59:00;EURUSDm;1.14064;0.885150;1.346801;23.199839;0.583969;1.000000;1.000000;0.735323;8.165173;56.327595;1.712420;0.105436;-50.512717;-0.393356;0.402910;ORGANIZING
2026.07.22 12:00:00;EURUSDm;1.14071;0.374948;1.151316;21.343852;0.592336;1.000000;1.000000;0.791356;8.132984;56.394848;1.688230;0.105079;-52.492013;-0.394099;0.402731;ORGANIZING
2026.07.22 12:01:00;EURUSDm;1.14076;0.344624;0.811688;19.636343;0.583304;1.000000;1.000000;0.837164;8.106681;56.461748;1.714372;0.104963;-54.296398;-0.393321;0.402918;ORGANIZING
2026.07.22 12:02:00;EURUSDm;1.14084;0.221118;1.286174;18.065436;0.598447;1.000000;1.000000;0.873851;8.102305;56.528756;1.670991;0.104443;-56.014079;-0.394648;0.402599;ORGANIZING
2026.07.22 12:03:00;EURUSDm;1.14079;0.177717;0.811688;16.620201;0.589109;1.000000;1.000000;0.902420;8.118068;56.595828;1.697478;0.104063;-57.605713;-0.393873;0.402785;ORGANIZING
2026.07.22 12:04:00;EURUSDm;1.14078;0.242670;0.164474;15.290585;0.547878;1.000000;1.000000;0.923780;8.153513;56.662841;1.825225;0.103894;-59.074720;-0.390049;0.403706;ORGANIZING
2026.07.22 12:05:00;EURUSDm;1.14090;0.199893;1.948052;14.067338;0.597886;1.000000;1.000000;0.938753;8.182697;56.730647;1.672559;0.102888;-60.504097;-0.394679;0.402591;ORGANIZING
2026.07.22 12:06:00;EURUSDm;1.14084;0.216599;0.970874;12.941951;0.596536;1.000000;1.000000;0.948085;8.206140;56.798674;1.676346;0.102556;-61.761709;-0.394582;0.402615;ORGANIZING
2026.07.22 12:07:00;EURUSDm;1.14080;0.623880;0.645161;13.409861;0.578967;1.000000;1.000000;0.924076;8.209284;56.866557;1.727214;0.102962;-61.302383;-0.393035;0.402987;ORGANIZING
2026.07.22 12:08:00;EURUSDm;1.14084;0.335123;0.649351;12.337073;0.562486;1.000000;1.000000;0.931512;8.208879;56.934270;1.777822;0.103062;-62.440465;-0.391512;0.403353;ORGANIZING
2026.07.22 12:09:00;EURUSDm;1.14073;0.328228;1.803279;11.350107;0.604526;1.000000;1.000000;0.934285;8.223341;57.002549;1.654189;0.102436;-63.572219;-0.395253;0.402454;ORGANIZING
2026.07.22 12:10:00;EURUSDm;1.14083;0.242635;1.644737;10.442098;0.636536;1.000000;1.000000;0.932971;8.252847;57.071443;1.571002;0.101809;-64.637517;-0.397780;0.401846;ORGANIZING
2026.07.22 12:11:00;EURUSDm;1.14099;0.165647;2.507837;9.606730;0.710101;1.000000;1.000000;0.928091;8.297330;57.141517;1.408250;0.100649;-65.695729;-0.402720;0.400659;ORGANIZING
2026.07.22 12:12:00;EURUSDm;1.14093;0.154815;0.937500;8.838192;0.701471;1.000000;1.000000;0.920113;8.355993;57.212092;1.425575;0.100225;-66.627583;-0.402222;0.400779;ORGANIZING
2026.07.22 12:13:00;EURUSDm;1.14098;0.156317;0.781250;8.131137;0.685460;1.000000;1.000000;0.909460;8.428136;57.283228;1.458874;0.099770;-67.512744;-0.401245;0.401013;ORGANIZING
2026.07.22 12:14:00;EURUSDm;1.14112;0.135387;2.134146;7.480646;0.737895;1.000000;1.000000;0.896512;8.513096;57.355738;1.355207;0.098546;-68.432203;-0.404416;0.400252;ORGANIZING
2026.07.22 12:15:00;EURUSDm;1.14101;0.155621;1.681957;6.882194;0.765098;1.000000;1.000000;0.881609;8.610220;57.429491;1.307023;0.097495;-69.296052;-0.405915;0.399892;ORGANIZING
2026.07.22 12:16:00;EURUSDm;1.14098;0.193432;0.457317;6.331618;0.729709;1.000000;1.000000;0.865057;8.717419;57.503962;1.370410;0.096973;-70.067005;-0.404039;0.400342;ORGANIZING
2026.07.22 12:17:00;EURUSDm;1.14095;0.193628;0.454545;5.825089;0.695950;1.000000;1.000000;0.847131;8.834283;57.579264;1.436884;0.096364;-70.812953;-0.402075;0.400814;ORGANIZING
2026.07.22 12:18:00;EURUSDm;1.14101;0.183519;0.928793;5.359082;0.687593;1.000000;1.000000;0.828075;8.961880;57.655759;1.454350;0.095442;-71.564179;-0.401597;0.400929;ORGANIZING
2026.07.22 12:19:00;EURUSDm;1.14100;0.223780;0.154799;4.930355;0.640953;1.000000;0.999401;0.808107;9.099766;57.733166;1.560177;0.094797;-72.259510;-0.398455;0.401684;ORGANIZING
2026.07.22 12:20:00;EURUSDm;1.14099;0.270858;0.157233;4.535927;0.596767;1.000000;0.998208;0.787423;9.222346;57.811357;1.675696;0.094281;-72.891736;-0.395015;0.402511;ORGANIZING
2026.07.22 12:21:00;EURUSDm;1.14094;0.418001;0.786164;4.173053;0.586237;1.000000;1.000000;0.766196;9.330867;57.890528;1.705796;0.093604;-73.497839;-0.394146;0.402720;ORGANIZING
2026.07.22 12:22:00;EURUSDm;1.14095;0.694803;0.160256;4.694155;0.544938;1.000000;0.997426;0.753941;9.417926;57.970157;1.835072;0.093311;-73.164673;-0.390282;0.403649;ORGANIZING
2026.07.22 12:23:00;EURUSDm;1.14090;0.698977;0.788644;5.218388;0.537123;1.000000;1.000000;0.742456;9.484854;58.050377;1.861771;0.092899;-72.823732;-0.389502;0.403837;ORGANIZING
2026.07.22 12:24:00;EURUSDm;1.14089;0.687849;0.159236;5.734274;0.498229;1.000000;0.996559;0.731127;9.532993;58.130689;2.007111;0.092917;-72.422884;-0.385141;0.404888;ORGANIZING
2026.07.22 12:25:00;EURUSDm;1.14097;0.737493;1.269841;6.287394;0.516809;1.000000;1.000000;0.722227;9.563128;58.211488;1.934950;0.092574;-72.011612;-0.387323;0.404362;ORGANIZING
2026.07.22 12:26:00;EURUSDm;1.14093;0.730349;0.632911;6.835156;0.502614;1.000000;1.000000;0.713504;9.576380;58.292278;1.989597;0.092657;-71.539504;-0.385679;0.404758;ORGANIZING
2026.07.22 12:27:00;EURUSDm;1.14096;0.426792;0.474684;6.288344;0.481218;1.000000;1.000000;0.705169;9.599713;58.373088;2.078061;0.092712;-72.175726;-0.383023;0.405398;ORGANIZING
2026.07.22 12:28:00;EURUSDm;1.14095;0.658889;0.163934;6.782510;0.445354;1.000000;0.995419;0.694619;9.607260;58.453614;2.245407;0.093047;-71.720215;-0.377985;0.406613;ORGANIZING
2026.07.22 12:29:00;EURUSDm;1.14096;0.278322;0.166113;6.239910;0.411392;1.000000;0.990705;0.687018;9.610326;58.533831;2.430774;0.093382;-72.300001;-0.372408;0.407959;ORGANIZING
2026.07.22 12:30:00;EURUSDm;1.14109;0.249584;2.152318;5.740717;0.478438;1.000000;1.000000;0.677627;9.609288;58.614708;2.090135;0.092891;-72.926259;-0.382651;0.405488;ORGANIZING
2026.07.22 12:31:00;EURUSDm;1.14110;0.655150;0.167224;6.232079;0.442877;1.000000;0.994570;0.668314;9.594988;58.695087;2.257962;0.093404;-72.432488;-0.377591;0.406708;ORGANIZING
2026.07.22 12:32:00;EURUSDm;1.14115;0.292438;0.838926;5.733513;0.442680;1.000000;1.000000;0.659826;9.578060;58.775294;2.258970;0.093628;-72.960233;-0.377550;0.406718;ORGANIZING
2026.07.22 12:33:00;EURUSDm;1.14129;0.210960;2.341137;5.274832;0.517603;1.000000;1.000000;0.649769;9.558733;58.856058;1.931984;0.093230;-73.515832;-0.387379;0.404348;ORGANIZING
2026.07.22 12:34:00;EURUSDm;1.14124;0.594010;0.862069;5.720340;0.514826;1.000000;1.000000;0.639556;9.528542;58.936491;1.942404;0.093607;-73.067174;-0.387048;0.404428;ORGANIZING
2026.07.22 12:35:00;EURUSDm;1.14127;0.247596;0.519031;5.262712;0.495036;1.000000;1.000000;0.630459;9.497094;59.016413;2.020055;0.094139;-73.503844;-0.384691;0.404996;ORGANIZING
2026.07.22 12:36:00;EURUSDm;1.14127;0.229113;0.001000;4.841695;0.450334;1.000000;0.987101;0.619987;9.464508;59.095561;2.220572;0.094923;-73.873191;-0.378637;0.406456;ORGANIZING
2026.07.22 12:37:00;EURUSDm;1.14120;0.261780;1.268116;4.454360;0.471223;1.000000;1.000000;0.608355;9.430893;59.174582;2.122136;0.095143;-74.269941;-0.381579;0.405746;ORGANIZING
2026.07.22 12:38:00;EURUSDm;1.14126;0.258410;1.083032;4.098011;0.481814;1.000000;1.000000;0.595754;9.396349;59.253364;2.075490;0.095475;-74.621374;-0.382962;0.405413;ORGANIZING
2026.07.22 12:39:00;EURUSDm;1.14118;0.351892;1.459854;3.770170;0.510716;1.000000;1.000000;0.582359;9.360969;59.332081;1.958036;0.095657;-74.959282;-0.386476;0.404566;ORGANIZING
2026.07.22 12:40:00;EURUSDm;1.14107;0.659350;1.950355;4.264683;0.562698;1.000000;1.000000;0.577966;9.316877;59.410876;1.777153;0.095625;-74.498578;-0.391904;0.403259;ORGANIZING
2026.07.22 12:41:00;EURUSDm;1.14106;0.552143;0.177305;4.678790;0.523428;1.000000;0.991434;0.569773;9.275350;59.488864;1.910482;0.096445;-74.023749;-0.387863;0.404232;ORGANIZING
2026.07.22 12:42:00;EURUSDm;1.14110;0.435384;0.727273;4.304487;0.513620;1.000000;1.000000;0.560000;9.232870;59.566329;1.946963;0.097026;-74.361202;-0.386740;0.404502;ORGANIZING
2026.07.22 12:43:00;EURUSDm;1.14104;0.466129;1.086957;3.960128;0.522287;1.000000;1.000000;0.549218;9.199288;59.643545;1.914655;0.097363;-74.702716;-0.387692;0.404273;ORGANIZING
2026.07.22 12:44:00;EURUSDm;1.14107;0.346662;0.539568;3.643318;0.503151;1.000000;1.000000;0.537598;9.174201;59.720318;1.987474;0.097896;-75.003749;-0.385481;0.404806;ORGANIZING
2026.07.22 12:45:00;EURUSDm;1.14093;0.674758;2.405498;4.149386;0.578269;1.000000;1.000000;0.536021;9.149710;59.797598;1.729300;0.097428;-74.597943;-0.393250;0.402935;ORGANIZING
2026.07.22 12:46:00;EURUSDm;1.14082;0.612570;1.890034;4.608814;0.623857;1.000000;1.000000;0.532191;9.126225;59.875099;1.602932;0.097255;-74.206975;-0.397049;0.402021;ORGANIZING
2026.07.22 12:47:00;EURUSDm;1.14074;0.290994;1.351351;4.240109;0.640232;1.000000;1.000000;0.524017;9.101076;59.952512;1.561935;0.097415;-74.602822;-0.398271;0.401728;ORGANIZING
2026.07.22 12:48:00;EURUSDm;1.14078;0.396418;0.666667;3.900900;0.621553;1.000000;1.000000;0.514777;9.084387;60.029572;1.608872;0.097840;-74.948552;-0.396842;0.402071;ORGANIZING
2026.07.22 12:49:00;EURUSDm;1.14081;0.465579;0.508475;3.588828;0.595899;1.000000;1.000000;0.504641;9.065476;60.106185;1.678136;0.098367;-75.253491;-0.394738;0.402577;ORGANIZING
2026.07.22 12:50:00;EURUSDm;1.14086;0.296887;0.853242;3.301722;0.588767;1.000000;1.000000;0.493765;9.044538;60.182518;1.698466;0.098745;-75.546169;-0.394109;0.402729;ORGANIZING
2026.07.22 12:51:00;EURUSDm;1.14091;0.359413;0.853242;3.037584;0.581990;1.000000;1.000000;0.482283;9.031261;60.258651;1.718242;0.099054;-75.830145;-0.393500;0.402875;ORGANIZING
2026.07.22 12:52:00;EURUSDm;1.14099;0.441597;1.365188;2.794577;0.601150;1.000000;1.000000;0.470319;9.015494;60.334817;1.663478;0.099138;-76.113017;-0.395139;0.402481;ORGANIZING
2026.07.22 12:53:00;EURUSDm;1.14101;0.247795;0.344828;2.571011;0.568334;1.000000;0.993530;0.457982;8.997454;60.410475;1.759528;0.099763;-76.318671;-0.392226;0.403182;ORGANIZING
2026.07.22 12:54:00;EURUSDm;1.14100;0.285994;0.172414;2.365330;0.528538;1.000000;0.980820;0.445367;8.986017;60.485621;1.892011;0.100402;-76.511597;-0.388220;0.404146;ORGANIZING
2026.07.22 12:55:00;EURUSDm;1.14099;0.248125;0.179211;2.176104;0.491072;1.000000;0.968352;0.432560;8.971953;60.560251;2.036362;0.101055;-76.684245;-0.383856;0.405197;ORGANIZING
2026.07.22 12:56:00;EURUSDm;1.14051;0.151331;7.476636;2.002015;0.820350;1.000000;1.000000;0.419636;8.955490;60.638009;1.218992;0.098083;-77.206597;-0.408526;0.399266;ORGANIZING
2026.07.22 12:57:00;EURUSDm;1.14078;0.229184;3.924419;1.841854;0.955553;1.000000;1.000000;0.406662;8.936838;60.716933;1.046514;0.097096;-77.517633;-0.413750;0.398013;ORGANIZING
2026.07.22 12:58:00;EURUSDm;1.14080;0.220017;0.292398;1.694506;0.902396;1.000000;0.989467;0.393697;8.916189;60.795119;1.108161;0.097921;-77.622780;-0.411859;0.398466;ORGANIZING
2026.07.22 12:59:00;EURUSDm;1.14075;0.239778;0.744048;1.558945;0.874478;0.996156;0.994657;0.380790;8.893720;60.872878;1.139144;0.098153;-77.741275;-0.410918;0.398692;ORGANIZING
2026.07.22 13:00:00;EURUSDm;1.14075;0.312541;0.001000;1.434230;0.810881;0.988115;0.973206;0.367986;8.877556;60.950000;1.218570;0.098257;-77.829621;-0.408530;0.399265;ORGANIZING
2026.07.22 13:01:00;EURUSDm;1.14077;0.348581;0.320513;1.319491;0.766600;0.976341;0.963242;0.355324;8.866761;61.026807;1.273599;0.097745;-77.941745;-0.406905;0.399655;ORGANIZING
2026.07.22 13:02:00;EURUSDm;1.14101;0.895419;3.636364;1.991056;0.890562;0.992199;1.000000;0.371136;8.845562;61.104324;1.114127;0.098167;-77.445027;-0.411668;0.398512;ORGANIZING
2026.07.22 13:03:00;EURUSDm;1.14101;0.899815;0.001000;2.665917;0.826240;1.000000;0.978025;0.386322;8.814276;61.180729;1.210303;0.099732;-76.742248;-0.408704;0.399223;ORGANIZING
2026.07.22 13:04:00;EURUSDm;1.14096;0.858006;0.791139;3.309422;0.804485;1.000000;0.985005;0.399181;8.773544;61.256510;1.243032;0.100228;-76.097022;-0.407698;0.399464;ORGANIZING
2026.07.22 13:05:00;EURUSDm;1.14096;0.892027;0.001000;3.978442;0.744310;1.000000;0.964536;0.412673;8.731385;61.331267;1.343525;0.101129;-75.385252;-0.404638;0.400199;ORGANIZING
2026.07.22 13:06:00;EURUSDm;1.14097;0.675300;0.165017;4.484917;0.695346;1.000000;0.950997;0.417363;8.688967;61.405110;1.438133;0.102023;-74.828199;-0.401755;0.400891;ORGANIZING
2026.07.22 13:07:00;EURUSDm;1.14103;0.355714;0.980392;4.126124;0.689598;1.000000;0.966633;0.414435;8.646662;61.478472;1.450120;0.102557;-75.164141;-0.401369;0.400984;ORGANIZING
2026.07.22 13:08:00;EURUSDm;1.14111;0.313537;1.298701;3.796034;0.700053;1.000000;0.992761;0.410218;8.604478;61.551518;1.428463;0.102936;-75.484927;-0.401999;0.400832;ORGANIZING
2026.07.22 13:09:00;EURUSDm;1.14116;0.299479;0.801282;3.492351;0.685115;1.000000;1.000000;0.404891;8.562420;61.623993;1.459610;0.103601;-75.751378;-0.401032;0.401064;ORGANIZING
2026.07.22 13:10:00;EURUSDm;1.14108;0.449577;1.253918;3.212963;0.693555;1.000000;1.000000;0.398616;8.520496;61.696133;1.441847;0.104029;-76.014948;-0.401543;0.400942;ORGANIZING
2026.07.22 13:11:00;EURUSDm;1.14110;0.529625;0.316456;3.610182;0.654700;1.000000;0.990027;0.398546;8.483619;61.767517;1.527417;0.104856;-75.576364;-0.398935;0.401568;ORGANIZING
2026.07.22 13:12:00;EURUSDm;1.14101;0.875559;1.388889;4.266851;0.671409;1.000000;1.000000;0.411452;8.455924;61.838790;1.489404;0.104835;-74.978099;-0.400076;0.401294;ORGANIZING
2026.07.22 13:13:00;EURUSDm;1.14096;0.872898;0.771605;4.921525;0.656419;1.000000;1.000000;0.423613;8.437149;61.909726;1.523417;0.105073;-74.366145;-0.399044;0.401542;ORGANIZING
2026.07.22 13:14:00;EURUSDm;1.14097;0.868190;0.154321;5.572667;0.611314;1.000000;0.985228;0.434990;8.427037;61.980109;1.635820;0.105559;-73.742809;-0.395647;0.402359;ORGANIZING
2026.07.22 13:15:00;EURUSDm;1.14092;0.868453;0.778816;6.224007;0.599689;1.000000;0.993228;0.445807;8.425381;62.050360;1.667530;0.105587;-73.168418;-0.394695;0.402588;ORGANIZING
2026.07.22 13:16:00;EURUSDm;1.14096;0.248209;0.623053;5.726086;0.580858;1.000000;0.995875;0.448413;8.420495;62.120373;1.721593;0.105823;-73.712959;-0.393061;0.402981;ORGANIZING
2026.07.22 13:17:00;EURUSDm;1.14102;0.363783;0.925926;5.267999;0.578111;1.000000;1.000000;0.448896;8.412654;62.190281;1.729772;0.105936;-74.223493;-0.392810;0.403041;ORGANIZING
2026.07.22 13:18:00;EURUSDm;1.14093;0.618258;1.355422;5.731692;0.596976;1.000000;1.000000;0.449636;8.410962;62.260360;1.675108;0.105735;-73.846841;-0.394460;0.402644;ORGANIZING
2026.07.22 13:19:00;EURUSDm;1.14120;0.238696;3.770950;5.273157;0.735675;1.000000;1.000000;0.450081;8.406049;62.331778;1.359296;0.104256;-74.506557;-0.404008;0.400350;ORGANIZING
2026.07.22 13:20:00;EURUSDm;1.14120;0.244399;0.001000;4.851304;0.678941;1.000000;0.980788;0.448670;8.398190;62.402549;1.472881;0.104978;-74.923905;-0.400565;0.401177;ORGANIZING
2026.07.22 13:21:00;EURUSDm;1.14140;0.216338;2.747253;4.463200;0.762357;1.000000;1.000000;0.445642;8.387636;62.474049;1.311722;0.104214;-75.439761;-0.405438;0.400007;ORGANIZING
2026.07.22 13:22:00;EURUSDm;1.14137;0.289109;0.414365;4.106144;0.724957;1.000000;0.995100;0.441212;8.366849;62.544967;1.379392;0.104899;-75.779902;-0.403373;0.400502;ORGANIZING
2026.07.22 13:23:00;EURUSDm;1.14153;0.241275;2.197802;3.777653;0.778600;1.000000;1.000000;0.435576;8.336132;62.616114;1.284357;0.104709;-76.160477;-0.406234;0.399816;ORGANIZING
2026.07.22 13:24:00;EURUSDm;1.14154;0.235964;0.138889;3.475440;0.726614;1.000000;0.985106;0.428908;8.296111;62.686341;1.376246;0.105802;-76.387554;-0.403423;0.400490;ORGANIZING
2026.07.22 13:25:00;EURUSDm;1.14161;0.229169;0.961538;3.197405;0.718360;1.000000;0.999293;0.421364;8.262441;62.756150;1.392059;0.106358;-76.644716;-0.402920;0.400611;ORGANIZING
2026.07.22 13:26:00;EURUSDm;1.14159;0.237998;0.273224;2.941613;0.676103;1.000000;0.988629;0.413086;8.236562;62.825276;1.479064;0.107230;-76.859063;-0.400267;0.401248;ORGANIZING
2026.07.22 13:27:00;EURUSDm;1.14154;0.258674;0.686813;2.706284;0.656639;1.000000;0.992523;0.404198;8.209578;62.893938;1.522907;0.107870;-77.071845;-0.398919;0.401572;ORGANIZING
2026.07.22 13:28:00;EURUSDm;1.14147;0.313035;0.958904;2.489781;0.651752;1.000000;1.000000;0.394813;8.181592;62.962272;1.534325;0.108364;-77.277054;-0.398552;0.401660;ORGANIZING
2026.07.22 13:29:00;EURUSDm;1.14149;0.336599;0.278552;2.290599;0.613092;1.000000;0.988568;0.385032;8.152702;63.029930;1.631076;0.109280;-77.427890;-0.395604;0.402369;ORGANIZING
2026.07.22 13:30:00;EURUSDm;1.14173;0.244658;3.225806;2.107351;0.723728;1.000000;1.000000;0.374942;8.122994;63.098397;1.381735;0.108440;-77.710648;-0.403126;0.400562;ORGANIZING
2026.07.22 13:31:00;EURUSDm;1.14204;0.223402;3.855721;1.938763;0.860328;1.000000;1.000000;0.364625;8.099094;63.167991;1.162348;0.107250;-78.016993;-0.409767;0.398968;ORGANIZING
2026.07.22 13:32:00;EURUSDm;1.14181;0.239550;2.731591;1.783662;0.933891;1.000000;1.000000;0.354149;8.083430;63.238164;1.070789;0.106707;-78.263551;-0.412541;0.398303;ORGANIZING
2026.07.22 13:33:00;EURUSDm;1.14159;0.268083;2.517162;1.640969;0.993054;1.000000;1.000000;0.343576;8.075819;63.308853;1.006994;0.106242;-78.499727;-0.414478;0.397839;ORGANIZING
2026.07.22 13:34:00;EURUSDm;1.14162;0.271393;0.343249;1.509691;0.940564;0.995816;0.989039;0.332961;8.076069;63.379103;1.058743;0.106509;-78.632220;-0.412912;0.398214;ORGANIZING
2026.07.22 13:35:00;EURUSDm;1.14162;0.267796;0.001000;1.388916;0.873670;0.987529;0.966111;0.322352;8.084040;63.448930;1.130323;0.106414;-78.758937;-0.410770;0.398728;ORGANIZING
2026.07.22 13:36:00;EURUSDm;1.14184;0.252700;2.534562;1.277803;0.936964;0.975117;1.000000;0.311790;8.088102;63.519678;1.040720;0.104437;-79.003507;-0.413557;0.398060;ORGANIZING
2026.07.22 13:37:00;EURUSDm;1.14181;0.265348;0.349650;1.175578;0.888096;0.959571;0.988150;0.301311;8.088586;63.590253;1.080482;0.103424;-79.122995;-0.412414;0.398333;ORGANIZING
2026.07.22 13:38:00;EURUSDm;1.14173;0.268073;0.923788;1.081532;0.870689;0.941206;0.996444;0.290948;8.094645;63.661083;1.080990;0.101683;-79.280219;-0.412486;0.398316;ORGANIZING
2026.07.22 13:39:00;EURUSDm;1.14169;0.337894;0.460829;0.995010;0.831372;0.920538;0.987880;0.280727;8.096953;63.731955;1.107252;0.099960;-79.403139;-0.411784;0.398484;ORGANIZING
2026.07.22 13:40:00;EURUSDm;1.14162;0.373698;0.802752;0.915409;0.811530;0.897858;0.991226;0.270671;8.095827;63.803071;1.106376;0.097827;-79.534331;-0.411917;0.398452;ORGANIZING
2026.07.22 13:41:00;EURUSDm;1.14182;0.376226;2.217295;0.842176;0.863861;0.873179;1.000000;0.260799;8.091558;63.875162;1.010786;0.094744;-79.728382;-0.414939;0.397728;ORGANIZING
2026.07.22 13:42:00;EURUSDm;1.14172;0.423645;1.103753;0.774802;0.858392;0.847094;1.000000;0.251127;8.084414;63.947648;0.986838;0.092136;-79.855227;-0.415788;0.397525;ORGANIZING
2026.07.22 13:43:00;EURUSDm;1.14185;0.448368;1.400862;0.712818;0.868574;0.819815;1.000000;0.241670;8.074640;64.020684;0.943864;0.089257;-79.989246;-0.417221;0.397182;ORGANIZING
2026.07.22 13:44:00;EURUSDm;1.14173;0.662816;1.263158;1.209930;0.871907;0.816591;1.000000;0.254442;8.056922;64.093641;0.936558;0.088922;-79.561755;-0.417457;0.397125;ORGANIZING
2026.07.22 13:45:00;EURUSDm;1.14180;0.658646;0.727651;1.703914;0.848362;0.833305;0.999373;0.266419;8.031572;64.165774;0.982251;0.091108;-79.072901;-0.415977;0.397480;ORGANIZING
2026.07.22 13:46:00;EURUSDm;1.14159;0.933581;2.312775;2.404100;0.904917;0.874383;1.000000;0.288108;7.996790;64.237303;0.966258;0.095147;-78.433532;-0.416255;0.397413;ORGANIZING
2026.07.22 13:47:00;EURUSDm;1.14155;0.933002;0.464037;3.103851;0.865385;0.935874;0.991325;0.308690;7.960781;64.306847;1.081454;0.102451;-77.671450;-0.412434;0.398329;ORGANIZING
2026.07.22 13:48:00;EURUSDm;1.14153;0.925357;0.232019;3.797869;0.814999;1.000000;0.975553;0.327956;7.934058;64.374338;1.226995;0.110168;-76.915498;-0.407682;0.399468;ORGANIZING
2026.07.22 13:49:00;EURUSDm;1.14150;0.919358;0.349650;4.487387;0.771732;1.000000;0.965125;0.346034;7.916356;64.441219;1.295787;0.110691;-76.250344;-0.405592;0.399970;ORGANIZING
2026.07.22 13:50:00;EURUSDm;1.14148;0.515419;0.232019;4.873952;0.724746;1.000000;0.951578;0.348061;7.904440;64.507511;1.379794;0.111393;-75.863307;-0.403037;0.400583;ORGANIZING
2026.07.22 13:51:00;EURUSDm;1.14148;0.306057;0.001000;4.484036;0.668559;1.000000;0.930490;0.350154;7.890371;64.573100;1.495755;0.112245;-76.238672;-0.399515;0.401429;ORGANIZING
2026.07.22 13:52:00;EURUSDm;1.14168;0.789189;2.352941;5.075928;0.732778;1.000000;0.992531;0.362241;7.883842;64.639266;1.364670;0.111373;-75.788281;-0.403491;0.400474;ORGANIZING
2026.07.22 13:53:00;EURUSDm;1.14147;0.828522;2.354260;5.697319;0.793852;1.000000;1.000000;0.375198;7.884986;64.706055;1.259681;0.110448;-75.322955;-0.406687;0.399707;ORGANIZING
2026.07.22 13:54:00;EURUSDm;1.14155;0.893641;0.890869;6.367550;0.778703;1.000000;1.000000;0.389950;7.894140;64.772783;1.284187;0.110341;-74.752115;-0.405957;0.399882;ORGANIZING
2026.07.22 13:55:00;EURUSDm;1.14146;0.677908;0.982533;6.875981;0.768894;1.000000;1.000000;0.395874;7.909539;64.839567;1.300569;0.110201;-74.343307;-0.405473;0.399998;ORGANIZING
2026.07.22 13:56:00;EURUSDm;1.14144;0.344080;0.217865;6.325903;0.721343;1.000000;0.986481;0.403584;7.920473;64.905986;1.386303;0.110553;-74.949540;-0.402883;0.400620;ORGANIZING
2026.07.22 13:57:00;EURUSDm;1.14135;0.322718;0.974026;5.819830;0.713977;1.000000;1.000000;0.408708;7.927313;64.972398;1.400605;0.110497;-75.538588;-0.402457;0.400722;ORGANIZING
2026.07.22 13:58:00;EURUSDm;1.14122;0.308378;1.391863;5.354244;0.727871;1.000000;1.000000;0.411552;7.930403;65.038981;1.373869;0.110256;-76.096520;-0.403271;0.400527;ORGANIZING
2026.07.22 13:59:00;EURUSDm;1.14132;0.374032;1.059322;4.925904;0.724444;1.000000;1.000000;0.412392;7.930060;65.105526;1.380369;0.110291;-76.588970;-0.403074;0.400574;ORGANIZING
2026.07.22 14:00:00;EURUSDm;1.14148;0.761882;1.666667;5.497316;0.751555;1.000000;1.000000;0.420343;7.936229;65.172404;1.330575;0.109792;-76.139787;-0.404593;0.400209;ORGANIZING
2026.07.22 14:01:00;EURUSDm;1.14133;0.316971;1.521298;5.057531;0.770042;1.000000;1.000000;0.421315;7.938702;65.239491;1.298630;0.109528;-76.672036;-0.405565;0.399976;ORGANIZING
2026.07.22 14:02:00;EURUSDm;1.14134;0.370715;0.103093;4.652928;0.716695;1.000000;0.983354;0.420479;7.937789;65.306036;1.395294;0.110193;-77.086340;-0.402632;0.400680;ORGANIZING
2026.07.22 14:03:00;EURUSDm;1.14133;0.315378;0.103950;4.280694;0.666057;1.000000;0.967292;0.418067;7.933779;65.372035;1.501372;0.110891;-77.461090;-0.399414;0.401453;ORGANIZING
2026.07.22 14:04:00;EURUSDm;1.14139;0.406664;0.617284;3.938238;0.643619;1.000000;0.969674;0.414286;7.921393;65.437685;1.553715;0.111367;-77.814425;-0.397820;0.401836;ORGANIZING
2026.07.22 14:05:00;EURUSDm;1.14121;0.306897;1.803607;3.623179;0.681618;1.000000;1.000000;0.409325;7.900979;65.503511;1.467097;0.111211;-78.182558;-0.400427;0.401210;ORGANIZING
2026.07.22 14:06:00;EURUSDm;1.14127;0.435292;0.598802;3.333325;0.657477;1.000000;1.000000;0.403352;7.870766;65.568793;1.520965;0.111962;-78.441181;-0.398773;0.401607;ORGANIZING
2026.07.22 14:07:00;EURUSDm;1.14114;0.369825;1.279528;3.066659;0.668580;1.000000;1.000000;0.396517;7.831784;65.633797;1.495708;0.112399;-78.692321;-0.399509;0.401430;ORGANIZING
2026.07.22 14:08:00;EURUSDm;1.14119;0.427913;0.496032;2.821326;0.639952;1.000000;0.996239;0.388958;7.802391;65.698220;1.562616;0.113234;-78.899544;-0.397460;0.401923;ORGANIZING
2026.07.22 14:09:00;EURUSDm;1.14115;0.415099;0.415800;2.595620;0.608745;1.000000;0.989537;0.380795;7.782297;65.762131;1.642724;0.114001;-79.101440;-0.395018;0.402510;ORGANIZING
2026.07.22 14:10:00;EURUSDm;1.14113;0.412634;0.207039;2.387971;0.568660;1.000000;0.975478;0.372138;7.768245;65.825500;1.758521;0.114823;-79.286955;-0.391503;0.403355;ORGANIZING
2026.07.22 14:11:00;EURUSDm;1.14127;0.603319;1.467505;2.840460;0.593602;1.000000;1.000000;0.376156;7.745840;65.888894;1.684631;0.114737;-78.886027;-0.393724;0.402821;ORGANIZING
2026.07.22 14:12:00;EURUSDm;1.14144;0.545609;1.731161;3.249666;0.630480;1.000000;1.000000;0.377808;7.725373;65.952453;1.586094;0.114500;-78.539628;-0.396692;0.402107;ORGANIZING
2026.07.22 14:13:00;EURUSDm;1.14170;0.557944;2.594810;3.668125;0.708696;1.000000;1.000000;0.379841;7.707038;66.016610;1.411042;0.113694;-78.230939;-0.401984;0.400836;ORGANIZING
2026.07.22 14:14:00;EURUSDm;1.14160;0.909237;0.980392;4.350052;0.702281;1.000000;1.000000;0.394945;7.688678;66.080520;1.423931;0.113819;-77.599994;-0.401591;0.400930;ORGANIZING
2026.07.22 14:15:00;EURUSDm;1.14162;0.698259;0.198020;4.873747;0.657068;1.000000;0.985754;0.401383;7.670257;66.143793;1.521912;0.114564;-77.070393;-0.398614;0.401645;ORGANIZING
2026.07.22 14:16:00;EURUSDm;1.14176;0.427768;1.353965;4.483847;0.671913;1.000000;1.000000;0.400808;7.650326;66.207015;1.488288;0.114639;-77.497350;-0.399619;0.401404;ORGANIZING
2026.07.22 14:17:00;EURUSDm;1.14173;0.378414;0.291262;4.125139;0.632880;1.000000;0.989222;0.398703;7.629021;66.269634;1.580077;0.115465;-77.832825;-0.396824;0.402076;ORGANIZING
2026.07.22 14:18:00;EURUSDm;1.14174;0.317989;0.098232;3.795128;0.586148;1.000000;0.971992;0.395269;7.606467;66.331560;1.706054;0.116443;-78.126053;-0.392996;0.402996;ORGANIZING
2026.07.22 14:19:00;EURUSDm;1.14154;0.543221;1.897533;4.202544;0.631717;1.000000;1.000000;0.395876;7.575669;66.393634;1.582987;0.116235;-77.765897;-0.396699;0.402106;ORGANIZING
2026.07.22 14:20:00;EURUSDm;1.14170;0.531822;1.541426;4.601410;0.657203;1.000000;1.000000;0.396026;7.546749;66.455674;1.521601;0.116279;-77.397016;-0.398538;0.401664;ORGANIZING
2026.07.22 14:21:00;EURUSDm;1.14137;0.878733;3.166987;5.260460;0.762692;1.000000;1.000000;0.409177;7.511045;66.518411;1.311145;0.115169;-76.861087;-0.404907;0.400134;ORGANIZING
2026.07.22 14:22:00;EURUSDm;1.14137;0.870400;0.001000;5.913260;0.704607;1.000000;0.979356;0.421358;7.486093;66.580318;1.419230;0.116116;-76.186568;-0.401617;0.400924;ORGANIZING
2026.07.22 14:23:00;EURUSDm;1.14138;0.864135;0.104822;6.561361;0.654618;1.000000;0.963495;0.432695;7.471469;66.641579;1.527608;0.116839;-75.543165;-0.398330;0.401714;ORGANIZING
2026.07.22 14:24:00;EURUSDm;1.14133;0.858089;0.521921;7.204928;0.627983;1.000000;0.963184;0.443239;7.466779;66.702527;1.592399;0.117123;-74.945617;-0.396372;0.402184;ORGANIZING
2026.07.22 14:25:00;EURUSDm;1.14130;0.829787;0.311203;7.827268;0.592144;1.000000;0.955878;0.452194;7.471486;66.763163;1.688778;0.117428;-74.375398;-0.393465;0.402883;ORGANIZING
2026.07.22 14:26:00;EURUSDm;1.14114;0.703968;1.680672;8.355244;0.626571;1.000000;0.997073;0.455983;7.484348;66.824272;1.595989;0.116728;-73.976259;-0.396284;0.402205;ORGANIZING
2026.07.22 14:27:00;EURUSDm;1.14124;0.819422;1.035197;8.969811;0.627002;1.000000;1.000000;0.463912;7.505957;66.885602;1.594892;0.116321;-73.482532;-0.396337;0.402193;ORGANIZING
2026.07.22 14:28:00;EURUSDm;1.14115;0.801537;0.929752;9.570963;0.622139;1.000000;1.000000;0.470774;7.535924;66.947182;1.607357;0.115890;-73.011754;-0.395985;0.402277;ORGANIZING
2026.07.22 14:29:00;EURUSDm;1.14110;0.813747;0.515464;10.181273;0.596806;1.000000;0.999518;0.477751;7.574101;67.008891;1.675588;0.115625;-72.528127;-0.393951;0.402767;ORGANIZING
2026.07.22 14:30:00;EURUSDm;1.14104;0.816029;0.619835;10.793295;0.577957;1.000000;1.000000;0.484464;7.620284;67.070874;1.730232;0.115171;-72.065032;-0.392334;0.403155;ORGANIZING
2026.07.22 14:31:00;EURUSDm;1.14100;0.412309;0.427350;9.929832;0.550427;1.000000;0.996914;0.503414;7.653076;67.132909;1.816772;0.114851;-73.066485;-0.389754;0.403776;ORGANIZING
2026.07.22 14:32:00;EURUSDm;1.14123;0.485110;2.390852;9.135445;0.622448;1.000000;1.000000;0.517963;7.673668;67.195870;1.606560;0.113455;-74.066136;-0.396130;0.402242;ORGANIZING
2026.07.22 14:33:00;EURUSDm;1.14118;0.290873;0.528541;8.404609;0.597753;1.000000;1.000000;0.528607;7.682665;67.258674;1.672933;0.113520;-74.874360;-0.394136;0.402722;ORGANIZING
2026.07.22 14:34:00;EURUSDm;1.14124;0.347173;0.642398;7.732241;0.579985;1.000000;1.000000;0.535795;7.678073;67.321255;1.724183;0.113716;-75.596735;-0.392589;0.403094;ORGANIZING
2026.07.22 14:35:00;EURUSDm;1.14114;0.305224;1.063830;7.113661;0.584177;1.000000;1.000000;0.539934;7.662082;67.383717;1.711809;0.113815;-76.258265;-0.392955;0.403006;ORGANIZING
2026.07.22 14:36:00;EURUSDm;1.14108;0.268537;0.659341;6.544569;0.567935;1.000000;1.000000;0.541392;7.644379;67.445841;1.760764;0.114237;-76.840749;-0.391465;0.403365;ORGANIZING
2026.07.22 14:37:00;EURUSDm;1.14104;0.268426;0.439560;6.021003;0.541517;1.000000;0.999333;0.540501;7.625116;67.507507;1.846665;0.114848;-77.359253;-0.388858;0.403992;ORGANIZING
2026.07.22 14:38:00;EURUSDm;1.14106;0.268952;0.219780;5.539323;0.505430;1.000000;0.990966;0.537560;7.604432;67.568605;1.978514;0.115641;-77.818696;-0.384863;0.404955;ORGANIZING
2026.07.22 14:39:00;EURUSDm;1.14120;0.355139;1.502146;5.096177;0.535266;1.000000;1.000000;0.532839;7.575346;67.629712;1.868231;0.115695;-78.285170;-0.388168;0.404158;ORGANIZING
2026.07.22 14:40:00;EURUSDm;1.14117;0.293401;0.321199;4.688483;0.504562;1.000000;0.994891;0.526582;7.538340;67.690141;1.981916;0.116693;-78.636064;-0.384708;0.404992;ORGANIZING
2026.07.22 14:41:00;EURUSDm;1.14104;0.366431;1.354167;4.313404;0.527042;1.000000;1.000000;0.519007;7.510119;67.750512;1.897380;0.116875;-79.022402;-0.387235;0.404383;ORGANIZING
2026.07.22 14:42:00;EURUSDm;1.14103;0.365284;0.108460;3.968332;0.486113;1.000000;0.986961;0.510310;7.492018;67.810294;2.057133;0.117807;-79.332730;-0.382396;0.405549;ORGANIZING
2026.07.22 14:43:00;EURUSDm;1.14111;0.418198;0.892857;3.650865;0.486451;1.000000;1.000000;0.500668;7.483663;67.869995;2.055707;0.118053;-79.674240;-0.382426;0.405542;ORGANIZING
2026.07.22 14:44:00;EURUSDm;1.14108;0.445260;0.338600;3.358796;0.459058;1.000000;0.994374;0.490238;7.484706;67.929432;2.178374;0.118568;-79.979581;-0.378720;0.406436;ORGANIZING
2026.07.22 14:45:00;EURUSDm;1.14121;0.836293;1.454139;3.986015;0.488812;1.000000;1.000000;0.497087;7.485695;67.989177;2.045776;0.118042;-79.457537;-0.382725;0.405470;ORGANIZING
2026.07.22 14:46:00;EURUSDm;1.14106;0.829906;1.630435;4.608445;0.525893;1.000000;1.000000;0.503354;7.485734;68.049294;1.901527;0.117440;-78.944918;-0.387082;0.404420;ORGANIZING
2026.07.22 14:47:00;EURUSDm;1.14109;0.646334;0.330396;5.093196;0.496118;1.000000;0.994181;0.502424;7.487072;68.109126;2.015648;0.117847;-78.491039;-0.383638;0.405250;ORGANIZING
2026.07.22 14:48:00;EURUSDm;1.14109;0.829812;0.001000;5.715555;0.451362;1.000000;0.977005;0.508421;7.488190;68.168521;2.215514;0.118372;-77.897550;-0.377616;0.406702;ORGANIZING
2026.07.22 14:49:00;EURUSDm;1.14117;0.810066;0.911162;6.323105;0.454352;1.000000;0.992495;0.513377;7.489331;68.227958;2.200935;0.118244;-77.364622;-0.378060;0.406595;ORGANIZING
2026.07.22 14:50:00;EURUSDm;1.14115;0.765727;0.235294;6.897400;0.423400;1.000000;0.983961;0.516423;7.490843;68.287100;2.361836;0.118615;-76.827633;-0.373214;0.407765;ORGANIZING
2026.07.22 14:51:00;EURUSDm;1.14113;0.674763;0.242718;7.403472;0.394365;1.000000;0.976092;0.515905;7.478653;68.345831;2.535719;0.119205;-76.325840;-0.367968;0.409032;ORGANIZING
2026.07.22 14:52:00;EURUSDm;1.14118;0.799877;0.600962;8.003380;0.384695;1.000000;0.981020;0.520105;7.452580;68.404203;2.599460;0.119655;-75.730890;-0.366033;0.409500;ORGANIZING
2026.07.22 14:53:00;EURUSDm;1.14108;0.803940;1.176471;8.606335;0.404284;1.000000;1.000000;0.524248;7.417334;68.462419;2.473509;0.119820;-75.143534;-0.369804;0.408588;ORGANIZING
2026.07.22 14:54:00;EURUSDm;1.14116;0.805570;0.936768;9.210512;0.410908;1.000000;1.000000;0.528244;7.395031;68.520479;2.433633;0.119988;-74.567425;-0.370992;0.408301;ORGANIZING
2026.07.22 14:55:00;EURUSDm;1.14096;0.553653;2.331002;9.625752;0.486913;1.000000;1.000000;0.522594;7.383176;68.579180;2.053755;0.119151;-74.251882;-0.382430;0.405541;ORGANIZING
2026.07.22 14:56:00;EURUSDm;1.14092;0.600191;0.468384;10.075895;0.465986;1.000000;0.999684;0.518972;7.381574;68.637655;2.145985;0.119524;-73.828837;-0.379644;0.406213;ORGANIZING
2026.07.22 14:57:00;EURUSDm;1.14097;0.840506;0.596659;10.706274;0.452520;1.000000;1.000000;0.524542;7.391518;68.696096;2.209847;0.119495;-73.274463;-0.377730;0.406675;ORGANIZING
2026.07.22 14:58:00;EURUSDm;1.14109;0.846074;1.408451;11.340830;0.480317;1.000000;1.000000;0.530043;7.412576;68.755025;2.081960;0.118723;-72.779749;-0.381605;0.405740;ORGANIZING
2026.07.22 14:59:00;EURUSDm;1.14089;0.397116;2.262443;10.433563;0.549423;1.000000;1.000000;0.548904;7.428887;68.814808;1.820091;0.117272;-73.886249;-0.389534;0.403830;ORGANIZING
2026.07.22 15:00:00;EURUSDm;1.14092;0.461551;0.338600;9.598878;0.518882;1.000000;0.996063;0.563193;7.440846;68.874405;1.927221;0.117331;-74.802488;-0.386317;0.404604;ORGANIZING
2026.07.22 15:01:00;EURUSDm;1.14085;0.560554;0.802752;10.019294;0.513075;1.000000;1.000000;0.556054;7.460701;68.934143;1.949031;0.117236;-74.461435;-0.385667;0.404761;ORGANIZING
2026.07.22 15:02:00;EURUSDm;1.14081;0.501199;0.472813;10.395193;0.491062;1.000000;1.000000;0.547046;7.487666;68.993930;2.036402;0.117291;-74.159225;-0.383043;0.405393;ORGANIZING
2026.07.22 15:03:00;EURUSDm;1.14102;0.864674;2.511962;11.043699;0.572107;1.000000;1.000000;0.552119;7.524156;69.054893;1.747924;0.115629;-73.735853;-0.391781;0.403289;ORGANIZING
2026.07.22 15:04:00;EURUSDm;1.14099;0.859706;0.364964;11.688478;0.541750;1.000000;0.997098;0.556752;7.569832;69.116009;1.845870;0.115362;-73.222449;-0.388856;0.403993;ORGANIZING
2026.07.22 15:05:00;EURUSDm;1.14105;0.632122;0.722892;12.162570;0.530807;1.000000;1.000000;0.552619;7.613749;69.177454;1.883923;0.114980;-72.878427;-0.387733;0.404263;ORGANIZING
2026.07.22 15:06:00;EURUSDm;1.14094;0.766043;1.334951;12.737103;0.551014;1.000000;1.000000;0.553715;7.656966;69.239534;1.814835;0.114133;-72.474808;-0.389848;0.403754;ORGANIZING
2026.07.22 15:07:00;EURUSDm;1.14096;0.717918;0.243309;13.275542;0.515629;1.000000;0.992896;0.552951;7.700505;69.301695;1.939379;0.114037;-72.048695;-0.386117;0.404652;ORGANIZING
2026.07.22 15:08:00;EURUSDm;1.14102;0.833961;0.721154;13.901012;0.505905;1.000000;1.000000;0.556577;7.743857;69.364193;1.976654;0.113555;-71.569955;-0.385023;0.404916;ORGANIZING
2026.07.22 15:09:00;EURUSDm;1.14107;0.829997;0.623441;14.523510;0.491782;1.000000;1.000000;0.559873;7.787142;69.426982;2.033421;0.113138;-71.089285;-0.383340;0.405321;ORGANIZING
2026.07.22 15:10:00;EURUSDm;1.14110;0.811265;0.386598;15.131958;0.466523;1.000000;0.998126;0.562302;7.830552;69.489953;2.143517;0.112875;-70.610225;-0.380051;0.406115;ORGANIZING
2026.07.22 15:11:00;EURUSDm;1.14103;0.803343;0.966851;15.734466;0.471539;1.000000;1.000000;0.564312;7.874709;69.553415;2.120714;0.112226;-70.168531;-0.380767;0.405942;ORGANIZING
2026.07.22 15:12:00;EURUSDm;1.14101;0.534071;0.274725;16.135019;0.441699;1.000000;0.994366;0.556124;7.916652;69.616999;2.263987;0.112177;-69.869231;-0.376472;0.406978;ORGANIZING
2026.07.22 15:13:00;EURUSDm;1.14105;0.786572;0.544959;16.724948;0.426862;1.000000;0.998101;0.557814;7.958255;69.680850;2.342680;0.111820;-69.414902;-0.374129;0.407544;ORGANIZING
2026.07.22 15:14:00;EURUSDm;1.14093;0.389588;1.604278;15.386952;0.465732;1.000000;1.000000;0.596824;7.980228;69.745310;2.147156;0.110585;-70.978193;-0.380056;0.406113;ORGANIZING
2026.07.22 15:15:00;EURUSDm;1.14098;0.760698;0.664894;15.957476;0.455691;1.000000;1.000000;0.595509;8.003644;69.809903;2.194472;0.110438;-70.506423;-0.378644;0.406454;ORGANIZING
2026.07.22 15:16:00;EURUSDm;1.14097;0.741650;0.138504;16.513713;0.419831;1.000000;0.990690;0.593545;8.028004;69.874381;2.381910;0.110603;-70.023597;-0.373013;0.407813;ORGANIZING
2026.07.22 15:17:00;EURUSDm;1.14092;0.690462;0.702247;17.031560;0.413952;1.000000;1.000000;0.589760;8.051117;69.939032;2.415739;0.110438;-69.603178;-0.372006;0.408056;ORGANIZING
2026.07.22 15:18:00;EURUSDm;1.14080;0.273011;1.671309;15.669035;0.456820;1.000000;1.000000;0.628398;8.054143;70.004142;2.189047;0.109417;-71.157010;-0.378858;0.406402;ORGANIZING
2026.07.22 15:19:00;EURUSDm;1.14089;0.647768;1.239669;16.154861;0.475962;1.000000;1.000000;0.621270;8.071085;70.069612;2.101007;0.109071;-70.775424;-0.381516;0.405761;ORGANIZING
2026.07.22 15:20:00;EURUSDm;1.14095;0.618060;0.826446;16.618406;0.473487;1.000000;1.000000;0.613383;8.100925;70.135356;2.111993;0.108840;-70.419054;-0.381198;0.405838;ORGANIZING
2026.07.22 15:21:00;EURUSDm;1.14093;0.595738;0.277008;17.065210;0.443663;1.000000;0.996164;0.605054;8.130880;70.201102;2.253965;0.108937;-70.051423;-0.376934;0.406867;ORGANIZING
2026.07.22 15:22:00;EURUSDm;1.14108;0.249456;2.124646;15.699993;0.507712;1.000000;1.000000;0.643063;8.143273;70.267612;1.969621;0.107596;-71.648002;-0.385532;0.404793;ORGANIZING
2026.07.22 15:23:00;EURUSDm;1.14121;0.308373;1.800554;14.443994;0.552354;1.000000;1.000000;0.673709;8.136560;70.334501;1.810434;0.106808;-73.063400;-0.390347;0.403634;ORGANIZING
2026.07.22 15:24:00;EURUSDm;1.14119;0.293520;0.280112;13.288474;0.518742;1.000000;0.998384;0.697800;8.111877;70.400807;1.927741;0.107199;-74.250429;-0.386808;0.404486;ORGANIZING
2026.07.22 15:25:00;EURUSDm;1.14125;0.286886;0.849858;12.225396;0.515298;1.000000;1.000000;0.716064;8.071946;70.466679;1.940626;0.107489;-75.332600;-0.386407;0.404583;ORGANIZING
2026.07.22 15:26:00;EURUSDm;1.14126;0.219750;0.143678;11.247365;0.476717;1.000000;0.995091;0.729162;8.046484;70.531911;2.097682;0.108081;-76.312555;-0.381666;0.405725;ORGANIZING
2026.07.22 15:27:00;EURUSDm;1.14128;0.220654;0.289017;10.347575;0.447332;1.000000;0.995899;0.737694;8.035531;70.596740;2.235478;0.108453;-77.242945;-0.377513;0.406727;ORGANIZING
2026.07.22 15:28:00;EURUSDm;1.14129;0.240125;0.144928;9.519769;0.412211;1.000000;0.991934;0.742199;8.039166;70.661254;2.425939;0.108772;-78.116426;-0.371783;0.408110;ORGANIZING
2026.07.22 15:29:00;EURUSDm;1.14133;0.248597;0.597015;8.758188;0.401452;1.000000;1.000000;0.743168;8.056623;70.725834;2.490960;0.108681;-78.968681;-0.369837;0.408580;ORGANIZING
2026.07.22 15:30:00;EURUSDm;1.14128;0.320387;0.741840;8.057533;0.398471;1.000000;1.000000;0.741043;8.087084;70.790690;2.509593;0.108382;-79.787882;-0.369293;0.408712;ORGANIZING
2026.07.22 15:31:00;EURUSDm;1.14116;0.425512;1.785714;7.412930;0.447833;1.000000;1.000000;0.736221;8.129864;70.856467;2.232974;0.107366;-80.623540;-0.377642;0.406696;ORGANIZING
2026.07.22 15:32:00;EURUSDm;1.14105;0.531711;1.589595;7.811714;0.484921;1.000000;1.000000;0.719349;8.172448;70.923041;2.062190;0.106647;-80.379842;-0.382802;0.405451;ORGANIZING
2026.07.22 15:33:00;EURUSDm;1.14106;0.537474;0.147493;8.214819;0.448050;1.000000;0.995339;0.703537;8.216687;70.989688;2.231894;0.106743;-80.063366;-0.377706;0.406680;ORGANIZING
2026.07.22 15:34:00;EURUSDm;1.14080;0.433716;3.591160;7.557633;0.585205;1.000000;1.000000;0.701219;8.253897;71.058079;1.708802;0.104818;-80.995883;-0.393495;0.402876;ORGANIZING
2026.07.22 15:35:00;EURUSDm;1.14097;0.565322;2.322404;7.981625;0.652065;1.000000;1.000000;0.687358;8.292386;71.127524;1.533589;0.103823;-80.757451;-0.398801;0.401600;ORGANIZING
2026.07.22 15:36:00;EURUSDm;1.14100;0.565310;0.423729;8.405607;0.620649;1.000000;1.000000;0.674189;8.332005;71.197050;1.611218;0.103876;-80.424479;-0.396470;0.402161;ORGANIZING
2026.07.22 15:37:00;EURUSDm;1.14096;0.569013;0.563380;8.832367;0.597785;1.000000;1.000000;0.661817;8.372337;71.266751;1.672842;0.103821;-80.100478;-0.394624;0.402605;ORGANIZING
2026.07.22 15:38:00;EURUSDm;1.14085;0.571631;1.502732;9.261090;0.623032;1.000000;1.000000;0.650163;8.394555;71.336927;1.605053;0.103437;-79.788304;-0.396677;0.402111;ORGANIZING
2026.07.22 15:39:00;EURUSDm;1.14073;0.367101;1.621622;8.520203;0.652962;1.000000;1.000000;0.654699;8.428928;71.407746;1.531483;0.102705;-80.707760;-0.398920;0.401572;ORGANIZING
2026.07.22 15:40:00;EURUSDm;1.14083;0.479266;1.322751;7.838586;0.666451;1.000000;1.000000;0.656045;8.474582;71.479156;1.500485;0.102071;-81.568275;-0.399882;0.401341;ORGANIZING
2026.07.22 15:41:00;EURUSDm;1.14099;0.584002;2.040816;8.276588;0.715170;1.000000;1.000000;0.645143;8.520095;71.551509;1.398270;0.101210;-81.320566;-0.402991;0.400594;ORGANIZING
2026.07.22 15:42:00;EURUSDm;1.14096;0.483618;0.384615;7.614461;0.678642;1.000000;1.000000;0.645992;8.558350;71.623879;1.473531;0.101184;-82.096744;-0.400735;0.401136;ORGANIZING
2026.07.22 15:43:00;EURUSDm;1.14095;0.249618;0.131234;7.005304;0.631272;1.000000;0.992203;0.644150;8.589945;71.696091;1.584104;0.101365;-82.790249;-0.397409;0.401935;ORGANIZING
2026.07.22 15:44:00;EURUSDm;1.14100;0.312832;0.661376;6.444880;0.612777;1.000000;1.000000;0.639964;8.615431;71.768373;1.631916;0.101336;-83.447061;-0.395976;0.402280;ORGANIZING
2026.07.22 15:45:00;EURUSDm;1.14095;0.225988;0.688705;5.929289;0.596573;1.000000;1.000000;0.633745;8.635315;71.840692;1.676240;0.101362;-84.046097;-0.394645;0.402600;ORGANIZING
2026.07.22 15:46:00;EURUSDm;1.14097;0.231279;0.277008;5.454946;0.560595;1.000000;0.996876;0.625775;8.650063;71.912799;1.783819;0.101663;-84.570123;-0.391402;0.403380;ORGANIZING
2026.07.22 15:47:00;EURUSDm;1.14108;0.305108;1.498638;5.018551;0.587497;1.000000;1.000000;0.616306;8.660103;71.985275;1.702136;0.101380;-85.107039;-0.393867;0.402787;ORGANIZING
2026.07.22 15:48:00;EURUSDm;1.14111;0.342932;0.418994;4.617067;0.559072;1.000000;1.000000;0.605565;8.665829;72.057524;1.788679;0.101725;-85.542318;-0.391253;0.403416;ORGANIZING
2026.07.22 15:49:00;EURUSDm;1.14123;0.610562;1.714286;5.074988;0.596833;1.000000;1.000000;0.598183;8.659332;72.130085;1.675512;0.101478;-85.166960;-0.394661;0.402596;ORGANIZING
2026.07.22 15:50:00;EURUSDm;1.14129;0.606565;0.849858;5.529911;0.589484;1.000000;1.000000;0.591020;8.641312;72.202393;1.696399;0.101814;-84.726629;-0.394017;0.402751;ORGANIZING
2026.07.22 15:51:00;EURUSDm;1.14104;0.504659;3.369272;5.908405;0.708473;1.000000;1.000000;0.580394;8.613150;72.275610;1.411486;0.100990;-84.462766;-0.402606;0.400686;ORGANIZING
2026.07.22 15:52:00;EURUSDm;1.14109;0.610513;0.672043;6.366290;0.686652;1.000000;1.000000;0.574268;8.584539;72.348321;1.456342;0.101570;-83.986297;-0.401231;0.401017;ORGANIZING
2026.07.22 15:53:00;EURUSDm;1.14112;0.611277;0.423729;6.824748;0.653506;1.000000;0.999930;0.568478;8.555517;72.420412;1.530209;0.102276;-83.497159;-0.398980;0.401557;ORGANIZING
2026.07.22 15:54:00;EURUSDm;1.14110;0.225440;0.283286;6.278768;0.614995;1.000000;0.994744;0.567353;8.525528;72.491817;1.626030;0.103009;-84.013805;-0.396069;0.402257;ORGANIZING
2026.07.22 15:55:00;EURUSDm;1.14104;0.587837;0.849858;6.719646;0.606738;1.000000;1.000000;0.561029;8.495520;72.562839;1.648158;0.103484;-83.563030;-0.395381;0.402423;ORGANIZING
2026.07.22 15:56:00;EURUSDm;1.14104;0.580009;0.001000;7.154653;0.556451;1.000000;0.984671;0.554728;8.465552;72.633060;1.797104;0.104420;-83.075418;-0.390866;0.403509;ORGANIZING
2026.07.22 15:57:00;EURUSDm;1.14122;0.242348;2.513966;6.582280;0.634327;1.000000;1.000000;0.555610;8.445725;72.703860;1.576475;0.103781;-83.758577;-0.397517;0.401909;ORGANIZING
2026.07.22 15:58:00;EURUSDm;1.14122;0.193660;0.001000;6.055698;0.582660;1.000000;0.984481;0.554159;8.435551;72.774042;1.716266;0.104467;-84.280423;-0.393289;0.402926;ORGANIZING
2026.07.22 15:59:00;EURUSDm;1.14132;0.163762;1.400560;5.571242;0.603555;1.000000;1.000000;0.550674;8.422862;72.844306;1.656849;0.104416;-84.823691;-0.395074;0.402496;ORGANIZING
2026.07.22 16:00:00;EURUSDm;1.14131;0.182590;0.140845;5.125543;0.560420;1.000000;0.989203;0.545425;8.407879;72.913989;1.784376;0.105111;-85.255473;-0.391213;0.403425;ORGANIZING
2026.07.22 16:01:00;EURUSDm;1.14127;0.245786;0.568182;4.715499;0.540808;1.000000;0.993557;0.538656;8.401450;72.983412;1.849085;0.105475;-85.688932;-0.389254;0.403897;ORGANIZING
2026.07.22 16:02:00;EURUSDm;1.14120;0.272392;0.980392;4.338259;0.542787;1.000000;1.000000;0.530585;8.392205;73.052762;1.842343;0.105646;-86.102869;-0.389447;0.403850;ORGANIZING
2026.07.22 16:03:00;EURUSDm;1.14127;0.230231;0.972222;3.991199;0.544259;1.000000;1.000000;0.521409;8.380385;73.122008;1.837361;0.105864;-86.478656;-0.389586;0.403817;ORGANIZING
2026.07.22 16:04:00;EURUSDm;1.14112;0.519240;2.066116;4.380629;0.600352;1.000000;1.000000;0.514810;8.359125;73.191603;1.665690;0.105549;-86.159196;-0.394752;0.402574;ORGANIZING
2026.07.22 16:05:00;EURUSDm;1.14107;0.534224;0.688705;4.781297;0.584769;1.000000;1.000000;0.509103;8.328810;73.260739;1.710076;0.106127;-85.740036;-0.393391;0.402901;ORGANIZING
2026.07.22 16:06:00;EURUSDm;1.14111;0.463881;0.546448;4.398793;0.562853;1.000000;1.000000;0.502773;8.297727;73.329345;1.776662;0.106799;-86.094405;-0.391360;0.403390;ORGANIZING
2026.07.22 16:07:00;EURUSDm;1.14107;0.635491;0.547945;4.875411;0.542108;1.000000;1.000000;0.501465;8.257670;73.397342;1.844651;0.107513;-85.582309;-0.389285;0.403889;ORGANIZING
2026.07.22 16:08:00;EURUSDm;1.14097;0.468143;1.377410;4.485379;0.563873;1.000000;1.000000;0.495893;8.217698;73.465158;1.773449;0.107788;-85.970837;-0.391407;0.403379;ORGANIZING
2026.07.22 16:09:00;EURUSDm;1.14095;0.261107;0.280899;4.126548;0.529724;1.000000;0.992188;0.489040;8.186094;73.532316;1.887774;0.108638;-86.285762;-0.387935;0.404215;ORGANIZING
2026.07.22 16:10:00;EURUSDm;1.14077;0.193024;2.445652;3.796424;0.605521;1.000000;1.000000;0.481094;8.162499;73.599996;1.651471;0.108118;-86.696279;-0.395050;0.402502;ORGANIZING
2026.07.22 16:11:00;EURUSDm;1.14072;0.242178;0.673854;3.492710;0.588937;1.000000;1.000000;0.472225;8.145843;73.667344;1.697973;0.108613;-86.999709;-0.393630;0.402844;ORGANIZING
2026.07.22 16:12:00;EURUSDm;1.14064;0.205368;1.098901;3.213294;0.594436;1.000000;1.000000;0.462585;8.136644;73.734655;1.682268;0.108771;-87.314255;-0.394093;0.402732;ORGANIZING
2026.07.22 16:13:00;EURUSDm;1.14073;0.218546;1.250000;2.956230;0.607214;1.000000;1.000000;0.452309;8.134646;73.802074;1.646866;0.108765;-87.626967;-0.395156;0.402477;ORGANIZING
2026.07.22 16:14:00;EURUSDm;1.14071;0.220091;0.277778;2.719732;0.570742;1.000000;0.990553;0.441518;8.129563;73.869077;1.752105;0.109387;-87.862250;-0.391967;0.403244;ORGANIZING
2026.07.22 16:15:00;EURUSDm;1.14075;0.255909;0.558659;2.502153;0.550138;1.000000;0.990890;0.430321;8.131090;73.935889;1.817726;0.109751;-88.106697;-0.389981;0.403722;ORGANIZING
2026.07.22 16:16:00;EURUSDm;1.14059;0.207144;2.144772;2.301981;0.609870;1.000000;1.000000;0.418814;8.138961;74.003377;1.639695;0.109079;-88.426817;-0.395355;0.402429;ORGANIZING
2026.07.22 16:17:00;EURUSDm;1.14065;0.188668;0.795756;2.117822;0.599164;1.000000;1.000000;0.407081;8.142911;74.070798;1.668992;0.109300;-88.652124;-0.394465;0.402643;ORGANIZING
2026.07.22 16:18:00;EURUSDm;1.14071;0.197589;0.785340;1.948397;0.588473;1.000000;1.000000;0.395198;8.143270;74.138116;1.699314;0.109566;-88.855128;-0.393542;0.402865;ORGANIZING
2026.07.22 16:19:00;EURUSDm;1.14077;0.193159;0.781250;1.792525;0.578112;1.000000;1.000000;0.383232;8.140340;74.205300;1.729770;0.109870;-89.038032;-0.392613;0.403088;ORGANIZING
2026.07.22 16:20:00;EURUSDm;1.14077;0.192807;0.001000;1.649123;0.529256;1.000000;0.978448;0.371241;8.134403;74.271937;1.889445;0.110682;-89.163357;-0.387783;0.404251;ORGANIZING
2026.07.22 16:21:00;EURUSDm;1.14077;0.198816;0.001000;1.517193;0.482843;0.996419;0.957231;0.359275;8.125714;74.338094;2.063650;0.111110;-89.277303;-0.382535;0.405516;ORGANIZING
2026.07.22 16:22:00;EURUSDm;1.14090;0.252916;1.761518;1.395818;0.526849;0.988283;0.997956;0.347380;8.114510;74.404742;1.875839;0.109947;-89.471270;-0.388227;0.404144;ORGANIZING
2026.07.22 16:23:00;EURUSDm;1.14090;0.229434;0.001000;1.284152;0.480790;0.976518;0.975220;0.335594;8.101008;74.471029;2.031067;0.109507;-89.564354;-0.383593;0.405261;ORGANIZING
2026.07.22 16:24:00;EURUSDm;1.14103;0.603653;1.830986;1.736892;0.528770;0.984191;1.000000;0.341452;8.086940;74.537503;1.861285;0.109878;-89.201972;-0.388668;0.404038;ORGANIZING
2026.07.22 16:25:00;EURUSDm;1.14094;0.467539;1.296830;1.597941;0.547489;0.985633;1.000000;0.331327;8.078339;74.604048;1.800278;0.110039;-89.387295;-0.390490;0.403599;ORGANIZING
2026.07.22 16:26:00;EURUSDm;1.14103;0.611279;1.274788;2.056400;0.564141;1.000000;1.000000;0.337683;8.061371;74.670303;1.772605;0.111567;-88.976154;-0.391243;0.403418;ORGANIZING
2026.07.22 16:27:00;EURUSDm;1.14108;0.615850;0.706215;2.518287;0.551245;1.000000;1.000000;0.343893;8.044636;74.736262;1.814075;0.111860;-88.546278;-0.389985;0.403721;ORGANIZING
2026.07.22 16:28:00;EURUSDm;1.14104;0.606335;0.576369;2.973039;0.532501;1.000000;0.997209;0.349436;8.019536;74.801783;1.877930;0.112341;-88.099189;-0.388045;0.404188;ORGANIZING
2026.07.22 16:29:00;EURUSDm;1.14103;0.609386;0.148810;3.430078;0.493317;1.000000;0.979745;0.354816;7.986403;74.866580;2.027096;0.113192;-87.612257;-0.383528;0.405276;ORGANIZING
2026.07.22 16:30:00;EURUSDm;1.14114;0.232836;1.632047;3.155672;0.530253;1.000000;1.000000;0.350796;7.952878;74.931411;1.885892;0.113200;-87.913341;-0.387763;0.404256;ORGANIZING
2026.07.22 16:31:00;EURUSDm;1.14106;0.248100;1.215805;2.903218;0.544531;1.000000;1.000000;0.345879;7.919009;74.996046;1.836443;0.113515;-88.167135;-0.389231;0.403902;ORGANIZING
2026.07.22 16:32:00;EURUSDm;1.14099;0.249106;1.051051;2.670961;0.549857;1.000000;1.000000;0.340198;7.884837;75.060393;1.818655;0.113962;-88.389359;-0.389742;0.403779;ORGANIZING
2026.07.22 16:33:00;EURUSDm;1.14094;0.349800;0.741840;2.457284;0.539456;1.000000;1.000000;0.333872;7.850402;75.124292;1.853719;0.114630;-88.575012;-0.388657;0.404041;ORGANIZING
2026.07.22 16:34:00;EURUSDm;1.14085;0.489696;1.319648;2.260701;0.558466;1.000000;1.000000;0.327007;7.815741;75.188034;1.790621;0.114926;-88.771294;-0.390535;0.403589;ORGANIZING
2026.07.22 16:35:00;EURUSDm;1.14080;0.662232;0.733138;2.757376;0.547199;1.000000;1.000000;0.335491;7.779214;75.251298;1.827488;0.115448;-88.270532;-0.389403;0.403861;ORGANIZING
2026.07.22 16:36:00;EURUSDm;1.14096;0.249124;2.253521;2.536785;0.612515;1.000000;1.000000;0.329746;7.742666;75.314850;1.632612;0.115142;-88.535404;-0.395265;0.402451;ORGANIZING
2026.07.22 16:37:00;EURUSDm;1.14092;0.301014;0.574713;2.333843;0.590625;1.000000;0.996656;0.323405;7.706113;75.377817;1.693121;0.116007;-88.693637;-0.393406;0.402898;ORGANIZING
2026.07.22 16:38:00;EURUSDm;1.14087;0.433931;0.714286;2.147135;0.576808;1.000000;0.998092;0.316571;7.669570;75.440281;1.733679;0.116782;-88.842235;-0.392151;0.403200;ORGANIZING
2026.07.22 16:39:00;EURUSDm;1.14076;0.654997;1.575931;2.638383;0.606764;1.000000;1.000000;0.325304;7.639681;75.502746;1.648086;0.116662;-88.401097;-0.394724;0.402581;ORGANIZING
2026.07.22 16:40:00;EURUSDm;1.14081;0.659674;0.718391;3.133139;0.592346;1.000000;1.000000;0.333777;7.616322;75.564832;1.688204;0.117063;-87.924238;-0.393501;0.402875;ORGANIZING
2026.07.22 16:41:00;EURUSDm;1.14082;0.653589;0.154321;3.623330;0.550444;1.000000;0.982083;0.341598;7.599302;75.626330;1.816714;0.117767;-87.435244;-0.389610;0.403811;ORGANIZING
2026.07.22 16:42:00;EURUSDm;1.14080;0.646894;0.311526;4.108501;0.518499;1.000000;0.970570;0.348776;7.588432;75.687399;1.928646;0.118263;-86.971814;-0.386227;0.404626;ORGANIZING
2026.07.22 16:43:00;EURUSDm;1.14078;0.547277;0.312500;4.518959;0.488199;1.000000;0.959745;0.351860;7.582838;75.748109;2.048347;0.118724;-86.586747;-0.382613;0.405497;ORGANIZING
2026.07.22 16:44:00;EURUSDm;1.14081;0.326374;0.467290;4.157442;0.467153;1.000000;0.954824;0.352343;7.569130;75.808472;2.140626;0.119209;-86.961129;-0.379821;0.406170;ORGANIZING
2026.07.22 16:45:00;EURUSDm;1.14073;0.342417;1.238390;3.824847;0.485715;1.000000;0.977081;0.351356;7.553553;75.868865;2.058821;0.119181;-87.339551;-0.382276;0.405578;ORGANIZING
2026.07.22 16:46:00;EURUSDm;1.14081;0.326892;1.208459;3.518859;0.501852;1.000000;0.997476;0.349087;7.530410;75.929188;1.992619;0.119313;-87.671176;-0.384256;0.405101;ORGANIZING
2026.07.22 16:47:00;EURUSDm;1.14080;0.278659;0.159236;3.237350;0.464721;1.000000;0.980356;0.345709;7.499949;75.988834;2.151827;0.120331;-87.907519;-0.379429;0.406265;ORGANIZING
2026.07.22 16:48:00;EURUSDm;1.14079;0.295519;0.158730;2.978362;0.429422;1.000000;0.963699;0.341373;7.462502;76.047754;2.328713;0.121458;-88.106562;-0.374066;0.407559;ORGANIZING
2026.07.22 16:49:00;EURUSDm;1.14089;0.480139;1.587302;2.740093;0.467316;1.000000;0.997473;0.336217;7.432089;76.106748;2.139881;0.121424;-88.370583;-0.379732;0.406191;ORGANIZING
2026.07.22 16:50:00;EURUSDm;1.14092;0.322049;0.473186;2.520886;0.447609;1.000000;0.990891;0.330367;7.401277;76.165236;2.234091;0.122261;-88.555247;-0.376864;0.406883;ORGANIZING
2026.07.22 16:51:00;EURUSDm;1.14086;0.340443;0.940439;2.319215;0.452251;1.000000;1.000000;0.323932;7.370110;76.223460;2.211163;0.122755;-88.744581;-0.377527;0.406723;ORGANIZING
2026.07.22 16:52:00;EURUSDm;1.14087;0.509318;0.159744;2.701204;0.417625;1.000000;0.981929;0.326835;7.333562;76.280972;2.394490;0.123793;-88.318188;-0.371976;0.408064;ORGANIZING
2026.07.22 16:53:00;EURUSDm;1.14087;0.573011;0.001000;3.130962;0.376794;1.000000;0.959035;0.331981;7.303631;76.337776;2.653969;0.124806;-87.854833;-0.364141;0.409958;ORGANIZING
2026.07.22 16:54:00;EURUSDm;1.14088;0.556464;0.171233;3.548310;0.346516;1.000000;0.943082;0.336249;7.279989;76.394041;2.885868;0.125585;-87.424725;-0.357145;0.411651;ORGANIZING
2026.07.22 16:55:00;EURUSDm;1.14093;0.416819;0.856164;3.264445;0.351999;1.000000;0.951808;0.333630;7.248660;76.450048;2.840921;0.126035;-87.702181;-0.358471;0.411330;ORGANIZING
2026.07.22 16:56:00;EURUSDm;1.14086;0.527205;1.186441;3.659849;0.373721;1.000000;0.971697;0.336719;7.223647;76.506021;2.675795;0.126038;-87.340625;-0.363424;0.410131;ORGANIZING
2026.07.22 16:57:00;EURUSDm;1.14087;0.522713;0.171233;4.051884;0.343596;1.000000;0.955466;0.339485;7.204709;76.561505;2.910393;0.126778;-86.941605;-0.356349;0.411844;ORGANIZING
2026.07.22 16:58:00;EURUSDm;1.14089;0.531156;0.352113;4.450251;0.324022;1.000000;0.946231;0.342429;7.191717;76.616662;3.086209;0.127256;-86.558725;-0.351051;0.413128;ORGANIZING
2026.07.22 16:59:00;EURUSDm;1.14090;0.378452;0.176678;4.094231;0.296655;1.000000;0.931282;0.343108;7.170317;76.671332;3.370920;0.128040;-86.900607;-0.342470;0.415210;ORGANIZING
2026.07.22 17:00:00;EURUSDm;1.14096;0.363384;1.107011;3.766692;0.317173;1.000000;0.949441;0.342330;7.140801;76.725911;3.152856;0.128200;-87.242653;-0.349004;0.413624;ORGANIZING
2026.07.22 17:01:00;EURUSDm;1.14093;0.515550;0.557621;4.153354;0.309195;1.000000;0.947709;0.344546;7.110397;76.780107;3.234204;0.128797;-86.845835;-0.346534;0.414223;ORGANIZING
2026.07.22 17:02:00;EURUSDm;1.14085;0.551274;1.486989;4.566810;0.348085;1.000000;0.978643;0.347992;7.079428;76.834382;2.872863;0.128609;-86.470498;-0.357384;0.411593;ORGANIZING
2026.07.22 17:03:00;EURUSDm;1.14098;0.296139;2.380952;4.201465;0.429728;1.000000;1.000000;0.348860;7.047206;76.889152;2.327052;0.127783;-86.909546;-0.373799;0.407623;ORGANIZING
2026.07.22 17:04:00;EURUSDm;1.14100;0.308976;0.366300;3.865348;0.406557;1.000000;0.990031;0.348222;7.014891;76.943366;2.459681;0.128706;-87.210802;-0.369774;0.408596;ORGANIZING
2026.07.22 17:05:00;EURUSDm;1.14105;0.220173;0.912409;3.556120;0.411849;1.000000;0.999502;0.346273;6.982504;76.997310;2.428072;0.129189;-87.510592;-0.370698;0.408372;ORGANIZING
2026.07.22 17:06:00;EURUSDm;1.14102;0.285182;0.574713;3.271630;0.399993;1.000000;0.996754;0.343184;6.950064;77.050810;2.500047;0.129984;-87.765667;-0.368499;0.408904;ORGANIZING
2026.07.22 17:07:00;EURUSDm;1.14100;0.295534;0.389105;3.009900;0.379448;1.000000;0.987497;0.339111;6.917588;77.103781;2.635406;0.130956;-87.986726;-0.364390;0.409897;ORGANIZING
2026.07.22 17:08:00;EURUSDm;1.14103;0.261919;0.590551;2.769108;0.370003;1.000000;0.985473;0.334195;6.885092;77.156332;2.702678;0.131765;-88.195802;-0.362331;0.410395;ORGANIZING
2026.07.22 17:09:00;EURUSDm;1.14105;0.337678;0.400000;2.547579;0.351503;1.000000;0.976678;0.328562;6.852592;77.208373;2.844925;0.132755;-88.374604;-0.358014;0.411440;ORGANIZING
2026.07.22 17:10:00;EURUSDm;1.14110;0.306880;0.980392;2.343773;0.362948;1.000000;0.988308;0.322324;6.820100;77.260203;2.755219;0.133238;-88.564226;-0.360682;0.410795;ORGANIZING
2026.07.22 17:11:00;EURUSDm;1.14108;0.264571;0.389105;2.156271;0.344255;1.000000;0.978617;0.315583;6.787629;77.311522;2.904819;0.134274;-88.705930;-0.356142;0.411894;ORGANIZING
2026.07.22 17:12:00;EURUSDm;1.14112;0.252559;0.806452;1.983769;0.347365;1.000000;0.983637;0.308429;6.760865;77.362604;2.878814;0.134832;-88.864788;-0.356894;0.411712;ORGANIZING
2026.07.22 17:13:00;EURUSDm;1.14116;0.239599;0.793651;1.825068;0.349680;1.000000;0.987782;0.300942;6.740120;77.413502;2.859761;0.135304;-89.020239;-0.357442;0.411579;ORGANIZING
2026.07.22 17:14:00;EURUSDm;1.14112;0.270889;0.823045;1.679062;0.353348;1.000000;0.992549;0.293195;6.725112;77.464287;2.830072;0.135655;-89.175187;-0.358315;0.411367;ORGANIZING
2026.07.22 17:15:00;EURUSDm;1.14119;0.264972;1.452282;1.544737;0.388295;1.000000;1.000000;0.285252;6.708683;77.515257;2.575364;0.135460;-89.346684;-0.365966;0.409516;ORGANIZING
2026.07.22 17:16:00;EURUSDm;1.14120;0.231878;0.214592;1.421158;0.359609;0.996380;0.982495;0.277168;6.697527;77.565900;2.770727;0.135852;-89.457362;-0.360086;0.410939;ORGANIZING
2026.07.22 17:17:00;EURUSDm;1.14120;0.235065;0.001000;1.307466;0.321751;0.988708;0.957843;0.268995;6.691483;77.616259;3.072896;0.135770;-89.562792;-0.351025;0.413134;ORGANIZING
2026.07.22 17:18:00;EURUSDm;1.14117;0.259229;0.660793;1.202868;0.318929;0.977352;0.956861;0.260775;6.690500;77.666806;3.064479;0.134433;-89.708063;-0.351344;0.413057;ORGANIZING
2026.07.22 17:19:00;EURUSDm;1.14107;0.390244;2.118644;1.106639;0.389368;0.962469;1.000000;0.252547;6.686923;77.718319;2.471875;0.131326;-89.917520;-0.369277;0.408716;ORGANIZING
2026.07.22 17:20:00;EURUSDm;1.14109;0.496351;0.440529;1.018108;0.372677;0.944887;0.989258;0.244347;6.680974;77.769958;2.535408;0.129472;-90.030281;-0.367464;0.409154;ORGANIZING
2026.07.22 17:21:00;EURUSDm;1.14105;0.553205;0.896861;1.433012;0.379988;0.946090;0.994576;0.252874;6.674773;77.821584;2.489789;0.129466;-89.677765;-0.368833;0.408823;ORGANIZING
2026.07.22 17:22:00;EURUSDm;1.14110;0.318087;1.131222;1.318371;0.398628;0.942073;1.000000;0.245963;6.673883;77.873468;2.363289;0.128725;-89.851344;-0.372665;0.407897;ORGANIZING
2026.07.22 17:23:00;EURUSDm;1.14120;0.344933;2.212389;1.212901;0.470475;0.933801;1.000000;0.238938;6.670400;77.926200;1.984806;0.126534;-90.068649;-0.384129;0.405131;ORGANIZING
2026.07.22 17:24:00;EURUSDm;1.14110;0.671240;2.202643;1.716331;0.538407;0.946412;1.000000;0.252163;6.658538;77.979242;1.757801;0.127050;-89.676306;-0.390913;0.403497;ORGANIZING
2026.07.22 17:25:00;EURUSDm;1.14115;0.655819;1.101322;2.208195;0.547624;0.976198;1.000000;0.264148;6.638724;78.031581;1.782604;0.131025;-89.200557;-0.389971;0.403724;ORGANIZING
2026.07.22 17:26:00;EURUSDm;1.14117;0.453695;0.469484;2.031539;0.524193;0.997722;0.990677;0.259773;6.617932;78.083048;1.903346;0.134793;-89.333390;-0.386160;0.404642;ORGANIZING
2026.07.22 17:27:00;EURUSDm;1.14115;0.459219;0.473934;1.869016;0.501726;1.000000;0.981683;0.254911;6.596251;78.134028;1.993119;0.136001;-89.469061;-0.383406;0.405306;ORGANIZING
2026.07.22 17:28:00;EURUSDm;1.14113;0.657033;0.480769;2.361791;0.480678;1.000000;0.973073;0.266804;6.567343;78.184508;2.080394;0.136709;-88.971689;-0.380753;0.405945;ORGANIZING
2026.07.22 17:29:00;EURUSDm;1.14110;0.687062;0.750000;2.877087;0.474144;1.000000;0.974604;0.279228;6.537801;78.234627;2.109063;0.137152;-88.465744;-0.379871;0.406158;ORGANIZING
2026.07.22 17:30:00;EURUSDm;1.14105;0.700438;1.250000;3.402416;0.492937;1.000000;0.994015;0.291533;6.515699;78.284714;2.028656;0.136983;-87.989699;-0.382291;0.405574;ORGANIZING
2026.07.22 17:31:00;EURUSDm;1.14104;0.695856;0.250000;3.924308;0.460790;1.000000;0.978179;0.303051;6.500800;78.334330;2.170185;0.137653;-87.478516;-0.378012;0.406607;ORGANIZING
2026.07.22 17:32:00;EURUSDm;1.14110;0.700370;1.470588;4.449585;0.491280;1.000000;1.000000;0.314163;6.492955;78.384172;2.035499;0.137016;-87.040101;-0.382084;0.405624;ORGANIZING
2026.07.22 17:33:00;EURUSDm;1.14105;0.651118;1.207729;4.937924;0.507103;1.000000;1.000000;0.322872;6.491618;78.434159;1.971987;0.136582;-86.632317;-0.384011;0.405160;ORGANIZING
2026.07.22 17:34:00;EURUSDm;1.14096;0.464884;2.112676;4.542890;0.567381;1.000000;1.000000;0.326480;6.487799;78.484711;1.762483;0.135471;-87.137758;-0.390352;0.403633;ORGANIZING
2026.07.22 17:35:00;EURUSDm;1.14096;0.330536;0.001000;4.179459;0.519062;1.000000;0.976462;0.328327;6.481707;78.534719;1.926551;0.136442;-87.494390;-0.385381;0.404830;ORGANIZING
2026.07.22 17:36:00;EURUSDm;1.14091;0.286240;1.237624;3.845102;0.534990;1.000000;0.997094;0.328629;6.473538;78.584804;1.869193;0.136293;-87.879025;-0.387110;0.404413;ORGANIZING
2026.07.22 17:37:00;EURUSDm;1.14090;0.279529;0.247525;3.537494;0.500617;1.000000;0.982361;0.327578;6.463470;78.634445;1.997535;0.137143;-88.179664;-0.383217;0.405351;ORGANIZING
2026.07.22 17:38:00;EURUSDm;1.14090;0.301561;0.001000;3.254495;0.455636;1.000000;0.959479;0.325349;6.451669;78.683518;2.194734;0.138262;-88.438695;-0.377245;0.406792;ORGANIZING
2026.07.22 17:39:00;EURUSDm;1.14086;0.344311;1.025641;2.994135;0.464136;1.000000;0.973181;0.322099;6.438286;78.732542;2.154539;0.138417;-88.723314;-0.378443;0.406502;ORGANIZING
2026.07.22 17:40:00;EURUSDm;1.14085;0.295573;0.259067;2.754604;0.433883;1.000000;0.959461;0.317971;6.423459;78.781115;2.304769;0.139367;-88.943255;-0.373889;0.407602;ORGANIZING
2026.07.22 17:41:00;EURUSDm;1.14080;0.276148;1.302083;2.534236;0.457293;1.000000;0.982582;0.313091;6.402354;78.829712;2.186782;0.139417;-89.183659;-0.377426;0.406748;ORGANIZING
2026.07.22 17:42:00;EURUSDm;1.14083;0.256106;0.773196;2.331497;0.453088;1.000000;0.986211;0.307573;6.380474;78.878048;2.207076;0.140034;-89.375733;-0.376786;0.406902;ORGANIZING
2026.07.22 17:43:00;EURUSDm;1.14091;0.246705;1.980198;2.144977;0.509444;1.000000;1.000000;0.301520;6.357892;78.926721;1.962926;0.139492;-89.610013;-0.384138;0.405129;ORGANIZING
2026.07.22 17:44:00;EURUSDm;1.14095;0.399118;0.975610;1.973379;0.512752;1.000000;1.000000;0.295024;6.328673;78.975135;1.950261;0.140126;-89.761903;-0.384486;0.405045;ORGANIZING
2026.07.22 17:45:00;EURUSDm;1.14091;0.278251;0.980392;1.815509;0.516134;1.000000;1.000000;0.288167;6.300957;79.023306;1.937482;0.140741;-89.902178;-0.384839;0.404960;ORGANIZING
2026.07.22 17:46:00;EURUSDm;1.14094;0.291974;0.750000;1.670268;0.507827;1.000000;1.000000;0.281020;6.273065;79.071115;1.969174;0.141605;-90.016844;-0.383845;0.405200;ORGANIZING
2026.07.22 17:47:00;EURUSDm;1.14096;0.328003;0.497512;1.536647;0.487311;1.000000;0.992249;0.273650;6.245023;79.118438;2.052076;0.142735;-90.106450;-0.381301;0.405813;ORGANIZING
2026.07.22 17:48:00;EURUSDm;1.14096;0.355306;0.001000;1.413715;0.442996;0.996141;0.967133;0.266114;6.223279;79.165178;2.248647;0.143694;-90.177104;-0.375356;0.407247;ORGANIZING
2026.07.22 17:49:00;EURUSDm;1.14101;0.554118;1.231527;1.829304;0.462500;1.000000;0.985701;0.273588;6.202640;79.211830;2.162164;0.144119;-89.797482;-0.377929;0.406626;ORGANIZING
2026.07.22 17:50:00;EURUSDm;1.14101;0.536813;0.001000;2.231913;0.419425;1.000000;0.960812;0.280039;6.183332;79.257857;2.384218;0.145290;-89.372111;-0.371209;0.408249;ORGANIZING
2026.07.22 17:51:00;EURUSDm;1.14105;0.554949;1.010101;2.648125;0.428958;1.000000;0.972338;0.286848;6.165177;79.303799;2.331228;0.145328;-88.988682;-0.372797;0.407865;ORGANIZING
2026.07.22 17:52:00;EURUSDm;1.14107;0.557618;0.520833;3.066338;0.413552;1.000000;0.966575;0.293416;6.148184;79.349416;2.418074;0.145876;-88.579830;-0.370164;0.408501;ORGANIZING
2026.07.22 17:53:00;EURUSDm;1.14103;0.555085;1.092896;3.482652;0.427519;1.000000;0.981266;0.299561;6.131996;79.395011;2.339075;0.145792;-88.202992;-0.372538;0.407928;ORGANIZING
2026.07.22 17:54:00;EURUSDm;1.14094;0.539738;2.368421;3.887456;0.504565;1.000000;1.000000;0.304823;6.107890;79.441136;1.981907;0.144566;-87.883671;-0.383315;0.405328;ORGANIZING
2026.07.22 17:55:00;EURUSDm;1.14095;0.543556;0.268817;4.295122;0.472777;1.000000;0.985077;0.309965;6.078507;79.486648;2.115161;0.145746;-87.441248;-0.379258;0.406306;ORGANIZING
2026.07.22 17:56:00;EURUSDm;1.14090;0.516689;1.329787;4.682639;0.495628;1.000000;1.000000;0.313843;6.056490;79.532170;2.017644;0.145646;-87.085824;-0.382188;0.405599;ORGANIZING
2026.07.22 17:57:00;EURUSDm;1.14095;0.548912;1.308901;5.094323;0.516291;1.000000;1.000000;0.318735;6.041776;79.577750;1.936891;0.145416;-86.720740;-0.384622;0.405013;ORGANIZING
2026.07.22 17:58:00;EURUSDm;1.14096;0.553270;0.264550;5.509276;0.483704;1.000000;0.985415;0.323546;6.034115;79.622929;2.067379;0.146170;-86.312678;-0.380670;0.405965;ORGANIZING
2026.07.22 17:59:00;EURUSDm;1.14097;0.493413;0.265957;5.068534;0.452817;1.000000;0.971558;0.329406;6.024688;79.667704;2.208398;0.146910;-86.760174;-0.376403;0.406995;ORGANIZING
2026.07.22 18:00:00;EURUSDm;1.14090;0.556661;1.842105;5.486030;0.502281;1.000000;1.000000;0.333810;6.021879;79.712945;1.990916;0.145816;-86.440575;-0.382982;0.405408;ORGANIZING
2026.07.22 18:01:00;EURUSDm;1.14087;0.562862;0.785340;5.908176;0.496434;1.000000;1.000000;0.338227;6.025509;79.758165;2.014365;0.145769;-86.073895;-0.382281;0.405577;ORGANIZING
2026.07.22 18:02:00;EURUSDm;1.14099;0.338257;3.015075;5.435522;0.602366;1.000000;1.000000;0.344948;6.026422;79.804452;1.660119;0.143395;-86.714037;-0.393027;0.402989;ORGANIZING
2026.07.22 18:03:00;EURUSDm;1.14095;0.546403;1.005025;5.845324;0.602499;1.000000;1.000000;0.348191;6.033293;79.850810;1.659753;0.143185;-86.370954;-0.393048;0.402984;ORGANIZING
2026.07.22 18:04:00;EURUSDm;1.14093;0.550378;0.507614;6.258108;0.577755;1.000000;0.994953;0.351421;6.045974;79.897048;1.730837;0.143366;-86.011484;-0.390907;0.403499;ORGANIZING
2026.07.22 18:05:00;EURUSDm;1.14091;0.562704;0.520833;6.680136;0.554909;1.000000;0.990659;0.354951;6.064390;79.943241;1.802098;0.143385;-85.656696;-0.388768;0.404014;ORGANIZING
2026.07.22 18:06:00;EURUSDm;1.14090;0.571174;0.260417;7.108516;0.520184;1.000000;0.977524;0.358622;6.088451;79.989327;1.922396;0.143528;-85.295142;-0.385152;0.404885;ORGANIZING
2026.07.22 18:07:00;EURUSDm;1.14091;0.600647;0.259067;7.559001;0.487128;1.000000;0.964929;0.363216;6.118232;80.035381;2.052847;0.143501;-84.926403;-0.381240;0.405828;ORGANIZING
2026.07.22 18:08:00;EURUSDm;1.14084;0.502434;1.776650;7.935826;0.531605;1.000000;1.000000;0.363896;6.152862;80.082225;1.881098;0.141877;-84.711520;-0.386473;0.404567;ORGANIZING
2026.07.22 18:09:00;EURUSDm;1.14081;0.283820;0.789474;7.300960;0.524498;1.000000;1.000000;0.377445;6.176814;80.129238;1.906585;0.141268;-85.461294;-0.385739;0.404743;ORGANIZING
2026.07.22 18:10:00;EURUSDm;1.14081;0.286982;0.001000;6.716883;0.478323;1.000000;0.978246;0.387776;6.190780;80.175929;2.090637;0.141706;-86.094481;-0.380196;0.406080;ORGANIZING
2026.07.22 18:11:00;EURUSDm;1.14086;0.304555;1.322751;6.179533;0.500545;1.000000;1.000000;0.395255;6.195140;80.222886;1.997824;0.141025;-86.724688;-0.383014;0.405400;ORGANIZING
2026.07.22 18:12:00;EURUSDm;1.14082;0.232128;1.063830;5.685170;0.508709;1.000000;1.000000;0.400210;6.190353;80.269877;1.965761;0.140860;-87.274542;-0.383984;0.405166;ORGANIZING
2026.07.22 18:13:00;EURUSDm;1.14086;0.333043;1.098901;5.230356;0.518218;1.000000;1.000000;0.402940;6.176878;80.316828;1.929688;0.140884;-87.764327;-0.385065;0.404906;ORGANIZING
2026.07.22 18:14:00;EURUSDm;1.14085;0.611122;0.289017;5.688698;0.486758;1.000000;0.989219;0.405711;6.164006;80.363336;2.054408;0.141714;-87.300829;-0.381282;0.405818;ORGANIZING
2026.07.22 18:15:00;EURUSDm;1.14086;0.607866;0.295858;6.144597;0.457213;1.000000;0.979151;0.408220;6.151681;80.409424;2.187163;0.142509;-86.841842;-0.377260;0.406788;ORGANIZING
2026.07.22 18:16:00;EURUSDm;1.14083;0.602615;0.882353;6.596558;0.458470;1.000000;0.990051;0.410407;6.140061;80.455410;2.181166;0.142675;-86.418259;-0.377431;0.406747;ORGANIZING
2026.07.22 18:17:00;EURUSDm;1.14082;0.435183;0.295858;6.068834;0.430340;1.000000;0.980118;0.416273;6.119106;80.500904;2.323746;0.143560;-86.933168;-0.373110;0.407790;ORGANIZING
2026.07.22 18:18:00;EURUSDm;1.14087;0.559925;1.453488;6.488777;0.461497;1.000000;1.000000;0.416456;6.098306;80.546502;2.166861;0.143343;-86.548746;-0.377827;0.406651;ORGANIZING
2026.07.22 18:19:00;EURUSDm;1.14092;0.549302;1.436782;6.900754;0.490261;1.000000;1.000000;0.416232;6.086136;80.592266;2.039728;0.143008;-86.186511;-0.381658;0.405727;ORGANIZING
2026.07.22 18:20:00;EURUSDm;1.14100;0.568375;2.259887;7.327035;0.558743;1.000000;1.000000;0.416735;6.074116;80.638595;1.789733;0.141852;-85.852003;-0.389215;0.403906;ORGANIZING
2026.07.22 18:21:00;EURUSDm;1.14095;0.573367;1.381215;7.757061;0.579866;1.000000;1.000000;0.417399;6.062234;80.685016;1.724536;0.141653;-85.467088;-0.391181;0.403433;ORGANIZING
2026.07.22 18:22:00;EURUSDm;1.14100;0.576166;1.388889;8.189185;0.600317;1.000000;1.000000;0.418136;6.059460;80.731614;1.665785;0.141285;-85.097937;-0.392962;0.403004;ORGANIZING
2026.07.22 18:23:00;EURUSDm;1.14100;0.577037;0.001000;8.621962;0.550352;1.000000;0.979670;0.418868;6.056929;80.777686;1.817020;0.142325;-84.657668;-0.388373;0.404109;ORGANIZING
2026.07.22 18:24:00;EURUSDm;1.14098;0.595308;0.595238;9.068444;0.532596;1.000000;0.980875;0.420248;6.054747;80.823560;1.877596;0.142702;-84.237704;-0.386537;0.404551;ORGANIZING
2026.07.22 18:25:00;EURUSDm;1.14099;0.599800;0.295858;9.518294;0.500759;1.000000;0.971608;0.421729;6.052855;80.869096;1.996969;0.143362;-83.800729;-0.382923;0.405422;ORGANIZING
2026.07.22 18:26:00;EURUSDm;1.14102;0.464934;0.898204;8.756830;0.500631;1.000000;0.983799;0.438715;6.039074;80.914493;1.997478;0.143299;-84.613873;-0.382911;0.405425;ORGANIZING
2026.07.22 18:27:00;EURUSDm;1.14097;0.613309;1.461988;9.216812;0.528699;1.000000;1.000000;0.439779;6.025457;80.960035;1.891435;0.142981;-84.202392;-0.386108;0.404655;ORGANIZING
2026.07.22 18:28:00;EURUSDm;1.14098;0.384173;0.290698;8.479467;0.496799;1.000000;0.990567;0.454657;6.000766;81.005010;2.012887;0.143839;-84.933188;-0.382421;0.405543;ORGANIZING
2026.07.22 18:29:00;EURUSDm;1.14101;0.237340;0.877193;7.801110;0.495819;1.000000;1.000000;0.465842;5.975764;81.049726;2.016866;0.144146;-85.627646;-0.382287;0.405575;ORGANIZING
2026.07.22 18:30:00;EURUSDm;1.14096;0.390215;1.428571;7.177021;0.522456;1.000000;1.000000;0.473754;5.950486;81.094455;1.914036;0.143953;-86.288372;-0.385381;0.404830;ORGANIZING
2026.07.22 18:31:00;EURUSDm;1.14092;0.661604;1.149425;7.673224;0.533805;1.000000;1.000000;0.474877;5.935671;81.139150;1.873344;0.144002;-85.820825;-0.386600;0.404536;ORGANIZING
2026.07.22 18:32:00;EURUSDm;1.14091;0.651029;0.290698;8.161496;0.501649;1.000000;0.991795;0.475546;5.930755;81.183474;1.993424;0.144761;-85.336232;-0.382959;0.405413;ORGANIZING
2026.07.22 18:33:00;EURUSDm;1.14096;0.663686;1.479290;8.659260;0.530531;1.000000;1.000000;0.476657;5.935391;81.228133;1.884902;0.144039;-84.923501;-0.386251;0.404620;ORGANIZING
2026.07.22 18:34:00;EURUSDm;1.14095;0.657363;0.301205;9.152282;0.499065;1.000000;0.992225;0.477476;5.940350;81.272528;2.003747;0.144574;-84.454961;-0.382659;0.405486;ORGANIZING
2026.07.22 18:35:00;EURUSDm;1.14098;0.536618;0.909091;9.554746;0.499566;1.000000;1.000000;0.473725;5.944749;81.316971;2.001736;0.144550;-84.098740;-0.382720;0.405471;ORGANIZING
2026.07.22 18:36:00;EURUSDm;1.14101;0.298103;0.909091;8.790366;0.500043;1.000000;1.000000;0.488258;5.936964;81.361341;1.999830;0.144399;-84.921460;-0.382785;0.405455;ORGANIZING
2026.07.22 18:37:00;EURUSDm;1.14102;0.250417;0.304878;8.087137;0.470284;1.000000;0.992760;0.499006;5.927462;81.405318;2.126373;0.144996;-85.641402;-0.378959;0.406378;ORGANIZING
2026.07.22 18:38:00;EURUSDm;1.14099;0.547123;0.898204;8.497479;0.471680;1.000000;1.000000;0.494573;5.917912;81.449214;2.120080;0.145261;-85.248385;-0.379135;0.406336;ORGANIZING
2026.07.22 18:39:00;EURUSDm;1.14107;0.400205;2.352941;7.817681;0.545743;1.000000;1.000000;0.503834;5.897491;81.493647;1.832363;0.143946;-86.024360;-0.387832;0.404239;ORGANIZING
2026.07.22 18:40:00;EURUSDm;1.14097;0.675832;2.777778;8.324555;0.637345;1.000000;1.000000;0.503986;5.877979;81.538800;1.569009;0.142464;-85.615521;-0.395807;0.402320;ORGANIZING
2026.07.22 18:41:00;EURUSDm;1.14092;0.653398;1.381215;8.814603;0.654539;1.000000;1.000000;0.503289;5.859165;81.583937;1.527794;0.142511;-85.148780;-0.397041;0.402024;ORGANIZING
2026.07.22 18:42:00;EURUSDm;1.14088;0.518827;1.092896;9.203724;0.656457;1.000000;1.000000;0.497581;5.840014;81.628902;1.523330;0.142979;-84.756825;-0.397151;0.401997;ORGANIZING
2026.07.22 18:43:00;EURUSDm;1.14090;0.644267;0.552486;9.686924;0.631258;1.000000;1.000000;0.496862;5.821464;81.673429;1.584138;0.143894;-84.254414;-0.395281;0.402447;ORGANIZING
2026.07.22 18:44:00;EURUSDm;1.14090;0.630327;0.001000;10.159669;0.579745;1.000000;0.982425;0.495656;5.803269;81.717259;1.724896;0.145377;-83.735184;-0.390984;0.403480;ORGANIZING
2026.07.22 18:45:00;EURUSDm;1.14090;0.579566;0.001000;10.594343;0.530808;1.000000;0.965423;0.492607;5.785013;81.760417;1.883921;0.146877;-83.252121;-0.386139;0.404647;ORGANIZING
2026.07.22 18:46:00;EURUSDm;1.14092;0.585998;0.595238;11.033842;0.514029;1.000000;0.969708;0.489952;5.778858;81.803346;1.945414;0.147431;-82.821152;-0.384266;0.405098;ORGANIZING
2026.07.22 18:47:00;EURUSDm;1.14093;0.540703;0.304878;11.439370;0.483572;1.000000;0.963587;0.485730;5.772189;81.845904;2.067945;0.148335;-82.405945;-0.380545;0.405995;ORGANIZING
2026.07.22 18:48:00;EURUSDm;1.14095;0.547071;0.606061;11.849673;0.469696;1.000000;0.968074;0.481959;5.777030;81.888371;2.129036;0.148617;-82.026373;-0.378698;0.406441;ORGANIZING
2026.07.22 18:49:00;EURUSDm;1.14096;0.533242;0.303030;12.249604;0.441363;1.000000;0.961666;0.477858;5.792630;81.930711;2.265709;0.148990;-81.663445;-0.374579;0.407435;ORGANIZING
2026.07.22 18:50:00;EURUSDm;1.14099;0.459193;0.931677;11.269636;0.445879;1.000000;0.977342;0.502963;5.804593;81.973216;2.242763;0.148073;-82.764571;-0.375313;0.407258;ORGANIZING
2026.07.22 18:51:00;EURUSDm;1.14094;0.513158;1.533742;11.654504;0.480272;1.000000;1.000000;0.497058;5.815383;82.016172;2.082154;0.147217;-82.466822;-0.380175;0.406085;ORGANIZING
2026.07.22 18:52:00;EURUSDm;1.14094;0.512873;0.001000;12.039159;0.436308;1.000000;0.982432;0.491438;5.825083;82.058786;2.291958;0.148086;-82.088977;-0.373837;0.407614;ORGANIZING
2026.07.22 18:53:00;EURUSDm;1.14099;0.512089;1.644737;12.423226;0.476730;1.000000;1.000000;0.486070;5.833597;82.101889;2.097625;0.147137;-81.794726;-0.379714;0.406196;ORGANIZING
2026.07.22 18:54:00;EURUSDm;1.14100;0.518516;0.331126;12.812113;0.449449;1.000000;0.993602;0.481211;5.841027;82.144794;2.224944;0.147674;-81.426606;-0.375868;0.407124;ORGANIZING
2026.07.22 18:55:00;EURUSDm;1.14101;0.468718;0.333333;11.787144;0.423644;1.000000;0.987335;0.508398;5.834146;82.187372;2.360474;0.147794;-82.508961;-0.371796;0.408107;ORGANIZING
2026.07.22 18:56:00;EURUSDm;1.14102;0.466881;0.333333;10.844172;0.399128;1.000000;0.982239;0.530127;5.825513;82.229618;2.505461;0.148044;-83.495855;-0.367434;0.409161;ORGANIZING
2026.07.22 18:57:00;EURUSDm;1.14105;0.475134;0.986842;9.976639;0.408514;1.000000;1.000000;0.546997;5.815281;82.271856;2.447897;0.147693;-84.428288;-0.369178;0.408740;ORGANIZING
2026.07.22 18:58:00;EURUSDm;1.14099;0.526157;1.986755;10.371257;0.467426;1.000000;1.000000;0.539379;5.804942;82.314580;2.139377;0.146805;-84.099391;-0.378478;0.406494;ORGANIZING
2026.07.22 18:59:00;EURUSDm;1.14106;0.531678;2.258065;10.770015;0.536958;1.000000;1.000000;0.532348;5.805441;82.358004;1.862344;0.145460;-83.800523;-0.386857;0.404474;ORGANIZING
2026.07.22 19:00:00;EURUSDm;1.14110;0.326748;1.257862;9.908414;0.553003;1.000000;1.000000;0.548810;5.792252;82.401456;1.808308;0.145052;-84.728170;-0.388498;0.404079;ORGANIZING
2026.07.22 19:01:00;EURUSDm;1.14105;0.369104;1.572327;9.115741;0.583969;1.000000;1.000000;0.561003;5.766302;82.444959;1.712419;0.144691;-85.567799;-0.391393;0.403382;ORGANIZING
2026.07.22 19:02:00;EURUSDm;1.14110;0.150568;1.562500;8.386481;0.612896;1.000000;1.000000;0.569416;5.745643;82.488545;1.631599;0.144343;-86.345078;-0.393835;0.402794;ORGANIZING
2026.07.22 19:03:00;EURUSDm;1.14113;0.147064;0.943396;7.715563;0.609421;1.000000;1.000000;0.574491;5.736629;82.532005;1.640902;0.144497;-87.048103;-0.393548;0.402863;ORGANIZING
2026.07.22 19:04:00;EURUSDm;1.14113;0.151195;0.001000;7.098318;0.559000;1.000000;0.985142;0.576629;5.738559;82.574981;1.788910;0.145472;-87.666038;-0.389059;0.403944;ORGANIZING
2026.07.22 19:05:00;EURUSDm;1.14115;0.144213;0.628931;6.530452;0.542496;1.000000;0.992857;0.576191;5.750505;82.617911;1.843331;0.145578;-88.283346;-0.387421;0.404338;ORGANIZING
2026.07.22 19:06:00;EURUSDm;1.14117;0.144694;0.632911;6.008016;0.527017;1.000000;1.000000;0.573503;5.772011;82.660901;1.897472;0.145507;-88.870930;-0.385801;0.404729;ORGANIZING
2026.07.22 19:07:00;EURUSDm;1.14106;0.442712;3.273810;5.527375;0.644357;1.000000;1.000000;0.568860;5.802271;82.705367;1.551935;0.142542;-89.564610;-0.396315;0.402198;ORGANIZING
2026.07.22 19:08:00;EURUSDm;1.14106;0.563716;0.001000;5.950162;0.592189;1.000000;0.984945;0.561556;5.832255;82.749612;1.688651;0.143143;-89.179260;-0.392183;0.403192;ORGANIZING
2026.07.22 19:09:00;EURUSDm;1.14102;0.656565;1.234568;6.442585;0.604308;1.000000;1.000000;0.558100;5.861163;82.794266;1.654786;0.142378;-88.794515;-0.393238;0.402938;ORGANIZING
2026.07.22 19:10:00;EURUSDm;1.14101;0.631973;0.322581;6.916565;0.570221;1.000000;0.995824;0.553894;5.875388;82.838722;1.753705;0.142867;-88.350943;-0.390245;0.403658;ORGANIZING
2026.07.22 19:11:00;EURUSDm;1.14100;0.541467;0.331126;7.322665;0.538267;1.000000;0.991946;0.546504;5.889330;82.882998;1.857815;0.143388;-87.970267;-0.387096;0.404417;ORGANIZING
2026.07.22 19:12:00;EURUSDm;1.14097;0.553447;1.006711;7.737750;0.541689;1.000000;1.000000;0.539933;5.902897;82.927444;1.846078;0.143174;-87.617043;-0.387459;0.404329;ORGANIZING
2026.07.22 19:13:00;EURUSDm;1.14096;0.551687;0.333333;8.151516;0.511271;1.000000;0.995564;0.533625;5.916100;82.971718;1.955909;0.143658;-87.230922;-0.384140;0.405129;ORGANIZING
2026.07.22 19:14:00;EURUSDm;1.14094;0.572301;0.666667;8.580742;0.499041;1.000000;1.000000;0.528405;5.928833;83.015997;2.003844;0.143755;-86.848772;-0.382697;0.405477;ORGANIZING
2026.07.22 19:15:00;EURUSDm;1.14096;0.589420;0.662252;9.022806;0.487201;1.000000;1.000000;0.524088;5.926832;83.060137;2.052539;0.144131;-86.426372;-0.381217;0.405833;ORGANIZING
2026.07.22 19:16:00;EURUSDm;1.14103;0.581713;2.258065;9.459091;0.555745;1.000000;1.000000;0.519698;5.911049;83.104805;1.799388;0.143133;-86.062952;-0.388862;0.403991;ORGANIZING
2026.07.22 19:17:00;EURUSDm;1.14103;0.523696;0.001000;9.851863;0.508007;1.000000;0.983224;0.513351;5.882741;83.148713;1.968475;0.144841;-85.597042;-0.383704;0.405234;ORGANIZING
2026.07.22 19:18:00;EURUSDm;1.14105;0.430905;0.662252;9.063714;0.495720;1.000000;0.989958;0.527091;5.866403;83.192334;2.017270;0.145154;-86.411328;-0.382224;0.405591;ORGANIZING
2026.07.22 19:19:00;EURUSDm;1.14106;0.395630;0.335570;8.338617;0.467712;1.000000;0.985502;0.536991;5.861385;83.235625;2.138067;0.145643;-87.161473;-0.378576;0.406470;ORGANIZING
2026.07.22 19:20:00;EURUSDm;1.14107;0.371306;0.344828;7.671528;0.441568;1.000000;0.981873;0.543496;5.854447;83.278585;2.264657;0.146209;-87.844512;-0.374750;0.407394;ORGANIZING
2026.07.22 19:21:00;EURUSDm;1.14107;0.296604;0.001000;7.057805;0.399539;1.000000;0.966565;0.547008;5.845754;83.321038;2.502881;0.147226;-88.448296;-0.367552;0.409133;ORGANIZING
2026.07.22 19:22:00;EURUSDm;1.14111;0.248271;1.388889;6.493181;0.429007;1.000000;1.000000;0.547888;5.835458;83.363682;2.330964;0.146792;-89.066202;-0.372731;0.407881;ORGANIZING
2026.07.22 19:23:00;EURUSDm;1.14112;0.234489;0.357143;5.973726;0.405414;1.000000;0.996676;0.546467;5.823699;83.405974;2.466616;0.147589;-89.577993;-0.368622;0.408874;ORGANIZING
2026.07.22 19:24:00;EURUSDm;1.14110;0.230160;0.709220;5.495828;0.400604;1.000000;1.000000;0.543038;5.810606;83.448086;2.496230;0.148055;-90.060150;-0.367710;0.409094;ORGANIZING
2026.07.22 19:25:00;EURUSDm;1.14105;0.210014;1.748252;5.056162;0.447986;1.000000;1.000000;0.537870;5.796296;83.490529;2.232210;0.147446;-90.550684;-0.375661;0.407174;ORGANIZING
2026.07.22 19:26:00;EURUSDm;1.14107;0.228309;0.704225;4.651669;0.440798;1.000000;1.000000;0.531201;5.780878;83.532745;2.268611;0.148085;-90.946032;-0.374537;0.407445;ORGANIZING
2026.07.22 19:27:00;EURUSDm;1.14104;0.229702;1.041667;4.279536;0.450842;1.000000;1.000000;0.523248;5.764452;83.574898;2.218073;0.148400;-91.321603;-0.376038;0.407083;ORGANIZING
2026.07.22 19:28:00;EURUSDm;1.14107;0.225856;1.041667;3.937173;0.460383;1.000000;1.000000;0.514203;5.755759;83.617060;2.172104;0.148581;-91.680195;-0.377408;0.406752;ORGANIZING
2026.07.22 19:29:00;EURUSDm;1.14109;0.227063;0.724638;3.622199;0.453596;1.000000;1.000000;0.504242;5.755184;83.659147;2.204606;0.148964;-92.009397;-0.376414;0.406992;ORGANIZING
2026.07.22 19:30:00;EURUSDm;1.14105;0.288088;1.515152;3.332423;0.486674;1.000000;1.000000;0.493519;5.762250;83.701637;2.054765;0.148314;-92.367424;-0.380941;0.405900;ORGANIZING
2026.07.22 19:31:00;EURUSDm;1.14104;0.315315;0.390625;3.065829;0.461871;1.000000;0.995945;0.482172;5.776007;83.744015;2.165106;0.148808;-92.656416;-0.377606;0.406704;ORGANIZING
2026.07.22 19:32:00;EURUSDm;1.14106;0.318776;0.793651;2.820563;0.458460;1.000000;1.000000;0.470327;5.796299;83.786563;2.181215;0.148697;-92.957712;-0.377129;0.406820;ORGANIZING
2026.07.22 19:33:00;EURUSDm;1.14107;0.237365;0.400000;2.594918;0.435537;1.000000;0.995461;0.458093;5.822883;83.829147;2.296016;0.148887;-93.231719;-0.373675;0.407653;ORGANIZING
2026.07.22 19:34:00;EURUSDm;1.14106;0.195395;0.396825;2.387324;0.413602;1.000000;0.990542;0.445568;5.855703;83.871840;2.417786;0.148923;-93.500660;-0.370020;0.408536;ORGANIZING
2026.07.22 19:35:00;EURUSDm;1.14110;0.138445;1.538462;2.196338;0.449845;1.000000;1.000000;0.432839;5.894689;83.915286;2.222990;0.147550;-93.823848;-0.375933;0.407108;ORGANIZING
2026.07.22 19:36:00;EURUSDm;1.14105;0.305251;1.879699;2.020631;0.501337;1.000000;1.000000;0.419982;5.939600;83.959695;1.994665;0.145753;-94.159566;-0.382872;0.405434;ORGANIZING
2026.07.22 19:37:00;EURUSDm;1.14103;0.320657;0.746269;1.858981;0.493584;1.000000;1.000000;0.407066;5.989831;84.004529;2.025998;0.145128;-94.432926;-0.381964;0.405653;ORGANIZING
2026.07.22 19:38:00;EURUSDm;1.14102;0.374262;0.375940;1.710262;0.467702;1.000000;0.992405;0.394148;6.033417;84.049540;2.138115;0.145027;-94.662109;-0.378605;0.406463;ORGANIZING
2026.07.22 19:39:00;EURUSDm;1.14104;0.394339;0.746269;1.573441;0.461630;0.997474;0.997586;0.381282;6.070901;84.094916;2.160764;0.144273;-94.889998;-0.377963;0.406618;ORGANIZING
2026.07.22 19:40:00;EURUSDm;1.14104;0.388823;0.001000;1.447566;0.418649;0.990575;0.976050;0.368512;6.102786;84.140319;2.366123;0.143771;-95.063423;-0.371828;0.408099;ORGANIZING
2026.07.22 19:41:00;EURUSDm;1.14106;0.387840;0.781250;1.331761;0.416968;0.979682;0.982130;0.355876;6.129533;84.186190;2.349539;0.141934;-95.262534;-0.372417;0.407957;ORGANIZING
2026.07.22 19:42:00;EURUSDm;1.14107;0.409331;0.387597;1.225220;0.395905;0.965389;0.973777;0.343410;6.151565;84.232357;2.438434;0.140097;-95.427602;-0.369842;0.408579;ORGANIZING
2026.07.22 19:43:00;EURUSDm;1.14109;0.408106;0.793651;1.127202;0.396485;0.948073;0.979492;0.331140;6.169272;84.279053;2.391196;0.137464;-95.601087;-0.371391;0.408205;ORGANIZING
2026.07.22 19:44:00;EURUSDm;1.14108;0.366107;0.396825;1.037026;0.377540;0.928251;0.970688;0.319092;6.183014;84.326094;2.458681;0.134927;-95.742568;-0.369493;0.408663;ORGANIZING
2026.07.22 19:45:00;EURUSDm;1.14114;0.406217;2.290076;0.954064;0.454602;0.905884;1.000000;0.307285;6.193120;84.374454;1.992695;0.130249;-95.969918;-0.383707;0.405233;ORGANIZING
2026.07.22 19:46:00;EURUSDm;1.14112;0.391072;0.757576;0.877739;0.451633;0.881704;1.000000;0.295737;6.199894;84.423335;1.952257;0.126914;-96.106786;-0.385087;0.404901;ORGANIZING
2026.07.22 19:47:00;EURUSDm;1.14104;0.409082;2.919708;0.807520;0.557403;0.855534;1.000000;0.284461;6.203614;84.473834;1.534858;0.121430;-96.344334;-0.397883;0.401821;ORGANIZING
2026.07.22 19:48:00;EURUSDm;1.14104;0.416509;0.001000;0.742918;0.512472;0.828390;0.974991;0.273468;6.204539;84.524436;1.616458;0.118503;-96.421615;-0.395581;0.402374;ORGANIZING
2026.07.22 19:49:00;EURUSDm;1.14105;0.413311;0.400000;0.683485;0.490281;0.800422;0.964438;0.262767;6.202903;84.575360;1.632578;0.115070;-96.513074;-0.395269;0.402450;ORGANIZING
2026.07.22 19:50:00;EURUSDm;1.14104;0.381243;0.409836;0.628806;0.470250;0.771854;0.954224;0.252362;6.198925;84.626615;1.641369;0.111515;-96.598779;-0.395183;0.402470;ORGANIZING
2026.07.22 19:51:00;EURUSDm;1.14098;0.374250;2.439024;0.578502;0.553252;0.742400;1.000000;0.242259;6.192803;84.679227;1.341886;0.106235;-96.781702;-0.404432;0.400248;ORGANIZING
2026.07.22 19:52:00;EURUSDm;1.14104;0.353947;2.419355;0.532221;0.631709;0.712286;1.000000;0.232460;6.184723;84.733146;1.127555;0.101049;-96.954713;-0.411121;0.398643;ORGANIZING
2026.07.22 19:53:00;EURUSDm;1.14104;0.391560;0.001000;0.489644;0.585928;0.682301;0.973171;0.222966;6.174852;84.787107;1.164480;0.097698;-96.996727;-0.410181;0.398869;ORGANIZING
2026.07.22 19:54:00;EURUSDm;1.14100;0.425873;1.600000;0.450472;0.622985;0.652175;1.000000;0.213776;6.163346;84.841927;1.046854;0.093166;-97.116511;-0.413936;0.397969;ORGANIZING
2026.07.22 19:55:00;EURUSDm;1.14094;0.156853;2.325581;0.414434;0.695072;0.621871;1.000000;0.204890;6.150349;84.897944;0.894686;0.088205;-97.267187;-0.418749;0.396816;ORGANIZING
2026.07.22 19:56:00;EURUSDm;1.14106;0.607033;4.316547;0.869709;0.863708;0.614294;1.000000;0.217409;6.131106;84.955606;0.711229;0.085174;-97.032341;-0.424404;0.395463;ORGANIZING
2026.07.22 19:57:00;EURUSDm;1.14104;0.688420;0.769231;1.386024;0.846698;0.628992;0.999532;0.232354;6.105180;85.012545;0.742877;0.087552;-96.519295;-0.423336;0.395719;ORGANIZING
2026.07.22 19:58:00;EURUSDm;1.14105;0.690275;0.381679;1.903730;0.810867;0.662959;0.986040;0.246622;6.076589;85.068161;0.817593;0.092929;-95.958760;-0.420826;0.396319;ORGANIZING
2026.07.22 19:59:00;EURUSDm;1.14108;0.758856;1.153846;2.472872;0.814757;0.715208;1.000000;0.262748;6.055200;85.122556;0.877817;0.100272;-95.385129;-0.418652;0.396839;ORGANIZING
2026.07.22 20:00:00;EURUSDm;1.14102;0.821255;2.222222;3.088813;0.870826;0.784311;1.000000;0.280407;6.041337;85.175991;0.900652;0.109045;-94.817181;-0.417528;0.397108;ORGANIZING
2026.07.22 20:01:00;EURUSDm;1.14122;0.394702;6.493506;2.841708;1.000000;0.841092;1.000000;0.278742;6.026229;85.229432;0.841092;0.115140;-95.156575;-0.419010;0.396754;ORGANIZING
2026.07.22 20:02:00;EURUSDm;1.14115;0.941347;2.215190;3.547719;1.000000;0.916884;1.000000;0.300106;6.019323;85.281287;0.916884;0.125267;-94.455543;-0.416230;0.397419;ORGANIZING
2026.07.22 20:03:00;EURUSDm;1.14111;0.945558;1.242236;4.256887;0.993774;1.000000;1.000000;0.320559;6.020524;85.331430;1.006265;0.136335;-93.750482;-0.412995;0.398194;ORGANIZING
2026.07.22 20:04:00;EURUSDm;1.14107;0.947089;1.226994;4.967204;0.985435;1.000000;1.000000;0.340047;6.029723;85.381582;1.014780;0.135958;-93.139352;-0.412759;0.398251;ORGANIZING
2026.07.22 20:05:00;EURUSDm;1.14110;0.941928;0.914634;5.673650;0.961895;1.000000;1.000000;0.358367;6.046770;85.431669;1.039614;0.135740;-92.530187;-0.412025;0.398427;ORGANIZING
2026.07.22 20:06:00;EURUSDm;1.14109;0.937560;0.316456;6.376821;0.909623;1.000000;0.988619;0.375607;6.071527;85.481480;1.099356;0.135929;-91.908550;-0.410223;0.398859;ORGANIZING
2026.07.22 20:07:00;EURUSDm;1.14118;0.666145;2.694611;6.876429;0.978872;1.000000;1.000000;0.381807;6.101858;85.532288;1.021584;0.134003;-91.602061;-0.412652;0.398276;ORGANIZING
2026.07.22 20:08:00;EURUSDm;1.14120;0.531073;0.598802;7.274734;0.939869;1.000000;0.999321;0.382632;6.136667;85.583053;1.063978;0.134063;-91.286786;-0.411377;0.398582;ORGANIZING
2026.07.22 20:09:00;EURUSDm;1.14119;0.672984;0.299401;7.779472;0.887846;1.000000;0.988216;0.388737;6.176944;85.633701;1.126322;0.134165;-90.873437;-0.409502;0.399032;ORGANIZING
2026.07.22 20:10:00;EURUSDm;1.14114;0.926413;1.461988;8.474281;0.896553;1.000000;1.000000;0.404041;6.224514;85.684911;1.115383;0.132888;-90.364292;-0.409894;0.398938;ORGANIZING
2026.07.22 20:11:00;EURUSDm;1.14115;0.443782;0.290698;7.796339;0.846260;1.000000;0.989316;0.417736;6.265570;85.736030;1.181670;0.132810;-91.152562;-0.407909;0.399414;ORGANIZING
2026.07.22 20:12:00;EURUSDm;1.14114;0.916472;0.295858;8.483693;0.798740;1.000000;0.979666;0.431217;6.313756;85.787155;1.251972;0.132561;-90.592148;-0.405813;0.399917;ORGANIZING
2026.07.22 20:13:00;EURUSDm;1.14120;0.496531;1.724138;7.804998;0.825010;1.000000;1.000000;0.443591;6.355341;85.838958;1.212107;0.131166;-91.456834;-0.407079;0.399613;ORGANIZING
2026.07.22 20:14:00;EURUSDm;1.14114;0.608150;1.685393;8.261110;0.848029;1.000000;1.000000;0.444217;6.401671;85.891455;1.179205;0.129973;-91.170149;-0.408125;0.399362;ORGANIZING
2026.07.22 20:15:00;EURUSDm;1.14113;0.269696;0.287356;7.600221;0.799995;1.000000;0.990605;0.455050;6.441520;85.943870;1.250007;0.129928;-91.936786;-0.406003;0.399871;ORGANIZING
2026.07.22 20:16:00;EURUSDm;1.14115;0.813183;0.574713;8.210108;0.768731;1.000000;0.991976;0.462792;6.482717;85.996385;1.300845;0.129630;-91.446026;-0.404493;0.400233;ORGANIZING
2026.07.22 20:17:00;EURUSDm;1.14115;0.671000;0.001000;8.713358;0.710345;1.000000;0.973489;0.464815;6.523577;86.048724;1.407767;0.129891;-91.022494;-0.401272;0.401007;ORGANIZING
2026.07.22 20:18:00;EURUSDm;1.14115;0.715727;0.001000;9.250153;0.654877;1.000000;0.955721;0.468414;6.564423;86.100917;1.527003;0.130078;-90.571315;-0.397686;0.401868;ORGANIZING
2026.07.22 20:19:00;EURUSDm;1.14115;0.620595;0.001000;9.715600;0.602184;1.000000;0.938700;0.468266;6.604028;86.152979;1.660623;0.130302;-90.184151;-0.393666;0.402835;ORGANIZING
2026.07.22 20:20:00;EURUSDm;1.14113;0.453461;0.609756;8.938352;0.582562;1.000000;0.943576;0.483715;6.629503;86.205100;1.716555;0.129941;-91.075747;-0.392006;0.403234;ORGANIZING
2026.07.22 20:21:00;EURUSDm;1.14113;0.393507;0.001000;8.223284;0.533484;1.000000;0.927516;0.495283;6.650172;86.256936;1.874470;0.130226;-91.858045;-0.387255;0.404378;ORGANIZING
2026.07.22 20:22:00;EURUSDm;1.14118;0.282531;1.506024;7.565421;0.562111;1.000000;0.965099;0.503412;6.657098;86.309128;1.779008;0.129490;-92.626837;-0.390155;0.403680;ORGANIZING
2026.07.22 20:23:00;EURUSDm;1.14120;0.249016;0.598802;6.960187;0.543946;1.000000;0.969898;0.508503;6.650845;86.361076;1.838419;0.129815;-93.263530;-0.388357;0.404113;ORGANIZING
2026.07.22 20:24:00;EURUSDm;1.14115;0.256433;1.461988;6.403372;0.569848;1.000000;1.000000;0.510918;6.631953;86.413094;1.754855;0.129656;-93.865312;-0.390872;0.403508;ORGANIZING
2026.07.22 20:25:00;EURUSDm;1.14115;0.216919;0.001000;5.891103;0.521405;1.000000;0.982917;0.510986;6.600967;86.464318;1.917894;0.131004;-94.318528;-0.385913;0.404702;ORGANIZING
2026.07.22 20:26:00;EURUSDm;1.14114;0.191099;0.306748;5.419814;0.490673;1.000000;0.977136;0.509001;6.577533;86.515000;2.038019;0.131975;-94.758926;-0.382261;0.405582;ORGANIZING
2026.07.22 20:27:00;EURUSDm;1.14115;0.168832;0.308642;4.986229;0.461571;1.000000;0.971553;0.505230;6.563547;86.565251;2.166514;0.132796;-95.178148;-0.378365;0.406521;ORGANIZING
2026.07.22 20:28:00;EURUSDm;1.14119;0.165058;1.212121;4.587331;0.479099;1.000000;0.997656;0.499914;6.557603;86.615618;2.087253;0.132686;-95.622420;-0.380748;0.405946;ORGANIZING
2026.07.22 20:29:00;EURUSDm;1.14113;0.177579;1.775148;4.220344;0.523901;1.000000;1.000000;0.493267;6.560407;86.666461;1.908758;0.131968;-96.077366;-0.386139;0.404647;ORGANIZING
2026.07.22 20:30:00;EURUSDm;1.14113;0.192394;0.001000;3.882717;0.477756;1.000000;0.982299;0.485485;6.573520;86.716974;2.093119;0.132683;-96.430024;-0.380572;0.405989;ORGANIZING
2026.07.22 20:31:00;EURUSDm;1.14108;0.205066;1.453488;3.572099;0.506543;1.000000;1.000000;0.476742;6.582895;86.767869;1.974168;0.132167;-96.821585;-0.384167;0.405122;ORGANIZING
2026.07.22 20:32:00;EURUSDm;1.14110;0.223309;0.578035;3.286332;0.490117;1.000000;1.000000;0.467193;6.601954;86.818789;2.040329;0.132288;-97.160869;-0.382176;0.405602;ORGANIZING
2026.07.22 20:33:00;EURUSDm;1.14108;0.162372;0.578035;3.023425;0.474513;1.000000;1.000000;0.456979;6.616760;86.869702;2.107424;0.132481;-97.468268;-0.380153;0.406090;ORGANIZING
2026.07.22 20:34:00;EURUSDm;1.14109;0.217720;0.289017;2.781551;0.445238;1.000000;0.991110;0.446224;6.638472;86.920539;2.245989;0.132803;-97.753617;-0.375980;0.407097;ORGANIZING
2026.07.22 20:35:00;EURUSDm;1.14105;0.235868;1.169591;2.559027;0.461456;1.000000;1.000000;0.435039;6.655691;86.971711;2.167054;0.132412;-98.055600;-0.378368;0.406521;ORGANIZING
2026.07.22 20:36:00;EURUSDm;1.14113;0.248570;2.259887;2.354305;0.531377;1.000000;1.000000;0.423523;6.680971;87.023834;1.881902;0.130961;-98.409894;-0.386995;0.404441;ORGANIZING
2026.07.22 20:37:00;EURUSDm;1.14115;0.238240;0.584795;2.165960;0.514048;1.000000;1.000000;0.411764;6.713040;87.076105;1.945342;0.130910;-98.673801;-0.385094;0.404899;ORGANIZING
2026.07.22 20:38:00;EURUSDm;1.14113;0.251091;0.578035;1.992684;0.497248;1.000000;0.999643;0.399840;6.752050;87.128598;2.011070;0.130734;-98.936940;-0.383131;0.405372;ORGANIZING
2026.07.22 20:39:00;EURUSDm;1.14114;0.258124;0.289017;1.833269;0.466836;1.000000;0.988765;0.387818;6.797113;87.181237;2.142079;0.130689;-99.184667;-0.379203;0.406319;ORGANIZING
2026.07.22 20:40:00;EURUSDm;1.14117;0.243673;0.857143;1.686607;0.466351;1.000000;0.997732;0.375760;6.835645;87.234257;2.144306;0.130246;-99.436812;-0.379159;0.406330;ORGANIZING
2026.07.22 20:41:00;EURUSDm;1.14119;0.258640;0.584795;1.551679;0.452274;0.997243;0.996431;0.363719;6.868182;87.287517;2.204955;0.129779;-99.654671;-0.377362;0.406763;ORGANIZING
2026.07.22 20:42:00;EURUSDm;1.14119;0.229777;0.001000;1.427544;0.409765;0.990157;0.974321;0.351740;6.895220;87.340764;2.416402;0.129319;-99.826747;-0.371042;0.408289;ORGANIZING
2026.07.22 20:43:00;EURUSDm;1.14119;0.216152;0.001000;1.313341;0.369524;0.979280;0.952566;0.339863;6.917213;87.394046;2.650114;0.128403;-99.985099;-0.364076;0.409973;ORGANIZING
2026.07.22 20:44:00;EURUSDm;1.14118;0.196267;0.308642;1.208274;0.346894;0.965041;0.941924;0.328123;6.934578;87.447559;2.781947;0.126819;-100.146540;-0.360201;0.410911;ORGANIZING
2026.07.22 20:45:00;EURUSDm;1.14116;0.213444;0.632911;1.111612;0.341894;0.947827;0.942593;0.316550;6.947700;87.501499;2.772283;0.124613;-100.312453;-0.360601;0.410814;ORGANIZING
2026.07.22 20:46:00;EURUSDm;1.14115;0.207654;0.340136;1.022683;0.322850;0.928129;0.932586;0.305169;6.956932;87.555734;2.874804;0.122365;-100.451974;-0.357638;0.411532;ORGANIZING
2026.07.22 20:47:00;EURUSDm;1.14118;0.214678;1.013514;0.940868;0.338820;0.906178;0.946099;0.294001;6.962601;87.610625;2.674511;0.119306;-100.615604;-0.363799;0.410040;ORGANIZING
2026.07.22 20:48:00;EURUSDm;1.14120;0.199557;0.671141;0.865599;0.337313;0.882412;0.946766;0.283065;6.965006;87.666000;2.616006;0.116331;-100.751442;-0.365703;0.409580;ORGANIZING
2026.07.22 20:49:00;EURUSDm;1.14112;0.209066;2.597403;0.796351;0.432669;0.856705;1.000000;0.272374;6.964421;87.722836;1.980048;0.111703;-100.976038;-0.385013;0.404918;ORGANIZING
2026.07.22 20:50:00;EURUSDm;1.14114;0.216188;0.666667;0.732643;0.427235;0.829834;0.997866;0.261940;6.961099;87.780123;1.942339;0.108471;-101.090960;-0.386306;0.404607;ORGANIZING
2026.07.22 20:51:00;EURUSDm;1.14116;0.218259;0.757576;0.674031;0.427155;0.802037;0.998624;0.251774;6.955274;87.837907;1.877625;0.105058;-101.203090;-0.388418;0.404098;ORGANIZING
2026.07.22 20:52:00;EURUSDm;1.14115;0.217782;0.396825;0.620109;0.409598;0.773632;0.986373;0.241881;6.947160;87.896002;1.888759;0.101812;-101.289942;-0.388247;0.404139;ORGANIZING
2026.07.22 20:53:00;EURUSDm;1.14115;0.209992;0.001000;0.570500;0.373695;0.744915;0.960351;0.232268;6.936954;87.954210;1.993376;0.098757;-101.350933;-0.385261;0.404859;ORGANIZING
2026.07.22 20:54:00;EURUSDm;1.14116;0.212268;0.420168;0.524860;0.361121;0.715956;0.949574;0.222936;6.924836;88.012750;1.982595;0.095348;-101.428599;-0.385755;0.404740;ORGANIZING
2026.07.22 20:55:00;EURUSDm;1.14115;0.202584;0.427350;0.482871;0.350113;0.686911;0.939099;0.213889;6.910973;88.071623;1.961970;0.091895;-101.501678;-0.386546;0.404549;ORGANIZING
2026.07.22 20:56:00;EURUSDm;1.14117;0.191413;0.847458;0.444242;0.361242;0.657818;0.943378;0.205126;6.895519;88.131034;1.820989;0.088157;-101.591507;-0.390962;0.403486;ORGANIZING
2026.07.22 20:57:00;EURUSDm;1.14119;0.210256;0.900901;0.408702;0.375069;0.628794;0.949070;0.196647;6.878614;88.190995;1.676476;0.084398;-101.679089;-0.395486;0.402397;ORGANIZING
2026.07.22 20:58:00;EURUSDm;1.14115;0.255624;1.769912;0.376006;0.432235;0.599740;0.984682;0.188449;6.860388;88.251927;1.387532;0.080168;-101.806089;-0.404366;0.400264;ORGANIZING
2026.07.22 20:59:00;EURUSDm;1.14116;0.317624;0.442478;0.345926;0.420752;0.571107;0.972301;0.180531;6.840959;88.313121;1.357347;0.076739;-101.859821;-0.405443;0.400005;ORGANIZING
2026.07.22 21:01:00;EURUSDm;1.14110;0.317153;2.631579;0.318252;0.519871;0.542422;1.000000;0.172888;6.820438;88.375676;1.043378;0.072196;-102.021525;-0.415089;0.397693;ORGANIZING
2026.07.22 21:04:00;EURUSDm;1.14109;0.301061;0.438596;0.292791;0.504959;0.514355;0.986402;0.165517;6.798925;88.438428;1.018606;0.068862;-102.065123;-0.415999;0.397475;ORGANIZING
2026.07.22 21:05:00;EURUSDm;1.14111;0.312130;0.869565;0.269368;0.512902;0.486849;0.988106;0.158412;6.776512;88.501585;0.949205;0.065368;-102.128117;-0.418255;0.396934;ORGANIZING
2026.07.22 21:06:00;EURUSDm;1.14088;0.114158;8.712121;0.247819;0.913126;0.458027;1.000000;0.151569;6.753284;88.569089;0.501603;0.058586;-102.586076;-0.432023;0.393643;ORGANIZING
2026.07.22 21:07:00;EURUSDm;1.14086;0.117873;0.781250;0.227993;0.897372;0.430083;0.997649;0.144982;6.729321;88.636754;0.479270;0.055340;-102.624655;-0.432855;0.393445;AGING
2026.07.22 21:08:00;EURUSDm;1.14083;0.120311;1.153846;0.209754;0.901594;0.402942;1.000000;0.138644;6.704693;88.704758;0.446922;0.052027;-102.680331;-0.433991;0.393174;AGING
2026.07.22 21:09:00;EURUSDm;1.14078;0.121297;1.879699;0.192973;0.942441;0.376446;1.000000;0.132551;6.679466;88.773448;0.399437;0.048546;-102.770505;-0.435590;0.392792;AGING
2026.07.22 21:10:00;EURUSDm;1.14077;0.123003;0.373134;0.177536;0.906446;0.350991;0.982699;0.126696;6.653702;88.842030;0.387216;0.045661;-102.780746;-0.436100;0.392671;AGING
2026.07.22 21:11:00;EURUSDm;1.14071;0.123344;2.142857;0.163333;0.961247;0.326133;1.000000;0.121071;6.627457;88.911394;0.339281;0.042301;-102.880230;-0.437706;0.392288;AGING
2026.07.22 21:12:00;EURUSDm;1.14072;0.137178;0.354610;0.150266;0.924393;0.302333;0.981649;0.115671;6.600780;88.980599;0.327061;0.039568;-102.885295;-0.438210;0.392168;AGING
2026.07.22 21:13:00;EURUSDm;1.14065;0.131843;2.397260;0.138245;0.991989;0.279071;1.000000;0.110488;6.573720;89.050675;0.281324;0.036355;-102.993766;-0.439743;0.391802;AGING
2026.07.22 21:14:00;EURUSDm;1.14066;0.135573;0.340136;0.127185;0.953815;0.256869;0.980772;0.105517;6.546320;89.120539;0.269307;0.033773;-102.993974;-0.440232;0.391686;AGING
2026.07.22 21:15:00;EURUSDm;1.14065;0.142189;0.349650;0.117010;0.918470;0.235693;0.962376;0.100750;6.518619;89.190196;0.256615;0.031268;-102.994701;-0.440738;0.391565;AGING
2026.07.22 21:16:00;EURUSDm;1.14067;0.150049;0.699301;0.107650;0.902797;0.215426;0.956694;0.096180;6.490655;89.259822;0.238621;0.028763;-103.013214;-0.441403;0.391407;AGING
2026.07.22 21:17:00;EURUSDm;1.14069;0.157440;0.714286;0.099038;0.889063;0.196040;0.951576;0.091802;6.462460;89.329416;0.220502;0.026338;-103.031925;-0.442068;0.391248;AGING
2026.07.22 21:18:00;EURUSDm;1.14069;0.166909;0.001000;0.091115;0.840739;0.177683;0.921519;0.087608;6.434065;89.398611;0.211341;0.024134;-103.013899;-0.442453;0.391157;AGING
2026.07.22 21:19:00;EURUSDm;1.14064;0.168128;1.736111;0.083825;0.881954;0.159891;0.953096;0.083592;6.405499;89.468287;0.181292;0.021692;-103.084707;-0.443477;0.390913;AGING
2026.07.22 21:20:00;EURUSDm;1.14051;0.164043;4.166667;0.077119;1.000000;0.142288;1.000000;0.079748;6.376787;89.539209;0.142288;0.019082;-103.232872;-0.444777;0.390603;AGING
2026.07.22 21:21:00;EURUSDm;1.14054;0.172229;0.967742;0.070950;0.995541;0.125471;1.000000;0.076069;6.347954;89.610135;0.126033;0.016911;-103.257301;-0.445373;0.390461;AGING
2026.07.22 21:22:00;EURUSDm;1.14055;0.174598;0.333333;0.065274;0.959922;0.109567;0.979329;0.072549;6.319021;89.680733;0.114141;0.014904;-103.248954;-0.445831;0.390353;AGING
2026.07.22 21:23:00;EURUSDm;1.14059;0.189405;1.298701;0.060052;0.974669;0.094302;0.993046;0.069183;6.290008;89.751494;0.096752;0.012858;-103.290190;-0.446455;0.390204;AGING
2026.07.22 21:24:00;EURUSDm;1.14055;0.193522;1.307190;0.055248;0.989409;0.079656;1.000000;0.065964;6.260933;89.822404;0.080509;0.010888;-103.330703;-0.447040;0.390065;AGING
2026.07.22 21:25:00;EURUSDm;1.14054;0.194843;0.328947;0.050828;0.954793;0.065849;0.978822;0.062887;6.231814;89.892953;0.068966;0.009083;-103.320470;-0.447477;0.389961;AGING
2026.07.22 21:26:00;EURUSDm;1.14056;0.236705;0.657895;0.046762;0.938631;0.052758;0.969790;0.059946;6.202665;89.963311;0.056207;0.007326;-103.327644;-0.447947;0.389849;AGING
2026.07.22 21:27:00;EURUSDm;1.14056;0.247538;0.001000;0.043021;0.890694;0.040510;0.937981;0.057135;6.173502;90.033143;0.045482;0.005689;-103.301580;-0.448351;0.389753;AGING
2026.07.22 21:28:00;EURUSDm;1.14058;0.272832;0.671141;0.039579;0.878906;0.028898;0.930641;0.054451;6.144336;90.102797;0.032880;0.004083;-103.310799;-0.448809;0.389644;AGING
2026.07.22 21:29:00;EURUSDm;1.14049;0.262575;3.000000;0.036413;0.984383;0.017334;1.000000;0.051886;6.115180;90.173446;0.017609;0.002424;-103.438215;-0.449351;0.389515;AGING
2026.07.22 21:30:00;EURUSDm;1.14061;0.368577;3.750000;0.033500;1.000000;0.006252;1.000000;0.049438;6.086044;90.244182;0.006252;0.000876;-103.475394;-0.449769;0.389416;AGING
2026.07.22 21:31:00;EURUSDm;1.14064;0.518284;0.931677;0.422213;0.996459;0.014919;0.999339;0.066402;6.058203;90.314430;0.014972;0.002095;-103.122965;-0.449446;0.389492;AGING
2026.07.22 21:32:00;EURUSDm;1.14064;0.517017;0.001000;0.809976;0.946387;0.040627;0.966721;0.082470;6.034509;90.383426;0.042928;0.005752;-102.713168;-0.448425;0.389735;AGING
2026.07.22 21:33:00;EURUSDm;1.14065;0.525900;0.316456;1.204401;0.914078;0.081563;0.946848;0.098067;6.014998;90.451086;0.089230;0.011607;-102.305331;-0.446743;0.390135;AGING
2026.07.22 21:34:00;EURUSDm;1.14061;0.562778;1.250000;1.626484;0.929243;0.136763;0.960891;0.114268;5.999916;90.517642;0.147177;0.019417;-101.912006;-0.444614;0.390642;AGING
2026.07.22 21:35:00;EURUSDm;1.14061;0.605967;0.001000;2.080960;0.880096;0.205771;0.931294;0.131279;5.989556;90.582223;0.233805;0.029392;-101.417257;-0.441516;0.391380;AGING
2026.07.22 21:36:00;EURUSDm;1.14063;0.635477;0.617284;2.557567;0.862840;0.287300;0.924899;0.148545;5.984107;90.644947;0.332970;0.041069;-100.928223;-0.437957;0.392228;AGING
2026.07.22 21:37:00;EURUSDm;1.14058;0.612445;1.506024;3.016901;0.889253;0.378886;0.950437;0.164084;5.983365;90.706095;0.426073;0.053844;-100.494460;-0.434526;0.393046;AGING
2026.07.22 21:38:00;EURUSDm;1.14063;0.660221;1.479290;3.512067;0.911177;0.480180;0.974690;0.180639;5.987658;90.765480;0.526989;0.067827;-100.021003;-0.430799;0.393936;ORGANIZING
2026.07.22 21:39:00;EURUSDm;1.14066;0.683897;0.877193;4.024989;0.899874;0.590236;0.977600;0.197253;5.997131;90.822645;0.655909;0.083199;-99.496063;-0.426163;0.395043;ORGANIZING
2026.07.22 21:40:00;EURUSDm;1.14063;0.595563;0.877193;4.471661;0.886935;0.705985;0.980989;0.209724;6.011091;90.877506;0.795983;0.099326;-99.028424;-0.421154;0.396241;ORGANIZING
2026.07.22 21:41:00;EURUSDm;1.14062;0.672205;0.294118;4.975815;0.843175;0.828007;0.964289;0.224445;6.030084;90.929678;0.982011;0.116658;-98.478090;-0.414707;0.397784;ORGANIZING
2026.07.22 21:42:00;EURUSDm;1.14063;0.658341;0.306748;5.469571;0.799793;0.954914;0.949131;0.237911;6.053977;90.979118;1.193951;0.134653;-97.938201;-0.407449;0.399524;ORGANIZING
2026.07.22 21:43:00;EURUSDm;1.14063;0.673548;0.001000;5.974732;0.740755;1.000000;0.924273;0.251273;6.082854;91.027354;1.349973;0.141345;-97.461632;-0.402434;0.400728;ORGANIZING
2026.07.22 21:44:00;EURUSDm;1.14074;0.413231;3.235294;5.496753;0.845482;1.000000;1.000000;0.262608;6.106855;91.076877;1.182757;0.138601;-98.164532;-0.407587;0.399491;ORGANIZING
2026.07.22 21:45:00;EURUSDm;1.14074;0.419237;0.001000;5.057013;0.783258;1.000000;0.974226;0.271465;6.126382;91.125973;1.276718;0.139254;-98.647913;-0.404736;0.400175;ORGANIZING
2026.07.22 21:46:00;EURUSDm;1.14074;0.470744;0.001000;4.652452;0.724145;1.000000;0.949665;0.278120;6.141807;91.174633;1.380938;0.139976;-99.086181;-0.401573;0.400934;ORGANIZING
2026.07.22 21:47:00;EURUSDm;1.14073;0.492955;0.295858;4.280256;0.682731;1.000000;0.936516;0.282824;6.153470;91.222995;1.464706;0.140469;-99.498059;-0.399035;0.401544;ORGANIZING
2026.07.22 21:48:00;EURUSDm;1.14066;0.775618;2.000000;4.861969;0.728594;1.000000;0.983636;0.297768;6.170927;91.271990;1.372506;0.138941;-99.076006;-0.401878;0.400861;ORGANIZING
2026.07.22 21:49:00;EURUSDm;1.14061;0.688203;1.404494;5.378122;0.742389;1.000000;1.000000;0.308687;6.193489;91.321349;1.347002;0.138034;-98.689970;-0.402688;0.400667;ORGANIZING
2026.07.22 21:50:00;EURUSDm;1.14059;0.779646;0.561798;5.962856;0.713360;1.000000;0.995467;0.322490;6.221816;91.370701;1.401817;0.137785;-98.209815;-0.401056;0.401059;ORGANIZING
2026.07.22 21:51:00;EURUSDm;1.14058;0.785951;0.285714;6.552319;0.671978;1.000000;0.981913;0.335838;6.252007;91.419941;1.488145;0.137744;-97.715291;-0.398468;0.401680;ORGANIZING
2026.07.22 21:52:00;EURUSDm;1.14061;0.796094;0.847458;7.149389;0.660752;1.000000;0.988961;0.348900;6.284142;91.469390;1.513428;0.137103;-97.246835;-0.397742;0.401855;ORGANIZING
2026.07.22 21:53:00;EURUSDm;1.14060;0.801387;0.290698;7.750430;0.622249;1.000000;0.976733;0.361507;6.318181;91.518794;1.607074;0.136950;-96.749989;-0.394940;0.402529;ORGANIZING
2026.07.22 21:54:00;EURUSDm;1.14062;0.776386;0.578035;8.332719;0.600038;1.000000;0.975432;0.372546;6.353653;91.568331;1.666561;0.136496;-96.288047;-0.393178;0.402952;ORGANIZING
2026.07.22 21:55:00;EURUSDm;1.14070;0.753022;2.234637;8.897486;0.661768;1.000000;1.000000;0.382157;6.390050;91.618849;1.511103;0.134518;-95.927545;-0.397941;0.401807;ORGANIZING
2026.07.22 21:56:00;EURUSDm;1.14075;0.630184;1.552795;9.370124;0.686319;1.000000;1.000000;0.386681;6.426225;91.669974;1.457047;0.133347;-95.611982;-0.399621;0.401403;ORGANIZING
2026.07.22 21:57:00;EURUSDm;1.14074;0.448265;0.312500;8.620514;0.647628;1.000000;0.989471;0.404828;6.450130;91.720952;1.544095;0.133287;-96.457982;-0.397013;0.402030;ORGANIZING
2026.07.22 21:58:00;EURUSDm;1.14074;0.595317;0.001000;9.067002;0.595297;1.000000;0.969044;0.406911;6.473429;91.771639;1.679834;0.133768;-96.060613;-0.392917;0.403015;ORGANIZING
2026.07.22 21:59:00;EURUSDm;1.14079;0.473132;1.592357;8.341642;0.625150;1.000000;1.000000;0.422833;6.484228;91.822733;1.599616;0.132763;-96.920364;-0.395373;0.402424;ORGANIZING
2026.07.22 22:00:00;EURUSDm;1.14082;0.386274;0.943396;7.674310;0.621062;1.000000;1.000000;0.435058;6.483833;91.873782;1.610144;0.132627;-97.658317;-0.395064;0.402499;ORGANIZING
2026.07.22 22:01:00;EURUSDm;1.14088;0.306742;1.886792;7.060366;0.664349;1.000000;1.000000;0.444002;6.472260;91.925148;1.505233;0.131915;-98.361656;-0.398247;0.401734;ORGANIZING
2026.07.22 22:02:00;EURUSDm;1.14077;0.593104;3.254438;7.505193;0.773853;1.000000;1.000000;0.444044;6.460255;91.977489;1.292235;0.130240;-98.054746;-0.404721;0.400179;ORGANIZING
2026.07.22 22:03:00;EURUSDm;1.14083;0.412032;1.785714;6.904778;0.804446;1.000000;1.000000;0.451862;6.437254;92.029906;1.243091;0.129979;-98.707807;-0.406208;0.399822;ORGANIZING
2026.07.22 22:04:00;EURUSDm;1.14081;0.788840;0.591716;7.496408;0.773810;1.000000;1.000000;0.458851;6.425064;92.081895;1.292307;0.130587;-98.127126;-0.404701;0.400183;ORGANIZING
2026.07.22 22:05:00;EURUSDm;1.14085;0.716411;1.162791;8.033716;0.773259;1.000000;1.000000;0.462773;6.422706;92.133855;1.293228;0.130570;-97.644356;-0.404675;0.400190;ORGANIZING
2026.07.22 22:06:00;EURUSDm;1.14087;0.602629;0.581395;8.485687;0.743666;1.000000;1.000000;0.462233;6.428925;92.185580;1.344690;0.130979;-97.225875;-0.403110;0.400565;ORGANIZING
2026.07.22 22:07:00;EURUSDm;1.14084;0.713581;0.867052;9.020873;0.729835;1.000000;1.000000;0.465881;6.444186;92.237321;1.370173;0.130892;-96.766417;-0.402350;0.400748;ORGANIZING
2026.07.22 22:08:00;EURUSDm;1.14080;0.552104;1.129944;9.434951;0.729840;1.000000;1.000000;0.463291;6.457695;92.289196;1.370162;0.130705;-96.426058;-0.402360;0.400745;ORGANIZING
2026.07.22 22:09:00;EURUSDm;1.14078;0.451076;0.574713;8.680154;0.702084;1.000000;1.000000;0.477866;6.458427;92.340801;1.424331;0.130918;-97.235317;-0.400724;0.401138;ORGANIZING
2026.07.22 22:10:00;EURUSDm;1.14073;0.578226;1.506024;9.113824;0.722281;1.000000;1.000000;0.475656;6.457644;92.392600;1.384503;0.130624;-96.867659;-0.401934;0.400848;ORGANIZING
2026.07.22 22:11:00;EURUSDm;1.14070;0.669904;0.903614;9.616252;0.711348;1.000000;1.000000;0.476995;6.455996;92.444274;1.405782;0.130816;-96.405351;-0.401286;0.401003;ORGANIZING
2026.07.22 22:12:00;EURUSDm;1.14069;0.762839;0.301205;10.188381;0.670841;1.000000;0.992237;0.481752;6.454105;92.495523;1.490667;0.131463;-95.849697;-0.398707;0.401623;ORGANIZING
2026.07.22 22:13:00;EURUSDm;1.14073;0.595006;1.204819;10.634636;0.677540;1.000000;1.000000;0.479977;6.450677;92.546805;1.475929;0.131437;-95.451017;-0.399150;0.401517;ORGANIZING
2026.07.22 22:14:00;EURUSDm;1.14076;0.553276;0.909091;11.049593;0.669117;1.000000;1.000000;0.476726;6.445592;92.597953;1.494507;0.131727;-95.062113;-0.398578;0.401654;ORGANIZING
2026.07.22 22:15:00;EURUSDm;1.14079;0.733135;0.898204;11.599444;0.660571;1.000000;1.000000;0.480382;6.440384;92.648962;1.513841;0.131903;-94.551622;-0.397990;0.401795;ORGANIZING
2026.07.22 22:16:00;EURUSDm;1.14073;0.720712;1.754386;12.139978;0.695262;1.000000;1.000000;0.483390;6.435881;92.700274;1.438306;0.131328;-94.094098;-0.400284;0.401244;ORGANIZING
2026.07.22 22:17:00;EURUSDm;1.14073;0.739538;0.001000;12.694632;0.640549;1.000000;0.981954;0.486953;6.444442;92.751123;1.561161;0.132066;-93.559831;-0.396562;0.402139;ORGANIZING
2026.07.22 22:18:00;EURUSDm;1.14073;0.742842;0.001000;13.251763;0.588572;1.000000;0.964664;0.490462;6.454068;92.801550;1.699029;0.132747;-93.027417;-0.392392;0.403142;ORGANIZING
2026.07.22 22:19:00;EURUSDm;1.14074;0.734446;0.310559;13.802597;0.554671;1.000000;0.958936;0.493480;6.476407;92.851861;1.802871;0.132898;-92.543709;-0.389269;0.403893;ORGANIZING
2026.07.22 22:20:00;EURUSDm;1.14074;0.616010;0.001000;14.264605;0.506987;1.000000;0.942680;0.491907;6.509928;92.902030;1.972436;0.133177;-92.148081;-0.384168;0.405122;ORGANIZING
2026.07.22 22:21:00;EURUSDm;1.14074;0.418876;0.001000;13.123437;0.461688;1.000000;0.926938;0.524370;6.538009;92.952027;2.165965;0.132907;-93.415036;-0.378376;0.406519;ORGANIZING
2026.07.22 22:22:00;EURUSDm;1.14075;0.519596;0.340136;13.513134;0.435610;1.000000;0.924753;0.517636;6.565398;93.002037;2.295629;0.133003;-93.090583;-0.374481;0.407459;ORGANIZING
2026.07.22 22:23:00;EURUSDm;1.14077;0.508362;0.675676;13.894405;0.427614;1.000000;0.934153;0.510818;6.602468;93.052338;2.338559;0.132610;-92.812117;-0.373213;0.407765;ORGANIZING
2026.07.22 22:24:00;EURUSDm;1.14077;0.497387;0.001000;12.782853;0.386283;1.000000;0.919371;0.540855;6.622320;93.102424;2.588775;0.132460;-94.032203;-0.365714;0.409577;ORGANIZING
2026.07.22 22:25:00;EURUSDm;1.14076;0.493792;0.344828;11.760225;0.364210;1.000000;0.918192;0.564943;6.626473;93.152330;2.745667;0.132352;-95.139149;-0.361012;0.410715;ORGANIZING
2026.07.22 22:26:00;EURUSDm;1.14078;0.482396;0.689655;10.819407;0.360482;1.000000;0.929966;0.583737;6.616678;93.202102;2.774060;0.132259;-96.144008;-0.360165;0.410920;ORGANIZING
2026.07.22 22:27:00;EURUSDm;1.14078;0.482279;0.001000;9.953854;0.322508;1.000000;0.917883;0.597828;6.592924;93.251256;3.100695;0.133098;-97.001415;-0.350324;0.413304;ORGANIZING
2026.07.22 22:28:00;EURUSDm;1.14074;0.493908;1.438849;9.157546;0.358325;1.000000;0.957041;0.607752;6.562734;93.300467;2.790760;0.132823;-97.842218;-0.359636;0.411048;ORGANIZING
2026.07.22 22:29:00;EURUSDm;1.14074;0.486218;0.001000;8.424942;0.320459;1.000000;0.944851;0.613994;6.532472;93.348996;3.120523;0.133924;-98.537447;-0.349688;0.413458;ORGANIZING
2026.07.22 22:30:00;EURUSDm;1.14076;0.486296;0.740741;7.750947;0.321473;1.000000;0.959197;0.616995;6.513439;93.397345;3.110679;0.134194;-99.228739;-0.349970;0.413390;ORGANIZING
2026.07.22 22:31:00;EURUSDm;1.14075;0.486063;0.370370;7.130871;0.303918;1.000000;0.960182;0.617149;6.505725;93.445442;3.290361;0.134648;-99.864237;-0.344557;0.414703;ORGANIZING
2026.07.22 22:32:00;EURUSDm;1.14076;0.505042;0.370370;7.509652;0.287241;1.000000;0.961139;0.605230;6.499984;93.493314;3.481401;0.135273;-99.481331;-0.338794;0.416102;ORGANIZING
2026.07.22 22:33:00;EURUSDm;1.14078;0.516210;0.729927;7.896810;0.289375;1.000000;0.974230;0.594327;6.494862;93.541157;3.455724;0.135528;-99.112099;-0.339552;0.415918;ORGANIZING
2026.07.22 22:34:00;EURUSDm;1.14074;0.511923;1.538462;8.280752;0.331829;1.000000;1.000000;0.583807;6.490076;93.589376;3.013597;0.135031;-98.788221;-0.352841;0.412694;ORGANIZING
2026.07.22 22:35:00;EURUSDm;1.14074;0.519071;0.001000;8.670055;0.295288;1.000000;0.985468;0.574082;6.486920;93.637198;3.386526;0.135938;-98.384435;-0.341607;0.415419;ORGANIZING
2026.07.22 22:36:00;EURUSDm;1.14073;0.499165;0.381679;7.976451;0.279607;1.000000;0.984429;0.580058;6.496121;93.684955;3.576443;0.135947;-99.140470;-0.335909;0.416803;ORGANIZING
2026.07.22 22:37:00;EURUSDm;1.14071;0.483229;0.757576;7.338335;0.283506;1.000000;0.996791;0.582961;6.517203;93.732962;3.527264;0.135434;-99.878462;-0.337410;0.416439;ORGANIZING
2026.07.22 22:38:00;EURUSDm;1.14069;0.490183;0.787402;6.751268;0.288701;1.000000;1.000000;0.583166;6.549622;93.781345;3.463796;0.134744;-100.584355;-0.339349;0.415968;ORGANIZING
2026.07.22 22:39:00;EURUSDm;1.14067;0.489127;0.806452;6.211166;0.294588;1.000000;1.000000;0.581013;6.592788;93.830219;3.394569;0.133898;-101.261243;-0.341468;0.415453;ORGANIZING
2026.07.22 22:40:00;EURUSDm;1.14063;0.458041;1.587302;5.714273;0.339224;1.000000;1.000000;0.576807;6.645328;93.880065;2.947906;0.132251;-101.949285;-0.354950;0.412183;ORGANIZING
2026.07.22 22:41:00;EURUSDm;1.14060;0.379124;1.171875;5.257131;0.360856;1.000000;1.000000;0.570824;6.690764;93.930581;2.771185;0.131192;-102.557482;-0.360305;0.410886;ORGANIZING
2026.07.22 22:42:00;EURUSDm;1.14063;0.453844;1.171875;4.836561;0.381407;1.000000;1.000000;0.563311;6.744076;93.981836;2.621869;0.130059;-103.141456;-0.364841;0.409788;ORGANIZING
2026.07.22 22:43:00;EURUSDm;1.14059;0.314326;1.526718;4.449636;0.418673;1.000000;1.000000;0.554492;6.804803;94.034070;2.388500;0.128568;-103.721697;-0.371917;0.408078;ORGANIZING
2026.07.22 22:44:00;EURUSDm;1.14061;0.343262;0.763359;4.093665;0.415907;1.000000;1.000000;0.544566;6.857671;94.086806;2.404383;0.127908;-104.213522;-0.371473;0.408185;ORGANIZING
2026.07.22 22:45:00;EURUSDm;1.14061;0.367690;0.001000;3.766172;0.375162;1.000000;0.984095;0.533712;6.903323;94.139591;2.665517;0.128005;-104.622652;-0.363634;0.410080;ORGANIZING
2026.07.22 22:46:00;EURUSDm;1.14060;0.312479;0.420168;3.464878;0.357412;1.000000;0.983037;0.522091;6.942352;94.192589;2.797891;0.127847;-105.014009;-0.359671;0.411039;ORGANIZING
2026.07.22 22:47:00;EURUSDm;1.14061;0.323585;0.420168;3.187688;0.340550;1.000000;0.981610;0.509846;6.975302;94.245747;2.936427;0.127784;-105.368905;-0.355518;0.412045;ORGANIZING
2026.07.22 22:48:00;EURUSDm;1.14063;0.488051;0.826446;2.932673;0.344845;1.000000;0.994024;0.497105;7.002674;94.299222;2.899856;0.127476;-105.710952;-0.356631;0.411775;ORGANIZING
2026.07.22 22:49:00;EURUSDm;1.14066;0.534003;1.260504;3.333175;0.370628;1.000000;1.000000;0.492275;7.018578;94.353114;2.698125;0.126880;-105.412273;-0.362712;0.410303;ORGANIZING
2026.07.22 22:50:00;EURUSDm;1.14063;0.380824;1.260504;3.066521;0.395122;1.000000;1.000000;0.480994;7.030330;94.407369;2.530867;0.126479;-105.758616;-0.367750;0.409085;ORGANIZING
2026.07.22 22:51:00;EURUSDm;1.14065;0.463504;0.869565;2.821199;0.398844;1.000000;1.000000;0.469210;7.038275;94.461740;2.507248;0.126481;-106.054354;-0.368459;0.408914;ORGANIZING
2026.07.22 22:52:00;EURUSDm;1.14068;0.459510;1.401869;2.595503;0.428995;1.000000;1.000000;0.457034;7.052225;94.516552;2.331030;0.125972;-106.368562;-0.373770;0.407630;ORGANIZING
2026.07.22 22:53:00;EURUSDm;1.14070;0.459070;0.970874;2.387863;0.436089;1.000000;1.000000;0.444565;7.072053;94.571634;2.293110;0.125743;-106.653095;-0.374920;0.407353;ORGANIZING
2026.07.22 22:54:00;EURUSDm;1.14076;0.496176;2.803738;2.196834;0.534471;1.000000;1.000000;0.431888;7.097532;94.627954;1.871008;0.124010;-107.024431;-0.387669;0.404278;ORGANIZING
2026.07.22 22:55:00;EURUSDm;1.14076;0.478665;0.001000;2.021087;0.487798;1.000000;0.980151;0.419081;7.128534;94.684117;2.050030;0.124449;-107.246057;-0.382277;0.405578;ORGANIZING
2026.07.22 22:56:00;EURUSDm;1.14073;0.508574;1.442308;2.402518;0.515523;1.000000;1.000000;0.417198;7.148631;94.740759;1.939776;0.123742;-106.985422;-0.385620;0.404772;ORGANIZING
2026.07.22 22:57:00;EURUSDm;1.14072;0.512705;0.490196;2.787046;0.494257;1.000000;0.996759;0.415565;7.158401;94.797285;2.023239;0.123943;-106.652426;-0.383106;0.405378;ORGANIZING
2026.07.22 22:58:00;EURUSDm;1.14072;0.503505;0.001000;3.164675;0.449594;1.000000;0.976452;0.413668;7.158474;94.853366;2.224228;0.124661;-106.282569;-0.377040;0.406841;ORGANIZING
2026.07.22 22:59:00;EURUSDm;1.14078;0.460870;2.941176;2.911501;0.554173;1.000000;1.000000;0.405643;7.155679;94.910464;1.804490;0.123221;-106.675780;-0.389704;0.403788;ORGANIZING
2026.07.22 23:00:00;EURUSDm;1.14081;0.281926;1.500000;2.678581;0.581465;1.000000;1.000000;0.397007;7.150257;94.967782;1.719795;0.123020;-106.965194;-0.392255;0.403175;ORGANIZING
2026.07.22 23:01:00;EURUSDm;1.14086;0.180730;2.450980;2.464295;0.654940;1.000000;1.000000;0.387871;7.142434;95.025755;1.526857;0.122171;-107.277012;-0.398086;0.401772;ORGANIZING
2026.07.22 23:02:00;EURUSDm;1.14087;0.194925;0.490196;2.267151;0.626703;1.000000;0.995732;0.378335;7.132416;95.083346;1.595652;0.122889;-107.464400;-0.395986;0.402277;ORGANIZING
2026.07.22 23:03:00;EURUSDm;1.14087;0.160379;0.001000;2.085779;0.575418;1.000000;0.974158;0.368487;7.120393;95.140305;1.737867;0.124003;-107.607702;-0.391664;0.403317;ORGANIZING
2026.07.22 23:04:00;EURUSDm;1.14083;0.205102;2.020202;1.918917;0.627657;1.000000;1.000000;0.358405;7.106538;95.197647;1.593226;0.123570;-107.836274;-0.396025;0.402268;ORGANIZING
2026.07.22 23:05:00;EURUSDm;1.14084;0.182930;0.515464;1.765403;0.602048;1.000000;0.995585;0.348161;7.091013;95.254577;1.660998;0.124359;-107.969569;-0.393952;0.402766;ORGANIZING
2026.07.22 23:06:00;EURUSDm;1.14085;0.163771;0.543478;1.624171;0.579119;1.000000;0.991947;0.337814;7.073965;95.311108;1.726761;0.125142;-108.089615;-0.391940;0.403250;ORGANIZING
2026.07.22 23:07:00;EURUSDm;1.14086;0.160363;0.537634;1.494237;0.557045;0.995678;0.987870;0.327420;7.055530;95.367320;1.787429;0.125400;-108.200350;-0.390107;0.403692;ORGANIZING
2026.07.22 23:08:00;EURUSDm;1.14084;0.192161;1.052632;1.374698;0.561911;0.986998;1.000000;0.317026;7.035832;95.423558;1.756504;0.124703;-108.329488;-0.391070;0.403460;ORGANIZING
2026.07.22 23:09:00;EURUSDm;1.14084;0.229602;0.001000;1.264723;0.514125;0.974722;0.976131;0.306674;7.021337;95.479418;1.895885;0.124293;-108.410120;-0.386909;0.404462;ORGANIZING
2026.07.22 23:10:00;EURUSDm;1.14080;0.261063;2.040816;1.163545;0.570965;0.958884;1.000000;0.296399;7.005260;95.536002;1.679409;0.121800;-108.587858;-0.393528;0.402868;ORGANIZING
2026.07.22 23:11:00;EURUSDm;1.14083;0.251005;1.485149;1.070461;0.597497;0.940076;1.000000;0.286233;6.987742;95.593053;1.573357;0.119428;-108.727963;-0.396828;0.402075;ORGANIZING
2026.07.22 23:12:00;EURUSDm;1.14084;0.297720;0.495050;0.984824;0.573573;0.918942;0.992345;0.276203;6.968910;95.650099;1.602137;0.117532;-108.810132;-0.396059;0.402259;ORGANIZING
2026.07.22 23:13:00;EURUSDm;1.14092;0.209066;3.738318;0.906038;0.713431;0.895114;1.000000;0.266332;6.948883;95.708820;1.254660;0.112896;-109.051531;-0.406715;0.399700;ORGANIZING
2026.07.22 23:14:00;EURUSDm;1.14089;0.436868;1.363636;0.833555;0.728039;0.869529;1.000000;0.256640;6.927772;95.767988;1.194344;0.109894;-109.161766;-0.408675;0.399230;ORGANIZING
2026.07.22 23:15:00;EURUSDm;1.14087;0.581432;0.900901;1.269629;0.719292;0.865023;1.000000;0.265612;6.900647;95.826887;1.202604;0.109697;-108.744044;-0.408437;0.399287;ORGANIZING
2026.07.22 23:16:00;EURUSDm;1.14088;0.354394;0.454545;1.168059;0.688754;0.856125;0.990205;0.257410;6.878489;95.885437;1.243005;0.109414;-108.821804;-0.407239;0.399574;ORGANIZING
2026.07.22 23:17:00;EURUSDm;1.14092;0.247581;1.754386;1.074614;0.724913;0.843783;1.000000;0.249211;6.861221;95.944422;1.163979;0.107689;-108.971802;-0.409696;0.398985;ORGANIZING
2026.07.22 23:18:00;EURUSDm;1.14097;0.196766;2.173913;0.988645;0.780487;0.828353;1.000000;0.241049;6.848675;96.004147;1.061328;0.105252;-109.147084;-0.412898;0.398218;ORGANIZING
2026.07.22 23:19:00;EURUSDm;1.14098;0.273886;0.431034;0.909553;0.746448;0.810648;0.988523;0.232951;6.834451;96.063743;1.086007;0.103745;-109.224794;-0.412233;0.398377;ORGANIZING
2026.07.22 23:20:00;EURUSDm;1.14098;0.300022;0.001000;0.836789;0.692962;0.791118;0.962113;0.224942;6.818697;96.123037;1.141647;0.102257;-109.275369;-0.410638;0.398759;ORGANIZING
2026.07.22 23:21:00;EURUSDm;1.14096;0.606652;0.869565;1.291778;0.685970;0.792936;0.966747;0.236444;6.796328;96.182001;1.155933;0.102729;-108.848803;-0.410186;0.398868;ORGANIZING
2026.07.22 23:22:00;EURUSDm;1.14097;0.600843;0.434783;1.742410;0.657552;0.812528;0.956404;0.247154;6.767594;96.240002;1.235687;0.105904;-108.372111;-0.407634;0.399480;ORGANIZING
2026.07.22 23:23:00;EURUSDm;1.14094;0.631921;1.293103;2.216351;0.673079;0.848376;0.976838;0.258493;6.735062;96.297116;1.260440;0.110658;-107.892578;-0.406654;0.399715;ORGANIZING
2026.07.22 23:24:00;EURUSDm;1.14094;0.519253;0.001000;2.605790;0.622508;0.895743;0.951731;0.265040;6.708255;96.352509;1.438927;0.117926;-107.420075;-0.400936;0.401088;ORGANIZING
2026.07.22 23:25:00;EURUSDm;1.14094;0.623694;0.001000;3.073561;0.573517;0.955849;0.927732;0.275177;6.687796;96.406005;1.666644;0.126829;-106.876057;-0.393659;0.402837;ORGANIZING
2026.07.22 23:26:00;EURUSDm;1.14094;0.606824;0.001000;3.528679;0.525774;1.000000;0.904928;0.284174;6.673402;96.457997;1.901956;0.133630;-106.370244;-0.386260;0.404618;ORGANIZING
2026.07.22 23:27:00;EURUSDm;1.14093;0.616474;0.454545;3.991034;0.502213;1.000000;0.899110;0.293083;6.665003;96.509669;1.991187;0.134043;-105.937019;-0.383562;0.405268;ORGANIZING
2026.07.22 23:28:00;EURUSDm;1.14099;0.340734;2.631579;3.671751;0.588681;1.000000;0.970005;0.294393;6.654648;96.562102;1.698712;0.132666;-106.377114;-0.392405;0.403138;ORGANIZING
2026.07.22 23:29:00;EURUSDm;1.14098;0.387013;0.442478;3.378011;0.561371;1.000000;0.961845;0.294360;6.642508;96.614141;1.781353;0.133365;-106.671237;-0.389891;0.403743;ORGANIZING
2026.07.22 23:30:00;EURUSDm;1.14097;0.274135;0.454545;3.107770;0.536030;1.000000;0.954392;0.293154;6.628738;96.665789;1.865568;0.134086;-106.937832;-0.387329;0.404361;ORGANIZING
2026.07.22 23:31:00;EURUSDm;1.14097;0.363604;0.001000;2.859149;0.489278;1.000000;0.931284;0.290928;6.613481;96.716816;2.043826;0.135251;-107.155763;-0.381923;0.405663;ORGANIZING
2026.07.22 23:32:00;EURUSDm;1.14097;0.387253;0.001000;2.630417;0.444864;1.000000;0.908906;0.287818;6.596869;96.767234;2.247876;0.136434;-107.351056;-0.375742;0.407154;ORGANIZING
2026.07.22 23:33:00;EURUSDm;1.14102;0.559767;2.380952;3.050242;0.521669;1.000000;0.970502;0.294418;6.585327;96.818304;1.916925;0.135109;-107.049221;-0.385737;0.404744;ORGANIZING
2026.07.22 23:34:00;EURUSDm;1.14102;0.319885;0.001000;2.806223;0.475635;1.000000;0.946874;0.291898;6.572127;96.868781;2.102451;0.136246;-107.266245;-0.380114;0.406099;ORGANIZING
2026.07.22 23:35:00;EURUSDm;1.14101;0.264667;0.480769;2.581725;0.455892;1.000000;0.940776;0.288528;6.552387;96.918864;2.193501;0.137046;-107.474863;-0.377343;0.406768;ORGANIZING
2026.07.22 23:36:00;EURUSDm;1.14102;0.260557;0.480769;2.375187;0.437136;1.000000;0.934775;0.284429;6.531697;96.968552;2.287618;0.137869;-107.662752;-0.374478;0.407459;ORGANIZING
2026.07.22 23:37:00;EURUSDm;1.14101;0.431869;0.480769;2.185172;0.419318;1.000000;0.928840;0.279708;6.510144;97.017847;2.384827;0.138712;-107.831696;-0.371520;0.408174;ORGANIZING
2026.07.22 23:38:00;EURUSDm;1.14100;0.463304;0.485437;2.010358;0.402624;1.000000;0.923110;0.274463;6.487810;97.066751;2.483709;0.139569;-107.983564;-0.368510;0.408901;ORGANIZING
2026.07.22 23:39:00;EURUSDm;1.14096;0.414398;1.923077;1.849529;0.458646;1.000000;0.967715;0.268782;6.464771;97.115985;2.180330;0.139040;-108.192207;-0.377638;0.406697;ORGANIZING
2026.07.22 23:40:00;EURUSDm;1.14096;0.359182;0.001000;1.701567;0.415764;1.000000;0.943288;0.262741;6.441095;97.164554;2.405211;0.140457;-108.286422;-0.370821;0.408343;ORGANIZING
2026.07.22 23:41:00;EURUSDm;1.14094;0.369736;0.990099;1.565442;0.424481;1.000000;0.954122;0.256410;6.411626;97.212915;2.355820;0.140994;-108.408026;-0.372276;0.407991;ORGANIZING
2026.07.22 23:42:00;EURUSDm;1.14095;0.379458;0.505051;1.440206;0.408509;0.997336;0.947379;0.249851;6.382590;97.260879;2.441405;0.141648;-108.496728;-0.369675;0.408619;ORGANIZING
2026.07.22 23:43:00;EURUSDm;1.14101;0.372535;2.912621;1.324990;0.513768;0.989867;1.000000;0.243119;6.359590;97.309816;1.926680;0.139095;-108.714147;-0.385245;0.404863;ORGANIZING
2026.07.22 23:44:00;EURUSDm;1.14104;0.440953;1.500000;1.218991;0.543282;0.978447;1.000000;0.236263;6.341661;97.359096;1.800991;0.137399;-108.860789;-0.389100;0.403934;ORGANIZING
2026.07.22 23:45:00;EURUSDm;1.14109;0.246046;2.380952;1.121471;0.615597;0.963380;1.000000;0.229326;6.329473;97.409279;1.564953;0.134280;-109.057623;-0.396337;0.402193;ORGANIZING
2026.07.22 23:46:00;EURUSDm;1.14106;0.459355;1.428571;1.031754;0.636978;0.945345;1.000000;0.222346;6.322795;97.459970;1.484109;0.131625;-109.210131;-0.398896;0.401578;ORGANIZING
2026.07.22 23:47:00;EURUSDm;1.14108;0.303297;0.943396;0.949213;0.633392;0.924864;1.000000;0.215356;6.321599;97.511023;1.460177;0.128985;-109.344246;-0.399745;0.401373;ORGANIZING
2026.07.22 23:48:00;EURUSDm;1.14109;0.640810;0.467290;1.429821;0.606590;0.926390;0.988893;0.228618;6.312411;97.561685;1.527211;0.129608;-108.894121;-0.397703;0.401864;ORGANIZING
2026.07.22 23:49:00;EURUSDm;1.14107;0.638876;0.970874;1.908978;0.606276;0.946125;0.996264;0.241145;6.295539;97.611781;1.560551;0.132456;-108.436321;-0.396561;0.402139;ORGANIZING
2026.07.22 23:50:00;EURUSDm;1.14106;0.700901;0.495050;2.434654;0.581792;0.983457;0.987161;0.255372;6.270792;97.660637;1.690393;0.138360;-107.876646;-0.392370;0.403147;ORGANIZING
2026.07.22 23:51:00;EURUSDm;1.14104;0.723143;1.020408;2.977011;0.584054;1.000000;0.997263;0.269721;6.240617;97.708884;1.712171;0.140956;-107.336602;-0.391587;0.403335;ORGANIZING
2026.07.22 23:52:00;EURUSDm;1.14102;0.773352;1.010101;3.557026;0.585356;1.000000;1.000000;0.285236;6.218680;97.756924;1.708361;0.141058;-106.793086;-0.391696;0.403309;ORGANIZING
2026.07.22 23:53:00;EURUSDm;1.14102;0.793986;0.001000;4.152516;0.536138;1.000000;0.975018;0.300748;6.198609;97.804272;1.865190;0.142136;-106.186610;-0.386937;0.404455;ORGANIZING
2026.07.22 23:54:00;EURUSDm;1.14102;0.780986;0.001000;4.738255;0.489381;1.000000;0.951454;0.314998;6.186937;97.851035;2.043396;0.143035;-105.606030;-0.381546;0.405754;ORGANIZING
2026.07.22 23:55:00;EURUSDm;1.14105;0.802606;1.546392;5.340210;0.522232;1.000000;0.983302;0.329346;6.183587;97.898093;1.914858;0.142143;-105.105981;-0.385447;0.404814;ORGANIZING
2026.07.22 23:56:00;EURUSDm;1.14109;0.864106;2.000000;5.988289;0.576120;1.000000;1.000000;0.345282;6.188800;97.945742;1.735748;0.140643;-104.601738;-0.390895;0.403502;ORGANIZING
2026.07.22 23:57:00;EURUSDm;1.14109;0.882179;0.001000;6.649923;0.527364;1.000000;0.977120;0.361100;6.202503;97.993041;1.896222;0.141024;-103.997689;-0.386062;0.404666;ORGANIZING
2026.07.22 23:58:00;EURUSDm;1.14110;0.889176;0.510204;7.316805;0.506506;1.000000;0.973416;0.376389;6.224555;98.040352;1.974309;0.140697;-103.431942;-0.383736;0.405226;ORGANIZING
2026.07.22 23:59:00;EURUSDm;1.14108;0.779136;1.000000;7.901157;0.511181;1.000000;0.987520;0.386787;6.253949;98.088003;1.956254;0.139823;-102.979499;-0.384321;0.405085;ORGANIZING
2026.07.23 00:00:00;EURUSDm;1.14122;0.246786;6.363636;7.269064;0.783804;1.000000;1.000000;0.399052;6.278354;98.138624;1.275829;0.134027;-104.008177;-0.405024;0.400106;ORGANIZING
2026.07.23 00:01:00;EURUSDm;1.14126;0.201890;1.801802;6.687539;0.814704;1.000000;1.000000;0.408176;6.298183;98.189753;1.227440;0.132960;-104.729636;-0.406529;0.399745;ORGANIZING
2026.07.23 00:02:00;EURUSDm;1.14127;0.239485;0.450450;6.152536;0.776491;1.000000;0.995052;0.414517;6.313816;98.240656;1.287845;0.133248;-105.321278;-0.404702;0.400183;ORGANIZING
2026.07.23 00:03:00;EURUSDm;1.14126;0.450010;0.480769;5.660333;0.741705;1.000000;0.991560;0.418402;6.325600;98.291329;1.348245;0.133588;-105.860705;-0.402873;0.400622;ORGANIZING
2026.07.23 00:04:00;EURUSDm;1.14128;0.551102;0.970874;6.073660;0.733163;1.000000;1.000000;0.418148;6.342519;98.342086;1.363952;0.133443;-105.522923;-0.402409;0.400734;ORGANIZING
2026.07.23 00:05:00;EURUSDm;1.14126;0.849735;0.970874;6.710961;0.725049;1.000000;1.000000;0.429106;6.366701;98.393004;1.379217;0.132964;-104.998705;-0.401975;0.400838;ORGANIZING
2026.07.23 00:06:00;EURUSDm;1.14129;0.544087;1.428571;7.119026;0.740225;1.000000;1.000000;0.428054;6.395740;98.444363;1.350941;0.132205;-104.713150;-0.402862;0.400625;ORGANIZING
2026.07.23 00:07:00;EURUSDm;1.14124;0.899023;2.358491;7.793294;0.801138;1.000000;1.000000;0.440364;6.432202;98.496697;1.248224;0.130315;-104.249675;-0.406038;0.399863;ORGANIZING
2026.07.23 00:08:00;EURUSDm;1.14128;0.788194;1.904762;8.384439;0.836320;1.000000;1.000000;0.447903;6.469587;98.549756;1.195715;0.128969;-103.836618;-0.407680;0.399469;ORGANIZING
2026.07.23 00:09:00;EURUSDm;1.14122;0.946295;2.727273;9.094161;0.910867;1.000000;1.000000;0.460994;6.509091;98.603956;1.097855;0.126888;-103.360833;-0.410720;0.398740;ORGANIZING
2026.07.23 00:10:00;EURUSDm;1.14116;0.993972;2.586207;9.839640;0.974634;1.000000;1.000000;0.475219;6.550596;98.659208;1.026026;0.124993;-102.845830;-0.412970;0.398200;ORGANIZING
2026.07.23 00:11:00;EURUSDm;1.14119;0.904011;1.282051;10.517648;0.970005;1.000000;1.000000;0.485358;6.593249;98.714840;1.030923;0.124245;-102.324412;-0.412860;0.398227;ORGANIZING
2026.07.23 00:12:00;EURUSDm;1.14115;0.951942;1.666667;11.231605;0.984838;1.000000;1.000000;0.496788;6.637029;98.771059;1.015395;0.123173;-101.791926;-0.413379;0.398102;ORGANIZING
2026.07.23 00:13:00;EURUSDm;1.14108;0.986750;2.822581;11.971668;1.000000;1.000000;1.000000;0.508952;6.682035;98.827879;1.000000;0.122085;-101.238185;-0.413896;0.397978;ORGANIZING
2026.07.23 00:14:00;EURUSDm;1.14109;0.982510;0.400000;12.708550;0.950000;1.000000;0.996813;0.520348;6.728328;98.884663;1.052632;0.121971;-100.623464;-0.412323;0.398355;ORGANIZING
2026.07.23 00:15:00;EURUSDm;1.14108;0.975968;0.396825;13.440527;0.902341;1.000000;0.994026;0.530930;6.775689;98.941443;1.108228;0.121818;-100.016496;-0.410662;0.398753;ORGANIZING
2026.07.23 00:16:00;EURUSDm;1.14108;0.969903;0.001000;14.167954;0.837274;1.000000;0.977853;0.540755;6.823608;98.998052;1.194352;0.121927;-99.396096;-0.408073;0.399374;ORGANIZING
2026.07.23 00:17:00;EURUSDm;1.14110;0.966738;0.787402;14.893008;0.814781;1.000000;0.990113;0.549969;6.871920;99.054919;1.227324;0.121408;-98.820471;-0.407110;0.399605;ORGANIZING
2026.07.23 00:18:00;EURUSDm;1.14107;0.959392;1.209677;15.612552;0.814525;1.000000;1.000000;0.558448;6.920518;99.112269;1.227709;0.120576;-98.272176;-0.407140;0.399598;ORGANIZING
2026.07.23 00:19:00;EURUSDm;1.14109;0.948629;0.800000;16.324024;0.793799;1.000000;1.000000;0.566099;6.970144;99.169909;1.259765;0.120047;-97.712171;-0.406205;0.399823;ORGANIZING
2026.07.23 00:20:00;EURUSDm;1.14113;0.916729;1.562500;17.011571;0.812234;1.000000;1.000000;0.572172;7.032719;99.228358;1.231172;0.118805;-97.238802;-0.407125;0.399602;ORGANIZING
2026.07.23 00:21:00;EURUSDm;1.14113;0.764149;0.001000;17.584683;0.751672;1.000000;0.985061;0.572219;7.106527;99.286940;1.330367;0.118618;-96.811420;-0.404158;0.400314;ORGANIZING
2026.07.23 00:22:00;EURUSDm;1.14129;0.879835;5.555556;18.244559;0.971867;1.000000;1.000000;0.576602;7.191914;99.348578;1.028948;0.114411;-96.612917;-0.413411;0.398095;ORGANIZING
2026.07.23 00:23:00;EURUSDm;1.14119;0.875028;3.355705;18.900830;1.000000;1.000000;1.000000;0.580585;7.288360;99.411462;1.000000;0.112753;-96.248521;-0.414362;0.397867;ORGANIZING
2026.07.23 00:24:00;EURUSDm;1.14130;0.859162;3.437500;19.545202;1.000000;1.000000;1.000000;0.583774;7.386633;99.475328;1.000000;0.111478;-95.870942;-0.414426;0.397851;ORGANIZING
2026.07.23 00:25:00;EURUSDm;1.14134;0.859761;1.226994;20.190023;0.991350;1.000000;1.000000;0.586827;7.484491;99.540086;1.008726;0.110343;-95.484048;-0.414221;0.397900;ORGANIZING
2026.07.23 00:26:00;EURUSDm;1.14132;0.861964;0.609756;20.836496;0.952270;1.000000;1.000000;0.589809;7.584243;99.605451;1.050122;0.109573;-95.069330;-0.413018;0.398189;ORGANIZING
2026.07.23 00:27:00;EURUSDm;1.14126;0.857617;1.775148;21.479708;0.973414;1.000000;1.000000;0.592479;7.683186;99.672017;1.027312;0.108119;-94.717053;-0.413775;0.398007;ORGANIZING
2026.07.23 00:28:00;EURUSDm;1.14123;0.854915;0.877193;22.120895;0.948603;1.000000;1.000000;0.594915;7.782134;99.739325;1.054182;0.107231;-94.321131;-0.413013;0.398190;ORGANIZING
2026.07.23 00:29:00;EURUSDm;1.14117;0.849153;1.734104;22.757759;0.967878;1.000000;1.000000;0.597012;7.879860;99.807802;1.033188;0.105879;-93.971665;-0.413710;0.398023;ORGANIZING
2026.07.23 00:30:00;EURUSDm;1.14123;0.844992;1.675978;23.391503;0.983283;1.000000;1.000000;0.598849;7.975979;99.877395;1.017001;0.104623;-93.618830;-0.414259;0.397891;ORGANIZING
2026.07.23 00:31:00;EURUSDm;1.14119;0.852231;1.104972;24.030676;0.969367;1.000000;1.000000;0.600865;8.071229;99.947801;1.031601;0.103719;-93.230681;-0.413866;0.397985;ORGANIZING
2026.07.23 00:32:00;EURUSDm;1.14121;0.846366;0.549451;24.665451;0.928372;1.000000;1.000000;0.602560;8.165212;100.018737;1.077155;0.103134;-92.817202;-0.412529;0.398306;ORGANIZING
2026.07.23 00:33:00;EURUSDm;1.14122;0.658232;0.282486;25.159125;0.876077;1.000000;0.995977;0.597116;8.256260;100.090060;1.141452;0.102781;-92.513765;-0.410617;0.398764;ORGANIZING
2026.07.23 00:34:00;EURUSDm;1.14119;0.851603;0.847458;25.797827;0.854646;1.000000;1.000000;0.599195;8.345872;100.162065;1.170075;0.102044;-92.109018;-0.409796;0.398961;ORGANIZING
2026.07.23 00:35:00;EURUSDm;1.14126;0.535535;1.955307;26.199478;0.889679;1.000000;1.000000;0.589318;8.431732;100.235279;1.124000;0.100901;-91.967580;-0.411235;0.398616;ORGANIZING
2026.07.23 00:36:00;EURUSDm;1.14128;0.472308;0.561798;24.103520;0.853285;1.000000;1.000000;0.664650;8.488929;100.308701;1.171941;0.099931;-94.365625;-0.409845;0.398949;ORGANIZING
2026.07.23 00:37:00;EURUSDm;1.14127;0.539879;0.282486;24.508429;0.804745;1.000000;0.998150;0.651663;8.542638;100.382175;1.242629;0.100010;-94.067094;-0.407721;0.399459;ORGANIZING
2026.07.23 00:38:00;EURUSDm;1.14126;0.471119;0.282486;22.547755;0.758632;1.000000;0.995910;0.717114;8.569277;100.455454;1.318162;0.099552;-96.239114;-0.405478;0.399997;ORGANIZING
2026.07.23 00:39:00;EURUSDm;1.14125;0.573269;0.284091;22.977707;0.714905;1.000000;0.996095;0.702756;8.592968;100.528533;1.398787;0.099894;-95.857178;-0.403042;0.400582;ORGANIZING
2026.07.23 00:40:00;EURUSDm;1.14123;0.848473;0.564972;23.614062;0.687409;1.000000;1.000000;0.699436;8.616028;100.601567;1.454739;0.099971;-95.305841;-0.401359;0.400986;ORGANIZING
2026.07.23 00:41:00;EURUSDm;1.14129;0.572290;1.657459;24.043279;0.715911;1.000000;1.000000;0.685925;8.637534;100.675102;1.396822;0.099608;-94.994651;-0.403115;0.400564;ORGANIZING
2026.07.23 00:42:00;EURUSDm;1.14129;0.822751;0.001000;24.660342;0.660166;1.000000;0.989042;0.682482;8.658504;100.748289;1.514772;0.099988;-94.430083;-0.399557;0.401419;ORGANIZING
2026.07.23 00:43:00;EURUSDm;1.14130;0.739002;0.277778;25.214594;0.621046;1.000000;0.988035;0.676070;8.678349;100.821283;1.610186;0.100246;-93.936573;-0.396682;0.402110;ORGANIZING
2026.07.23 00:44:00;EURUSDm;1.14131;0.756290;0.276243;25.781811;0.583806;1.000000;0.986785;0.670627;8.697323;100.894094;1.712898;0.100485;-93.431990;-0.393589;0.402854;ORGANIZING
2026.07.23 00:45:00;EURUSDm;1.14136;0.752224;1.366120;26.345979;0.602922;1.000000;1.000000;0.665304;8.715396;100.967277;1.658590;0.100164;-92.985621;-0.395234;0.402458;ORGANIZING
2026.07.23 00:46:00;EURUSDm;1.14131;0.774898;1.358696;26.927153;0.620710;1.000000;1.000000;0.661098;8.732726;101.040811;1.611057;0.099855;-92.522016;-0.396676;0.402111;ORGANIZING
2026.07.23 00:47:00;EURUSDm;1.14130;0.759802;0.270270;27.497004;0.583188;1.000000;0.997598;0.656536;8.749235;101.114136;1.714712;0.100111;-92.011861;-0.393553;0.402862;ORGANIZING
2026.07.23 00:48:00;EURUSDm;1.14125;0.769063;1.322751;28.073801;0.600167;1.000000;1.000000;0.652549;8.765018;101.187787;1.666204;0.099823;-91.549286;-0.395023;0.402509;ORGANIZING
2026.07.23 00:49:00;EURUSDm;1.14121;0.762581;1.047120;28.645737;0.602514;1.000000;1.000000;0.648518;8.780073;101.261613;1.659712;0.099690;-91.075572;-0.395224;0.402460;ORGANIZING
2026.07.23 00:50:00;EURUSDm;1.14118;0.760581;0.833333;29.216172;0.594055;1.000000;1.000000;0.644614;8.794419;101.335498;1.683345;0.099670;-90.591447;-0.394516;0.402631;ORGANIZING
2026.07.23 00:51:00;EURUSDm;1.14123;0.760890;1.381215;29.786840;0.613413;1.000000;1.000000;0.640917;8.808009;101.409712;1.630223;0.099380;-90.134135;-0.396124;0.402244;ORGANIZING
2026.07.23 00:52:00;EURUSDm;1.14119;0.758900;1.086957;30.356015;0.617090;1.000000;1.000000;0.637330;8.820874;101.484092;1.620508;0.099253;-89.661574;-0.396422;0.402172;ORGANIZING
2026.07.23 00:53:00;EURUSDm;1.14119;0.759433;0.001000;30.925590;0.566286;1.000000;0.987342;0.633942;8.834434;101.558099;1.765893;0.099655;-89.135547;-0.392040;0.403226;ORGANIZING
2026.07.23 00:54:00;EURUSDm;1.14136;0.470916;4.292929;28.451543;0.732618;1.000000;1.000000;0.725947;8.816799;101.633593;1.364968;0.097320;-92.000161;-0.404185;0.400307;ORGANIZING
2026.07.23 00:55:00;EURUSDm;1.14143;0.484851;1.724138;26.175420;0.762194;1.000000;1.000000;0.803456;8.772956;101.708945;1.312002;0.096725;-94.448543;-0.405804;0.399919;ORGANIZING
2026.07.23 00:56:00;EURUSDm;1.14139;0.782158;0.980392;26.762038;0.753104;1.000000;1.000000;0.792614;8.755676;101.784033;1.327838;0.097074;-93.871679;-0.405311;0.400037;ORGANIZING
2026.07.23 00:57:00;EURUSDm;1.14143;0.554840;0.985222;27.178168;0.744710;1.000000;1.000000;0.773790;8.738595;101.858866;1.342805;0.097493;-93.450178;-0.404841;0.400150;ORGANIZING
2026.07.23 00:58:00;EURUSDm;1.14158;0.272577;3.504673;25.003915;0.862708;1.000000;1.000000;0.843813;8.719464;101.934687;1.159141;0.095914;-95.920035;-0.410430;0.398809;ORGANIZING
2026.07.23 00:59:00;EURUSDm;1.14168;0.212519;2.293578;23.003602;0.914251;1.000000;1.000000;0.901638;8.676126;102.010591;1.093791;0.095311;-98.076768;-0.412421;0.398332;ORGANIZING
2026.07.23 01:00:00;EURUSDm;1.14186;0.168391;3.913043;21.163313;1.000000;1.000000;1.000000;0.948571;8.657253;102.087164;1.000000;0.094288;-100.135496;-0.415286;0.397645;ORGANIZING
2026.07.23 01:01:00;EURUSDm;1.14191;0.186847;1.077586;19.470248;0.983879;1.000000;1.000000;0.985795;8.659697;102.163599;1.016385;0.094079;-101.968214;-0.414805;0.397761;ORGANIZING
2026.07.23 01:02:00;EURUSDm;1.14186;0.213013;1.072961;17.912629;0.968333;1.000000;1.000000;1.014386;8.683875;102.240122;1.032702;0.093751;-103.692350;-0.414331;0.397874;ORGANIZING
2026.07.23 01:03:00;EURUSDm;1.14178;0.264411;1.709402;16.479618;0.985387;1.000000;1.000000;1.035318;8.727806;102.317253;1.014830;0.093036;-105.349269;-0.414903;0.397737;ORGANIZING
2026.07.23 01:04:00;EURUSDm;1.14171;0.327788;1.458333;15.161249;0.989034;1.000000;1.000000;1.049470;8.790372;102.395047;1.011087;0.092346;-106.902518;-0.415050;0.397702;ORGANIZING
2026.07.23 01:05:00;EURUSDm;1.14180;0.298478;1.814516;13.948349;1.000000;1.000000;1.000000;1.057642;8.870397;102.473751;1.000000;0.091508;-108.381479;-0.415425;0.397612;ORGANIZING
2026.07.23 01:06:00;EURUSDm;1.14166;0.375292;2.671756;12.832481;1.000000;1.000000;1.000000;1.060553;8.966991;102.553421;1.000000;0.090682;-109.776029;-0.415466;0.397602;ORGANIZING
2026.07.23 01:07:00;EURUSDm;1.14181;0.256198;2.727273;11.805883;1.000000;1.000000;1.000000;1.058855;9.079068;102.634212;1.000000;0.089783;-111.104175;-0.415511;0.397591;ORGANIZING
2026.07.23 01:08:00;EURUSDm;1.14176;0.254458;0.902527;10.861412;0.975126;1.000000;1.000000;1.053136;9.205796;102.716021;1.025508;0.089015;-112.347600;-0.414784;0.397766;ORGANIZING
2026.07.23 01:09:00;EURUSDm;1.14180;0.223107;0.716846;9.992499;0.942212;1.000000;1.000000;1.043925;9.346300;102.798906;1.061332;0.088242;-113.529069;-0.413748;0.398014;ORGANIZING
2026.07.23 01:10:00;EURUSDm;1.14169;0.261852;1.923077;9.193099;0.971256;1.000000;1.000000;1.031699;9.499799;102.883617;1.029595;0.086936;-114.724768;-0.414765;0.397770;ORGANIZING
2026.07.23 01:11:00;EURUSDm;1.14176;0.251147;1.194539;8.457651;0.962420;1.000000;1.000000;1.016886;9.665592;102.969897;1.039048;0.085875;-115.839621;-0.414535;0.397825;ORGANIZING
2026.07.23 01:12:00;EURUSDm;1.14181;0.219421;0.886525;7.781039;0.938625;1.000000;1.000000;0.999872;9.843014;103.057713;1.065388;0.084879;-116.901071;-0.413794;0.398003;ORGANIZING
2026.07.23 01:13:00;EURUSDm;1.14176;0.235865;0.902527;7.158556;0.916820;1.000000;1.000000;0.981003;10.031469;103.147196;1.090727;0.083827;-117.930404;-0.413087;0.398172;ORGANIZING
2026.07.23 01:14:00;EURUSDm;1.14169;0.392637;1.282051;6.585871;0.915082;1.000000;1.000000;0.960587;10.199968;103.238347;1.092799;0.082811;-118.888668;-0.413075;0.398175;ORGANIZING
2026.07.23 01:15:00;EURUSDm;1.14170;0.498706;0.185185;6.059002;0.858587;1.000000;1.000000;0.938901;10.350133;103.330434;1.164705;0.082321;-119.708087;-0.410943;0.398686;ORGANIZING
2026.07.23 01:16:00;EURUSDm;1.14172;0.390557;0.370370;5.574282;0.814176;1.000000;1.000000;0.916192;10.510259;103.423678;1.228236;0.081695;-120.516476;-0.409068;0.399136;ORGANIZING
2026.07.23 01:17:00;EURUSDm;1.14172;0.452953;0.001000;5.128339;0.753517;1.000000;0.997102;0.892680;10.678206;103.517996;1.327110;0.081140;-121.284946;-0.406130;0.399841;ORGANIZING
2026.07.23 01:18:00;EURUSDm;1.14173;0.842203;0.190840;5.759991;0.705383;1.000000;1.000000;0.879628;10.817255;103.613222;1.417669;0.080630;-120.952380;-0.403438;0.400487;ORGANIZING
2026.07.23 01:19:00;EURUSDm;1.14169;0.963909;0.769231;6.482923;0.688576;1.000000;1.000000;0.871793;10.928375;103.709391;1.452273;0.080072;-120.515382;-0.402428;0.400729;ORGANIZING
2026.07.23 01:20:00;EURUSDm;1.14167;0.597319;0.390625;6.930912;0.653678;1.000000;1.000000;0.850603;11.016057;103.806089;1.529805;0.079870;-120.262176;-0.400112;0.401285;ORGANIZING
2026.07.23 01:21:00;EURUSDm;1.14170;0.470483;0.588235;6.376439;0.630406;1.000000;1.000000;0.835797;11.091915;103.903312;1.586279;0.079630;-121.012703;-0.398430;0.401690;ORGANIZING
2026.07.23 01:22:00;EURUSDm;1.14176;0.884375;1.158301;7.039720;0.636801;1.000000;1.000000;0.827171;11.145185;104.001132;1.570350;0.079307;-120.542924;-0.398924;0.401571;ORGANIZING
2026.07.23 01:23:00;EURUSDm;1.14179;0.848302;0.574713;7.675946;0.613696;1.000000;1.000000;0.817624;11.177495;104.099044;1.629470;0.079310;-120.027032;-0.397150;0.401997;ORGANIZING
2026.07.23 01:24:00;EURUSDm;1.14172;0.848509;1.320755;8.312328;0.629049;1.000000;1.000000;0.808562;11.190097;104.197235;1.589701;0.079191;-119.511274;-0.398349;0.401709;ORGANIZING
2026.07.23 01:25:00;EURUSDm;1.14171;0.825160;0.193050;8.931199;0.587249;1.000000;1.000000;0.799077;11.184318;104.294951;1.702854;0.079550;-118.917792;-0.394937;0.402529;ORGANIZING
2026.07.23 01:26:00;EURUSDm;1.14176;0.815093;0.954198;9.542518;0.585597;1.000000;1.000000;0.789689;11.161296;104.392420;1.707660;0.079767;-118.337469;-0.394782;0.402567;ORGANIZING
2026.07.23 01:27:00;EURUSDm;1.14176;0.798285;0.001000;10.141232;0.536367;1.000000;0.992674;0.780140;11.122136;104.489005;1.864395;0.080395;-117.688693;-0.390048;0.403706;ORGANIZING
2026.07.23 01:28:00;EURUSDm;1.14172;0.789815;0.757576;10.733593;0.527427;1.000000;1.000000;0.770751;11.067804;104.584957;1.895996;0.080867;-117.055902;-0.389077;0.403940;ORGANIZING
2026.07.23 01:29:00;EURUSDm;1.14171;0.781389;0.189394;11.319635;0.490526;1.000000;0.998605;0.761516;11.025736;104.680120;2.038629;0.081448;-116.425515;-0.384769;0.404977;ORGANIZING
2026.07.23 01:30:00;EURUSDm;1.14170;0.834384;0.190114;11.945423;0.455505;1.000000;0.996961;0.754730;10.998131;104.774656;2.195365;0.081911;-115.790458;-0.380044;0.406116;ORGANIZING
2026.07.23 01:31:00;EURUSDm;1.14172;0.859563;0.386100;12.590095;0.432035;1.000000;1.000000;0.749227;10.984464;104.868821;2.314628;0.082198;-115.178143;-0.376451;0.406983;ORGANIZING
2026.07.23 01:32:00;EURUSDm;1.14184;0.883075;2.214022;13.252401;0.501134;1.000000;1.000000;0.744881;10.984256;104.963675;1.995473;0.081764;-114.670681;-0.386048;0.404669;ORGANIZING
2026.07.23 01:33:00;EURUSDm;1.14191;0.664289;1.263538;13.750618;0.519254;1.000000;1.000000;0.732547;10.995255;105.058820;1.925838;0.081652;-114.283062;-0.388142;0.404165;ORGANIZING
2026.07.23 01:34:00;EURUSDm;1.14194;0.367936;0.537634;12.650569;0.500173;1.000000;1.000000;0.750923;11.000926;105.153831;1.999306;0.081619;-115.507133;-0.385940;0.404695;ORGANIZING
2026.07.23 01:35:00;EURUSDm;1.14197;0.332103;0.541516;11.638523;0.482241;1.000000;1.000000;0.763979;11.001716;105.248671;2.073654;0.081646;-116.623778;-0.383708;0.405233;ORGANIZING
2026.07.23 01:36:00;EURUSDm;1.14191;0.526651;1.079137;12.033512;0.492085;1.000000;1.000000;0.745529;11.011300;105.343705;2.032168;0.081640;-116.315937;-0.384953;0.404933;ORGANIZING
2026.07.23 01:37:00;EURUSDm;1.14182;0.924331;1.573427;12.726760;0.526152;1.000000;1.000000;0.742915;11.032228;105.439288;1.900590;0.081292;-115.788967;-0.388918;0.403978;ORGANIZING
2026.07.23 01:38:00;EURUSDm;1.14178;0.918467;0.701754;13.415610;0.514933;1.000000;1.000000;0.740212;11.053623;105.534974;1.942002;0.081243;-115.221966;-0.387678;0.404276;ORGANIZING
2026.07.23 01:39:00;EURUSDm;1.14173;0.922668;0.874126;14.107611;0.512892;1.000000;1.000000;0.737801;11.074602;105.630849;1.949727;0.081134;-114.660936;-0.387451;0.404331;ORGANIZING
2026.07.23 01:40:00;EURUSDm;1.14185;0.618110;2.033898;14.571194;0.568943;1.000000;1.000000;0.724090;11.095631;105.727495;1.757647;0.080719;-114.364687;-0.393235;0.402939;ORGANIZING
2026.07.23 01:41:00;EURUSDm;1.14191;0.525885;1.013514;14.965608;0.571171;1.000000;1.000000;0.707607;11.126045;105.824467;1.750789;0.080614;-114.097333;-0.393446;0.402888;ORGANIZING
2026.07.23 01:42:00;EURUSDm;1.14187;0.912540;0.675676;15.650013;0.556396;1.000000;1.000000;0.706447;11.156518;105.921596;1.797280;0.080519;-113.553908;-0.392056;0.403223;ORGANIZING
2026.07.23 01:43:00;EURUSDm;1.14181;0.942655;0.993377;16.357004;0.558245;1.000000;1.000000;0.706474;11.187546;106.019054;1.791327;0.080307;-113.008334;-0.392245;0.403177;ORGANIZING
2026.07.23 01:44:00;EURUSDm;1.14172;0.935190;1.530612;17.058396;0.586864;1.000000;1.000000;0.706220;11.219069;106.117113;1.703973;0.079922;-112.496157;-0.394885;0.402542;ORGANIZING
2026.07.23 01:45:00;EURUSDm;1.14173;0.934351;0.173611;17.759159;0.546201;1.000000;0.995794;0.705947;11.251253;106.215088;1.830828;0.079978;-111.916529;-0.391076;0.403458;ORGANIZING
2026.07.23 01:46:00;EURUSDm;1.14163;0.819615;1.700680;18.373870;0.583925;1.000000;1.000000;0.701385;11.283310;106.313760;1.712549;0.079563;-111.493205;-0.394645;0.402600;ORGANIZING
2026.07.23 01:47:00;EURUSDm;1.14161;0.738641;0.342466;18.927851;0.551852;1.000000;1.000000;0.694015;11.314760;106.412426;1.812080;0.079614;-111.053976;-0.391657;0.403318;ORGANIZING
2026.07.23 01:48:00;EURUSDm;1.14158;0.783489;0.535714;19.515468;0.531045;1.000000;1.000000;0.688695;11.346005;106.511197;1.883079;0.079581;-110.596173;-0.389529;0.403831;ORGANIZING
2026.07.23 01:49:00;EURUSDm;1.14164;0.936731;1.086957;20.218016;0.538841;1.000000;1.000000;0.689388;11.378258;106.610368;1.855836;0.079324;-110.066484;-0.390359;0.403631;ORGANIZING
2026.07.23 01:50:00;EURUSDm;1.14171;0.898455;1.320755;20.891858;0.557936;1.000000;1.000000;0.688610;11.410832;106.710055;1.792319;0.079005;-109.575018;-0.392280;0.403169;ORGANIZING
2026.07.23 01:51:00;EURUSDm;1.14165;0.877111;1.127820;21.549691;0.566431;1.000000;1.000000;0.687071;11.443373;106.810153;1.765441;0.078760;-109.087783;-0.393099;0.402972;ORGANIZING
2026.07.23 01:52:00;EURUSDm;1.14170;0.662618;0.939850;22.046655;0.565102;1.000000;1.000000;0.677566;11.474099;106.910545;1.769593;0.078636;-108.732322;-0.392980;0.403000;ORGANIZING
2026.07.23 01:53:00;EURUSDm;1.14165;0.328924;0.950570;20.282922;0.564375;1.000000;1.000000;0.731874;11.482052;107.011010;1.771872;0.078258;-110.720314;-0.392931;0.403012;ORGANIZING
2026.07.23 01:54:00;EURUSDm;1.14168;0.324022;0.579151;18.660289;0.545114;1.000000;1.000000;0.776412;11.484738;107.111308;1.834479;0.078087;-112.518435;-0.391061;0.403462;ORGANIZING
2026.07.23 01:55:00;EURUSDm;1.14165;0.262328;0.592885;17.167466;0.527502;1.000000;1.000000;0.812233;11.482604;107.211409;1.895726;0.077989;-114.161120;-0.389229;0.403903;ORGANIZING
2026.07.23 01:56:00;EURUSDm;1.14166;0.325816;0.208333;15.794068;0.491544;1.000000;1.000000;0.840291;11.462797;107.310953;2.034406;0.078158;-115.614604;-0.385060;0.404907;ORGANIZING
2026.07.23 01:57:00;EURUSDm;1.14162;0.405200;0.873362;14.530543;0.490635;1.000000;1.000000;0.861453;11.423521;107.410094;2.038176;0.078274;-116.940133;-0.384941;0.404936;ORGANIZING
2026.07.23 01:58:00;EURUSDm;1.14162;0.507816;0.001000;14.911405;0.446153;1.000000;0.995186;0.837423;11.381361;107.508369;2.241383;0.078958;-116.480686;-0.378811;0.406414;ORGANIZING
2026.07.23 01:59:00;EURUSDm;1.14159;0.572345;0.672646;15.340663;0.437478;1.000000;1.000000;0.817015;11.336785;107.606112;2.285831;0.079420;-116.010526;-0.377454;0.406741;ORGANIZING
2026.07.23 02:00:00;EURUSDm;1.14161;0.315735;0.467290;14.113410;0.418968;1.000000;1.000000;0.837527;11.284679;107.703148;2.386815;0.079737;-117.253118;-0.374409;0.407476;ORGANIZING
2026.07.23 02:01:00;EURUSDm;1.14169;0.342071;1.860465;12.984337;0.471043;1.000000;1.000000;0.852104;11.248068;107.800340;2.122948;0.079547;-118.487389;-0.382334;0.405564;ORGANIZING
2026.07.23 02:02:00;EURUSDm;1.14172;0.510166;0.704225;13.366962;0.462702;1.000000;1.000000;0.828630;11.214658;107.897113;2.161217;0.079962;-118.079430;-0.381165;0.405846;ORGANIZING
2026.07.23 02:03:00;EURUSDm;1.14170;0.689067;0.476190;13.883763;0.443377;1.000000;1.000000;0.813039;11.183317;107.993380;2.255419;0.080388;-117.545706;-0.378318;0.406533;ORGANIZING
2026.07.23 02:04:00;EURUSDm;1.14171;0.730141;0.245098;14.431368;0.413463;1.000000;1.000000;0.799767;11.153671;108.089051;2.418598;0.080861;-116.978022;-0.373399;0.407720;ORGANIZING
2026.07.23 02:05:00;EURUSDm;1.14173;0.733613;0.487805;14.981578;0.397180;1.000000;1.000000;0.787289;11.125678;108.184280;2.517751;0.081234;-116.425817;-0.370406;0.408443;ORGANIZING
2026.07.23 02:06:00;EURUSDm;1.14170;0.735467;0.728155;15.533178;0.393729;1.000000;1.000000;0.775505;11.098457;108.279202;2.539820;0.081515;-115.887676;-0.369730;0.408606;ORGANIZING
2026.07.23 02:07:00;EURUSDm;1.14173;0.610123;0.717703;15.990770;0.389927;1.000000;1.000000;0.759609;11.072335;108.373825;2.564580;0.081821;-115.436871;-0.368972;0.408790;ORGANIZING
2026.07.23 02:08:00;EURUSDm;1.14177;0.369141;0.943396;14.711509;0.397601;1.000000;1.000000;0.785592;11.065013;108.468451;2.515085;0.081645;-116.855753;-0.370465;0.408429;ORGANIZING
2026.07.23 02:09:00;EURUSDm;1.14177;0.538408;0.001000;15.115315;0.357771;1.000000;0.992531;0.766502;11.060715;108.562636;2.795086;0.082068;-116.459527;-0.362044;0.410465;ORGANIZING
2026.07.23 02:10:00;EURUSDm;1.14175;0.680670;0.480769;15.625817;0.343921;1.000000;1.000000;0.753703;11.058072;108.656655;2.907647;0.082266;-115.998308;-0.358657;0.411285;ORGANIZING
2026.07.23 02:11:00;EURUSDm;1.14173;0.685796;0.483092;16.140164;0.330879;1.000000;1.000000;0.741735;11.056877;108.750533;3.022251;0.082444;-115.538471;-0.355210;0.412120;ORGANIZING
2026.07.23 02:12:00;EURUSDm;1.14170;0.665055;0.735294;16.638956;0.331100;1.000000;1.000000;0.729588;11.055670;108.844401;3.020236;0.082533;-115.107059;-0.355266;0.412106;ORGANIZING
2026.07.23 02:13:00;EURUSDm;1.14180;0.424362;2.369668;15.307839;0.413028;1.000000;1.000000;0.759664;11.050142;108.939032;2.421141;0.081814;-116.663834;-0.373275;0.407750;ORGANIZING
2026.07.23 02:14:00;EURUSDm;1.14178;0.640266;0.485437;15.788039;0.396649;1.000000;1.000000;0.745691;11.023614;109.033235;2.521122;0.082197;-116.180455;-0.370257;0.408479;ORGANIZING
2026.07.23 02:15:00;EURUSDm;1.14178;0.499771;0.001000;14.524995;0.356866;1.000000;0.991134;0.771558;10.994920;109.126753;2.802169;0.082485;-117.491582;-0.361811;0.410521;ORGANIZING
2026.07.23 02:16:00;EURUSDm;1.14179;0.492763;0.248756;13.362996;0.331461;1.000000;0.992155;0.791080;10.964257;109.219710;3.016947;0.082735;-118.698849;-0.355355;0.412084;ORGANIZING
2026.07.23 02:17:00;EURUSDm;1.14175;0.472420;0.975610;12.293956;0.343668;1.000000;1.000000;0.804978;10.931801;109.312465;2.909782;0.082778;-119.835736;-0.358568;0.411306;ORGANIZING
2026.07.23 02:18:00;EURUSDm;1.14179;0.354414;0.975610;11.310440;0.355265;1.000000;1.000000;0.813905;10.913152;109.405149;2.814797;0.082766;-120.904089;-0.361418;0.410616;ORGANIZING
2026.07.23 02:19:00;EURUSDm;1.14181;0.267796;0.485437;10.405605;0.341774;1.000000;1.000000;0.818452;10.907937;109.497646;2.925910;0.082863;-121.886592;-0.358080;0.411425;ORGANIZING
2026.07.23 02:20:00;EURUSDm;1.14182;0.265195;0.242718;9.573156;0.316821;1.000000;1.000000;0.819152;10.898800;109.589802;3.156355;0.083093;-122.769370;-0.351155;0.413102;ORGANIZING
2026.07.23 02:21:00;EURUSDm;1.14184;0.353817;0.485437;8.807304;0.305252;1.000000;1.000000;0.816487;10.886076;109.681716;3.275982;0.083279;-123.584789;-0.347557;0.413975;ORGANIZING
2026.07.23 02:22:00;EURUSDm;1.14183;0.486611;0.256410;8.102719;0.282810;1.000000;1.000000;0.810892;10.884288;109.773387;3.535944;0.083486;-124.343836;-0.339747;0.415871;ORGANIZING
2026.07.23 02:23:00;EURUSDm;1.14195;0.229490;3.000000;7.454502;0.398669;1.000000;1.000000;0.802758;10.894159;109.866315;2.508344;0.082675;-125.204316;-0.370616;0.408392;ORGANIZING
2026.07.23 02:24:00;EURUSDm;1.14195;0.238764;0.001000;6.858142;0.358786;1.000000;0.993132;0.792438;10.915421;109.959057;2.787177;0.082873;-125.875418;-0.362241;0.410417;ORGANIZING
2026.07.23 02:25:00;EURUSDm;1.14195;0.253595;0.001000;6.309490;0.320897;1.000000;0.986142;0.780249;10.947564;110.051741;3.116268;0.082996;-126.518774;-0.352362;0.412810;ORGANIZING
2026.07.23 02:26:00;EURUSDm;1.14195;0.230290;0.001000;5.804731;0.284902;1.000000;0.978971;0.766474;10.990111;110.144492;3.509981;0.083046;-127.137833;-0.340548;0.415676;ORGANIZING
2026.07.23 02:27:00;EURUSDm;1.14191;0.292291;1.092896;5.340353;0.305302;1.000000;1.000000;0.751369;11.041665;110.237961;3.275450;0.082656;-127.788978;-0.347604;0.413964;ORGANIZING
2026.07.23 02:28:00;EURUSDm;1.14191;0.365582;0.001000;4.913124;0.270086;1.000000;0.991333;0.735162;11.084440;110.331507;3.702518;0.082715;-128.327673;-0.334789;0.417076;ORGANIZING
2026.07.23 02:29:00;EURUSDm;1.14198;0.265503;1.933702;4.520074;0.333267;1.000000;1.000000;0.718057;11.134970;110.426189;3.000595;0.082059;-128.945436;-0.355879;0.411957;ORGANIZING
2026.07.23 02:30:00;EURUSDm;1.14208;0.214056;2.793296;4.158469;0.436269;1.000000;1.000000;0.700234;11.193969;110.522491;2.292166;0.081100;-129.588698;-0.377180;0.406807;ORGANIZING
2026.07.23 02:31:00;EURUSDm;1.14213;0.201395;1.404494;3.825791;0.464680;1.000000;1.000000;0.681856;11.261143;110.619749;2.152019;0.080595;-130.144637;-0.381410;0.405787;ORGANIZING
2026.07.23 02:32:00;EURUSDm;1.14209;0.213568;1.123596;3.519728;0.477626;1.000000;1.000000;0.663067;11.336029;110.717886;2.093690;0.080149;-130.673976;-0.383182;0.405360;ORGANIZING
2026.07.23 02:33:00;EURUSDm;1.14225;0.209039;4.255319;3.238150;0.646510;1.000000;1.000000;0.643992;11.400046;110.818352;1.546766;0.078799;-131.314789;-0.399657;0.401395;ORGANIZING
2026.07.23 02:34:00;EURUSDm;1.14227;0.208755;0.552486;2.979098;0.621809;1.000000;1.000000;0.624745;11.471135;110.919281;1.608210;0.078631;-131.753754;-0.397822;0.401836;ORGANIZING
2026.07.23 02:35:00;EURUSDm;1.14230;0.208239;0.819672;2.740770;0.611702;1.000000;1.000000;0.605424;11.531622;111.020714;1.634782;0.078439;-132.165739;-0.397035;0.402025;ORGANIZING
2026.07.23 02:36:00;EURUSDm;1.14238;0.205807;2.209945;2.521508;0.671614;1.000000;1.000000;0.586116;11.582379;111.123254;1.488950;0.077881;-132.610350;-0.401437;0.400967;ORGANIZING
2026.07.23 02:37:00;EURUSDm;1.14238;0.206428;0.001000;2.319788;0.618084;1.000000;0.985549;0.566896;11.624208;111.225677;1.617904;0.078069;-132.906183;-0.397559;0.401899;ORGANIZING
2026.07.23 02:38:00;EURUSDm;1.14232;0.219952;1.648352;2.134205;0.649597;1.000000;1.000000;0.547831;11.657850;111.328752;1.539416;0.077789;-133.255505;-0.399928;0.401330;ORGANIZING
2026.07.23 02:39:00;EURUSDm;1.14237;0.214741;1.381215;1.963468;0.666178;1.000000;1.000000;0.528976;11.683982;111.432253;1.501100;0.077645;-133.560879;-0.401085;0.401052;ORGANIZING
2026.07.23 02:40:00;EURUSDm;1.14240;0.213926;0.847458;1.806391;0.655242;0.999568;1.000000;0.510381;11.703230;111.535847;1.525495;0.077673;-133.812351;-0.400351;0.401228;ORGANIZING
2026.07.23 02:41:00;EURUSDm;1.14246;0.211294;1.694915;1.661879;0.687234;0.993853;1.000000;0.492088;11.716168;111.640004;1.446163;0.077070;-134.088016;-0.402762;0.400649;ORGANIZING
2026.07.23 02:42:00;EURUSDm;1.14253;0.202604;1.955307;1.528929;0.730761;0.983421;1.000000;0.474131;11.723325;111.744876;1.345749;0.076068;-134.358198;-0.405824;0.399914;ORGANIZING
2026.07.23 02:43:00;EURUSDm;1.14249;0.224272;1.123596;1.406615;0.730734;0.969032;1.000000;0.456540;11.725187;111.850055;1.326108;0.075046;-134.568595;-0.406464;0.399760;ORGANIZING
2026.07.23 02:44:00;EURUSDm;1.14251;0.226145;0.564972;1.294086;0.703065;0.951335;1.000000;0.439339;11.722202;111.955281;1.353124;0.073950;-134.736008;-0.405709;0.399942;ORGANIZING
2026.07.23 02:45:00;EURUSDm;1.14251;0.227241;0.001000;1.190559;0.648935;0.930927;0.980412;0.422549;11.714780;112.060299;1.434544;0.072807;-134.862407;-0.403323;0.400514;ORGANIZING
2026.07.23 02:46:00;EURUSDm;1.14265;0.217328;3.743316;1.095314;0.785036;0.907381;1.000000;0.406184;11.703300;112.167035;1.155847;0.070370;-135.168343;-0.411806;0.398479;ORGANIZING
2026.07.23 02:47:00;EURUSDm;1.14258;0.223769;1.842105;1.007689;0.819742;0.881583;1.000000;0.390256;11.688110;112.274482;1.075440;0.068350;-135.361684;-0.414319;0.397877;ORGANIZING
2026.07.23 02:48:00;EURUSDm;1.14262;0.221968;1.030928;0.927074;0.812669;0.854098;1.000000;0.374774;11.669530;112.382222;1.050979;0.066431;-135.502327;-0.415149;0.397678;ORGANIZING
2026.07.23 02:49:00;EURUSDm;1.14258;0.236882;1.025641;0.852908;0.806236;0.825254;1.000000;0.359743;11.647854;112.490258;1.023589;0.064403;-135.633526;-0.416072;0.397457;ORGANIZING
2026.07.23 02:50:00;EURUSDm;1.14261;0.247041;0.765306;0.784675;0.787684;0.795409;1.000000;0.345168;11.623353;112.598460;1.009806;0.062355;-135.743102;-0.416588;0.397333;ORGANIZING
2026.07.23 02:51:00;EURUSDm;1.14261;0.256530;0.001000;0.721901;0.732442;0.765004;0.977116;0.331048;11.596275;112.706447;1.044457;0.060428;-135.806630;-0.415645;0.397559;ORGANIZING
2026.07.23 02:52:00;EURUSDm;1.14257;0.251704;1.058201;0.664149;0.733430;0.734000;0.991541;0.317383;11.566850;112.814770;1.000777;0.058172;-135.918516;-0.417068;0.397219;ORGANIZING
2026.07.23 02:53:00;EURUSDm;1.14260;0.288867;0.789474;0.611017;0.721552;0.702675;0.995577;0.304171;11.535287;112.923285;0.973838;0.055941;-136.010059;-0.417988;0.396998;ORGANIZING
2026.07.23 02:54:00;EURUSDm;1.14261;0.285068;0.263158;0.562136;0.684579;0.671341;0.980588;0.291406;11.501780;113.031721;0.980663;0.053803;-136.069195;-0.417890;0.397022;ORGANIZING
2026.07.23 02:55:00;EURUSDm;1.14261;0.294079;0.001000;0.517165;0.636973;0.640213;0.956502;0.279084;11.466507;113.139952;1.005087;0.051703;-136.110729;-0.417262;0.397172;ORGANIZING
2026.07.23 02:56:00;EURUSDm;1.14261;0.339319;0.001000;0.475792;0.592370;0.609416;0.932827;0.267199;11.429632;113.247984;1.028776;0.049590;-136.148807;-0.416657;0.397317;ORGANIZING
2026.07.23 02:57:00;EURUSDm;1.14267;0.286173;1.595745;0.437728;0.630351;0.578658;0.965381;0.255742;11.391304;113.356627;0.917994;0.047132;-136.264683;-0.420104;0.396492;ORGANIZING
2026.07.23 02:58:00;EURUSDm;1.14271;0.252271;1.063830;0.402710;0.640451;0.548208;0.977778;0.244706;11.351662;113.465584;0.855971;0.044800;-136.347854;-0.422081;0.396019;ORGANIZING
2026.07.23 02:59:00;EURUSDm;1.14270;0.282487;0.264550;0.370493;0.610692;0.518372;0.961379;0.234081;11.310834;113.574432;0.848827;0.042645;-136.386089;-0.422403;0.395942;ORGANIZING
2026.07.23 03:00:00;EURUSDm;1.14281;0.261330;2.777778;0.340854;0.708679;0.488600;1.000000;0.223859;11.268935;113.684436;0.689452;0.040044;-136.549250;-0.427314;0.394768;ORGANIZING
2026.07.23 03:01:00;EURUSDm;1.14276;0.305941;1.243781;0.313586;0.725662;0.459390;1.000000;0.214030;11.226073;113.794765;0.633063;0.037761;-136.627658;-0.429120;0.394336;ORGANIZING
2026.07.23 03:02:00;EURUSDm;1.14276;0.369928;0.001000;0.288499;0.680241;0.431110;0.972526;0.204583;11.182347;113.904769;0.633760;0.035726;-136.639262;-0.429201;0.394317;ORGANIZING
2026.07.23 03:03:00;EURUSDm;1.14266;0.464045;2.525253;0.265419;0.763870;0.403164;1.000000;0.195508;11.137847;114.015723;0.527792;0.033327;-136.777720;-0.432500;0.393530;ORGANIZING
2026.07.23 03:04:00;EURUSDm;1.14262;0.636631;1.000000;0.742892;0.767613;0.400223;1.000000;0.209606;11.087670;114.126271;0.521386;0.033172;-136.345322;-0.432700;0.393482;ORGANIZING
2026.07.23 03:05:00;EURUSDm;1.14261;0.692687;0.248756;1.262407;0.733666;0.420031;0.981043;0.225101;11.032950;114.235537;0.572510;0.035027;-135.802867;-0.431073;0.393870;ORGANIZING
2026.07.23 03:06:00;EURUSDm;1.14261;0.634282;0.001000;1.738118;0.688632;0.457720;0.954620;0.237632;10.984214;114.343111;0.664681;0.038430;-135.279595;-0.428138;0.394571;ORGANIZING
2026.07.23 03:07:00;EURUSDm;1.14256;0.650641;1.243781;2.226099;0.707235;0.511227;0.973057;0.250149;10.941477;114.449374;0.722854;0.042964;-134.802534;-0.426166;0.395042;ORGANIZING
2026.07.23 03:08:00;EURUSDm;1.14256;0.628648;0.001000;2.697585;0.661698;0.578062;0.947791;0.261216;10.904474;114.553474;0.873604;0.048875;-134.270906;-0.421348;0.396194;ORGANIZING
2026.07.23 03:09:00;EURUSDm;1.14262;0.621063;1.492537;3.163382;0.691679;0.656029;0.975999;0.271445;10.873057;114.656001;0.948459;0.055426;-133.817273;-0.418775;0.396810;ORGANIZING
2026.07.23 03:10:00;EURUSDm;1.14256;0.624102;1.456311;3.631458;0.716790;0.743683;1.000000;0.281277;10.847159;114.756767;1.037519;0.062783;-133.355287;-0.415735;0.397538;ORGANIZING
2026.07.23 03:11:00;EURUSDm;1.14259;0.621151;0.724638;4.097322;0.702309;0.839690;1.000000;0.290506;10.826678;114.855263;1.195613;0.071043;-132.854927;-0.410579;0.398773;ORGANIZING
2026.07.23 03:12:00;EURUSDm;1.14248;0.636937;2.534562;4.575024;0.777128;0.942893;1.000000;0.299866;10.811653;114.952293;1.213305;0.079310;-132.434541;-0.409635;0.399000;ORGANIZING
2026.07.23 03:13:00;EURUSDm;1.14246;0.503447;0.483092;4.952609;0.743568;1.000000;0.992404;0.303752;10.801011;115.047738;1.344867;0.084400;-132.048222;-0.405434;0.400007;ORGANIZING
2026.07.23 03:14:00;EURUSDm;1.14232;0.320070;3.167421;4.556401;0.844761;1.000000;1.000000;0.308375;10.786948;115.144056;1.183767;0.083752;-132.623061;-0.410299;0.398840;ORGANIZING
2026.07.23 03:15:00;EURUSDm;1.14237;0.366514;1.106195;4.191889;0.837832;1.000000;1.000000;0.311182;10.769761;115.240131;1.193556;0.083901;-133.047960;-0.409998;0.398913;ORGANIZING
2026.07.23 03:16:00;EURUSDm;1.14250;0.690146;2.719665;4.709498;0.911924;1.000000;1.000000;0.321503;10.758249;115.336833;1.096583;0.083391;-132.698763;-0.412933;0.398209;ORGANIZING
2026.07.23 03:17:00;EURUSDm;1.14261;0.756716;2.235772;5.277035;0.958116;1.000000;1.000000;0.333805;10.752851;115.433943;1.043714;0.083024;-132.288335;-0.414537;0.397825;ORGANIZING
2026.07.23 03:18:00;EURUSDm;1.14253;0.485026;1.574803;4.854872;0.968951;1.000000;1.000000;0.338223;10.743608;115.531068;1.032044;0.082982;-132.808808;-0.414890;0.397740;ORGANIZING
2026.07.23 03:19:00;EURUSDm;1.14263;0.768171;1.945525;5.431001;0.997780;1.000000;1.000000;0.350118;10.740495;115.628451;1.002225;0.082724;-132.376456;-0.415797;0.397523;ORGANIZING
2026.07.23 03:20:00;EURUSDm;1.14265;0.521032;0.401606;5.821775;0.947971;1.000000;0.991310;0.352151;10.741602;115.725347;1.054885;0.083045;-132.039048;-0.414201;0.397905;ORGANIZING
2026.07.23 03:21:00;EURUSDm;1.14270;0.735122;1.004016;6.373117;0.930773;1.000000;1.000000;0.362110;10.748489;115.822140;1.074376;0.083047;-131.600995;-0.413616;0.398045;ORGANIZING
2026.07.23 03:22:00;EURUSDm;1.14272;0.744668;0.404858;6.931618;0.884477;1.000000;0.991844;0.371930;10.761178;115.918596;1.130611;0.083211;-131.137672;-0.411921;0.398452;ORGANIZING
2026.07.23 03:23:00;EURUSDm;1.14271;0.738824;0.215517;7.485736;0.831029;1.000000;0.977690;0.381039;10.779575;116.014702;1.203327;0.083391;-130.681225;-0.409731;0.398977;ORGANIZING
2026.07.23 03:24:00;EURUSDm;1.14276;0.585338;1.063830;7.924740;0.822669;1.000000;0.994041;0.383937;10.797496;116.110904;1.215555;0.083305;-130.371700;-0.409368;0.399064;ORGANIZING
2026.07.23 03:25:00;EURUSDm;1.14272;0.709969;0.847458;8.457217;0.803909;1.000000;1.000000;0.391364;10.815457;116.207097;1.243922;0.083259;-129.967432;-0.408519;0.399267;ORGANIZING
2026.07.23 03:26:00;EURUSDm;1.14275;0.590992;0.649351;8.900460;0.776181;1.000000;1.000000;0.393958;10.833003;116.303189;1.288359;0.083312;-129.632832;-0.407184;0.399588;ORGANIZING
2026.07.23 03:27:00;EURUSDm;1.14273;0.483243;0.429185;8.188423;0.738831;1.000000;0.993810;0.409862;10.838461;116.398962;1.353489;0.083423;-130.446016;-0.405224;0.400058;ORGANIZING
2026.07.23 03:28:00;EURUSDm;1.14281;0.368540;1.702128;7.533350;0.766996;1.000000;1.000000;0.422123;10.832626;116.494958;1.303788;0.083183;-131.238103;-0.406727;0.399697;ORGANIZING
2026.07.23 03:29:00;EURUSDm;1.14281;0.470023;0.001000;6.930682;0.708696;1.000000;0.979809;0.431150;10.816136;116.590207;1.411042;0.083640;-131.862794;-0.403487;0.400475;ORGANIZING
2026.07.23 03:30:00;EURUSDm;1.14278;0.416298;0.652174;6.376227;0.685870;1.000000;0.983432;0.437315;10.789503;116.684961;1.458002;0.083944;-132.448240;-0.402063;0.400817;ORGANIZING
2026.07.23 03:31:00;EURUSDm;1.14275;0.568474;0.660793;6.802582;0.664616;1.000000;0.987446;0.436767;10.762608;116.779233;1.504628;0.084289;-132.040018;-0.400647;0.401157;ORGANIZING
2026.07.23 03:32:00;EURUSDm;1.14276;0.337754;0.226244;6.258376;0.622698;1.000000;0.976091;0.442139;10.725629;116.872716;1.605916;0.084814;-132.572574;-0.397582;0.401893;ORGANIZING
2026.07.23 03:33:00;EURUSDm;1.14280;0.284238;0.904977;5.757706;0.616812;1.000000;0.989077;0.445066;10.680052;116.965685;1.621241;0.085165;-133.075025;-0.397105;0.402008;ORGANIZING
2026.07.23 03:34:00;EURUSDm;1.14292;0.208110;2.597403;5.297089;0.695841;1.000000;1.000000;0.445843;10.634058;117.058984;1.437110;0.084920;-133.617538;-0.402641;0.400678;ORGANIZING
2026.07.23 03:35:00;EURUSDm;1.14287;0.225329;1.059322;4.873322;0.694015;1.000000;1.000000;0.444740;10.587702;117.151801;1.440891;0.085277;-134.037377;-0.402509;0.400710;ORGANIZING
2026.07.23 03:36:00;EURUSDm;1.14286;0.263106;0.224215;4.483456;0.650525;1.000000;0.988413;0.441996;10.537024;117.243676;1.537220;0.085988;-134.368785;-0.399584;0.401412;ORGANIZING
2026.07.23 03:37:00;EURUSDm;1.14292;0.285305;1.351351;4.124780;0.665566;1.000000;1.000000;0.437830;10.495862;117.335291;1.502480;0.086212;-134.743460;-0.400615;0.401165;ORGANIZING
2026.07.23 03:38:00;EURUSDm;1.14291;0.256946;0.228311;3.794797;0.623704;1.000000;0.988315;0.432438;10.453983;117.426067;1.603326;0.086880;-135.027815;-0.397556;0.401900;ORGANIZING
2026.07.23 03:39:00;EURUSDm;1.14291;0.307427;0.001000;3.491214;0.572568;1.000000;0.968894;0.425995;10.421111;117.516004;1.746516;0.087568;-135.291571;-0.393226;0.402941;ORGANIZING
2026.07.23 03:40:00;EURUSDm;1.14290;0.332230;0.234742;3.211917;0.535677;1.000000;0.958109;0.418660;10.395104;117.605312;1.866796;0.088110;-135.556600;-0.389591;0.403816;ORGANIZING
2026.07.23 03:41:00;EURUSDm;1.14295;0.333266;1.146789;2.954963;0.546233;1.000000;0.979366;0.410575;10.377310;117.694547;1.830721;0.088229;-135.861586;-0.390667;0.403557;ORGANIZING
2026.07.23 03:42:00;EURUSDm;1.14291;0.408550;0.917431;2.718566;0.544793;1.000000;0.991568;0.401866;10.367554;117.783671;1.835561;0.088384;-136.148737;-0.390514;0.403594;ORGANIZING
2026.07.23 03:43:00;EURUSDm;1.14290;0.414611;0.231481;2.501081;0.509127;1.000000;0.979030;0.392647;10.365563;117.872418;1.964146;0.088752;-136.396883;-0.386638;0.404527;ORGANIZING
2026.07.23 03:44:00;EURUSDm;1.14292;0.473606;0.460829;2.300994;0.486712;1.000000;0.974636;0.383019;10.369972;117.960985;2.054602;0.088970;-136.652685;-0.383913;0.405183;ORGANIZING
2026.07.23 03:45:00;EURUSDm;1.14299;0.323313;1.562500;2.116915;0.520502;1.000000;1.000000;0.373072;10.381526;118.050005;1.921224;0.088691;-136.962786;-0.387929;0.404216;ORGANIZING
2026.07.23 03:46:00;EURUSDm;1.14287;0.654826;2.542373;2.608034;0.601595;1.000000;1.000000;0.378974;10.392542;118.139946;1.662247;0.087927;-136.676540;-0.395736;0.402337;ORGANIZING
2026.07.23 03:47:00;EURUSDm;1.14288;0.547674;0.216450;3.018790;0.562338;1.000000;0.985840;0.380563;10.392276;118.229492;1.778290;0.088221;-136.318719;-0.392240;0.403178;ORGANIZING
2026.07.23 03:48:00;EURUSDm;1.14288;0.758612;0.001000;3.587749;0.514271;1.000000;0.964690;0.389983;10.379770;118.318433;1.944500;0.088621;-135.784462;-0.387234;0.404383;ORGANIZING
2026.07.23 03:49:00;EURUSDm;1.14293;0.668692;1.082251;4.089268;0.522670;1.000000;0.982454;0.395560;10.356286;118.407222;1.913253;0.088696;-135.344315;-0.388168;0.404158;ORGANIZING
2026.07.23 03:50:00;EURUSDm;1.14292;0.590514;0.226244;4.532154;0.487849;1.000000;0.969831;0.397926;10.322945;118.495330;2.049816;0.089216;-134.892767;-0.384045;0.405152;ORGANIZING
2026.07.23 03:51:00;EURUSDm;1.14292;0.494984;0.001000;4.169582;0.443506;1.000000;0.949850;0.396158;10.297660;118.582742;2.254759;0.089788;-135.244304;-0.377868;0.406641;ORGANIZING
2026.07.23 03:52:00;EURUSDm;1.14293;0.504292;0.230415;4.547800;0.412852;1.000000;0.938535;0.395261;10.263278;118.669503;2.422177;0.090323;-134.851633;-0.372819;0.407860;ORGANIZING
2026.07.23 03:53:00;EURUSDm;1.14292;0.692421;0.240385;5.067116;0.384228;1.000000;0.927934;0.401464;10.218867;118.755534;2.602619;0.090871;-134.313310;-0.367378;0.409175;ORGANIZING
2026.07.23 03:54:00;EURUSDm;1.14294;0.793513;0.485437;5.662251;0.369289;1.000000;0.926498;0.411148;10.171425;118.840941;2.707908;0.091309;-133.713124;-0.364197;0.409944;ORGANIZING
2026.07.23 03:55:00;EURUSDm;1.14292;0.803756;0.483092;6.265068;0.354979;1.000000;0.925369;0.420731;10.134485;118.925836;2.817068;0.091657;-133.126179;-0.360905;0.410740;ORGANIZING
2026.07.23 03:56:00;EURUSDm;1.14294;0.806883;0.478469;6.870230;0.341153;1.000000;0.924453;0.429953;10.107680;119.010324;2.931232;0.091922;-132.556514;-0.357467;0.411573;ORGANIZING
2026.07.23 03:57:00;EURUSDm;1.14293;0.812525;0.243902;7.479624;0.316291;1.000000;0.915682;0.438925;10.090690;119.094394;3.161646;0.092201;-131.990291;-0.350541;0.413251;ORGANIZING
2026.07.23 03:58:00;EURUSDm;1.14291;0.821886;0.483092;8.096039;0.304631;1.000000;0.915904;0.447799;10.083249;119.178273;3.282661;0.092288;-131.448962;-0.346906;0.414133;ORGANIZING
2026.07.23 03:59:00;EURUSDm;1.14286;0.828196;1.213592;8.717186;0.330079;1.000000;0.941996;0.456467;10.085093;119.262425;3.029578;0.091982;-130.958437;-0.354514;0.412288;ORGANIZING
2026.07.23 04:00:00;EURUSDm;1.14285;0.840416;0.248756;9.347497;0.306013;1.000000;0.933709;0.465159;10.096023;119.346445;3.267836;0.092020;-130.427324;-0.347364;0.414022;ORGANIZING
2026.07.23 04:01:00;EURUSDm;1.14287;0.851669;0.500000;9.986249;0.295712;1.000000;0.934809;0.473839;10.115856;119.430561;3.381666;0.091866;-129.919412;-0.343957;0.414849;ORGANIZING
2026.07.23 04:02:00;EURUSDm;1.14287;0.845567;0.001000;10.620425;0.260977;1.000000;0.918710;0.481855;10.144295;119.514614;3.831761;0.091852;-129.407466;-0.330455;0.418130;ORGANIZING
2026.07.23 04:03:00;EURUSDm;1.14287;0.839814;0.001000;11.250285;0.227978;1.000000;0.903456;0.489256;10.181066;119.598704;4.386392;0.091757;-128.917039;-0.313820;0.422183;ORGANIZING
2026.07.23 04:04:00;EURUSDm;1.14288;0.839167;0.287356;11.879660;0.210947;1.000000;0.899016;0.496262;10.225947;119.683073;4.740534;0.091465;-128.458777;-0.303211;0.424773;ORGANIZING
2026.07.23 04:05:00;EURUSDm;1.14285;0.662564;0.872093;12.376583;0.224004;1.000000;0.915443;0.496295;10.277414;119.768087;4.464205;0.090928;-128.162925;-0.311527;0.422742;ORGANIZING
2026.07.23 04:06:00;EURUSDm;1.14295;0.827919;2.958580;12.997522;0.340733;1.000000;1.000000;0.502527;10.329922;119.854794;2.934851;0.089500;-127.862901;-0.357479;0.411570;ORGANIZING
2026.07.23 04:07:00;EURUSDm;1.14307;0.515363;3.529412;13.384045;0.480167;1.000000;1.000000;0.496727;10.381925;119.943415;2.082610;0.088037;-127.796839;-0.383120;0.405375;ORGANIZING
2026.07.23 04:08:00;EURUSDm;1.14338;0.268727;8.031088;12.313321;0.837713;1.000000;1.000000;0.525427;10.417271;120.035964;1.193726;0.084887;-129.445751;-0.409944;0.398926;ORGANIZING
2026.07.23 04:09:00;EURUSDm;1.14338;0.288776;0.001000;11.328255;0.775877;1.000000;0.983425;0.548408;10.437574;120.128099;1.288864;0.085021;-130.547686;-0.407083;0.399612;ORGANIZING
2026.07.23 04:10:00;EURUSDm;1.14345;0.266019;1.861702;10.421995;0.810168;1.000000;1.000000;0.566301;10.444285;120.220643;1.234311;0.084597;-131.629989;-0.408741;0.399214;ORGANIZING
2026.07.23 04:11:00;EURUSDm;1.14342;0.278036;0.806452;9.588235;0.789983;1.000000;1.000000;0.579674;10.446250;120.313006;1.265851;0.084632;-132.566601;-0.407793;0.399441;ORGANIZING
2026.07.23 04:12:00;EURUSDm;1.14344;0.278945;0.537634;8.821177;0.757365;1.000000;1.000000;0.589043;10.436752;120.404947;1.320367;0.084867;-133.392727;-0.406146;0.399837;ORGANIZING
2026.07.23 04:13:00;EURUSDm;1.14339;0.298995;1.315789;8.115482;0.765286;1.000000;1.000000;0.594876;10.415052;120.496750;1.306700;0.084924;-134.166410;-0.406553;0.399739;ORGANIZING
2026.07.23 04:14:00;EURUSDm;1.14335;0.330777;1.058201;7.466244;0.759932;1.000000;1.000000;0.597594;10.381017;120.588160;1.315907;0.085189;-134.839070;-0.406263;0.399808;ORGANIZING
2026.07.23 04:15:00;EURUSDm;1.14331;0.344972;1.058201;6.868944;0.754846;1.000000;1.000000;0.597579;10.335151;120.679060;1.324774;0.085561;-135.430421;-0.405979;0.399877;ORGANIZING
2026.07.23 04:16:00;EURUSDm;1.14334;0.341076;0.793651;6.319429;0.736786;1.000000;1.000000;0.595176;10.288983;120.769317;1.357246;0.086052;-135.954992;-0.404980;0.400116;ORGANIZING
2026.07.23 04:17:00;EURUSDm;1.14314;0.607833;4.830918;6.775303;0.921492;1.000000;1.000000;0.588211;10.244581;120.860978;1.085196;0.085075;-135.672752;-0.413190;0.398147;ORGANIZING
2026.07.23 04:18:00;EURUSDm;1.14308;0.724842;1.463415;7.318935;0.928589;1.000000;1.000000;0.585982;10.201129;120.952275;1.076903;0.085356;-135.136152;-0.413425;0.398091;ORGANIZING
2026.07.23 04:19:00;EURUSDm;1.14304;0.690314;0.956938;7.836670;0.910006;1.000000;1.000000;0.582570;10.158929;121.042965;1.098894;0.085826;-134.599298;-0.412742;0.398255;ORGANIZING
2026.07.23 04:20:00;EURUSDm;1.14306;0.585458;0.480769;8.275763;0.868544;1.000000;1.000000;0.575396;10.118852;121.132839;1.151352;0.086484;-134.114114;-0.411135;0.398640;ORGANIZING
2026.07.23 04:21:00;EURUSDm;1.14311;0.500484;1.190476;8.651126;0.864641;1.000000;1.000000;0.565394;10.081609;121.222301;1.156550;0.086869;-133.729821;-0.410960;0.398682;ORGANIZING
2026.07.23 04:22:00;EURUSDm;1.14311;0.488999;0.001000;7.959036;0.801459;1.000000;0.984824;0.571729;10.057814;121.310894;1.247725;0.087481;-134.412403;-0.408194;0.399345;ORGANIZING
2026.07.23 04:23:00;EURUSDm;1.14321;0.350251;2.325581;7.322313;0.857665;1.000000;1.000000;0.574979;10.046805;121.399939;1.165957;0.087112;-135.178858;-0.410666;0.398753;ORGANIZING
2026.07.23 04:24:00;EURUSDm;1.14321;0.351861;0.001000;6.736528;0.794832;1.000000;0.985159;0.575519;10.048002;121.488367;1.258128;0.087578;-135.793713;-0.407877;0.399421;ORGANIZING
2026.07.23 04:25:00;EURUSDm;1.14331;0.269273;2.403846;6.197606;0.855282;1.000000;1.000000;0.573689;10.059552;121.577515;1.169205;0.087043;-136.501674;-0.410572;0.398775;ORGANIZING
2026.07.23 04:26:00;EURUSDm;1.14329;0.333991;0.478469;5.701797;0.816442;1.000000;1.000000;0.569795;10.082212;121.666502;1.224827;0.087196;-137.085159;-0.408895;0.399177;ORGANIZING
2026.07.23 04:27:00;EURUSDm;1.14336;0.371274;1.666667;5.245654;0.838953;1.000000;1.000000;0.564113;10.113184;121.756023;1.191962;0.086834;-137.703916;-0.409899;0.398936;ORGANIZING
2026.07.23 04:28:00;EURUSDm;1.14339;0.868495;0.707547;5.897025;0.812383;1.000000;1.000000;0.568476;10.126781;121.845415;1.230947;0.086899;-137.151286;-0.408727;0.399217;ORGANIZING
2026.07.23 04:29:00;EURUSDm;1.14345;0.860597;1.376147;6.542473;0.820571;1.000000;1.000000;0.572324;10.124005;121.934861;1.218664;0.086829;-136.605617;-0.409099;0.399128;ORGANIZING
2026.07.23 04:30:00;EURUSDm;1.14342;0.856167;0.681818;7.184598;0.793633;1.000000;1.000000;0.575814;10.105759;122.023854;1.260028;0.087144;-135.996037;-0.407842;0.399430;ORGANIZING
2026.07.23 04:31:00;EURUSDm;1.14342;0.843343;0.001000;7.817105;0.734002;1.000000;0.985188;0.578649;10.072942;122.111924;1.362395;0.087830;-135.332001;-0.404737;0.400175;ORGANIZING
2026.07.23 04:32:00;EURUSDm;1.14352;0.838065;2.262443;8.445654;0.790424;1.000000;1.000000;0.581144;10.026332;122.200091;1.265144;0.087735;-134.759814;-0.407659;0.399474;ORGANIZING
2026.07.23 04:33:00;EURUSDm;1.14346;0.808079;1.327434;9.051713;0.797274;1.000000;1.000000;0.582390;9.985563;122.287920;1.254274;0.087988;-134.169386;-0.407972;0.399398;ORGANIZING
2026.07.23 04:34:00;EURUSDm;1.14343;0.780219;0.660793;9.636877;0.770450;1.000000;1.000000;0.582528;9.957341;122.375198;1.297943;0.088415;-133.588510;-0.406641;0.399718;ORGANIZING
2026.07.23 04:35:00;EURUSDm;1.14342;0.701388;0.226244;10.162919;0.723240;1.000000;0.993307;0.579704;9.940495;122.461835;1.382667;0.088941;-133.062553;-0.404073;0.400334;ORGANIZING
2026.07.23 04:36:00;EURUSDm;1.14339;0.736596;0.707547;10.715366;0.702455;1.000000;1.000000;0.578341;9.934751;122.548207;1.423578;0.089162;-132.561482;-0.402835;0.400631;ORGANIZING
2026.07.23 04:37:00;EURUSDm;1.14339;0.268641;0.001000;9.858136;0.647382;1.000000;0.985277;0.592286;9.915906;122.633840;1.544682;0.089641;-133.439469;-0.399177;0.401510;ORGANIZING
2026.07.23 04:38:00;EURUSDm;1.14334;0.251722;1.157407;9.069485;0.652884;1.000000;1.000000;0.602104;9.883832;122.719207;1.531666;0.089776;-134.274477;-0.399561;0.401418;ORGANIZING
2026.07.23 04:39:00;EURUSDm;1.14331;0.235806;0.700935;8.343927;0.635286;1.000000;1.000000;0.608277;9.839485;122.803955;1.574094;0.090228;-134.990838;-0.398266;0.401729;ORGANIZING
2026.07.23 04:40:00;EURUSDm;1.14322;0.375625;2.027027;7.676412;0.684873;1.000000;1.000000;0.611238;9.796281;122.888766;1.460124;0.090152;-135.712267;-0.401689;0.400907;ORGANIZING
2026.07.23 04:41:00;EURUSDm;1.14320;0.645355;0.446429;8.160429;0.652951;1.000000;1.000000;0.604877;9.752207;122.972818;1.531508;0.090826;-135.179509;-0.399513;0.401429;ORGANIZING
2026.07.23 04:42:00;EURUSDm;1.14323;0.531950;0.663717;8.559391;0.633489;1.000000;1.000000;0.594582;9.709450;123.056247;1.578559;0.091428;-134.738408;-0.398072;0.401776;ORGANIZING
2026.07.23 04:43:00;EURUSDm;1.14321;0.623943;0.440529;9.027348;0.603841;1.000000;1.000000;0.588250;9.677953;123.139065;1.656064;0.091996;-134.247964;-0.395718;0.402342;ORGANIZING
2026.07.23 04:44:00;EURUSDm;1.14316;0.633783;1.086957;9.502686;0.607997;1.000000;1.000000;0.582605;9.657224;123.221718;1.644745;0.092184;-133.806687;-0.396048;0.402262;ORGANIZING
2026.07.23 04:45:00;EURUSDm;1.14315;0.361282;0.218341;8.742471;0.568514;1.000000;0.993033;0.591485;9.634387;123.303747;1.758971;0.092641;-134.581534;-0.392599;0.403092;ORGANIZING
2026.07.23 04:46:00;EURUSDm;1.14314;0.393155;0.219298;8.043073;0.531053;1.000000;0.986654;0.596881;9.609628;123.385153;1.883050;0.093131;-135.286151;-0.388852;0.403994;ORGANIZING
2026.07.23 04:47:00;EURUSDm;1.14336;0.640429;4.417671;8.523395;0.705384;1.000000;1.000000;0.591053;9.594357;123.468151;1.417667;0.091821;-135.020960;-0.402879;0.400621;ORGANIZING
2026.07.23 04:48:00;EURUSDm;1.14323;0.407576;2.500000;7.841523;0.775115;1.000000;1.000000;0.595594;9.565830;123.551560;1.290131;0.091437;-135.808000;-0.406724;0.399698;ORGANIZING
2026.07.23 04:49:00;EURUSDm;1.14320;0.261145;0.581395;7.214201;0.745429;1.000000;1.000000;0.597180;9.524718;123.634262;1.341509;0.092019;-136.409287;-0.405154;0.400075;ORGANIZING
2026.07.23 04:50:00;EURUSDm;1.14319;0.281434;0.193798;6.637065;0.697848;1.000000;0.992684;0.596178;9.482570;123.716066;1.432978;0.092794;-136.934344;-0.402371;0.400743;ORGANIZING
2026.07.23 04:51:00;EURUSDm;1.14317;0.262694;0.387597;6.106100;0.662335;1.000000;0.992372;0.592917;9.452267;123.797212;1.509810;0.093392;-137.443816;-0.400036;0.401304;ORGANIZING
2026.07.23 04:52:00;EURUSDm;1.14317;0.209541;0.001000;5.617612;0.609268;1.000000;0.978426;0.587696;9.433286;123.877638;1.641313;0.094071;-137.911258;-0.396057;0.402260;ORGANIZING
2026.07.23 04:53:00;EURUSDm;1.14316;0.235089;0.193050;5.168203;0.568457;1.000000;0.971508;0.580782;9.424955;123.957572;1.759147;0.094570;-138.369299;-0.392497;0.403116;ORGANIZING
2026.07.23 04:54:00;EURUSDm;1.14313;0.237791;0.574713;4.754747;0.548770;1.000000;0.977947;0.572415;9.426652;124.037326;1.822257;0.094806;-138.829483;-0.390592;0.403575;ORGANIZING
2026.07.23 04:55:00;EURUSDm;1.14308;0.224314;0.950570;4.374367;0.548860;1.000000;0.997024;0.562814;9.437404;124.117189;1.821958;0.094795;-139.292116;-0.390602;0.403573;ORGANIZING
2026.07.23 04:56:00;EURUSDm;1.14299;0.218885;1.717557;4.024418;0.587295;1.000000;1.000000;0.552170;9.457126;124.197633;1.702722;0.094370;-139.779103;-0.394200;0.402707;ORGANIZING
2026.07.23 04:57:00;EURUSDm;1.14309;0.275869;1.923077;3.702464;0.634084;1.000000;1.000000;0.540659;9.471397;124.278688;1.577078;0.093931;-140.234421;-0.397991;0.401795;ORGANIZING
2026.07.23 04:58:00;EURUSDm;1.14320;0.577708;2.291667;4.135745;0.696963;1.000000;1.000000;0.535291;9.473378;124.360391;1.434796;0.093409;-139.938946;-0.402286;0.400763;ORGANIZING
2026.07.23 04:59:00;EURUSDm;1.14322;0.775369;0.413223;4.717272;0.662776;1.000000;0.998198;0.537602;9.462278;124.441641;1.508805;0.093785;-139.386906;-0.400047;0.401301;ORGANIZING
2026.07.23 05:00:00;EURUSDm;1.14331;0.806304;1.844262;5.321999;0.701851;1.000000;1.000000;0.540959;9.438510;124.523045;1.424805;0.093621;-138.861834;-0.402575;0.400694;ORGANIZING
2026.07.23 05:01:00;EURUSDm;1.14335;0.600469;0.816327;5.772351;0.687574;1.000000;1.000000;0.536428;9.415198;124.604073;1.454388;0.093992;-138.422550;-0.401669;0.400911;ORGANIZING
2026.07.23 05:02:00;EURUSDm;1.14339;0.581880;0.809717;6.208761;0.673681;1.000000;1.000000;0.531427;9.391629;124.684726;1.484381;0.094369;-137.995759;-0.400750;0.401132;ORGANIZING
2026.07.23 05:03:00;EURUSDm;1.14329;0.871403;1.984127;6.862313;0.719204;1.000000;1.000000;0.537534;9.366321;124.765581;1.390427;0.094135;-137.430181;-0.403580;0.400452;ORGANIZING
2026.07.23 05:04:00;EURUSDm;1.14331;0.648045;0.400000;7.348347;0.683244;1.000000;0.997814;0.534959;9.341033;124.845824;1.463607;0.094704;-136.932704;-0.401357;0.400986;ORGANIZING
2026.07.23 05:05:00;EURUSDm;1.14331;0.635704;0.001000;7.825125;0.629131;1.000000;0.981649;0.532050;9.303501;124.925150;1.589493;0.095560;-136.400258;-0.397537;0.401904;ORGANIZING
2026.07.23 05:06:00;EURUSDm;1.14326;0.804285;1.008065;8.428338;0.628078;1.000000;1.000000;0.535608;9.260836;125.004039;1.592159;0.095928;-135.796667;-0.397439;0.401928;ORGANIZING
2026.07.23 05:07:00;EURUSDm;1.14338;0.875313;2.500000;9.084823;0.701674;1.000000;1.000000;0.541652;9.220146;125.083258;1.425163;0.095571;-135.223704;-0.402467;0.400720;ORGANIZING
2026.07.23 05:08:00;EURUSDm;1.14336;0.707321;0.423729;9.615314;0.667777;1.000000;0.998788;0.541094;9.191784;125.161853;1.497506;0.096148;-134.680070;-0.400267;0.401248;ORGANIZING
2026.07.23 05:09:00;EURUSDm;1.14336;0.574429;0.001000;10.046137;0.614438;1.000000;0.982804;0.535580;9.174144;125.239739;1.627504;0.096860;-134.227488;-0.396332;0.402194;ORGANIZING
2026.07.23 05:10:00;EURUSDm;1.14340;0.433139;0.854701;9.242446;0.606451;1.000000;0.997066;0.548986;9.154327;125.317347;1.648937;0.096995;-135.087977;-0.395682;0.402350;ORGANIZING
2026.07.23 05:11:00;EURUSDm;1.14333;0.569250;1.483051;9.669383;0.630281;1.000000;1.000000;0.542883;9.144188;125.395091;1.586594;0.096924;-134.730132;-0.397556;0.401900;ORGANIZING
2026.07.23 05:12:00;EURUSDm;1.14331;0.624849;0.420168;10.138019;0.599775;1.000000;0.998707;0.539171;9.143671;125.472526;1.667291;0.097252;-134.299966;-0.395119;0.402486;ORGANIZING
2026.07.23 05:13:00;EURUSDm;1.14330;0.623207;0.218341;10.605425;0.560704;1.000000;0.990265;0.535583;9.152325;125.549656;1.783473;0.097574;-133.880751;-0.391617;0.403328;ORGANIZING
2026.07.23 05:14:00;EURUSDm;1.14320;0.820702;2.092050;11.220951;0.617271;1.000000;1.000000;0.539580;9.171226;125.627541;1.620034;0.096823;-133.445472;-0.396558;0.402140;ORGANIZING
2026.07.23 05:15:00;EURUSDm;1.14308;0.821808;2.489627;11.837307;0.690889;1.000000;1.000000;0.543419;9.199999;125.706450;1.447411;0.095838;-133.046866;-0.401786;0.400883;ORGANIZING
2026.07.23 05:16:00;EURUSDm;1.14305;0.781301;0.619835;12.423283;0.667336;1.000000;1.000000;0.545546;9.237988;125.785503;1.498495;0.095686;-132.596624;-0.400261;0.401250;ORGANIZING
2026.07.23 05:17:00;EURUSDm;1.14300;0.772100;1.041667;13.002358;0.666053;1.000000;1.000000;0.547223;9.284797;125.865012;1.501383;0.095256;-132.192745;-0.400196;0.401265;ORGANIZING
2026.07.23 05:18:00;EURUSDm;1.14300;0.364735;0.001000;11.962170;0.612800;1.000000;0.984188;0.571871;9.316637;125.944306;1.631854;0.095226;-133.371953;-0.396283;0.402206;ORGANIZING
2026.07.23 05:19:00;EURUSDm;1.14300;0.336535;0.001000;11.005196;0.562210;1.000000;0.969792;0.591126;9.332933;126.023258;1.778695;0.095363;-134.428390;-0.391871;0.403267;ORGANIZING
2026.07.23 05:20:00;EURUSDm;1.14305;0.265769;1.072961;10.124780;0.567748;1.000000;0.994092;0.605591;9.334296;126.102278;1.761346;0.095169;-135.425019;-0.392401;0.403139;ORGANIZING
2026.07.23 05:21:00;EURUSDm;1.14300;0.199660;1.050420;9.314798;0.571881;1.000000;1.000000;0.615810;9.323049;126.181227;1.748615;0.095141;-136.316029;-0.392785;0.403047;ORGANIZING
2026.07.23 05:22:00;EURUSDm;1.14291;0.168852;1.898734;8.569614;0.618224;1.000000;1.000000;0.622279;9.300042;126.260410;1.617537;0.094872;-137.153662;-0.396730;0.402098;ORGANIZING
2026.07.23 05:23:00;EURUSDm;1.14285;0.177924;1.265823;7.884045;0.630604;1.000000;1.000000;0.625444;9.263759;126.339354;1.585782;0.095059;-137.864318;-0.397674;0.401871;ORGANIZING
2026.07.23 05:24:00;EURUSDm;1.14293;0.198036;1.652893;7.253321;0.661718;1.000000;1.000000;0.625708;9.218391;126.418155;1.511217;0.095185;-138.514748;-0.399904;0.401335;ORGANIZING
2026.07.23 05:25:00;EURUSDm;1.14290;0.187837;0.614754;6.673056;0.639370;1.000000;1.000000;0.623435;9.183820;126.496387;1.564040;0.095725;-139.077211;-0.398293;0.401723;ORGANIZING
2026.07.23 05:26:00;EURUSDm;1.14293;0.220422;0.614754;6.139211;0.618139;1.000000;1.000000;0.618956;9.160792;126.574176;1.617758;0.096173;-139.612599;-0.396659;0.402115;ORGANIZING
2026.07.23 05:27:00;EURUSDm;1.14295;0.191515;0.406504;5.648074;0.587557;1.000000;1.000000;0.612565;9.149355;126.651545;1.701961;0.096623;-140.114869;-0.394110;0.402728;ORGANIZING
2026.07.23 05:28:00;EURUSDm;1.14296;0.204230;0.206612;5.196228;0.548510;1.000000;0.993671;0.604529;9.147799;126.728508;1.823120;0.097079;-140.585447;-0.390452;0.403608;ORGANIZING
2026.07.23 05:29:00;EURUSDm;1.14300;0.224152;0.823045;4.780530;0.542237;1.000000;1.000000;0.595087;9.154716;126.805478;1.844212;0.097162;-141.066792;-0.389816;0.403762;ORGANIZING
2026.07.23 05:30:00;EURUSDm;1.14294;0.205604;1.250000;4.398088;0.557625;1.000000;1.000000;0.584455;9.157386;126.882628;1.793320;0.097092;-141.525849;-0.391346;0.403393;ORGANIZING
2026.07.23 05:31:00;EURUSDm;1.14293;0.226500;0.209205;4.046241;0.520204;1.000000;0.992778;0.572825;9.167831;126.959508;1.922322;0.097458;-141.914783;-0.387457;0.404330;ORGANIZING
2026.07.23 05:32:00;EURUSDm;1.14291;0.233591;0.420168;3.722541;0.495202;1.000000;0.992786;0.560369;9.186147;127.036322;2.019377;0.097640;-142.302013;-0.384537;0.405033;ORGANIZING
2026.07.23 05:33:00;EURUSDm;1.14295;0.261528;0.833333;3.424738;0.492109;1.000000;1.000000;0.547240;9.212023;127.113363;2.032071;0.097548;-142.699260;-0.384160;0.405124;ORGANIZING
2026.07.23 05:34:00;EURUSDm;1.14294;0.327979;0.211864;3.150759;0.458097;1.000000;0.991569;0.533577;9.246665;127.190411;2.182946;0.097672;-143.058232;-0.379628;0.406217;ORGANIZING
2026.07.23 05:35:00;EURUSDm;1.14291;0.462264;0.630252;2.898698;0.446704;1.000000;0.997598;0.519501;9.289817;127.267776;2.238617;0.097504;-143.434419;-0.377966;0.406617;ORGANIZING
2026.07.23 05:36:00;EURUSDm;1.14301;0.765067;2.024291;3.472498;0.505584;1.000000;1.000000;0.522216;9.332876;127.346160;1.977912;0.096519;-143.089430;-0.385837;0.404720;ORGANIZING
2026.07.23 05:37:00;EURUSDm;1.14299;0.768523;0.440529;4.048891;0.482331;1.000000;0.998696;0.524925;9.375746;127.424741;2.073265;0.096311;-142.659524;-0.382986;0.405407;ORGANIZING
2026.07.23 05:38:00;EURUSDm;1.14301;0.779607;0.462963;4.633596;0.461363;1.000000;0.998318;0.527914;9.402153;127.503376;2.167493;0.096233;-142.191278;-0.380164;0.406087;ORGANIZING
2026.07.23 05:39:00;EURUSDm;1.14292;0.790187;2.027027;5.226237;0.519646;1.000000;1.000000;0.531150;9.412932;127.582702;1.924388;0.095568;-141.764277;-0.387490;0.404322;ORGANIZING
2026.07.23 05:40:00;EURUSDm;1.14294;0.759771;0.448430;5.796065;0.496085;1.000000;0.999285;0.533084;9.409155;127.661755;2.015783;0.095801;-141.246252;-0.384736;0.404985;ORGANIZING
2026.07.23 05:41:00;EURUSDm;1.14291;0.814057;0.669643;6.406608;0.484763;1.000000;1.000000;0.536957;9.391191;127.740514;2.062864;0.096035;-140.674965;-0.383312;0.405328;ORGANIZING
2026.07.23 05:42:00;EURUSDm;1.14289;0.795479;0.442478;7.003217;0.462649;1.000000;0.999280;0.539940;9.359899;127.818740;2.161467;0.096502;-140.077848;-0.380331;0.406047;ORGANIZING
2026.07.23 05:43:00;EURUSDm;1.14290;0.798942;0.221239;7.602423;0.430578;1.000000;0.990947;0.542903;9.315916;127.896204;2.322459;0.097187;-139.441997;-0.375467;0.407221;ORGANIZING
2026.07.23 05:44:00;EURUSDm;1.14294;0.802375;0.881057;8.204204;0.433102;1.000000;1.000000;0.545847;9.278845;127.973324;2.308924;0.097487;-138.851605;-0.375858;0.407126;ORGANIZING
2026.07.23 05:45:00;EURUSDm;1.14296;0.794598;0.446429;8.800153;0.413768;1.000000;0.999730;0.548352;9.253722;128.049999;2.416811;0.097887;-138.267762;-0.372601;0.407913;ORGANIZING
2026.07.23 05:46:00;EURUSDm;1.14297;0.795240;0.231481;9.396583;0.384654;1.000000;0.992033;0.550756;9.240027;128.126246;2.599738;0.098276;-137.695882;-0.367094;0.409243;ORGANIZING
2026.07.23 05:47:00;EURUSDm;1.14300;0.778066;0.717703;9.980132;0.381307;1.000000;1.000000;0.552396;9.237147;128.202430;2.622562;0.098320;-137.182690;-0.366407;0.409409;ORGANIZING
2026.07.23 05:48:00;EURUSDm;1.14299;0.770784;0.251256;10.558221;0.354804;1.000000;0.993128;0.553680;9.244581;128.278424;2.818457;0.098492;-136.671531;-0.360522;0.410833;ORGANIZING
2026.07.23 05:49:00;EURUSDm;1.14294;0.763474;1.237624;11.130826;0.378945;1.000000;1.000000;0.554627;9.261861;128.354832;2.638905;0.098083;-136.235927;-0.365929;0.409525;ORGANIZING
2026.07.23 05:50:00;EURUSDm;1.14293;0.725652;0.257732;11.675065;0.352884;1.000000;0.993433;0.554107;9.288322;128.431244;2.833789;0.098084;-135.793922;-0.360082;0.410940;ORGANIZING
2026.07.23 05:51:00;EURUSDm;1.14292;0.697415;0.261780;12.198127;0.328329;1.000000;0.987218;0.552555;9.323399;128.507761;3.045724;0.097998;-135.389872;-0.353728;0.412479;ORGANIZING
2026.07.23 05:52:00;EURUSDm;1.14294;0.686494;0.529101;12.712997;0.318368;1.000000;0.990524;0.550671;9.366687;128.584612;3.141022;0.097697;-135.024697;-0.350884;0.413168;ORGANIZING
2026.07.23 05:53:00;EURUSDm;1.14293;0.665978;0.277778;13.212481;0.296338;1.000000;0.984851;0.548111;9.417731;128.661753;3.374522;0.097445;-134.677294;-0.343892;0.414864;ORGANIZING
2026.07.23 05:54:00;EURUSDm;1.14291;0.658710;0.555556;13.706513;0.289299;1.000000;0.989010;0.545407;9.476199;128.739408;3.456630;0.096985;-134.365407;-0.341452;0.415457;ORGANIZING
2026.07.23 05:55:00;EURUSDm;1.14310;0.358519;4.773869;12.609992;0.493528;1.000000;1.000000;0.572963;9.525931;128.819602;2.026229;0.094407;-135.900927;-0.384493;0.405044;ORGANIZING
2026.07.23 05:56:00;EURUSDm;1.14303;0.703896;1.741294;13.137914;0.535916;1.000000;1.000000;0.570711;9.574956;128.900711;1.865964;0.093619;-135.590047;-0.389340;0.403876;ORGANIZING
2026.07.23 05:57:00;EURUSDm;1.14299;0.699548;1.036269;13.662575;0.540934;1.000000;1.000000;0.568409;9.623218;128.982352;1.848656;0.093174;-135.243964;-0.389882;0.403746;ORGANIZING
2026.07.23 05:58:00;EURUSDm;1.14299;0.687332;0.001000;14.178074;0.493937;1.000000;0.984929;0.565763;9.670547;129.063997;2.024550;0.093195;-134.852480;-0.384604;0.405017;ORGANIZING
2026.07.23 05:59:00;EURUSDm;1.14295;0.667100;1.025641;14.678399;0.500522;1.000000;1.000000;0.562491;9.716716;129.146170;1.997914;0.092767;-134.526706;-0.385424;0.404819;ORGANIZING
2026.07.23 06:00:00;EURUSDm;1.14304;0.731449;2.250000;15.226985;0.567996;1.000000;1.000000;0.561796;9.762441;129.229474;1.760576;0.091809;-134.218959;-0.392592;0.403093;ORGANIZING
2026.07.23 06:01:00;EURUSDm;1.14309;0.422497;1.262626;14.008826;0.582728;1.000000;1.000000;0.594614;9.789651;129.313198;1.716068;0.091183;-135.655629;-0.393959;0.402765;ORGANIZING
2026.07.23 06:02:00;EURUSDm;1.14306;0.485806;0.753769;12.888120;0.571280;1.000000;1.000000;0.620919;9.799552;129.396906;1.750456;0.090977;-136.921007;-0.392937;0.403010;ORGANIZING
2026.07.23 06:03:00;EURUSDm;1.14315;0.334639;2.173913;11.857071;0.631411;1.000000;1.000000;0.641425;9.793101;129.481151;1.583754;0.090367;-138.124544;-0.397969;0.401800;ORGANIZING
2026.07.23 06:04:00;EURUSDm;1.14308;0.663907;1.715686;12.355001;0.665625;1.000000;1.000000;0.634250;9.785643;129.565664;1.502347;0.090208;-137.716075;-0.400419;0.401212;ORGANIZING
2026.07.23 06:05:00;EURUSDm;1.14305;0.865286;0.769231;13.003965;0.650805;1.000000;1.000000;0.634986;9.778753;129.649960;1.536558;0.090379;-137.124278;-0.399384;0.401460;ORGANIZING
2026.07.23 06:06:00;EURUSDm;1.14299;0.872617;1.515152;13.658428;0.674023;1.000000;1.000000;0.635960;9.772478;129.734425;1.483630;0.090233;-136.566895;-0.400979;0.401077;ORGANIZING
2026.07.23 06:07:00;EURUSDm;1.14285;0.681874;3.381643;14.169833;0.789404;1.000000;1.000000;0.629732;9.765512;129.819974;1.266779;0.089408;-136.230033;-0.407526;0.399505;ORGANIZING
2026.07.23 06:08:00;EURUSDm;1.14289;0.911073;0.947867;14.853138;0.777327;1.000000;1.000000;0.632411;9.759634;129.905343;1.286460;0.089531;-135.613622;-0.406930;0.399649;ORGANIZING
2026.07.23 06:09:00;EURUSDm;1.14284;0.915581;1.157407;15.539824;0.776331;1.000000;1.000000;0.635125;9.754926;129.990656;1.288111;0.089555;-135.007263;-0.406879;0.399661;ORGANIZING
2026.07.23 06:10:00;EURUSDm;1.14299;0.915280;3.318584;16.226284;0.883443;1.000000;1.000000;0.637691;9.751663;130.077007;1.131934;0.088709;-134.512876;-0.411607;0.398527;ORGANIZING
2026.07.23 06:11:00;EURUSDm;1.14305;0.810874;1.321586;16.834440;0.885351;1.000000;1.000000;0.636215;9.749268;130.163353;1.129496;0.088725;-133.985230;-0.411679;0.398510;ORGANIZING
2026.07.23 06:12:00;EURUSDm;1.14298;0.926585;1.555556;17.529379;0.898861;1.000000;1.000000;0.639151;9.748686;130.249829;1.112519;0.088600;-133.394984;-0.412194;0.398386;ORGANIZING
2026.07.23 06:13:00;EURUSDm;1.14308;0.739063;2.183406;18.083676;0.943088;1.000000;1.000000;0.634908;9.748654;130.336746;1.060346;0.088287;-132.963283;-0.413775;0.398007;ORGANIZING
2026.07.23 06:14:00;EURUSDm;1.14309;0.625103;0.225225;18.552503;0.887195;1.000000;0.995105;0.626604;9.748371;130.423102;1.127148;0.088793;-132.507743;-0.411746;0.398494;ORGANIZING
2026.07.23 06:15:00;EURUSDm;1.14308;0.918586;0.227273;19.241443;0.834199;1.000000;0.990162;0.629721;9.765943;130.509103;1.198755;0.089048;-131.893188;-0.409585;0.399012;ORGANIZING
2026.07.23 06:16:00;EURUSDm;1.14309;0.905912;0.229358;19.920876;0.783957;1.000000;0.985574;0.632207;9.784943;130.594792;1.275580;0.089277;-131.292172;-0.407269;0.399567;ORGANIZING
2026.07.23 06:17:00;EURUSDm;1.14300;0.909174;2.000000;20.602757;0.824759;1.000000;1.000000;0.634690;9.805420;130.681094;1.212475;0.088772;-130.783317;-0.409187;0.399107;ORGANIZING
2026.07.23 06:18:00;EURUSDm;1.14302;0.912489;0.442478;21.287123;0.785645;1.000000;1.000000;0.637174;9.827484;130.767225;1.272840;0.088886;-130.195062;-0.407370;0.399543;ORGANIZING
2026.07.23 06:19:00;EURUSDm;1.14288;0.918240;2.966102;21.975804;0.874668;1.000000;1.000000;0.639749;9.851320;130.854485;1.143291;0.087984;-129.735489;-0.411302;0.398600;ORGANIZING
2026.07.23 06:20:00;EURUSDm;1.14287;0.605262;0.216450;22.429750;0.821757;1.000000;0.994967;0.630459;9.874091;130.941444;1.216905;0.088290;-129.342552;-0.409078;0.399133;ORGANIZING
2026.07.23 06:21:00;EURUSDm;1.14296;0.738288;1.882845;22.983466;0.854811;1.000000;1.000000;0.626622;9.914467;131.029136;1.169849;0.087751;-128.982660;-0.410517;0.398788;ORGANIZING
2026.07.23 06:22:00;EURUSDm;1.14293;0.711213;0.625000;23.516876;0.823321;1.000000;1.000000;0.621961;9.971183;131.117081;1.214593;0.087593;-128.609814;-0.409183;0.399108;ORGANIZING
2026.07.23 06:23:00;EURUSDm;1.14291;0.392770;0.420168;21.635526;0.783163;1.000000;1.000000;0.684931;10.019111;131.205104;1.276873;0.087053;-130.760826;-0.407341;0.399550;ORGANIZING
2026.07.23 06:24:00;EURUSDm;1.14291;0.494766;0.001000;19.904684;0.724055;1.000000;0.989008;0.737226;10.044513;131.292790;1.381111;0.086913;-132.675639;-0.404221;0.400299;ORGANIZING
2026.07.23 06:25:00;EURUSDm;1.14282;0.367924;1.851852;18.312309;0.760445;1.000000;1.000000;0.779984;10.047373;131.380868;1.315020;0.086298;-134.483718;-0.406235;0.399815;ORGANIZING
2026.07.23 06:26:00;EURUSDm;1.14285;0.587903;0.635593;18.753236;0.734202;1.000000;1.000000;0.763031;10.048085;131.468691;1.362023;0.086615;-134.071888;-0.404809;0.400158;ORGANIZING
2026.07.23 06:27:00;EURUSDm;1.14284;0.745710;0.212766;19.312519;0.688130;1.000000;0.999153;0.752844;10.049271;131.556065;1.453213;0.087030;-133.535905;-0.402052;0.400819;ORGANIZING
2026.07.23 06:28:00;EURUSDm;1.14277;0.629261;1.458333;19.784465;0.706641;1.000000;1.000000;0.738799;10.048338;131.643615;1.415147;0.087004;-133.140064;-0.403195;0.400545;ORGANIZING
2026.07.23 06:29:00;EURUSDm;1.14281;0.721269;0.851064;20.325417;0.693862;1.000000;1.000000;0.728906;10.045952;131.731013;1.441209;0.087194;-132.649175;-0.402404;0.400735;ORGANIZING
2026.07.23 06:30:00;EURUSDm;1.14279;0.383989;0.425532;18.699383;0.660445;1.000000;1.000000;0.773763;10.020453;131.817822;1.514130;0.087301;-134.367316;-0.400211;0.401262;ORGANIZING
2026.07.23 06:31:00;EURUSDm;1.14268;0.236756;2.263374;17.203433;0.720592;1.000000;1.000000;0.809872;9.974041;131.904768;1.387748;0.086922;-135.989754;-0.404021;0.400347;ORGANIZING
2026.07.23 06:32:00;EURUSDm;1.14268;0.273433;0.001000;15.827158;0.664612;1.000000;0.993381;0.838192;9.941193;131.990826;1.504637;0.087382;-137.387051;-0.400492;0.401194;ORGANIZING
2026.07.23 06:33:00;EURUSDm;1.14269;0.226563;0.207469;14.560985;0.621755;1.000000;0.995210;0.859591;9.926714;132.076311;1.608351;0.087657;-138.709691;-0.397367;0.401945;ORGANIZING
2026.07.23 06:34:00;EURUSDm;1.14267;0.220871;0.418410;13.396107;0.591588;1.000000;1.000000;0.874856;9.928644;132.161513;1.690366;0.087757;-139.963994;-0.394901;0.402538;ORGANIZING
2026.07.23 06:35:00;EURUSDm;1.14261;0.206608;1.234568;12.324418;0.603737;1.000000;1.000000;0.884697;9.948171;132.247032;1.656351;0.087439;-141.192088;-0.395938;0.402289;ORGANIZING
2026.07.23 06:36:00;EURUSDm;1.14263;0.206179;0.409836;11.338465;0.574042;1.000000;1.000000;0.889760;9.984255;132.332615;1.742034;0.087351;-142.316222;-0.393371;0.402906;ORGANIZING
2026.07.23 06:37:00;EURUSDm;1.14267;0.249073;0.816327;10.431387;0.566156;1.000000;1.000000;0.890626;10.036047;132.418637;1.766298;0.087011;-143.406752;-0.392661;0.403077;ORGANIZING
2026.07.23 06:38:00;EURUSDm;1.14262;0.217224;1.004016;9.596876;0.568049;1.000000;1.000000;0.887820;10.102769;132.505345;1.760412;0.086515;-144.457697;-0.392862;0.403029;ORGANIZING
2026.07.23 06:39:00;EURUSDm;1.14253;0.235180;1.778656;8.829126;0.608579;1.000000;1.000000;0.881817;10.183722;132.593268;1.643171;0.085660;-145.503799;-0.396422;0.402172;ORGANIZING
2026.07.23 06:40:00;EURUSDm;1.14253;0.248448;0.001000;8.122796;0.558200;1.000000;0.995899;0.873042;10.275873;132.681609;1.791472;0.085418;-146.414844;-0.391985;0.403240;ORGANIZING
2026.07.23 06:41:00;EURUSDm;1.14253;0.225755;0.001000;7.472973;0.510340;1.000000;0.991634;0.861881;10.379599;132.770509;1.959477;0.085093;-147.290837;-0.386961;0.404449;ORGANIZING
2026.07.23 06:42:00;EURUSDm;1.14254;0.246369;0.200000;6.875135;0.474823;1.000000;0.994092;0.848679;10.494118;132.860198;2.106047;0.084619;-148.145481;-0.382588;0.405503;ORGANIZING
2026.07.23 06:43:00;EURUSDm;1.14261;0.301401;1.367188;6.325124;0.499441;1.000000;1.000000;0.833746;10.594752;132.951140;2.002237;0.083837;-148.982452;-0.385741;0.404743;ORGANIZING
2026.07.23 06:44:00;EURUSDm;1.14262;0.319261;0.196078;5.819114;0.464273;1.000000;1.000000;0.817359;10.682634;133.042609;2.153904;0.083582;-149.687754;-0.381204;0.405837;ORGANIZING
2026.07.23 06:45:00;EURUSDm;1.14266;0.550089;0.833333;6.231680;0.462726;1.000000;1.000000;0.797119;10.750027;133.134737;2.161105;0.083265;-149.460075;-0.381004;0.405885;ORGANIZING
2026.07.23 06:46:00;EURUSDm;1.14268;0.505363;0.425532;6.610703;0.440867;1.000000;1.000000;0.776215;10.817702;133.227322;2.268260;0.083092;-149.245319;-0.377798;0.406658;ORGANIZING
2026.07.23 06:47:00;EURUSDm;1.14267;0.510454;0.215517;6.993543;0.409599;1.000000;0.999711;0.756546;10.886803;133.320286;2.441411;0.082967;-149.023040;-0.372609;0.407911;ORGANIZING
2026.07.23 06:48:00;EURUSDm;1.14272;0.789857;1.054852;7.585936;0.421862;1.000000;1.000000;0.748338;10.954354;133.414048;2.370444;0.082477;-148.655360;-0.374763;0.407391;ORGANIZING
2026.07.23 06:49:00;EURUSDm;1.14271;0.783221;0.213675;8.173351;0.391452;1.000000;0.998670;0.740292;11.021103;133.508174;2.554588;0.082285;-148.249066;-0.369248;0.408723;ORGANIZING
2026.07.23 06:50:00;EURUSDm;1.14268;0.704432;0.657895;8.701675;0.384775;1.000000;1.000000;0.729694;11.065975;133.602681;2.598924;0.082099;-147.877118;-0.367927;0.409042;ORGANIZING
2026.07.23 06:51:00;EURUSDm;1.14268;0.735753;0.001000;9.253490;0.345586;1.000000;0.990574;0.720800;11.090144;133.697039;2.893637;0.082260;-147.411023;-0.359078;0.411183;ORGANIZING
2026.07.23 06:52:00;EURUSDm;1.14265;0.711868;0.672646;9.787391;0.341939;1.000000;1.000000;0.711455;11.095091;133.791409;2.924499;0.082315;-146.959049;-0.358149;0.411408;ORGANIZING
2026.07.23 06:53:00;EURUSDm;1.14258;0.668481;1.583710;10.288751;0.384027;1.000000;1.000000;0.700950;11.082338;133.886073;2.603981;0.082187;-146.547926;-0.367771;0.409080;ORGANIZING
2026.07.23 06:54:00;EURUSDm;1.14258;0.730350;0.001000;10.836514;0.344876;1.000000;0.989568;0.693291;11.052523;133.980047;2.899592;0.082708;-145.980035;-0.358877;0.411231;ORGANIZING
2026.07.23 06:55:00;EURUSDm;1.14243;0.438938;3.318584;9.969593;0.473561;1.000000;1.000000;0.701972;11.020808;134.074990;2.111658;0.081992;-147.024520;-0.382551;0.405512;ORGANIZING
2026.07.23 06:56:00;EURUSDm;1.14243;0.413896;0.001000;9.172025;0.429933;1.000000;0.989604;0.706752;10.987369;134.169163;2.325942;0.082481;-147.815312;-0.376098;0.407068;ORGANIZING
2026.07.23 06:57:00;EURUSDm;1.14247;0.418046;0.952381;8.438263;0.436056;1.000000;1.000000;0.708102;10.952363;134.263048;2.293285;0.082668;-148.581771;-0.377068;0.406834;ORGANIZING
2026.07.23 06:58:00;EURUSDm;1.14243;0.442868;0.952381;7.763202;0.441872;1.000000;1.000000;0.706450;10.915938;134.356626;2.263099;0.082889;-149.280072;-0.377963;0.406618;ORGANIZING
2026.07.23 06:59:00;EURUSDm;1.14249;0.784388;1.421801;8.351494;0.470868;1.000000;1.000000;0.700542;10.866134;134.449996;2.123735;0.083073;-148.702724;-0.382134;0.405612;ORGANIZING
2026.07.23 07:00:00;EURUSDm;1.14248;0.813484;0.253807;8.961606;0.440015;1.000000;0.998402;0.696021;10.820192;134.542598;2.272648;0.083638;-148.053433;-0.377639;0.406697;ORGANIZING
2026.07.23 07:01:00;EURUSDm;1.14253;0.823902;1.275510;9.579533;0.461790;1.000000;1.000000;0.692116;10.787157;134.635087;2.165486;0.083745;-147.475890;-0.380848;0.405922;ORGANIZING
2026.07.23 07:02:00;EURUSDm;1.14247;0.838062;1.538462;10.208079;0.495624;1.000000;1.000000;0.688938;10.766550;134.727709;2.017660;0.083674;-146.926229;-0.385286;0.404852;ORGANIZING
2026.07.23 07:03:00;EURUSDm;1.14231;0.323899;3.980100;9.391433;0.649848;1.000000;1.000000;0.695323;10.743381;134.821641;1.538823;0.082723;-147.957463;-0.399699;0.401385;ORGANIZING
2026.07.23 07:04:00;EURUSDm;1.14218;0.243726;3.051643;8.640118;0.749937;1.000000;1.000000;0.698123;10.717874;134.916319;1.333445;0.082197;-148.858131;-0.405887;0.399899;ORGANIZING
2026.07.23 07:05:00;EURUSDm;1.14228;0.272966;2.252252;7.948909;0.805053;1.000000;1.000000;0.697777;10.681457;135.011184;1.242154;0.082073;-149.625796;-0.408632;0.399240;ORGANIZING
2026.07.23 07:06:00;EURUSDm;1.14227;0.258242;0.225225;7.312996;0.756062;1.000000;0.997305;0.694684;10.635072;135.105096;1.322643;0.082742;-150.207674;-0.406184;0.399828;ORGANIZING
2026.07.23 07:07:00;EURUSDm;1.14225;0.257214;0.465116;6.727956;0.721514;1.000000;1.000000;0.689202;10.584553;135.198156;1.385974;0.083366;-150.739223;-0.404252;0.400291;ORGANIZING
2026.07.23 07:08:00;EURUSDm;1.14227;0.246122;0.465116;6.189720;0.688694;1.000000;1.000000;0.681653;10.545592;135.290499;1.452023;0.083921;-151.243965;-0.402243;0.400773;ORGANIZING
2026.07.23 07:09:00;EURUSDm;1.14233;0.282843;1.449275;5.694542;0.706724;1.000000;1.000000;0.672330;10.517652;135.382743;1.414981;0.084057;-151.774888;-0.403348;0.400508;ORGANIZING
2026.07.23 07:10:00;EURUSDm;1.14251;0.655601;4.017857;6.186243;0.852280;1.000000;1.000000;0.663298;10.490218;135.476168;1.173323;0.083293;-151.449238;-0.410636;0.398760;ORGANIZING
2026.07.23 07:11:00;EURUSDm;1.14237;0.347106;3.056769;5.691344;0.942505;1.000000;1.000000;0.654878;10.473389;135.570327;1.061003;0.082845;-152.078022;-0.414028;0.397947;ORGANIZING
2026.07.23 07:12:00;EURUSDm;1.14245;0.573733;1.709402;6.121644;0.960849;1.000000;1.000000;0.643649;10.457679;135.664512;1.040746;0.082904;-151.706375;-0.414632;0.397802;ORGANIZING
2026.07.23 07:13:00;EURUSDm;1.14248;0.947281;0.638298;6.832104;0.924722;1.000000;1.000000;0.646990;10.439957;135.758159;1.081406;0.083252;-151.024671;-0.413395;0.398098;ORGANIZING
2026.07.23 07:14:00;EURUSDm;1.14264;0.940464;3.187251;7.537452;1.000000;1.000000;1.000000;0.649908;10.420748;135.852367;1.000000;0.082846;-150.456226;-0.415858;0.397508;ORGANIZING
2026.07.23 07:15:00;EURUSDm;1.14266;0.472281;0.409836;6.934456;0.950492;1.000000;1.000000;0.647562;10.398996;135.945861;1.052087;0.083354;-151.055013;-0.414270;0.397889;ORGANIZING
2026.07.23 07:16:00;EURUSDm;1.14267;0.447334;0.206612;6.379700;0.893298;1.000000;0.994896;0.642922;10.374924;136.038544;1.119448;0.083955;-151.587834;-0.412219;0.398380;ORGANIZING
2026.07.23 07:17:00;EURUSDm;1.14262;0.732514;1.016260;6.929085;0.879446;1.000000;1.000000;0.638245;10.338141;136.130720;1.137080;0.084347;-151.033853;-0.411670;0.398512;ORGANIZING
2026.07.23 07:18:00;EURUSDm;1.14260;0.655818;0.414938;7.420948;0.836221;1.000000;1.000000;0.630926;10.289873;136.221980;1.195857;0.085056;-150.478851;-0.409872;0.398943;ORGANIZING
2026.07.23 07:19:00;EURUSDm;1.14267;0.621196;1.434426;7.886845;0.846131;1.000000;1.000000;0.622675;10.243070;136.312872;1.181850;0.085383;-150.003648;-0.410275;0.398846;ORGANIZING
2026.07.23 07:20:00;EURUSDm;1.14262;0.743692;1.012146;8.444614;0.834432;1.000000;1.000000;0.619429;10.197025;136.403187;1.198421;0.085830;-149.425912;-0.409756;0.398971;ORGANIZING
2026.07.23 07:21:00;EURUSDm;1.14260;0.892254;0.420168;9.113805;0.793718;1.000000;1.000000;0.621917;10.150697;136.492631;1.259893;0.086458;-148.717773;-0.407880;0.399420;ORGANIZING
2026.07.23 07:22:00;EURUSDm;1.14262;0.636144;0.416667;9.590913;0.754866;1.000000;1.000000;0.614677;10.106115;136.581241;1.324739;0.087141;-148.186778;-0.405901;0.399895;ORGANIZING
2026.07.23 07:23:00;EURUSDm;1.14253;0.402653;1.814516;8.823640;0.787848;1.000000;1.000000;0.622307;10.061262;136.669732;1.269280;0.087173;-149.001079;-0.407563;0.399497;ORGANIZING
2026.07.23 07:24:00;EURUSDm;1.14237;0.455701;3.053435;8.117748;0.881128;1.000000;1.000000;0.626486;10.016180;136.758705;1.134909;0.086777;-149.807416;-0.411614;0.398525;ORGANIZING
2026.07.23 07:25:00;EURUSDm;1.14252;0.352642;2.767528;7.468329;0.955448;1.000000;1.000000;0.627633;9.970905;136.847969;1.046630;0.086550;-150.532162;-0.414274;0.397888;ORGANIZING
2026.07.23 07:26:00;EURUSDm;1.14252;0.338282;0.001000;6.870862;0.887725;1.000000;0.987002;0.626124;9.925472;136.936101;1.126475;0.087418;-151.056155;-0.411835;0.398472;ORGANIZING
2026.07.23 07:27:00;EURUSDm;1.14240;0.567527;2.166065;7.296508;0.931642;1.000000;1.000000;0.616100;9.881530;137.024232;1.073373;0.087495;-150.654627;-0.413424;0.398091;ORGANIZING
2026.07.23 07:28:00;EURUSDm;1.14245;0.462049;0.902527;6.712787;0.910186;1.000000;1.000000;0.614481;9.837353;137.111708;1.098676;0.088013;-151.212775;-0.412639;0.398279;ORGANIZING
2026.07.23 07:29:00;EURUSDm;1.14253;0.413414;1.449275;6.175764;0.917141;1.000000;1.000000;0.610608;9.792978;137.198809;1.090345;0.088334;-151.747359;-0.412873;0.398223;ORGANIZING
2026.07.23 07:30:00;EURUSDm;1.14251;0.793540;0.359712;6.770919;0.869269;1.000000;0.998961;0.609836;9.749860;137.285000;1.150391;0.089055;-151.102742;-0.411035;0.398664;ORGANIZING
2026.07.23 07:31:00;EURUSDm;1.14245;0.779973;1.056338;7.355899;0.858623;1.000000;1.000000;0.608593;9.717756;137.370764;1.164656;0.089406;-150.526186;-0.410590;0.398771;ORGANIZING
2026.07.23 07:32:00;EURUSDm;1.14256;0.718834;1.870748;7.895025;0.889229;1.000000;1.000000;0.605120;9.686901;137.456525;1.124569;0.089435;-150.034772;-0.411791;0.398483;ORGANIZING
2026.07.23 07:33:00;EURUSDm;1.14264;0.472506;1.355932;7.263423;0.892564;1.000000;1.000000;0.606444;9.642780;137.541879;1.120367;0.089752;-150.669468;-0.411901;0.398456;ORGANIZING
2026.07.23 07:34:00;EURUSDm;1.14264;0.737156;0.001000;7.816290;0.827986;1.000000;0.986261;0.603765;9.597354;137.626132;1.207750;0.090669;-150.040067;-0.409234;0.399096;ORGANIZING
2026.07.23 07:35:00;EURUSDm;1.14263;0.722367;0.171821;8.358065;0.775178;1.000000;0.978887;0.600665;9.563604;137.709520;1.290026;0.091412;-149.455171;-0.406729;0.399697;ORGANIZING
2026.07.23 07:36:00;EURUSDm;1.14259;0.699424;0.682594;8.882633;0.750549;1.000000;0.989540;0.596861;9.540815;137.792434;1.332359;0.091842;-148.935700;-0.405437;0.400007;ORGANIZING
2026.07.23 07:37:00;EURUSDm;1.14263;0.691674;0.675676;9.401389;0.726805;1.000000;0.999445;0.592955;9.517834;137.874880;1.375885;0.092271;-148.421875;-0.404110;0.400325;ORGANIZING
2026.07.23 07:38:00;EURUSDm;1.14251;0.662619;1.980198;9.898354;0.769475;1.000000;1.000000;0.588156;9.495019;137.957525;1.299588;0.092143;-147.994995;-0.406405;0.399774;ORGANIZING
2026.07.23 07:39:00;EURUSDm;1.14252;0.428829;0.165017;9.106486;0.719252;1.000000;0.991361;0.598341;9.459740;138.039315;1.390334;0.092787;-148.768245;-0.403651;0.400436;ORGANIZING
2026.07.23 07:40:00;EURUSDm;1.14258;0.663607;0.980392;9.604191;0.712309;1.000000;1.000000;0.593310;9.424037;138.120678;1.403886;0.093200;-148.263490;-0.403223;0.400538;ORGANIZING
2026.07.23 07:41:00;EURUSDm;1.14247;0.504878;1.735016;9.982849;0.743444;1.000000;1.000000;0.582577;9.385608;138.201969;1.345091;0.093356;-147.898933;-0.404979;0.400117;ORGANIZING
2026.07.23 07:42:00;EURUSDm;1.14238;0.269529;1.393189;9.184221;0.755931;1.000000;1.000000;0.593380;9.342746;138.282956;1.322871;0.093527;-148.726918;-0.405637;0.399959;ORGANIZING
2026.07.23 07:43:00;EURUSDm;1.14227;0.258549;1.681957;8.449484;0.782233;1.000000;1.000000;0.600447;9.299774;138.363776;1.278392;0.093611;-149.496968;-0.406968;0.399639;ORGANIZING
2026.07.23 07:44:00;EURUSDm;1.14223;0.492135;0.604230;7.773525;0.753333;1.000000;1.000000;0.604223;9.256718;138.443876;1.327435;0.094213;-150.145565;-0.405466;0.400000;ORGANIZING
2026.07.23 07:45:00;EURUSDm;1.14223;0.248014;0.001000;7.151643;0.695716;1.000000;0.986183;0.605106;9.213601;138.522969;1.437368;0.095107;-150.704456;-0.402124;0.400802;ORGANIZING
2026.07.23 07:46:00;EURUSDm;1.14206;0.189122;2.552553;6.579511;0.768558;1.000000;1.000000;0.603457;9.170446;138.602359;1.301138;0.094855;-151.339213;-0.406223;0.399818;ORGANIZING
2026.07.23 07:47:00;EURUSDm;1.14209;0.261933;0.451807;6.053151;0.732720;1.000000;1.000000;0.599602;9.137028;138.681057;1.364777;0.095517;-151.833887;-0.404281;0.400284;ORGANIZING
2026.07.23 07:48:00;EURUSDm;1.14227;0.451247;2.601156;5.568898;0.806142;1.000000;1.000000;0.593835;9.102782;138.760146;1.240476;0.095213;-152.390623;-0.408025;0.399386;ORGANIZING
2026.07.23 07:49:00;EURUSDm;1.14236;0.495154;1.289398;5.123387;0.810305;1.000000;1.000000;0.586419;9.067791;138.838927;1.234104;0.095561;-152.834266;-0.408199;0.399344;ORGANIZING
2026.07.23 07:50:00;EURUSDm;1.14245;0.829222;1.260504;5.745303;0.812815;1.000000;1.000000;0.588194;9.032709;138.917382;1.230293;0.095843;-152.226698;-0.408299;0.399320;ORGANIZING
2026.07.23 07:51:00;EURUSDm;1.14246;0.836050;0.141643;6.372341;0.759256;1.000000;0.990544;0.590136;8.997381;138.994949;1.317078;0.096648;-151.556897;-0.405655;0.399954;ORGANIZING
2026.07.23 07:52:00;EURUSDm;1.14238;0.495858;1.126761;5.862554;0.757631;1.000000;1.000000;0.586118;8.972718;139.072252;1.319903;0.096932;-152.085004;-0.405556;0.399978;ORGANIZING
2026.07.23 07:53:00;EURUSDm;1.14226;0.248113;1.709402;5.393549;0.785220;1.000000;1.000000;0.580263;8.946554;139.149570;1.273529;0.096974;-152.594873;-0.406945;0.399645;ORGANIZING
2026.07.23 07:54:00;EURUSDm;1.14224;0.246121;0.294118;4.962065;0.740665;1.000000;0.995603;0.572824;8.930363;139.226280;1.350138;0.097620;-153.011253;-0.404615;0.400204;ORGANIZING
2026.07.23 07:55:00;EURUSDm;1.14237;0.382700;1.895044;4.565100;0.778384;1.000000;1.000000;0.564031;8.923641;139.303301;1.284713;0.097408;-153.491928;-0.406588;0.399730;ORGANIZING
2026.07.23 07:56:00;EURUSDm;1.14242;0.615345;0.720461;5.026609;0.755488;1.000000;1.000000;0.558905;8.917583;139.380031;1.323648;0.097733;-153.061885;-0.405404;0.400015;ORGANIZING
2026.07.23 07:57:00;EURUSDm;1.14241;0.488924;0.144509;4.624480;0.704939;1.000000;0.989619;0.551066;8.920764;139.456288;1.418563;0.098263;-153.480407;-0.402530;0.400705;ORGANIZING
2026.07.23 07:58:00;EURUSDm;1.14244;0.921574;0.432277;5.315661;0.671306;1.000000;0.989400;0.558072;8.921987;139.532221;1.489635;0.098509;-152.847984;-0.400386;0.401220;ORGANIZING
2026.07.23 07:59:00;EURUSDm;1.14241;0.879581;0.436047;5.975346;0.639543;1.000000;0.989565;0.563152;8.908689;139.607703;1.563617;0.098898;-152.215582;-0.398147;0.401758;ORGANIZING
2026.07.23 08:00:00;EURUSDm;1.14240;0.612975;0.152905;6.435077;0.595211;1.000000;0.979992;0.557981;8.895836;139.682614;1.680077;0.099512;-151.750383;-0.394622;0.402605;ORGANIZING
2026.07.23 08:01:00;EURUSDm;1.14231;0.687305;1.397516;6.950556;0.615326;1.000000;1.000000;0.555856;8.881680;139.757584;1.625155;0.099474;-151.297426;-0.396272;0.402208;ORGANIZING
2026.07.23 08:02:00;EURUSDm;1.14229;0.918588;0.316456;7.639497;0.580382;1.000000;0.995531;0.562510;8.852719;139.831915;1.723002;0.100044;-150.603259;-0.393308;0.402921;ORGANIZING
2026.07.23 08:03:00;EURUSDm;1.14224;0.904677;0.786164;8.318005;0.570672;1.000000;1.000000;0.568310;8.809770;139.905719;1.752322;0.100515;-149.914547;-0.392405;0.403139;ORGANIZING
2026.07.23 08:04:00;EURUSDm;1.14223;0.897705;0.165017;8.991284;0.530389;1.000000;0.990666;0.573559;8.777899;139.978802;1.885409;0.101196;-149.220823;-0.388378;0.404108;ORGANIZING
2026.07.23 08:05:00;EURUSDm;1.14212;0.845272;1.762821;9.625238;0.572010;1.000000;1.000000;0.576578;8.758745;140.052110;1.748220;0.100935;-148.669530;-0.392507;0.403114;ORGANIZING
2026.07.23 08:06:00;EURUSDm;1.14221;0.656451;1.406250;10.117576;0.593722;1.000000;1.000000;0.572366;8.750332;140.125550;1.684289;0.100843;-148.247094;-0.394429;0.402652;ORGANIZING
2026.07.23 08:07:00;EURUSDm;1.14237;0.352382;2.416918;9.308170;0.664882;1.000000;1.000000;0.584218;8.739131;140.199591;1.504026;0.100118;-149.203001;-0.399873;0.401343;ORGANIZING
2026.07.23 08:08:00;EURUSDm;1.14226;0.858844;1.617647;9.952303;0.692520;1.000000;1.000000;0.587214;8.739269;140.273908;1.444001;0.099810;-148.667093;-0.401689;0.400906;ORGANIZING
2026.07.23 08:09:00;EURUSDm;1.14226;0.852543;0.001000;10.591710;0.637944;1.000000;0.985587;0.589824;8.750256;140.347790;1.567535;0.100220;-148.074185;-0.397963;0.401802;ORGANIZING
2026.07.23 08:10:00;EURUSDm;1.14227;0.505471;0.151976;10.970812;0.593646;1.000000;0.977055;0.579288;8.758760;140.421315;1.684506;0.100688;-147.720243;-0.394430;0.402651;ORGANIZING
2026.07.23 08:11:00;EURUSDm;1.14227;0.466352;0.001000;10.093147;0.544014;1.000000;0.963168;0.594207;8.752174;140.494276;1.838189;0.101108;-148.637904;-0.389799;0.403766;ORGANIZING
2026.07.23 08:12:00;EURUSDm;1.14220;0.483910;1.054217;9.285696;0.549524;1.000000;0.987152;0.604869;8.742645;140.567198;1.819757;0.101040;-149.526053;-0.390355;0.403632;ORGANIZING
2026.07.23 08:13:00;EURUSDm;1.14199;0.332641;3.052326;8.542840;0.654664;1.000000;1.000000;0.611768;8.730424;140.641049;1.527501;0.100031;-150.437258;-0.399173;0.401511;ORGANIZING
2026.07.23 08:14:00;EURUSDm;1.14192;0.282523;1.044776;7.859413;0.654170;1.000000;1.000000;0.615351;8.715746;140.714748;1.528656;0.100148;-151.171699;-0.399133;0.401521;ORGANIZING
2026.07.23 08:15:00;EURUSDm;1.14187;0.200201;0.769231;7.230660;0.639923;1.000000;1.000000;0.616021;8.698823;140.788136;1.562689;0.100454;-151.827086;-0.398097;0.401770;ORGANIZING
2026.07.23 08:16:00;EURUSDm;1.14170;0.169822;2.485380;6.652207;0.712195;1.000000;1.000000;0.614143;8.671584;140.861973;1.404109;0.100021;-152.493416;-0.402876;0.400622;ORGANIZING
2026.07.23 08:17:00;EURUSDm;1.14177;0.177906;1.038576;6.120030;0.708514;1.000000;1.000000;0.610045;8.643182;140.935490;1.411404;0.100384;-153.030427;-0.402639;0.400679;ORGANIZING
2026.07.23 08:18:00;EURUSDm;1.14168;0.167043;1.319648;5.630428;0.719071;1.000000;1.000000;0.604022;8.603114;141.008712;1.390683;0.100743;-153.511628;-0.403242;0.400534;ORGANIZING
2026.07.23 08:19:00;EURUSDm;1.14167;0.170683;0.149701;5.179994;0.670603;1.000000;0.991380;0.596343;8.568052;141.081099;1.491196;0.101678;-153.900497;-0.400180;0.401269;ORGANIZING
2026.07.23 08:20:00;EURUSDm;1.14182;0.188071;2.161383;4.765594;0.725142;1.000000;1.000000;0.587246;8.541906;141.153769;1.379041;0.101479;-154.371621;-0.403555;0.400459;ORGANIZING
2026.07.23 08:21:00;EURUSDm;1.14177;0.194400;0.722543;4.384347;0.705012;1.000000;1.000000;0.576946;8.524859;141.226068;1.418416;0.101970;-154.750343;-0.402349;0.400748;ORGANIZING
2026.07.23 08:22:00;EURUSDm;1.14176;0.195713;0.148810;4.033599;0.657202;1.000000;0.990401;0.565636;8.518294;141.297823;1.521603;0.102657;-155.089285;-0.399219;0.401500;ORGANIZING
2026.07.23 08:23:00;EURUSDm;1.14178;0.211263;0.303030;3.710911;0.619493;1.000000;0.986141;0.553489;8.521773;141.369236;1.614223;0.103149;-155.428341;-0.396416;0.402174;ORGANIZING
2026.07.23 08:24:00;EURUSDm;1.14169;0.197339;1.327434;3.414038;0.634890;1.000000;1.000000;0.540658;8.534937;141.440934;1.575076;0.102981;-155.812975;-0.397599;0.401889;ORGANIZING
2026.07.23 08:25:00;EURUSDm;1.14166;0.216530;0.439883;3.140915;0.605140;1.000000;0.999319;0.527281;8.557105;141.512556;1.652511;0.103204;-156.145553;-0.395264;0.402451;ORGANIZING
2026.07.23 08:26:00;EURUSDm;1.14167;0.205356;0.147929;2.889642;0.562279;1.000000;0.987975;0.513481;8.586599;141.584045;1.778476;0.103494;-156.456842;-0.391471;0.403363;ORGANIZING
2026.07.23 08:27:00;EURUSDm;1.14160;0.181049;1.026393;2.658471;0.565485;1.000000;1.000000;0.499365;8.610163;141.655801;1.768394;0.103359;-156.781872;-0.391780;0.403289;ORGANIZING
2026.07.23 08:28:00;EURUSDm;1.14157;0.192135;0.451807;2.445793;0.539801;1.000000;0.998291;0.485031;8.642177;141.727621;1.852535;0.103445;-157.076046;-0.389252;0.403897;ORGANIZING
2026.07.23 08:29:00;EURUSDm;1.14168;0.209669;1.608187;2.250129;0.573220;1.000000;1.000000;0.470562;8.682382;141.800177;1.744530;0.102815;-157.429157;-0.392523;0.403110;ORGANIZING
2026.07.23 08:30:00;EURUSDm;1.14157;0.200652;1.585014;2.070119;0.603810;1.000000;1.000000;0.456035;8.727977;141.873495;1.656150;0.102168;-157.775210;-0.395207;0.402464;ORGANIZING
2026.07.23 08:31:00;EURUSDm;1.14141;0.194760;2.272727;1.904510;0.667256;1.000000;1.000000;0.441514;8.766224;141.947830;1.498675;0.101266;-158.126051;-0.399976;0.401318;ORGANIZING
2026.07.23 08:32:00;EURUSDm;1.14132;0.198991;1.278409;1.752149;0.677814;0.999586;1.000000;0.427056;8.797728;142.022594;1.474722;0.100942;-158.398240;-0.400711;0.401141;ORGANIZING
2026.07.23 08:33:00;EURUSDm;1.14137;0.227437;0.722543;1.611977;0.660058;0.994105;1.000000;0.412712;8.823048;142.097543;1.506086;0.100457;-158.623039;-0.399795;0.401362;ORGANIZING
2026.07.23 08:34:00;EURUSDm;1.14122;0.223422;2.100840;1.483019;0.712215;0.983867;1.000000;0.398524;8.842697;142.173414;1.381417;0.098847;-158.901186;-0.403615;0.400444;ORGANIZING
2026.07.23 08:35:00;EURUSDm;1.14124;0.235306;0.278552;1.364377;0.670855;0.969842;0.988698;0.384530;8.857146;142.249298;1.445681;0.097840;-159.069285;-0.401738;0.400895;ORGANIZING
2026.07.23 08:36:00;EURUSDm;1.14111;0.242543;1.830986;1.255227;0.709464;0.952197;1.000000;0.370761;8.866830;142.326017;1.342135;0.095727;-159.303239;-0.404950;0.400124;ORGANIZING
2026.07.23 08:37:00;EURUSDm;1.14100;0.225536;1.515152;1.154809;0.730705;0.931490;1.000000;0.357244;8.872148;142.403415;1.274782;0.093522;-159.506606;-0.407080;0.399612;ORGANIZING
2026.07.23 08:38:00;EURUSDm;1.14113;0.258834;1.815642;1.062424;0.766322;0.908096;1.000000;0.344001;8.873468;142.481651;1.185005;0.090957;-159.712390;-0.409902;0.398936;ORGANIZING
2026.07.23 08:39:00;EURUSDm;1.14098;0.244063;2.060440;0.977430;0.812866;0.882368;1.000000;0.331051;8.871126;142.560844;1.085502;0.088104;-159.918264;-0.413030;0.398186;ORGANIZING
2026.07.23 08:40:00;EURUSDm;1.14093;0.230297;0.694444;0.899236;0.789298;0.855003;1.000000;0.318408;8.865434;142.640291;1.083246;0.085731;-160.043032;-0.413216;0.398141;ORGANIZING
2026.07.23 08:41:00;EURUSDm;1.14089;0.235700;0.550964;0.827297;0.760281;0.826355;0.995428;0.306084;8.856677;142.719934;1.086908;0.083276;-160.152085;-0.413229;0.398138;ORGANIZING
2026.07.23 08:42:00;EURUSDm;1.14073;0.232526;2.156334;0.761113;0.813556;0.796324;1.000000;0.294089;8.845119;142.800594;0.978819;0.080010;-160.335128;-0.416635;0.397322;ORGANIZING
2026.07.23 08:43:00;EURUSDm;1.14086;0.244603;1.747312;0.700224;0.844318;0.765296;1.000000;0.282429;8.831000;142.882041;0.906408;0.076854;-160.487697;-0.418965;0.396764;ORGANIZING
2026.07.23 08:44:00;EURUSDm;1.14088;0.257453;0.268817;0.644206;0.800237;0.733880;0.984294;0.271109;8.814543;142.963511;0.917078;0.074235;-160.556966;-0.418776;0.396810;ORGANIZING
2026.07.23 08:45:00;EURUSDm;1.14095;0.270796;0.956284;0.592670;0.793361;0.702100;0.992802;0.260130;8.795953;143.045362;0.884968;0.071283;-160.656120;-0.419887;0.396544;ORGANIZING
2026.07.23 08:46:00;EURUSDm;1.14093;0.268796;0.275482;0.545256;0.753426;0.670310;0.976800;0.249494;8.775417;143.127245;0.889683;0.068550;-160.714927;-0.419882;0.396545;ORGANIZING
2026.07.23 08:47:00;EURUSDm;1.14099;0.292737;0.815217;0.501636;0.743109;0.638523;0.979877;0.239201;8.753108;143.209436;0.859259;0.065588;-160.797004;-0.420943;0.396291;ORGANIZING
2026.07.23 08:48:00;EURUSDm;1.14100;0.302199;0.136612;0.461505;0.700014;0.607051;0.958735;0.229247;8.729186;143.291587;0.867199;0.062852;-160.839910;-0.420841;0.396315;ORGANIZING
2026.07.23 08:49:00;EURUSDm;1.14086;0.264268;1.856764;0.424584;0.745710;0.575575;0.998190;0.219631;8.703795;143.374571;0.771848;0.059527;-160.966973;-0.423868;0.395591;ORGANIZING
2026.07.23 08:50:00;EURUSDm;1.14101;0.315372;1.918159;0.390618;0.792821;0.544226;1.000000;0.210348;8.677071;143.458385;0.686443;0.056220;-161.091200;-0.426596;0.394940;ORGANIZING
2026.07.23 08:51:00;EURUSDm;1.14110;0.442486;1.150895;0.359368;0.799840;0.513321;1.000000;0.201393;8.649137;143.542609;0.641780;0.053192;-161.170819;-0.428087;0.394583;ORGANIZING
2026.07.23 08:52:00;EURUSDm;1.14104;0.480815;0.759494;0.330619;0.787556;0.483044;0.998631;0.192760;8.620107;143.627024;0.613346;0.050315;-161.226652;-0.429084;0.394345;ORGANIZING
2026.07.23 08:53:00;EURUSDm;1.14108;0.469171;0.507614;0.304169;0.763898;0.453520;0.988192;0.184445;8.590084;143.711494;0.593692;0.047547;-161.266761;-0.429812;0.394171;ORGANIZING
2026.07.23 08:54:00;EURUSDm;1.14113;0.915880;0.628141;0.991079;0.748040;0.458617;0.982046;0.209568;8.552053;143.795322;0.613091;0.048226;-160.616910;-0.429196;0.394318;ORGANIZING
2026.07.23 08:55:00;EURUSDm;1.14114;0.905983;0.128866;1.670566;0.707909;0.491100;0.959519;0.233064;8.512355;143.877703;0.693733;0.051950;-159.914784;-0.426591;0.394941;ORGANIZING
2026.07.23 08:56:00;EURUSDm;1.14116;0.901522;0.262467;2.346708;0.675815;0.546454;0.943280;0.255218;8.480708;143.958339;0.808585;0.058061;-159.212845;-0.422839;0.395838;ORGANIZING
2026.07.23 08:57:00;EURUSDm;1.14109;0.897443;0.940860;3.019790;0.678138;0.620814;0.952128;0.276111;8.456954;144.037274;0.915468;0.065965;-158.540940;-0.419238;0.396699;ORGANIZING
2026.07.23 08:58:00;EURUSDm;1.14105;0.885453;0.547945;3.683879;0.659212;0.710922;0.947645;0.295510;8.440884;144.114056;1.078442;0.075665;-157.851256;-0.413863;0.397986;ORGANIZING
2026.07.23 08:59:00;EURUSDm;1.14102;0.871673;0.407609;4.337634;0.632414;0.813968;0.939087;0.313422;8.432282;144.188424;1.287081;0.086794;-157.160644;-0.407048;0.399620;ORGANIZING
2026.07.23 09:00:00;EURUSDm;1.14106;0.756724;0.539084;4.905177;0.611468;0.925719;0.936057;0.326128;8.430180;144.260326;1.513930;0.098820;-156.553514;-0.399641;0.401399;ORGANIZING
2026.07.23 09:01:00;EURUSDm;1.14129;0.366924;2.918782;4.512763;0.708319;1.000000;1.000000;0.329443;8.424883;144.331658;1.411793;0.105679;-157.035867;-0.402362;0.400745;ORGANIZING
2026.07.23 09:02:00;EURUSDm;1.14125;0.324715;0.511509;4.151742;0.678479;1.000000;0.994433;0.331022;8.416665;144.402610;1.473886;0.106088;-157.424720;-0.400479;0.401197;ORGANIZING
2026.07.23 09:03:00;EURUSDm;1.14140;0.319929;1.948052;3.819602;0.721957;1.000000;1.000000;0.331077;8.405776;144.473887;1.385124;0.105722;-157.849948;-0.403160;0.400553;ORGANIZING
2026.07.23 09:04:00;EURUSDm;1.14145;0.312686;0.652742;3.514034;0.698496;1.000000;0.999434;0.329802;8.392445;144.544796;1.431646;0.106149;-158.173753;-0.401743;0.400894;ORGANIZING
2026.07.23 09:05:00;EURUSDm;1.14141;0.341069;0.523560;3.232912;0.669750;1.000000;0.994321;0.327368;8.376885;144.615263;1.493095;0.106678;-158.460608;-0.399873;0.401343;ORGANIZING
2026.07.23 09:06:00;EURUSDm;1.14138;0.345016;0.407609;2.974279;0.636643;1.000000;0.985244;0.323931;8.359291;144.685222;1.570740;0.107298;-158.714031;-0.397513;0.401910;ORGANIZING
2026.07.23 09:07:00;EURUSDm;1.14131;0.407322;0.951087;2.736336;0.632365;1.000000;0.995386;0.319632;8.339842;144.754944;1.581366;0.107621;-158.969920;-0.397178;0.401991;ORGANIZING
2026.07.23 09:08:00;EURUSDm;1.14131;0.417400;0.001000;2.517429;0.580797;1.000000;0.971770;0.314596;8.318702;144.823939;1.721773;0.108529;-159.153901;-0.392920;0.403014;ORGANIZING
2026.07.23 09:09:00;EURUSDm;1.14130;0.348511;0.139276;2.316035;0.538721;1.000000;0.953643;0.308936;8.296023;144.892286;1.856250;0.109365;-159.324888;-0.388844;0.403996;ORGANIZING
2026.07.23 09:10:00;EURUSDm;1.14133;0.400974;0.432277;2.130752;0.513398;1.000000;0.946208;0.302753;8.271944;144.960140;1.947805;0.110034;-159.492180;-0.386064;0.404665;ORGANIZING
2026.07.23 09:11:00;EURUSDm;1.14123;0.707422;1.420455;2.661318;0.538751;1.000000;0.973403;0.314144;8.253604;145.028063;1.856144;0.109812;-159.040991;-0.388825;0.404000;ORGANIZING
2026.07.23 09:12:00;EURUSDm;1.14117;0.697073;0.840336;3.184123;0.533830;1.000000;0.979741;0.324577;8.240871;145.095810;1.873254;0.109899;-158.576412;-0.388307;0.404125;ORGANIZING
2026.07.23 09:13:00;EURUSDm;1.14115;0.807092;0.280112;3.789442;0.501145;1.000000;0.966614;0.338614;8.234519;145.163167;1.995432;0.110202;-158.021135;-0.384627;0.405011;ORGANIZING
2026.07.23 09:14:00;EURUSDm;1.14105;0.800406;1.396648;4.389746;0.525920;1.000000;0.993517;0.351698;8.227333;145.230700;1.901431;0.109830;-157.524936;-0.387466;0.404328;ORGANIZING
2026.07.23 09:15:00;EURUSDm;1.14121;0.802973;2.156334;4.991976;0.587440;1.000000;1.000000;0.364225;8.219411;145.298768;1.702300;0.109038;-157.061504;-0.393479;0.402880;ORGANIZING
2026.07.23 09:16:00;EURUSDm;1.14124;0.786395;0.402145;5.581772;0.558176;1.000000;0.991823;0.375503;8.210664;145.366457;1.791551;0.109357;-156.515195;-0.390786;0.403528;ORGANIZING
2026.07.23 09:17:00;EURUSDm;1.14126;0.541186;0.271739;5.987662;0.523854;1.000000;0.979763;0.377023;8.199290;145.433688;1.908930;0.109888;-156.122505;-0.387238;0.404382;ORGANIZING
2026.07.23 09:18:00;EURUSDm;1.14115;0.767867;1.462766;6.563562;0.550799;1.000000;1.000000;0.386967;8.187090;145.501067;1.815543;0.109591;-155.636418;-0.390054;0.403704;ORGANIZING
2026.07.23 09:19:00;EURUSDm;1.14118;0.567332;0.407609;6.989061;0.523640;1.000000;0.992810;0.388893;8.172669;145.568030;1.909709;0.110069;-155.225733;-0.387205;0.404390;ORGANIZING
2026.07.23 09:20:00;EURUSDm;1.14116;0.770626;0.278552;7.567030;0.491385;1.000000;0.981422;0.398347;8.158424;145.634528;2.035062;0.110520;-154.672425;-0.383422;0.405302;ORGANIZING
2026.07.23 09:21:00;EURUSDm;1.14104;0.425938;1.690141;6.961668;0.531323;1.000000;1.000000;0.408698;8.142121;145.701262;1.882094;0.110106;-155.372555;-0.388032;0.404191;ORGANIZING
2026.07.23 09:22:00;EURUSDm;1.14109;0.544752;0.712251;7.370232;0.520370;1.000000;1.000000;0.408691;8.133595;145.767802;1.921711;0.110343;-155.002512;-0.386832;0.404480;ORGANIZING
2026.07.23 09:23:00;EURUSDm;1.14115;0.397184;0.852273;6.780614;0.516965;1.000000;1.000000;0.417737;8.122537;145.834197;1.934368;0.110409;-155.651098;-0.386449;0.404573;ORGANIZING
2026.07.23 09:24:00;EURUSDm;1.14113;0.350754;0.294985;6.238165;0.485866;1.000000;0.989945;0.423973;8.109166;145.900147;2.058182;0.110877;-156.214127;-0.382711;0.405473;ORGANIZING
2026.07.23 09:25:00;EURUSDm;1.14114;0.374742;0.147929;5.739111;0.448969;1.000000;0.975314;0.427727;8.093682;145.965574;2.227326;0.111478;-156.718250;-0.377606;0.406704;ORGANIZING
2026.07.23 09:26:00;EURUSDm;1.14105;0.336543;1.347305;5.279982;0.473886;1.000000;1.000000;0.429297;8.076271;146.031076;2.110213;0.111365;-157.236115;-0.381125;0.405856;ORGANIZING
2026.07.23 09:27:00;EURUSDm;1.14104;0.362518;0.154321;4.857584;0.437908;1.000000;0.985427;0.428952;8.057102;146.096026;2.283587;0.112058;-157.648458;-0.375889;0.407119;ORGANIZING
2026.07.23 09:28:00;EURUSDm;1.14103;0.360054;0.160256;4.468977;0.404025;1.000000;0.971559;0.426935;8.036332;146.160429;2.475095;0.112774;-158.022011;-0.370108;0.408515;ORGANIZING
2026.07.23 09:29:00;EURUSDm;1.14094;0.327831;1.470588;4.111459;0.437353;1.000000;1.000000;0.423464;8.014104;146.224944;2.286482;0.112677;-158.425975;-0.375772;0.407147;ORGANIZING
2026.07.23 09:30:00;EURUSDm;1.14104;0.361702;1.607717;3.782542;0.475871;1.000000;1.000000;0.418737;7.990552;146.289608;2.101408;0.112547;-158.801514;-0.381330;0.405806;ORGANIZING
2026.07.23 09:31:00;EURUSDm;1.14107;0.502609;0.483871;4.159499;0.456271;1.000000;0.996591;0.416648;7.965581;146.353827;2.191678;0.113141;-158.415056;-0.378593;0.406466;ORGANIZING
2026.07.23 09:32:00;EURUSDm;1.14104;0.568092;0.505051;4.585568;0.438710;1.000000;0.993970;0.417119;7.939767;146.417611;2.279409;0.113693;-157.984526;-0.375933;0.407108;ORGANIZING
2026.07.23 09:33:00;EURUSDm;1.14100;0.515525;0.694444;4.972212;0.431497;1.000000;0.998086;0.415595;7.911896;146.481045;2.317513;0.114168;-157.595313;-0.374766;0.407390;ORGANIZING
2026.07.23 09:34:00;EURUSDm;1.14104;0.672699;0.689655;5.476736;0.424405;1.000000;1.000000;0.420041;7.883207;146.544121;2.356241;0.114578;-157.098287;-0.373584;0.407675;ORGANIZING
2026.07.23 09:35:00;EURUSDm;1.14115;0.666681;1.870748;5.976746;0.476722;1.000000;1.000000;0.424040;7.853638;146.607425;2.097658;0.114228;-156.662758;-0.381359;0.405799;ORGANIZING
2026.07.23 09:36:00;EURUSDm;1.14113;0.635567;0.340136;6.453422;0.449893;1.000000;0.991746;0.426672;7.823087;146.670155;2.222752;0.114947;-156.166143;-0.377570;0.406713;ORGANIZING
2026.07.23 09:37:00;EURUSDm;1.14110;0.506284;0.515464;6.833134;0.433171;1.000000;0.990010;0.424324;7.792426;146.732411;2.308555;0.115608;-155.765947;-0.374963;0.407342;ORGANIZING
2026.07.23 09:38:00;EURUSDm;1.14112;0.689396;0.342466;7.350181;0.408636;1.000000;0.982197;0.428960;7.761330;146.794110;2.447165;0.116294;-155.233145;-0.370770;0.408355;ORGANIZING
2026.07.23 09:39:00;EURUSDm;1.14115;0.696386;0.533808;7.872471;0.394895;1.000000;0.981517;0.433626;7.731357;146.855373;2.532321;0.116824;-154.707764;-0.368189;0.408979;ORGANIZING
2026.07.23 09:40:00;EURUSDm;1.14114;0.691733;0.187266;8.391271;0.364513;1.000000;0.968895;0.437885;7.700943;146.916027;2.743385;0.117601;-154.166926;-0.361818;0.410519;ORGANIZING
2026.07.23 09:41:00;EURUSDm;1.14109;0.681409;0.950570;8.902328;0.373816;1.000000;0.983580;0.441544;7.681845;146.976584;2.675113;0.117686;-153.694850;-0.363862;0.410025;ORGANIZING
2026.07.23 09:42:00;EURUSDm;1.14122;0.589504;2.407407;9.344455;0.455496;1.000000;1.000000;0.441573;7.663178;147.037771;2.195411;0.116819;-153.358313;-0.378297;0.406538;ORGANIZING
2026.07.23 09:43:00;EURUSDm;1.14133;0.490826;1.985560;8.596899;0.511999;1.000000;1.000000;0.456872;7.643025;147.099321;1.953130;0.116118;-154.214215;-0.385600;0.404777;ORGANIZING
2026.07.23 09:44:00;EURUSDm;1.14138;0.410243;0.902527;7.909147;0.511525;1.000000;1.000000;0.468416;7.621520;147.160652;1.954938;0.116259;-154.942901;-0.385539;0.404792;ORGANIZING
2026.07.23 09:45:00;EURUSDm;1.14134;0.481044;0.714286;7.276415;0.501663;1.000000;1.000000;0.476632;7.598785;147.221656;1.993369;0.116590;-155.597738;-0.384369;0.405073;ORGANIZING
2026.07.23 09:46:00;EURUSDm;1.14123;0.516767;1.903114;7.663991;0.551736;1.000000;1.000000;0.472179;7.584631;147.283020;1.812462;0.116164;-155.284385;-0.389818;0.403761;ORGANIZING
2026.07.23 09:47:00;EURUSDm;1.14114;0.765526;1.546392;8.238136;0.581469;1.000000;1.000000;0.477277;7.580514;147.344640;1.719783;0.115751;-154.803554;-0.392619;0.403087;ORGANIZING
2026.07.23 09:48:00;EURUSDm;1.14124;0.462108;1.683502;7.579085;0.616570;1.000000;1.000000;0.486366;7.573712;147.406542;1.621875;0.115252;-155.564184;-0.395581;0.402374;ORGANIZING
2026.07.23 09:49:00;EURUSDm;1.14122;0.395652;0.337838;6.972758;0.582634;1.000000;0.993847;0.492364;7.564457;147.468013;1.716344;0.115748;-156.191530;-0.392722;0.403062;ORGANIZING
2026.07.23 09:50:00;EURUSDm;1.14122;0.509657;0.001000;7.355001;0.533552;1.000000;0.976330;0.486858;7.562359;147.528972;1.874232;0.116513;-155.805957;-0.387947;0.404212;ORGANIZING
2026.07.23 09:51:00;EURUSDm;1.14117;0.737099;0.912409;7.907825;0.532495;1.000000;0.991133;0.490156;7.562030;147.589918;1.877953;0.116487;-155.318961;-0.387837;0.404238;ORGANIZING
2026.07.23 09:52:00;EURUSDm;1.14123;0.482542;1.086957;7.275199;0.540218;1.000000;1.000000;0.497280;7.551116;147.650831;1.851105;0.116433;-156.012642;-0.388645;0.404043;ORGANIZING
2026.07.23 09:53:00;EURUSDm;1.14129;0.381104;1.123596;6.693183;0.549387;1.000000;1.000000;0.501517;7.530571;147.711631;1.820211;0.116530;-156.632009;-0.389567;0.403822;ORGANIZING
2026.07.23 09:54:00;EURUSDm;1.14132;0.387956;0.566038;6.157728;0.530219;1.000000;1.000000;0.503213;7.499728;147.771930;1.886012;0.117190;-157.150303;-0.387560;0.404305;ORGANIZING
2026.07.23 09:55:00;EURUSDm;1.14135;0.466281;0.568182;5.665110;0.512117;1.000000;1.000000;0.502684;7.465345;147.831705;1.952677;0.117922;-157.614770;-0.385524;0.404795;ORGANIZING
2026.07.23 09:56:00;EURUSDm;1.14129;0.534642;1.123596;6.066092;0.522691;1.000000;1.000000;0.497599;7.431892;147.891250;1.913175;0.118313;-157.206831;-0.386689;0.404515;ORGANIZING
2026.07.23 09:57:00;EURUSDm;1.14129;0.474971;0.001000;5.580804;0.476607;1.000000;0.982451;0.496983;7.407256;147.950089;2.098166;0.119320;-157.654369;-0.381089;0.405864;ORGANIZING
2026.07.23 09:58:00;EURUSDm;1.14127;0.549550;0.381679;5.992967;0.451860;1.000000;0.978818;0.492742;7.383792;148.008446;2.213073;0.120071;-157.220406;-0.377604;0.406705;ORGANIZING
2026.07.23 09:59:00;EURUSDm;1.14127;0.637624;0.001000;6.471185;0.409317;1.000000;0.961841;0.492016;7.360886;148.066148;2.443092;0.121033;-156.710083;-0.370656;0.408383;ORGANIZING
2026.07.23 10:00:00;EURUSDm;1.14117;0.729476;1.865672;7.018292;0.462135;1.000000;1.000000;0.494770;7.337811;148.124147;2.163869;0.120559;-156.233153;-0.379056;0.406355;ORGANIZING
2026.07.23 10:01:00;EURUSDm;1.14119;0.729433;0.384615;7.565367;0.438259;1.000000;0.995779;0.497386;7.314492;148.181675;2.281755;0.121210;-155.678321;-0.375487;0.407216;ORGANIZING
2026.07.23 10:02:00;EURUSDm;1.14125;0.717799;1.153846;8.103716;0.454038;1.000000;1.000000;0.499434;7.290326;148.239118;2.202457;0.121303;-155.168961;-0.377861;0.406643;ORGANIZING
2026.07.23 10:03:00;EURUSDm;1.14119;0.554395;1.136364;8.519512;0.468155;1.000000;1.000000;0.495252;7.254649;148.296346;2.136046;0.121683;-154.744790;-0.379834;0.406167;ORGANIZING
2026.07.23 10:04:00;EURUSDm;1.14115;0.389043;0.775194;7.837951;0.463507;1.000000;1.000000;0.504567;7.219087;148.353172;2.157466;0.122142;-155.426037;-0.379169;0.406327;ORGANIZING
2026.07.23 10:05:00;EURUSDm;1.14115;0.436404;0.001000;7.210915;0.420381;1.000000;0.982695;0.510691;7.183647;148.409212;2.378793;0.123233;-156.007354;-0.372475;0.407943;ORGANIZING
2026.07.23 10:06:00;EURUSDm;1.14099;0.381961;3.137255;6.634042;0.536225;1.000000;1.000000;0.514000;7.158028;148.466155;1.864889;0.121829;-156.712394;-0.387962;0.404208;ORGANIZING
2026.07.23 10:07:00;EURUSDm;1.14103;0.665383;0.778210;7.133079;0.528324;1.000000;1.000000;0.513252;7.133289;148.522771;1.892777;0.122326;-156.211097;-0.387100;0.404416;ORGANIZING
2026.07.23 10:08:00;EURUSDm;1.14096;0.353583;1.383399;6.562433;0.551078;1.000000;1.000000;0.516122;7.107789;148.579360;1.814625;0.122324;-156.815825;-0.389445;0.403851;ORGANIZING
2026.07.23 10:09:00;EURUSDm;1.14098;0.384293;0.396825;6.037438;0.523365;1.000000;0.996953;0.516565;7.081603;148.635409;1.910711;0.123129;-157.317673;-0.386522;0.404555;ORGANIZING
2026.07.23 10:10:00;EURUSDm;1.14093;0.344624;0.980392;5.554443;0.526217;1.000000;1.000000;0.514887;7.064201;148.691314;1.900358;0.123376;-157.821262;-0.386820;0.404483;ORGANIZING
2026.07.23 10:11:00;EURUSDm;1.14101;0.520940;1.593625;5.945148;0.559587;1.000000;1.000000;0.508678;7.048506;148.747395;1.787032;0.123202;-157.476201;-0.390229;0.403662;ORGANIZING
2026.07.23 10:12:00;EURUSDm;1.14099;0.382958;0.403226;5.469537;0.531769;1.000000;0.996917;0.507024;7.031320;148.803025;1.880515;0.123914;-157.941947;-0.387389;0.404346;ORGANIZING
2026.07.23 10:13:00;EURUSDm;1.14090;0.287650;1.792829;5.031974;0.574822;1.000000;1.000000;0.503551;7.012776;148.858901;1.739669;0.123592;-158.434404;-0.391630;0.403325;ORGANIZING
2026.07.23 10:14:00;EURUSDm;1.14099;0.312998;1.744186;4.629416;0.613290;1.000000;1.000000;0.498502;6.992995;148.914964;1.630549;0.123384;-158.881832;-0.394914;0.402535;ORGANIZING
2026.07.23 10:15:00;EURUSDm;1.14099;0.296030;0.001000;4.259062;0.562676;1.000000;0.982483;0.492094;6.972091;148.970312;1.777222;0.124582;-159.202295;-0.390454;0.403608;ORGANIZING
2026.07.23 10:16:00;EURUSDm;1.14099;0.322600;0.001000;3.918337;0.514592;1.000000;0.965354;0.484526;6.958708;149.025045;1.943287;0.125662;-159.507766;-0.385418;0.404821;ORGANIZING
2026.07.23 10:17:00;EURUSDm;1.14095;0.297285;0.796813;3.604870;0.508703;1.000000;0.976413;0.475973;6.943674;149.079569;1.965784;0.126130;-159.822694;-0.384720;0.404989;ORGANIZING
2026.07.23 10:18:00;EURUSDm;1.14095;0.308018;0.001000;3.316481;0.463318;1.000000;0.958933;0.466594;6.935720;149.133559;2.158345;0.127135;-160.085023;-0.378893;0.406394;ORGANIZING
2026.07.23 10:19:00;EURUSDm;1.14073;0.243838;4.182510;3.051162;0.629277;1.000000;1.000000;0.456530;6.935242;149.189204;1.589124;0.124672;-160.550862;-0.396093;0.402251;ORGANIZING
2026.07.23 10:20:00;EURUSDm;1.14074;0.269218;0.196850;2.807069;0.587656;1.000000;0.987868;0.445908;6.942678;149.244508;1.701676;0.125372;-160.802266;-0.392681;0.403072;ORGANIZING
2026.07.23 10:21:00;EURUSDm;1.14067;0.252924;1.356589;2.582504;0.606103;1.000000;1.000000;0.434841;6.957793;149.300147;1.649885;0.125020;-161.109013;-0.394252;0.402694;ORGANIZING
2026.07.23 10:22:00;EURUSDm;1.14071;0.250043;0.772201;2.375904;0.594408;1.000000;1.000000;0.423429;6.980282;149.355894;1.682347;0.125029;-161.381819;-0.393278;0.402928;ORGANIZING
2026.07.23 10:23:00;EURUSDm;1.14064;0.250909;1.335878;2.185831;0.611481;1.000000;1.000000;0.411761;7.008717;149.412096;1.635373;0.124503;-161.678702;-0.394714;0.402583;ORGANIZING
2026.07.23 10:24:00;EURUSDm;1.14067;0.264978;0.574713;2.010965;0.589643;1.000000;0.999527;0.399916;7.031944;149.468311;1.695942;0.124665;-161.910709;-0.392888;0.403022;ORGANIZING
2026.07.23 10:25:00;EURUSDm;1.14074;0.284013;1.361868;1.850088;0.608254;1.000000;1.000000;0.387964;7.050392;149.524898;1.644050;0.124276;-162.159777;-0.394465;0.402643;ORGANIZING
2026.07.23 10:26:00;EURUSDm;1.14068;0.327533;1.149425;1.702081;0.615313;0.999674;1.000000;0.375966;7.064460;149.581702;1.624660;0.124095;-162.376113;-0.395055;0.402501;ORGANIZING
2026.07.23 10:27:00;EURUSDm;1.14070;0.312469;0.384615;1.565914;0.583784;0.994399;0.991620;0.363976;7.084809;149.638500;1.703367;0.123796;-162.559543;-0.392709;0.403065;ORGANIZING
2026.07.23 10:28:00;EURUSDm;1.14076;0.427393;1.136364;1.440641;0.591525;0.984607;1.000000;0.352041;7.100603;149.695729;1.664523;0.122400;-162.767295;-0.393944;0.402768;ORGANIZING
2026.07.23 10:29:00;EURUSDm;1.14075;0.378732;0.190840;1.325390;0.551799;0.971059;0.984001;0.340202;7.112221;149.752948;1.759806;0.121318;-162.913143;-0.391140;0.403443;ORGANIZING
2026.07.23 10:30:00;EURUSDm;1.14089;0.756648;2.545455;1.892876;0.632060;0.981578;1.000000;0.351566;7.113275;149.810770;1.552981;0.121229;-162.498059;-0.397349;0.401949;ORGANIZING
2026.07.23 10:31:00;EURUSDm;1.14064;0.288258;4.237288;1.741446;0.792690;0.984502;1.000000;0.341559;7.119746;149.870204;1.241976;0.119276;-162.859557;-0.406777;0.399685;ORGANIZING
2026.07.23 10:32:00;EURUSDm;1.14077;0.421578;2.203390;1.602130;0.843535;0.981818;1.000000;0.331447;7.122821;149.930232;1.163932;0.118323;-163.098355;-0.409166;0.399112;ORGANIZING
2026.07.23 10:33:00;EURUSDm;1.14079;0.735487;0.349650;2.153745;0.799205;1.000000;0.988838;0.342455;7.115989;149.989383;1.251244;0.121100;-162.551732;-0.406408;0.399774;ORGANIZING
2026.07.23 10:34:00;EURUSDm;1.14074;0.379283;0.874126;1.981446;0.782951;1.000000;0.996809;0.333948;7.106889;150.048282;1.277220;0.121598;-162.731460;-0.405603;0.399967;ORGANIZING
2026.07.23 10:35:00;EURUSDm;1.14074;0.396080;0.001000;1.822930;0.723853;1.000000;0.973644;0.325176;7.095716;150.106478;1.381496;0.122779;-162.849185;-0.402416;0.400732;ORGANIZING
2026.07.23 10:36:00;EURUSDm;1.14066;0.330175;1.433692;1.677096;0.739345;1.000000;1.000000;0.316209;7.082650;150.164697;1.352548;0.122877;-163.024664;-0.403280;0.400525;ORGANIZING
2026.07.23 10:37:00;EURUSDm;1.14081;0.699348;2.631579;2.201607;0.813957;1.000000;1.000000;0.326624;7.061269;150.223450;1.228567;0.121924;-162.611586;-0.407047;0.399620;ORGANIZING
2026.07.23 10:38:00;EURUSDm;1.14075;0.514126;1.067616;2.587201;0.806640;1.000000;1.000000;0.329573;7.033256;150.281849;1.239711;0.122407;-162.226944;-0.406688;0.399706;ORGANIZING
2026.07.23 10:39:00;EURUSDm;1.14084;0.841355;1.562500;3.218217;0.824433;1.000000;1.000000;0.344645;6.999760;150.340091;1.212955;0.122416;-161.635116;-0.407491;0.399514;ORGANIZING
2026.07.23 10:40:00;EURUSDm;1.14070;0.867209;2.317881;3.868624;0.879105;1.000000;1.000000;0.359933;6.975377;150.398635;1.137520;0.121737;-161.079736;-0.409788;0.398963;ORGANIZING
2026.07.23 10:41:00;EURUSDm;1.14063;0.845440;1.151316;4.502704;0.872716;1.000000;1.000000;0.373640;6.959702;150.456960;1.145849;0.121861;-160.493655;-0.409531;0.399024;ORGANIZING
2026.07.23 10:42:00;EURUSDm;1.14062;0.833932;0.167224;5.128153;0.817441;1.000000;0.983930;0.386231;6.952426;150.514658;1.223330;0.122608;-159.881259;-0.407170;0.399591;ORGANIZING
2026.07.23 10:43:00;EURUSDm;1.14063;0.805470;0.170068;5.732256;0.765072;1.000000;0.968963;0.397124;6.953128;150.571840;1.307066;0.123224;-159.305161;-0.404627;0.400201;ORGANIZING
2026.07.23 10:44:00;EURUSDm;1.14067;0.797706;0.677966;6.330535;0.740717;1.000000;0.972678;0.407182;6.961558;150.628863;1.350043;0.123313;-158.776525;-0.403333;0.400512;ORGANIZING
2026.07.23 10:45:00;EURUSDm;1.14040;0.280223;4.231975;5.824092;0.895280;1.000000;1.000000;0.412145;6.966490;150.687481;1.116969;0.120862;-159.515939;-0.410448;0.398805;ORGANIZING
2026.07.23 10:46:00;EURUSDm;1.14035;0.295768;0.786164;5.358165;0.869824;1.000000;1.000000;0.414834;6.968219;150.745861;1.149658;0.121170;-160.023626;-0.409452;0.399044;ORGANIZING
2026.07.23 10:47:00;EURUSDm;1.14041;0.328667;0.925926;4.929512;0.852629;1.000000;1.000000;0.415525;6.967013;150.804058;1.172843;0.121430;-160.492252;-0.408743;0.399214;ORGANIZING
2026.07.23 10:48:00;EURUSDm;1.14040;0.282926;0.154799;4.535151;0.797738;1.000000;0.984961;0.414467;6.963124;150.861666;1.253545;0.122319;-160.879434;-0.406278;0.399805;ORGANIZING
2026.07.23 10:49:00;EURUSDm;1.14044;0.326105;0.611621;4.172339;0.768432;1.000000;0.986401;0.411884;6.956777;150.918918;1.301352;0.122894;-161.252335;-0.404815;0.400156;ORGANIZING
2026.07.23 10:50:00;EURUSDm;1.14040;0.233988;0.623053;3.838552;0.741163;1.000000;0.988100;0.407979;6.941450;150.975744;1.349231;0.123600;-161.577215;-0.403343;0.400509;ORGANIZING
2026.07.23 10:51:00;EURUSDm;1.14029;0.290868;1.666667;3.531468;0.767438;1.000000;1.000000;0.402935;6.924643;151.032665;1.303037;0.123533;-161.923791;-0.404732;0.400176;ORGANIZING
2026.07.23 10:52:00;EURUSDm;1.14049;0.344769;2.906977;3.248950;0.854415;1.000000;1.000000;0.396914;6.906488;151.090274;1.170391;0.122582;-162.302543;-0.408759;0.399210;ORGANIZING
2026.07.23 10:53:00;EURUSDm;1.14046;0.308625;0.439883;2.989034;0.813688;1.000000;0.994288;0.390064;6.880309;151.147214;1.228972;0.123700;-162.512614;-0.406946;0.399645;ORGANIZING
2026.07.23 10:54:00;EURUSDm;1.14073;0.867317;3.708791;3.639522;0.938444;1.000000;1.000000;0.403085;6.862488;151.205224;1.065594;0.121892;-162.035291;-0.411938;0.398448;ORGANIZING
2026.07.23 10:55:00;EURUSDm;1.14064;0.889274;1.206434;4.306477;0.931843;1.000000;1.000000;0.416279;6.853011;151.263072;1.073142;0.121934;-161.427017;-0.411709;0.398502;ORGANIZING
2026.07.23 10:56:00;EURUSDm;1.14063;0.889958;0.139665;4.973946;0.872234;1.000000;0.984458;0.428838;6.851714;151.320312;1.146481;0.122657;-160.779705;-0.409473;0.399039;ORGANIZING
2026.07.23 10:57:00;EURUSDm;1.14044;0.308028;2.546917;4.576030;0.935968;1.000000;1.000000;0.427292;6.841200;151.378083;1.068412;0.121885;-161.275005;-0.411853;0.398468;ORGANIZING
2026.07.23 10:58:00;EURUSDm;1.14041;0.340042;0.406504;4.209948;0.889495;1.000000;0.994183;0.424231;6.823221;151.435210;1.124233;0.122896;-161.609664;-0.410128;0.398881;ORGANIZING
2026.07.23 10:59:00;EURUSDm;1.14043;0.297299;0.271003;3.873152;0.838570;1.000000;0.983720;0.419860;6.795655;151.491553;1.192506;0.124161;-161.888000;-0.408017;0.399388;ORGANIZING
2026.07.23 11:00:00;EURUSDm;1.14034;0.335188;1.206434;3.563300;0.836964;1.000000;1.000000;0.414359;6.764730;151.547570;1.194795;0.124750;-162.179411;-0.407919;0.399411;ORGANIZING
2026.07.23 11:01:00;EURUSDm;1.14021;0.306075;1.719577;3.278236;0.861094;1.000000;1.000000;0.407895;6.743151;151.603612;1.161313;0.124811;-162.488561;-0.408920;0.399171;ORGANIZING
2026.07.23 11:02:00;EURUSDm;1.14034;0.444209;1.670951;3.015977;0.881587;1.000000;1.000000;0.400613;6.730557;151.659734;1.134318;0.124801;-162.787683;-0.409730;0.398977;ORGANIZING
2026.07.23 11:03:00;EURUSDm;1.14034;0.432199;0.001000;2.774699;0.817558;1.000000;0.979056;0.392646;6.726480;151.715174;1.223155;0.125997;-162.996284;-0.407005;0.399630;ORGANIZING
2026.07.23 11:04:00;EURUSDm;1.14038;0.433458;0.533333;2.552723;0.783347;1.000000;0.977199;0.384113;6.730625;151.770314;1.276574;0.126613;-163.230413;-0.405372;0.400022;ORGANIZING
2026.07.23 11:05:00;EURUSDm;1.14032;0.937401;0.787402;3.255774;0.763549;1.000000;0.984000;0.400059;6.722655;151.825176;1.309673;0.126803;-162.578381;-0.404370;0.400263;ORGANIZING
2026.07.23 11:06:00;EURUSDm;1.14027;0.920786;0.647668;3.946363;0.737755;1.000000;0.986230;0.414586;6.703160;151.879585;1.355463;0.127299;-161.906469;-0.402971;0.400599;ORGANIZING
2026.07.23 11:07:00;EURUSDm;1.14034;0.923627;0.899743;4.639083;0.725855;1.000000;0.997714;0.428493;6.672549;151.933569;1.377686;0.127765;-161.222423;-0.402281;0.400764;ORGANIZING
2026.07.23 11:08:00;EURUSDm;1.14044;0.921104;1.253133;5.329912;0.732219;1.000000;1.000000;0.441609;6.647133;151.987362;1.365712;0.127862;-160.567155;-0.402636;0.400679;ORGANIZING
2026.07.23 11:09:00;EURUSDm;1.14041;0.906514;0.394737;6.009797;0.695344;1.000000;0.994272;0.453523;6.632272;152.040639;1.438136;0.128516;-159.897777;-0.400430;0.401209;ORGANIZING
2026.07.23 11:10:00;EURUSDm;1.14044;0.894102;0.392670;6.680374;0.660211;1.000000;0.989089;0.464376;6.627529;152.093516;1.514668;0.128997;-159.257163;-0.398110;0.401766;ORGANIZING
2026.07.23 11:11:00;EURUSDm;1.14039;0.891174;0.657895;7.348754;0.640095;1.000000;0.993751;0.474576;6.632564;152.146243;1.562268;0.129078;-158.651865;-0.396678;0.402111;ORGANIZING
2026.07.23 11:12:00;EURUSDm;1.14043;0.877202;0.526316;8.006655;0.614406;1.000000;0.994001;0.483742;6.646979;152.198856;1.627588;0.129113;-158.068049;-0.394717;0.402582;ORGANIZING
2026.07.23 11:13:00;EURUSDm;1.14043;0.875034;0.001000;8.662931;0.563736;1.000000;0.976177;0.492369;6.670483;152.251199;1.773881;0.129423;-157.477707;-0.390312;0.403642;ORGANIZING
2026.07.23 11:14:00;EURUSDm;1.14054;0.556266;1.443570;9.080130;0.587727;1.000000;1.000000;0.488611;6.691536;152.303991;1.701469;0.128735;-157.171882;-0.392519;0.403111;ORGANIZING
2026.07.23 11:15:00;EURUSDm;1.14044;0.508058;1.302083;9.461174;0.603445;1.000000;1.000000;0.483232;6.709626;152.357122;1.657151;0.128266;-156.885109;-0.393872;0.402786;ORGANIZING
2026.07.23 11:16:00;EURUSDm;1.14032;0.355156;1.538462;8.704280;0.630196;1.000000;1.000000;0.496915;6.713381;152.410558;1.586808;0.127543;-157.757066;-0.396019;0.402269;ORGANIZING
2026.07.23 11:17:00;EURUSDm;1.14026;0.540530;0.761421;9.109677;0.616757;1.000000;1.000000;0.492339;6.725150;152.463977;1.621383;0.127645;-157.406036;-0.394976;0.402520;ORGANIZING
2026.07.23 11:18:00;EURUSDm;1.14029;0.750288;0.383632;9.672393;0.585101;1.000000;0.995659;0.495858;6.746149;152.517289;1.709107;0.127761;-156.914012;-0.392339;0.403154;ORGANIZING
2026.07.23 11:19:00;EURUSDm;1.14024;0.508331;0.632911;10.053641;0.567492;1.000000;1.000000;0.490128;6.774223;152.570706;1.762141;0.127684;-156.613259;-0.390752;0.403536;ORGANIZING
2026.07.23 11:20:00;EURUSDm;1.14012;0.446394;1.526718;9.249350;0.595453;1.000000;1.000000;0.505836;6.797213;152.624633;1.679394;0.126606;-157.576833;-0.393288;0.402926;ORGANIZING
2026.07.23 11:21:00;EURUSDm;1.14015;0.815770;0.404313;9.861177;0.565896;1.000000;0.996855;0.511135;6.829056;152.678583;1.767110;0.126485;-157.063684;-0.390662;0.403558;ORGANIZING
2026.07.23 11:22:00;EURUSDm;1.14002;0.324694;1.752022;9.072283;0.605202;1.000000;1.000000;0.525023;6.855474;152.733189;1.652341;0.125224;-158.027103;-0.394169;0.402714;ORGANIZING
2026.07.23 11:23:00;EURUSDm;1.13994;0.287272;1.061008;8.346500;0.607992;1.000000;1.000000;0.535061;6.876914;152.788038;1.644757;0.124689;-158.873482;-0.394423;0.402653;ORGANIZING
2026.07.23 11:24:00;EURUSDm;1.13992;0.269926;0.267380;7.678780;0.570962;1.000000;0.993085;0.541694;6.893790;152.842686;1.751431;0.124899;-159.605837;-0.391212;0.403426;ORGANIZING
2026.07.23 11:25:00;EURUSDm;1.13996;0.309613;0.529101;7.064478;0.548869;1.000000;0.995805;0.545325;6.897409;152.897149;1.821929;0.125131;-160.267006;-0.389086;0.403937;ORGANIZING
2026.07.23 11:26:00;EURUSDm;1.13999;0.370974;0.402145;6.499320;0.521533;1.000000;0.994114;0.546316;6.888451;152.951249;1.917426;0.125687;-160.842996;-0.386193;0.404634;ORGANIZING
2026.07.23 11:27:00;EURUSDm;1.13985;0.266291;1.881720;5.979374;0.569542;1.000000;1.000000;0.544998;6.867412;153.005618;1.755797;0.125283;-161.420605;-0.391062;0.403462;ORGANIZING
2026.07.23 11:28:00;EURUSDm;1.13972;0.230287;1.715040;5.501024;0.606817;1.000000;1.000000;0.541665;6.834786;153.060034;1.647944;0.125262;-161.918729;-0.394299;0.402683;ORGANIZING
2026.07.23 11:29:00;EURUSDm;1.13976;0.243662;0.534759;5.060942;0.583214;1.000000;1.000000;0.536586;6.810100;153.113967;1.714637;0.126105;-162.329612;-0.392256;0.403174;ORGANIZING
2026.07.23 11:30:00;EURUSDm;1.13968;0.237089;1.086957;4.656067;0.588401;1.000000;1.000000;0.530001;6.796293;153.167814;1.699521;0.126347;-162.752736;-0.392697;0.403068;ORGANIZING
2026.07.23 11:31:00;EURUSDm;1.13954;0.234745;1.866667;4.283582;0.632314;1.000000;1.000000;0.522125;6.792963;153.222067;1.581492;0.125827;-163.200976;-0.396264;0.402210;ORGANIZING
2026.07.23 11:32:00;EURUSDm;1.13940;0.228966;1.804124;3.940895;0.670905;1.000000;1.000000;0.513153;6.799656;153.276773;1.490524;0.125255;-163.632400;-0.399022;0.401547;ORGANIZING
2026.07.23 11:33:00;EURUSDm;1.13904;0.217178;4.255319;3.625623;0.830126;1.000000;1.000000;0.503259;6.816031;153.333234;1.204637;0.122708;-164.176316;-0.407725;0.399458;ORGANIZING
2026.07.23 11:34:00;EURUSDm;1.13914;0.219696;1.165501;3.335574;0.826894;1.000000;1.000000;0.492599;6.839396;153.389897;1.209344;0.122566;-164.545207;-0.407591;0.399490;ORGANIZING
2026.07.23 11:35:00;EURUSDm;1.13873;0.218400;4.627540;3.068728;0.996927;1.000000;1.000000;0.481311;6.869124;153.448558;1.003083;0.119798;-165.077626;-0.413918;0.397973;ORGANIZING
2026.07.23 11:36:00;EURUSDm;1.13879;0.230414;0.675676;2.823229;0.960864;1.000000;1.000000;0.469520;6.893589;153.507102;1.040730;0.120135;-165.370954;-0.412771;0.398248;ORGANIZING
2026.07.23 11:37:00;EURUSDm;1.13869;0.234002;1.116071;2.597371;0.948624;1.000000;1.000000;0.457337;6.924244;153.565831;1.054158;0.120045;-165.680246;-0.412373;0.398343;ORGANIZING
2026.07.23 11:38:00;EURUSDm;1.13869;0.238323;0.001000;2.389581;0.881243;1.000000;0.981042;0.444860;6.962451;153.624268;1.134761;0.120648;-165.930550;-0.409925;0.398930;ORGANIZING
2026.07.23 11:39:00;EURUSDm;1.13865;0.245048;0.447427;2.198415;0.839552;1.000000;0.977935;0.432175;7.006191;153.682725;1.191111;0.120803;-166.200594;-0.408227;0.399337;ORGANIZING
2026.07.23 11:40:00;EURUSDm;1.13848;0.248333;1.847826;2.022542;0.869966;1.000000;1.000000;0.419360;7.043428;153.741859;1.149470;0.120008;-166.514859;-0.409515;0.399028;ORGANIZING
2026.07.23 11:41:00;EURUSDm;1.13843;0.252402;0.550661;1.860738;0.834001;1.000000;0.998951;0.406482;7.088215;153.801081;1.199040;0.120067;-166.763738;-0.408025;0.399386;ORGANIZING
2026.07.23 11:42:00;EURUSDm;1.13857;0.269789;1.562500;1.711879;0.850426;0.998188;1.000000;0.393601;7.126378;153.860885;1.173751;0.119252;-167.041202;-0.408825;0.399194;ORGANIZING
2026.07.23 11:43:00;EURUSDm;1.13854;0.277684;0.334821;1.574929;0.804682;0.991533;0.990495;0.380768;7.158462;153.920686;1.232205;0.118833;-167.237367;-0.407092;0.399610;ORGANIZING
2026.07.23 11:44:00;EURUSDm;1.13869;0.291347;1.720183;1.448935;0.830626;0.980326;1.000000;0.368030;7.184968;153.981236;1.180225;0.116933;-167.488597;-0.408747;0.399213;ORGANIZING
2026.07.23 11:45:00;EURUSDm;1.13903;0.331256;3.687636;1.333020;0.953870;0.964701;1.000000;0.355424;7.206358;154.043544;1.011355;0.113286;-167.823257;-0.413995;0.397955;ORGANIZING
2026.07.23 11:46:00;EURUSDm;1.13889;0.314055;1.476793;1.226378;0.960722;0.945693;1.000000;0.342985;7.223055;154.106468;0.984357;0.110909;-168.027199;-0.414924;0.397732;ORGANIZING
2026.07.23 11:47:00;EURUSDm;1.13903;0.359807;1.492537;1.128268;0.968399;0.923770;1.000000;0.330741;7.235451;154.170031;0.953915;0.108238;-168.218776;-0.415971;0.397481;ORGANIZING
2026.07.23 11:48:00;EURUSDm;1.13906;0.405846;0.319829;1.038007;0.917495;0.899632;0.987770;0.318717;7.243904;154.233652;0.980530;0.106087;-168.338751;-0.415280;0.397647;ORGANIZING
2026.07.23 11:49:00;EURUSDm;1.13909;0.403911;0.319149;0.954966;0.869585;0.873652;0.975523;0.306933;7.248744;154.297363;1.004677;0.103694;-168.449685;-0.414675;0.397792;ORGANIZING
2026.07.23 11:50:00;EURUSDm;1.13916;0.469043;0.747863;0.878569;0.846026;0.846071;0.978298;0.295407;7.250275;154.361404;1.000053;0.100822;-168.574155;-0.414957;0.397724;ORGANIZING
2026.07.23 11:51:00;EURUSDm;1.13918;0.600839;0.218818;1.329198;0.797744;0.840790;0.962055;0.303168;7.243568;154.425001;1.053959;0.100760;-168.146230;-0.413343;0.398111;ORGANIZING
2026.07.23 11:52:00;EURUSDm;1.13932;0.987719;1.528384;2.069987;0.817461;0.865123;0.992488;0.325049;7.226059;154.488134;1.058306;0.103378;-167.472700;-0.413082;0.398173;ORGANIZING
2026.07.23 11:53:00;EURUSDm;1.13924;0.824824;0.858369;2.688605;0.802204;0.909627;0.999170;0.339727;7.199299;154.549957;1.133910;0.109052;-166.831981;-0.410530;0.398785;ORGANIZING
2026.07.23 11:54:00;EURUSDm;1.13919;0.980618;0.535332;3.424069;0.770667;0.975123;0.994826;0.359514;7.164188;154.609803;1.265296;0.117564;-166.028682;-0.406163;0.399833;ORGANIZING
2026.07.23 11:55:00;EURUSDm;1.13925;0.439156;0.642398;3.150143;0.744752;1.000000;0.995074;0.355235;7.129181;154.668542;1.342730;0.121519;-166.231981;-0.403642;0.400438;ORGANIZING
2026.07.23 11:56:00;EURUSDm;1.13929;0.437237;0.429185;2.898132;0.708973;1.000000;0.987701;0.350073;7.094284;154.726575;1.410491;0.122649;-166.426131;-0.401553;0.400939;ORGANIZING
2026.07.23 11:57:00;EURUSDm;1.13937;0.377268;0.856531;2.666281;0.696351;1.000000;0.995363;0.344162;7.059502;154.784133;1.436057;0.123457;-166.621531;-0.400745;0.401133;ORGANIZING
2026.07.23 11:58:00;EURUSDm;1.13942;0.363529;0.541126;2.452979;0.668590;1.000000;0.991510;0.337619;7.024838;154.841067;1.495685;0.124517;-166.781593;-0.398904;0.401576;ORGANIZING
2026.07.23 11:59:00;EURUSDm;1.13941;0.353157;0.108696;2.256740;0.620595;1.000000;0.972429;0.330550;6.990297;154.897176;1.611357;0.125922;-166.902726;-0.395363;0.402427;ORGANIZING
2026.07.23 12:00:00;EURUSDm;1.13921;0.358024;2.096436;2.076201;0.674387;1.000000;1.000000;0.323050;6.955882;154.953479;1.482828;0.125734;-167.109529;-0.399228;0.401498;ORGANIZING
2026.07.23 12:01:00;EURUSDm;1.13910;0.365842;1.138716;1.910105;0.677604;1.000000;1.000000;0.315202;6.921596;155.009471;1.475789;0.126352;-167.250567;-0.399409;0.401454;ORGANIZING
2026.07.23 12:02:00;EURUSDm;1.13897;0.465215;1.321138;1.757297;0.689780;1.000000;1.000000;0.307082;6.887443;155.065243;1.449737;0.126834;-167.386777;-0.400166;0.401272;ORGANIZING
2026.07.23 12:03:00;EURUSDm;1.13901;0.417887;0.403226;1.616713;0.655453;0.999104;0.989861;0.298757;6.853423;155.120350;1.524296;0.127965;-167.464348;-0.397873;0.401824;ORGANIZING
2026.07.23 12:04:00;EURUSDm;1.13914;0.420241;1.305221;1.487376;0.667959;0.993223;1.000000;0.290286;6.819541;155.175361;1.486952;0.127700;-167.582375;-0.399006;0.401551;ORGANIZING
2026.07.23 12:05:00;EURUSDm;1.13908;0.923635;0.607287;2.180102;0.645061;1.000000;0.996415;0.310408;6.793914;155.229750;1.550241;0.129043;-166.903353;-0.397041;0.402024;ORGANIZING
2026.07.23 12:06:00;EURUSDm;1.13908;0.669102;0.001000;2.681928;0.592858;1.000000;0.972440;0.319979;6.774500;155.283424;1.686745;0.130084;-166.383311;-0.392893;0.403021;ORGANIZING
2026.07.23 12:07:00;EURUSDm;1.13912;0.905141;0.416667;3.360784;0.564048;1.000000;0.964187;0.337923;6.762952;155.336694;1.772898;0.130464;-165.741709;-0.390290;0.403648;ORGANIZING
2026.07.23 12:08:00;EURUSDm;1.13923;0.672055;1.127049;3.864825;0.572198;1.000000;0.981715;0.346229;6.757406;155.389990;1.747646;0.130279;-165.304632;-0.391057;0.403463;ORGANIZING
2026.07.23 12:09:00;EURUSDm;1.13918;0.878944;0.512295;4.524034;0.549203;1.000000;0.977403;0.361878;6.759309;155.443075;1.820820;0.130371;-164.710619;-0.388857;0.403993;ORGANIZING
2026.07.23 12:10:00;EURUSDm;1.13931;0.700064;1.329243;5.049082;0.568205;1.000000;1.000000;0.370036;6.767218;155.496429;1.759928;0.129778;-164.290062;-0.390713;0.403546;ORGANIZING
2026.07.23 12:11:00;EURUSDm;1.13933;0.691329;0.204918;5.567578;0.530041;1.000000;0.985123;0.377459;6.775766;155.549487;1.886647;0.130153;-163.818400;-0.386893;0.404465;ORGANIZING
2026.07.23 12:12:00;EURUSDm;1.13937;0.830449;0.417537;6.190415;0.504416;1.000000;0.978469;0.389728;6.783091;155.602362;1.982492;0.130255;-163.262002;-0.384012;0.405160;ORGANIZING
2026.07.23 12:13:00;EURUSDm;1.13947;0.484841;1.039501;5.695182;0.511170;1.000000;0.994246;0.395004;6.779241;155.655267;1.956297;0.130117;-163.819745;-0.384805;0.404968;ORGANIZING
2026.07.23 12:14:00;EURUSDm;1.13945;0.446998;0.207900;5.239567;0.476006;1.000000;0.980549;0.398034;6.763500;155.707662;2.100812;0.130932;-164.267169;-0.380429;0.406023;ORGANIZING
2026.07.23 12:15:00;EURUSDm;1.13895;0.420932;4.743833;4.820402;0.669398;1.000000;1.000000;0.399091;6.746385;155.761819;1.493880;0.127961;-164.901767;-0.398786;0.401604;ORGANIZING
2026.07.23 12:16:00;EURUSDm;1.13880;0.341628;1.391466;4.434770;0.685501;1.000000;1.000000;0.398418;6.728020;155.815955;1.458787;0.128009;-165.319561;-0.399836;0.401352;ORGANIZING
2026.07.23 12:17:00;EURUSDm;1.13858;0.295388;2.010969;4.079988;0.731775;1.000000;1.000000;0.396236;6.708517;155.870358;1.366541;0.127608;-165.731649;-0.402623;0.400682;ORGANIZING
2026.07.23 12:18:00;EURUSDm;1.13872;0.308910;1.277372;3.753589;0.739054;1.000000;1.000000;0.392744;6.687980;155.924628;1.353080;0.127881;-166.071542;-0.403014;0.400589;ORGANIZING
2026.07.23 12:19:00;EURUSDm;1.13865;0.307510;0.635209;3.453302;0.713862;1.000000;1.000000;0.388121;6.666506;155.978432;1.400831;0.128725;-166.348246;-0.401539;0.400943;ORGANIZING
2026.07.23 12:20:00;EURUSDm;1.13845;0.312928;1.776199;3.177038;0.746979;1.000000;1.000000;0.382528;6.644182;156.032343;1.338726;0.128639;-166.655705;-0.403406;0.400494;ORGANIZING
2026.07.23 12:21:00;EURUSDm;1.13836;0.318712;0.806452;2.922875;0.729953;1.000000;1.000000;0.376110;6.621089;156.085854;1.369952;0.129414;-166.887329;-0.402431;0.400728;ORGANIZING
2026.07.23 12:22:00;EURUSDm;1.13832;0.333328;0.364964;2.689045;0.691703;1.000000;0.990938;0.368996;6.597301;156.138744;1.445707;0.130582;-167.073995;-0.400100;0.401288;ORGANIZING
2026.07.23 12:23:00;EURUSDm;1.13831;0.332644;0.097466;2.473921;0.641991;1.000000;0.972581;0.361303;6.572886;156.190892;1.557654;0.131993;-167.227340;-0.396671;0.402112;ORGANIZING
2026.07.23 12:24:00;EURUSDm;1.13823;0.317594;0.782779;2.276008;0.629031;1.000000;0.978583;0.353133;6.547908;156.242662;1.589748;0.132801;-167.397767;-0.395668;0.402354;ORGANIZING
2026.07.23 12:25:00;EURUSDm;1.13822;0.324329;0.106157;2.093927;0.582887;1.000000;0.960408;0.344580;6.516030;156.293651;1.715598;0.134345;-167.503832;-0.391815;0.403281;ORGANIZING
2026.07.23 12:26:00;EURUSDm;1.13829;0.331335;0.741525;1.926413;0.570819;1.000000;0.964808;0.335727;6.491005;156.344269;1.751869;0.135180;-167.642140;-0.390685;0.403552;ORGANIZING
2026.07.23 12:27:00;EURUSDm;1.13854;0.370137;2.566735;1.772300;0.650615;1.000000;1.000000;0.326646;6.474435;156.395520;1.537008;0.134198;-167.875998;-0.397180;0.401990;ORGANIZING
2026.07.23 12:28:00;EURUSDm;1.13856;0.354187;0.204499;1.630516;0.608309;0.999007;0.983590;0.317403;6.464406;156.446267;1.642269;0.135181;-167.988672;-0.393973;0.402761;ORGANIZING
2026.07.23 12:29:00;EURUSDm;1.13843;0.343757;1.305221;1.500075;0.623174;0.993015;1.000000;0.308055;6.462324;156.497261;1.593478;0.134308;-168.168104;-0.395480;0.402399;ORGANIZING
2026.07.23 12:30:00;EURUSDm;1.13832;0.321899;1.117886;1.380069;0.628050;0.982650;1.000000;0.298653;6.466702;156.548556;1.564605;0.132909;-168.344597;-0.396416;0.402174;ORGANIZING
2026.07.23 12:31:00;EURUSDm;1.13834;0.321853;0.204499;1.269663;0.587219;0.968649;0.982610;0.289240;6.477348;156.599829;1.649553;0.131721;-168.481912;-0.393927;0.402772;ORGANIZING
2026.07.23 12:32:00;EURUSDm;1.13828;0.316614;0.623701;1.168090;0.569670;0.951406;0.980172;0.279857;6.495184;156.651449;1.670099;0.129536;-168.651706;-0.393420;0.402894;ORGANIZING
2026.07.23 12:33:00;EURUSDm;1.13844;0.322530;1.619433;1.074643;0.603130;0.931148;1.000000;0.270537;6.508914;156.703947;1.543859;0.126128;-168.860186;-0.397378;0.401943;ORGANIZING
2026.07.23 12:34:00;EURUSDm;1.13843;0.329393;0.104167;0.988671;0.559559;0.908649;0.978115;0.261308;6.518878;156.756558;1.623865;0.123798;-168.979170;-0.395094;0.402492;ORGANIZING
2026.07.23 12:35:00;EURUSDm;1.13839;0.398084;0.444444;0.909578;0.535630;0.884195;0.968582;0.252198;6.525392;156.809484;1.650756;0.120904;-169.106521;-0.394432;0.402651;ORGANIZING
2026.07.23 12:36:00;EURUSDm;1.13809;0.366645;3.218884;0.836811;0.652109;0.857481;1.000000;0.243226;6.528745;156.864143;1.314934;0.115500;-169.365902;-0.404777;0.400165;ORGANIZING
2026.07.23 12:37:00;EURUSDm;1.13802;0.401083;0.762527;0.769867;0.640481;0.829439;1.000000;0.234412;6.529202;156.919251;1.295027;0.112024;-169.487654;-0.405548;0.399980;ORGANIZING
2026.07.23 12:38:00;EURUSDm;1.13806;0.379396;0.434783;0.708277;0.613607;0.800428;0.988422;0.225771;6.527009;156.974649;1.304464;0.108660;-169.585110;-0.405433;0.400008;ORGANIZING
2026.07.23 12:39:00;EURUSDm;1.13817;0.430312;1.175214;0.651615;0.625679;0.770513;1.000000;0.217315;6.522391;157.030719;1.231484;0.104613;-169.713682;-0.407825;0.399434;ORGANIZING
2026.07.23 12:40:00;EURUSDm;1.13802;0.450993;1.575630;0.599486;0.657766;0.739831;1.000000;0.209056;6.515555;157.087656;1.124763;0.100216;-169.855326;-0.411246;0.398613;ORGANIZING
2026.07.23 12:41:00;EURUSDm;1.13804;0.525089;0.210084;0.993302;0.620585;0.729583;0.979670;0.218294;6.502273;157.144293;1.175637;0.099383;-169.483126;-0.409762;0.398969;ORGANIZING
2026.07.23 12:42:00;EURUSDm;1.13772;0.394578;3.238866;0.913838;0.736908;0.715308;1.000000;0.211353;6.487513;157.202231;0.970688;0.096198;-169.707724;-0.416069;0.397458;ORGANIZING
2026.07.23 12:43:00;EURUSDm;1.13780;0.422867;0.809717;0.840731;0.726242;0.698752;1.000000;0.204440;6.471408;157.260232;0.962148;0.094399;-169.798687;-0.416416;0.397375;ORGANIZING
2026.07.23 12:44:00;EURUSDm;1.13780;0.455421;0.001000;0.773473;0.676005;0.680451;0.972190;0.197581;6.454076;157.317924;1.006577;0.092861;-169.843320;-0.415160;0.397676;ORGANIZING
2026.07.23 12:45:00;EURUSDm;1.13777;0.443824;0.308642;0.711595;0.644028;0.660628;0.955882;0.190796;6.435629;157.375508;1.025775;0.090865;-169.900163;-0.414683;0.397790;ORGANIZING
2026.07.23 12:46:00;EURUSDm;1.13794;0.514096;1.703407;1.097167;0.683784;0.659459;0.988723;0.200535;6.411743;157.433274;0.964425;0.090386;-169.584989;-0.416548;0.397343;ORGANIZING
2026.07.23 12:47:00;EURUSDm;1.13771;0.361783;2.237354;1.009394;0.748273;0.653744;1.000000;0.194897;6.387313;157.491555;0.873670;0.089182;-169.741112;-0.419331;0.396677;ORGANIZING
2026.07.23 12:48:00;EURUSDm;1.13770;0.363889;0.098039;0.928642;0.702687;0.645137;0.975253;0.189190;6.362396;157.549303;0.918101;0.088932;-169.781381;-0.418010;0.396993;ORGANIZING
2026.07.23 12:49:00;EURUSDm;1.13796;0.467593;2.429907;0.854351;0.776145;0.633494;1.000000;0.183445;6.337041;157.607765;0.816206;0.086820;-169.937036;-0.421173;0.396236;ORGANIZING
2026.07.23 12:50:00;EURUSDm;1.13781;0.454772;1.415094;0.786003;0.795423;0.619446;1.000000;0.177690;6.311296;157.666443;0.778763;0.085037;-170.034390;-0.422385;0.395946;ORGANIZING
2026.07.23 12:51:00;EURUSDm;1.13791;0.504660;0.945180;1.164498;0.790522;0.623361;1.000000;0.187730;6.280792;157.724689;0.788544;0.085874;-169.664395;-0.422050;0.396026;ORGANIZING
2026.07.23 12:52:00;EURUSDm;1.13786;0.517284;0.479846;1.552461;0.762521;0.642987;0.988365;0.197742;6.253231;157.781987;0.843239;0.089137;-169.251006;-0.420246;0.396458;ORGANIZING
2026.07.23 12:53:00;EURUSDm;1.13800;0.512954;1.318267;1.937176;0.777448;0.676203;1.000000;0.207090;6.230590;157.838543;0.869772;0.093720;-168.877974;-0.419221;0.396703;ORGANIZING
2026.07.23 12:54:00;EURUSDm;1.13815;0.659129;1.407129;2.431523;0.795408;0.725276;1.000000;0.221453;6.213866;157.894131;0.911829;0.100305;-168.403378;-0.417630;0.397084;ORGANIZING
2026.07.23 12:55:00;EURUSDm;1.13825;0.913304;0.931099;3.116501;0.787687;0.794017;1.000000;0.244629;6.204866;157.948176;1.008036;0.109714;-167.724336;-0.414273;0.397888;ORGANIZING
2026.07.23 12:56:00;EURUSDm;1.13838;0.642921;1.181818;3.598691;0.791513;0.873130;1.000000;0.256507;6.201460;158.000643;1.103115;0.120440;-167.236271;-0.410885;0.398700;ORGANIZING
2026.07.23 12:57:00;EURUSDm;1.13851;0.481198;1.162791;3.310796;0.792615;0.939368;1.000000;0.258077;6.195862;158.051740;1.185151;0.129630;-167.502070;-0.407964;0.399400;ORGANIZING
2026.07.23 12:58:00;EURUSDm;1.13846;0.531444;0.452080;3.709379;0.756801;1.000000;0.989855;0.265102;6.194894;158.101257;1.321352;0.138566;-167.068672;-0.403431;0.400488;ORGANIZING
2026.07.23 12:59:00;EURUSDm;1.13847;0.625737;0.091075;4.178681;0.703514;1.000000;0.967677;0.275312;6.199190;158.150284;1.421435;0.139314;-166.624122;-0.400391;0.401218;ORGANIZING
2026.07.23 13:00:00;EURUSDm;1.13831;0.643879;1.449275;4.661591;0.720802;1.000000;0.994169;0.285692;6.208815;158.199581;1.387343;0.138594;-166.247807;-0.401450;0.400964;ORGANIZING
2026.07.23 13:01:00;EURUSDm;1.13814;0.970836;1.499118;5.389718;0.739718;1.000000;1.000000;0.307814;6.221735;158.249195;1.351866;0.137565;-165.658294;-0.402566;0.400696;ORGANIZING
2026.07.23 13:02:00;EURUSDm;1.13803;0.607163;0.958188;5.845090;0.730642;1.000000;1.000000;0.315192;6.239939;158.298901;1.368660;0.137254;-165.294715;-0.402078;0.400813;ORGANIZING
2026.07.23 13:03:00;EURUSDm;1.13813;0.583557;0.871080;6.282757;0.717664;1.000000;1.000000;0.321316;6.263160;158.348709;1.393411;0.136946;-164.952566;-0.401350;0.400988;ORGANIZING
2026.07.23 13:04:00;EURUSDm;1.13804;0.700415;0.774527;6.808068;0.700507;1.000000;1.000000;0.331515;6.292190;158.398636;1.427538;0.136533;-164.538485;-0.400347;0.401229;ORGANIZING
2026.07.23 13:05:00;EURUSDm;1.13781;0.966430;2.075812;7.532891;0.749272;1.000000;1.000000;0.351181;6.328942;158.449418;1.334629;0.134600;-164.026045;-0.403231;0.400536;ORGANIZING
2026.07.23 13:06:00;EURUSDm;1.13755;0.534865;2.300885;7.934039;0.806853;1.000000;1.000000;0.353679;6.365666;158.501143;1.239384;0.132869;-163.812647;-0.406175;0.399830;ORGANIZING
2026.07.23 13:07:00;EURUSDm;1.13742;0.623073;1.169065;8.401344;0.804963;1.000000;1.000000;0.359360;6.407757;158.553271;1.242293;0.132064;-163.491125;-0.406128;0.399841;ORGANIZING
2026.07.23 13:08:00;EURUSDm;1.13767;0.964953;2.204586;9.125059;0.854944;1.000000;1.000000;0.377578;6.457683;158.606397;1.169667;0.130036;-163.006804;-0.408408;0.399294;ORGANIZING
2026.07.23 13:09:00;EURUSDm;1.13741;0.447244;2.218430;8.395054;0.903119;1.000000;1.000000;0.395199;6.500801;158.660436;1.107274;0.128220;-163.960502;-0.410371;0.398823;ORGANIZING
2026.07.23 13:10:00;EURUSDm;1.13742;0.526511;0.088183;8.789938;0.842372;1.000000;0.981918;0.395184;6.548337;158.714343;1.187124;0.128437;-163.653818;-0.407964;0.399400;ORGANIZING
2026.07.23 13:11:00;EURUSDm;1.13723;0.407278;1.646447;8.086743;0.862576;1.000000;1.000000;0.410584;6.584817;158.768817;1.159319;0.127259;-164.535453;-0.408857;0.399186;ORGANIZING
2026.07.23 13:12:00;EURUSDm;1.13704;0.385895;1.604730;7.439803;0.879683;1.000000;1.000000;0.422402;6.610767;158.823722;1.136773;0.126377;-165.329939;-0.409578;0.399013;ORGANIZING
2026.07.23 13:13:00;EURUSDm;1.13699;0.363286;0.419463;6.844619;0.836672;1.000000;0.994465;0.431041;6.626787;158.878356;1.195211;0.126670;-165.986066;-0.407810;0.399437;ORGANIZING
2026.07.23 13:14:00;EURUSDm;1.13686;0.338484;1.081531;6.297049;0.828915;1.000000;1.000000;0.436867;6.632309;158.932968;1.206396;0.126613;-166.603186;-0.407477;0.399517;ORGANIZING
2026.07.23 13:15:00;EURUSDm;1.13689;0.334150;0.248756;5.793285;0.779907;1.000000;0.988997;0.440212;6.625915;158.987027;1.282204;0.127453;-167.105903;-0.405161;0.400073;ORGANIZING
2026.07.23 13:16:00;EURUSDm;1.13712;0.342100;1.857835;5.329823;0.813804;1.000000;1.000000;0.441375;6.610097;159.041266;1.228798;0.127141;-167.628190;-0.406779;0.399685;ORGANIZING
2026.07.23 13:17:00;EURUSDm;1.13720;0.339535;0.664452;4.903437;0.786336;1.000000;1.000000;0.440625;6.592973;159.095059;1.271721;0.127878;-168.045154;-0.405454;0.400003;ORGANIZING
2026.07.23 13:18:00;EURUSDm;1.13711;0.337457;0.738916;4.511162;0.763965;1.000000;1.000000;0.438208;6.568026;159.148379;1.308960;0.128697;-168.413649;-0.404296;0.400281;ORGANIZING
2026.07.23 13:19:00;EURUSDm;1.13718;0.341604;0.580431;4.150269;0.734788;1.000000;1.000000;0.434342;6.535470;159.201081;1.360936;0.129793;-168.725224;-0.402682;0.400668;ORGANIZING
2026.07.23 13:20:00;EURUSDm;1.13728;0.360956;0.830565;3.818247;0.719577;1.000000;1.000000;0.429226;6.511226;159.253389;1.389705;0.130548;-169.035623;-0.401781;0.400884;ORGANIZING
2026.07.23 13:21:00;EURUSDm;1.13740;0.403764;0.980392;3.512788;0.712618;1.000000;1.000000;0.423038;6.497439;159.305490;1.403276;0.131008;-169.346273;-0.401351;0.400988;ORGANIZING
2026.07.23 13:22:00;EURUSDm;1.13735;0.414130;0.409165;3.231765;0.677445;1.000000;0.994127;0.415937;6.491085;159.357175;1.476134;0.131848;-169.616900;-0.399124;0.401523;ORGANIZING
2026.07.23 13:23:00;EURUSDm;1.13729;0.380723;0.499168;2.973223;0.648531;1.000000;0.991361;0.408067;6.491725;159.408578;1.541945;0.132480;-169.883470;-0.397118;0.402005;ORGANIZING
2026.07.23 13:24:00;EURUSDm;1.13741;0.427005;0.980392;2.735366;0.645125;1.000000;1.000000;0.399557;6.499993;159.460029;1.550088;0.132544;-170.168888;-0.396870;0.402065;ORGANIZING
2026.07.23 13:25:00;EURUSDm;1.13747;0.585863;0.488599;3.174762;0.617298;1.000000;0.996085;0.401549;6.511074;159.511313;1.619962;0.132804;-169.779095;-0.394761;0.402572;ORGANIZING
2026.07.23 13:26:00;EURUSDm;1.13745;0.967937;0.170648;3.900715;0.574966;1.000000;0.981249;0.417769;6.518852;159.562251;1.739234;0.133128;-169.109744;-0.391167;0.403436;ORGANIZING
2026.07.23 13:27:00;EURUSDm;1.13776;0.561280;2.540984;4.321675;0.653267;1.000000;1.000000;0.417929;6.527055;159.614054;1.530768;0.131609;-168.835612;-0.397496;0.401914;ORGANIZING
2026.07.23 13:28:00;EURUSDm;1.13779;0.919471;0.246305;5.011278;0.612919;1.000000;0.988248;0.431512;6.535557;159.665539;1.631538;0.131926;-168.201318;-0.394458;0.402645;ORGANIZING
2026.07.23 13:29:00;EURUSDm;1.13778;0.507404;0.083472;5.391832;0.566446;1.000000;0.971684;0.428964;6.532912;159.716532;1.765392;0.132832;-167.814899;-0.390397;0.403622;ORGANIZING
2026.07.23 13:30:00;EURUSDm;1.13777;0.525388;0.085470;5.785872;0.522397;1.000000;0.955680;0.427218;6.530288;159.767059;1.914251;0.133692;-167.418596;-0.385888;0.404708;ORGANIZING
2026.07.23 13:31:00;EURUSDm;1.13787;0.394612;0.843170;5.323003;0.518436;1.000000;0.966695;0.429001;6.525274;159.817496;1.928878;0.133820;-167.921479;-0.385443;0.404815;ORGANIZING
2026.07.23 13:32:00;EURUSDm;1.13805;0.339070;1.554404;4.897162;0.550235;1.000000;1.000000;0.428843;6.518074;159.868179;1.817407;0.133384;-168.415085;-0.388809;0.404004;ORGANIZING
2026.07.23 13:33:00;EURUSDm;1.13807;0.334117;0.174520;4.505389;0.511449;1.000000;0.986118;0.426989;6.508876;159.918383;1.955230;0.134277;-168.796172;-0.384629;0.405011;ORGANIZING
2026.07.23 13:34:00;EURUSDm;1.13817;0.318075;0.857633;4.144958;0.508758;1.000000;0.996565;0.423661;6.497852;159.968449;1.965571;0.134585;-169.175276;-0.384304;0.405089;ORGANIZING
2026.07.23 13:35:00;EURUSDm;1.13822;0.320133;0.427350;3.813362;0.484688;1.000000;0.991471;0.419058;6.485162;160.018147;2.063185;0.135338;-169.497914;-0.381338;0.405804;ORGANIZING
2026.07.23 13:36:00;EURUSDm;1.13826;0.332291;0.349650;3.508293;0.457936;1.000000;0.983674;0.413359;6.470952;160.067436;2.183712;0.136198;-169.785700;-0.377679;0.406687;ORGANIZING
2026.07.23 13:37:00;EURUSDm;1.13835;0.334013;0.806452;3.227629;0.455362;1.000000;0.991939;0.406724;6.455355;160.116543;2.196057;0.136660;-170.068433;-0.377285;0.406782;ORGANIZING
2026.07.23 13:38:00;EURUSDm;1.13830;0.332338;0.444840;2.969419;0.434835;1.000000;0.987026;0.399298;6.438496;160.165277;2.299720;0.137502;-170.306281;-0.374133;0.407543;ORGANIZING
2026.07.23 13:39:00;EURUSDm;1.13816;0.349564;1.272727;2.731865;0.456730;1.000000;1.000000;0.391211;6.420487;160.214049;2.189477;0.137581;-170.562310;-0.377437;0.406745;ORGANIZING
2026.07.23 13:40:00;EURUSDm;1.13801;0.386303;1.363636;2.513316;0.482075;1.000000;1.000000;0.382578;6.401434;160.262884;2.074364;0.137626;-170.799667;-0.380888;0.405913;ORGANIZING
2026.07.23 13:41:00;EURUSDm;1.13827;0.364075;2.296820;2.312251;0.552813;1.000000;1.000000;0.373502;6.381432;160.312226;1.808931;0.136841;-171.062657;-0.388890;0.403985;ORGANIZING
2026.07.23 13:42:00;EURUSDm;1.13823;0.365898;0.353982;2.127271;0.522871;1.000000;0.990462;0.364076;6.360570;160.361061;1.912517;0.137978;-171.205954;-0.385726;0.404747;ORGANIZING
2026.07.23 13:43:00;EURUSDm;1.13813;0.371047;0.891266;1.957089;0.521291;1.000000;0.999733;0.354381;6.338929;160.409663;1.918315;0.138608;-171.360485;-0.385520;0.404796;ORGANIZING
2026.07.23 13:44:00;EURUSDm;1.13783;0.500369;2.604167;2.332366;0.605435;1.000000;1.000000;0.355426;6.311264;160.458830;1.651706;0.137511;-171.065279;-0.393573;0.402857;ORGANIZING
2026.07.23 13:45:00;EURUSDm;1.13770;0.721227;1.122625;2.873287;0.611294;1.000000;1.000000;0.364701;6.282722;160.507770;1.635874;0.137765;-170.540624;-0.394036;0.402746;ORGANIZING
2026.07.23 13:46:00;EURUSDm;1.13768;0.725392;0.176056;3.417331;0.569532;1.000000;0.983927;0.373668;6.256143;160.556027;1.755827;0.138902;-169.967850;-0.390380;0.403626;ORGANIZING
2026.07.23 13:47:00;EURUSDm;1.13766;0.970311;0.179533;4.145064;0.530032;1.000000;0.968851;0.391371;6.226628;160.603593;1.886678;0.139899;-169.224560;-0.386405;0.404583;ORGANIZING
2026.07.23 13:48:00;EURUSDm;1.13773;0.963301;0.626118;4.867540;0.514837;1.000000;0.970553;0.407927;6.196932;160.650711;1.942364;0.140455;-168.507725;-0.384706;0.404992;ORGANIZING
2026.07.23 13:49:00;EURUSDm;1.13791;0.909705;1.562500;5.549819;0.547220;1.000000;1.000000;0.421644;6.167527;160.697859;1.827419;0.140127;-167.873603;-0.388171;0.404158;ORGANIZING
2026.07.23 13:50:00;EURUSDm;1.13785;0.953611;0.530035;6.265028;0.526361;1.000000;0.998309;0.436322;6.141481;160.744537;1.899839;0.140763;-167.161478;-0.385967;0.404689;ORGANIZING
2026.07.23 13:51:00;EURUSDm;1.13778;0.945579;0.629496;6.974212;0.511517;1.000000;1.000000;0.449965;6.127286;160.790925;1.954968;0.141068;-166.482734;-0.384298;0.405091;ORGANIZING
2026.07.23 13:52:00;EURUSDm;1.13771;0.536801;0.634058;7.376812;0.497644;1.000000;1.000000;0.447597;6.121446;160.837116;2.009467;0.141509;-166.096035;-0.382641;0.405490;ORGANIZING
2026.07.23 13:53:00;EURUSDm;1.13776;0.559589;0.457038;7.796504;0.475614;1.000000;0.996662;0.446202;6.123750;160.883110;2.102545;0.141933;-165.702124;-0.379827;0.406169;ORGANIZING
2026.07.23 13:54:00;EURUSDm;1.13774;0.475921;0.185185;7.172784;0.441093;1.000000;0.983878;0.455078;6.123410;160.928755;2.267098;0.142459;-166.354039;-0.374864;0.407366;ORGANIZING
2026.07.23 13:55:00;EURUSDm;1.13757;0.398061;1.591760;6.598961;0.478626;1.000000;1.000000;0.461015;6.120649;160.974747;2.089314;0.141637;-167.017740;-0.380239;0.406069;ORGANIZING
2026.07.23 13:56:00;EURUSDm;1.13752;0.382362;0.487329;6.071044;0.459061;1.000000;0.998192;0.464360;6.115673;161.020495;2.178359;0.142064;-167.568578;-0.377546;0.406719;ORGANIZING
2026.07.23 13:57:00;EURUSDm;1.13750;0.365520;0.199203;5.585360;0.426068;1.000000;0.986480;0.465426;6.108672;161.065842;2.347042;0.142854;-168.054746;-0.372446;0.407950;ORGANIZING
2026.07.23 13:58:00;EURUSDm;1.13744;0.363071;0.621118;5.138532;0.415821;1.000000;0.989982;0.464496;6.099820;161.110999;2.404882;0.143264;-168.516920;-0.370690;0.408374;ORGANIZING
2026.07.23 13:59:00;EURUSDm;1.13721;0.354276;2.395833;4.727449;0.494821;1.000000;1.000000;0.461826;6.089276;161.156840;2.020931;0.141926;-169.026416;-0.382276;0.405578;ORGANIZING
2026.07.23 14:00:00;EURUSDm;1.13746;0.417274;2.480159;4.349253;0.574088;1.000000;1.000000;0.457644;6.077189;161.203352;1.741892;0.140668;-169.497854;-0.390710;0.403546;ORGANIZING
2026.07.23 14:01:00;EURUSDm;1.13727;0.347253;1.884921;4.001313;0.619630;1.000000;1.000000;0.452159;6.063694;161.250186;1.613867;0.140145;-169.900208;-0.394577;0.402616;ORGANIZING
2026.07.23 14:02:00;EURUSDm;1.13707;0.336470;1.980198;3.681208;0.667658;1.000000;1.000000;0.445556;6.048915;161.297351;1.497772;0.139623;-170.272744;-0.398086;0.401772;ORGANIZING
2026.07.23 14:03:00;EURUSDm;1.13701;0.340416;0.592885;3.386711;0.643920;1.000000;1.000000;0.438003;6.032966;161.344120;1.552989;0.140550;-170.543268;-0.396383;0.402182;ORGANIZING
2026.07.23 14:04:00;EURUSDm;1.13693;0.357100;0.798403;3.115774;0.631644;1.000000;1.000000;0.429650;6.010636;161.390543;1.583171;0.141404;-170.786984;-0.395435;0.402410;ORGANIZING
2026.07.23 14:05:00;EURUSDm;1.13704;0.389263;1.080550;2.866512;0.634089;1.000000;1.000000;0.420631;5.980650;161.436690;1.577065;0.142139;-171.006829;-0.395581;0.402374;ORGANIZING
2026.07.23 14:06:00;EURUSDm;1.13716;0.423174;1.204819;2.637191;0.642626;1.000000;1.000000;0.411065;5.958548;161.482702;1.556116;0.142608;-171.227363;-0.396186;0.402229;ORGANIZING
2026.07.23 14:07:00;EURUSDm;1.13723;0.454979;0.704225;2.426216;0.625706;1.000000;1.000000;0.401061;5.945944;161.528419;1.598196;0.143416;-171.421918;-0.394883;0.402542;ORGANIZING
2026.07.23 14:08:00;EURUSDm;1.13686;0.356911;3.523810;2.232119;0.750611;1.000000;1.000000;0.390713;5.942569;161.575350;1.332248;0.141165;-171.760405;-0.402974;0.400598;ORGANIZING
2026.07.23 14:09:00;EURUSDm;1.13698;0.352881;1.132075;2.053549;0.749684;1.000000;1.000000;0.380105;5.947818;161.622325;1.333895;0.141291;-171.974308;-0.402919;0.400611;ORGANIZING
2026.07.23 14:10:00;EURUSDm;1.13688;0.350707;0.943396;1.889265;0.739370;1.000000;1.000000;0.369314;5.961837;161.669337;1.352503;0.141432;-172.181744;-0.402353;0.400747;ORGANIZING
2026.07.23 14:11:00;EURUSDm;1.13694;0.363645;0.572519;1.738124;0.711027;1.000000;0.997964;0.358406;5.984389;161.716292;1.406416;0.141767;-172.374783;-0.400719;0.401140;ORGANIZING
2026.07.23 14:12:00;EURUSDm;1.13706;0.395688;1.129944;1.599074;0.711973;0.995775;1.000000;0.347438;6.012244;161.763618;1.398613;0.140812;-172.600106;-0.401001;0.401072;ORGANIZING
2026.07.23 14:13:00;EURUSDm;1.13714;0.404093;0.750469;1.471148;0.693982;0.986957;1.000000;0.336462;6.045436;161.811273;1.422164;0.139482;-172.810948;-0.400361;0.401226;ORGANIZING
2026.07.23 14:14:00;EURUSDm;1.13714;0.410957;0.001000;1.353456;0.639594;0.974269;0.976811;0.325524;6.073403;161.858918;1.523262;0.138420;-172.968639;-0.397381;0.401942;ORGANIZING
2026.07.23 14:15:00;EURUSDm;1.13707;0.443576;0.670498;1.245180;0.621654;0.958075;0.977484;0.314661;6.096573;161.906939;1.541172;0.136228;-173.147807;-0.396953;0.402045;ORGANIZING
2026.07.23 14:16:00;EURUSDm;1.13697;0.424121;0.943396;1.145565;0.618579;0.938791;0.987304;0.303909;6.115345;161.955502;1.517656;0.133392;-173.328234;-0.397801;0.401841;ORGANIZING
2026.07.23 14:17:00;EURUSDm;1.13694;0.431955;0.298805;1.053920;0.583815;0.917003;0.973843;0.293296;6.130083;162.004301;1.570708;0.130866;-173.463950;-0.396335;0.402193;ORGANIZING
2026.07.23 14:18:00;EURUSDm;1.13664;0.381887;2.835539;0.969607;0.678061;0.892524;1.000000;0.282847;6.141122;162.054642;1.316288;0.125672;-173.718510;-0.404228;0.400297;ORGANIZING
2026.07.23 14:19:00;EURUSDm;1.13653;0.403396;1.020408;0.892038;0.677328;0.866174;1.000000;0.272583;6.148770;162.105580;1.278811;0.122019;-173.867402;-0.405535;0.399983;ORGANIZING
2026.07.23 14:20:00;EURUSDm;1.13643;0.355897;0.912409;0.820675;0.671758;0.838313;1.000000;0.262522;6.153312;162.157064;1.247939;0.118279;-174.001502;-0.406648;0.399716;ORGANIZING
2026.07.23 14:21:00;EURUSDm;1.13662;0.418585;1.705566;0.755021;0.706683;0.809053;1.000000;0.252678;6.155009;162.209500;1.144860;0.113721;-174.167483;-0.409968;0.398920;ORGANIZING
2026.07.23 14:22:00;EURUSDm;1.13666;0.515231;0.368324;1.141444;0.673584;0.799522;0.986735;0.259366;6.149631;162.261742;1.186967;0.112886;-173.812353;-0.408747;0.399213;ORGANIZING
2026.07.23 14:23:00;EURUSDm;1.13657;0.495943;0.818182;1.050129;0.664823;0.786151;0.989914;0.250963;6.142249;162.314090;1.182497;0.111384;-173.929057;-0.408956;0.399163;ORGANIZING
2026.07.23 14:24:00;EURUSDm;1.13686;0.960136;2.548330;1.770231;0.743275;0.803685;1.000000;0.274420;6.124993;162.366699;1.081274;0.112518;-173.334885;-0.411936;0.398448;ORGANIZING
2026.07.23 14:25:00;EURUSDm;1.13694;0.955179;0.699301;2.486615;0.725003;0.846045;0.999080;0.296518;6.098167;162.418009;1.166954;0.118832;-172.599723;-0.409050;0.399140;ORGANIZING
2026.07.23 14:26:00;EURUSDm;1.13695;0.714968;0.087873;3.022841;0.676226;0.903624;0.977566;0.308504;6.071533;162.467414;1.336275;0.128060;-171.977249;-0.403509;0.400470;ORGANIZING
2026.07.23 14:27:00;EURUSDm;1.13682;0.497165;1.134380;2.781013;0.681061;0.950010;0.993852;0.305170;6.044723;162.515672;1.394898;0.135118;-172.165495;-0.401397;0.400977;ORGANIZING
2026.07.23 14:28:00;EURUSDm;1.13692;0.945787;0.865052;3.490354;0.671260;1.000000;1.000000;0.325378;6.027082;162.562656;1.489735;0.142375;-171.448482;-0.398189;0.401747;ORGANIZING
2026.07.23 14:29:00;EURUSDm;1.13697;0.935180;0.439367;4.191739;0.639666;1.000000;0.991766;0.344179;6.018328;162.609235;1.563317;0.142813;-170.782176;-0.395960;0.402283;ORGANIZING
2026.07.23 14:30:00;EURUSDm;1.13697;0.926092;0.001000;4.886307;0.587732;1.000000;0.969136;0.361698;6.018207;162.655295;1.701455;0.143521;-170.116530;-0.391780;0.403289;ORGANIZING
2026.07.23 14:31:00;EURUSDm;1.13690;0.921003;0.654206;5.577060;0.571056;1.000000;0.970772;0.378151;6.026505;162.701270;1.751142;0.143355;-169.504579;-0.390298;0.403646;ORGANIZING
2026.07.23 14:32:00;EURUSDm;1.13691;0.772453;0.093985;6.156400;0.527202;1.000000;0.953320;0.388210;6.041946;162.746962;1.896805;0.143733;-168.978078;-0.385909;0.404702;ORGANIZING
2026.07.23 14:33:00;EURUSDm;1.13717;0.900609;2.372263;6.831856;0.599455;1.000000;1.000000;0.402573;6.065343;162.793610;1.668181;0.141495;-168.497041;-0.392880;0.403024;ORGANIZING
2026.07.23 14:34:00;EURUSDm;1.13706;0.889948;1.039698;7.499318;0.601468;1.000000;1.000000;0.415817;6.096475;162.840589;1.662600;0.140573;-167.967324;-0.393093;0.402973;ORGANIZING
2026.07.23 14:35:00;EURUSDm;1.13701;0.886139;0.479846;8.163922;0.575386;1.000000;0.996348;0.428256;6.135180;162.887695;1.737962;0.140079;-167.426033;-0.390857;0.403511;ORGANIZING
2026.07.23 14:36:00;EURUSDm;1.13694;0.877593;0.665399;8.822117;0.559887;1.000000;0.999754;0.439753;6.181270;162.935107;1.786074;0.139258;-166.914923;-0.389455;0.403849;ORGANIZING
2026.07.23 14:37:00;EURUSDm;1.13712;0.625092;1.660517;9.290936;0.594919;1.000000;1.000000;0.441207;6.232734;162.983383;1.680902;0.137573;-166.635246;-0.392694;0.403069;ORGANIZING
2026.07.23 14:38:00;EURUSDm;1.13716;0.377312;0.371058;8.547661;0.563726;1.000000;0.993429;0.456310;6.277351;163.031794;1.773913;0.137035;-167.515180;-0.389931;0.403734;ORGANIZING
2026.07.23 14:39:00;EURUSDm;1.13724;0.347968;0.756144;7.863848;0.553346;1.000000;1.000000;0.467685;6.315682;163.080484;1.807186;0.136301;-168.336717;-0.388969;0.403965;ORGANIZING
2026.07.23 14:40:00;EURUSDm;1.13718;0.344121;0.567108;7.234741;0.534035;1.000000;1.000000;0.475756;6.348244;163.129307;1.872538;0.135906;-169.076602;-0.387029;0.404433;ORGANIZING
2026.07.23 14:41:00;EURUSDm;1.13703;0.410910;1.396648;6.655961;0.557165;1.000000;1.000000;0.480908;6.375512;163.178634;1.794800;0.134888;-169.792678;-0.389412;0.403859;ORGANIZING
2026.07.23 14:42:00;EURUSDm;1.13690;0.518026;1.197053;7.044481;0.569160;1.000000;1.000000;0.476288;6.402665;163.228352;1.756976;0.134262;-169.510938;-0.390578;0.403578;ORGANIZING
2026.07.23 14:43:00;EURUSDm;1.13682;0.499065;0.732601;6.480922;0.557332;1.000000;1.000000;0.480652;6.424960;163.278175;1.794264;0.133995;-170.165807;-0.389472;0.403844;ORGANIZING
2026.07.23 14:44:00;EURUSDm;1.13674;0.730352;0.724638;7.028686;0.545697;1.000000;1.000000;0.484007;6.445420;163.328086;1.832519;0.133777;-169.703950;-0.388336;0.404118;ORGANIZING
2026.07.23 14:45:00;EURUSDm;1.13684;0.796545;0.917431;7.626095;0.544284;1.000000;1.000000;0.489677;6.464587;163.378175;1.837277;0.133359;-169.204893;-0.388214;0.404147;ORGANIZING
2026.07.23 14:46:00;EURUSDm;1.13688;0.784072;0.367647;8.214149;0.515452;1.000000;0.995006;0.494596;6.484177;163.428171;1.940045;0.133436;-168.687021;-0.385127;0.404891;ORGANIZING
2026.07.23 14:47:00;EURUSDm;1.13687;0.769086;0.092081;8.790963;0.474283;1.000000;0.980715;0.498707;6.511856;163.478032;2.108444;0.133603;-168.182479;-0.380067;0.406111;ORGANIZING
2026.07.23 14:48:00;EURUSDm;1.13676;0.594313;1.003650;9.236698;0.480752;1.000000;0.998972;0.496058;6.536760;163.528208;2.080076;0.133093;-167.837899;-0.380943;0.405899;ORGANIZING
2026.07.23 14:49:00;EURUSDm;1.13658;0.392095;1.657459;8.497762;0.519587;1.000000;1.000000;0.508202;6.547137;163.578875;1.924606;0.132014;-168.711378;-0.385661;0.404762;ORGANIZING
2026.07.23 14:50:00;EURUSDm;1.13668;0.433212;0.946970;7.817941;0.520956;1.000000;1.000000;0.516783;6.543717;163.629522;1.919548;0.131901;-169.453538;-0.385819;0.404724;ORGANIZING
2026.07.23 14:51:00;EURUSDm;1.13649;0.380202;1.799242;7.192506;0.564870;1.000000;1.000000;0.522216;6.527153;163.680442;1.770318;0.131333;-170.151545;-0.390324;0.403639;ORGANIZING
2026.07.23 14:52:00;EURUSDm;1.13662;0.436959;1.247601;6.617105;0.579007;1.000000;1.000000;0.524875;6.499124;163.731223;1.727095;0.131527;-170.741124;-0.391611;0.403330;ORGANIZING
2026.07.23 14:53:00;EURUSDm;1.13651;0.335707;1.045627;6.087737;0.582338;1.000000;1.000000;0.525100;6.474070;163.781787;1.717216;0.131900;-171.274728;-0.391889;0.403263;ORGANIZING
2026.07.23 14:54:00;EURUSDm;1.13647;0.343248;0.383142;5.600718;0.552378;1.000000;0.996788;0.523196;6.460686;163.831918;1.810354;0.132692;-171.751341;-0.389055;0.403945;ORGANIZING
2026.07.23 14:55:00;EURUSDm;1.13675;0.458536;2.597403;5.152660;0.634629;1.000000;1.000000;0.519439;6.458495;163.882849;1.575723;0.131362;-172.320685;-0.396160;0.402235;ORGANIZING
2026.07.23 14:56:00;EURUSDm;1.13662;0.420130;1.203704;4.740448;0.643083;1.000000;1.000000;0.514077;6.467019;163.933950;1.555009;0.131162;-172.798779;-0.396792;0.402083;ORGANIZING
2026.07.23 14:57:00;EURUSDm;1.13681;0.432980;1.721014;4.361212;0.676980;1.000000;1.000000;0.507335;6.483981;163.985560;1.477149;0.130407;-173.283961;-0.399165;0.401513;ORGANIZING
2026.07.23 14:58:00;EURUSDm;1.13705;0.762030;2.226345;4.932735;0.734448;1.000000;1.000000;0.510545;6.487711;164.037781;1.361567;0.129321;-172.836005;-0.402687;0.400667;ORGANIZING
2026.07.23 14:59:00;EURUSDm;1.13712;0.719928;0.655431;5.472680;0.710497;1.000000;1.000000;0.512015;6.479184;164.089678;1.407465;0.129842;-172.309892;-0.401284;0.401004;ORGANIZING
2026.07.23 15:00:00;EURUSDm;1.13710;0.790162;0.190114;6.065302;0.664478;1.000000;0.989575;0.516045;6.458482;164.140908;1.504941;0.130907;-171.689139;-0.398306;0.401719;ORGANIZING
2026.07.23 15:01:00;EURUSDm;1.13708;0.791086;0.191571;6.658616;0.620833;1.000000;0.979706;0.519909;6.426216;164.191378;1.610740;0.132154;-171.045845;-0.395070;0.402497;ORGANIZING
2026.07.23 15:02:00;EURUSDm;1.13717;0.453052;0.867052;6.125927;0.613144;1.000000;0.993960;0.520548;6.403271;164.241542;1.630939;0.132679;-171.576396;-0.394438;0.402649;ORGANIZING
2026.07.23 15:03:00;EURUSDm;1.13731;0.358143;1.333333;5.635853;0.629153;1.000000;1.000000;0.519024;6.379705;164.291631;1.589438;0.132839;-172.082390;-0.395675;0.402352;ORGANIZING
2026.07.23 15:04:00;EURUSDm;1.13737;0.332106;0.564972;5.184984;0.605944;1.000000;1.000000;0.515616;6.366244;164.341353;1.650318;0.133551;-172.526032;-0.393813;0.402800;ORGANIZING
2026.07.23 15:05:00;EURUSDm;1.13742;0.340745;0.472590;4.770186;0.579276;1.000000;0.999587;0.510575;6.362972;164.390775;1.726292;0.134177;-172.946959;-0.391502;0.403356;ORGANIZING
2026.07.23 15:06:00;EURUSDm;1.13730;0.384339;1.129944;4.388571;0.586810;1.000000;1.000000;0.504127;6.369412;164.440337;1.704130;0.134042;-173.385656;-0.392174;0.403194;ORGANIZING
2026.07.23 15:07:00;EURUSDm;1.13735;0.368715;0.469043;4.037485;0.560921;1.000000;0.999061;0.496475;6.385100;164.489798;1.782781;0.134364;-173.776385;-0.389798;0.403766;ORGANIZING
2026.07.23 15:08:00;EURUSDm;1.13708;0.438963;2.547170;3.714486;0.640234;1.000000;1.000000;0.487801;6.408397;164.540284;1.561930;0.132689;-174.258428;-0.396508;0.402152;ORGANIZING
2026.07.23 15:09:00;EURUSDm;1.13705;0.372669;0.287356;3.417327;0.602590;1.000000;0.992131;0.478269;6.427159;164.590581;1.659504;0.133191;-174.586701;-0.393555;0.402862;ORGANIZING
2026.07.23 15:10:00;EURUSDm;1.13705;0.409889;0.001000;3.143941;0.552510;1.000000;0.974180;0.468025;6.441763;164.640524;1.809921;0.134007;-174.868670;-0.389002;0.403958;ORGANIZING
2026.07.23 15:11:00;EURUSDm;1.13708;0.344452;0.302419;2.892426;0.520006;1.000000;0.967050;0.457200;6.452555;164.690250;1.923055;0.134594;-175.137340;-0.385579;0.404782;ORGANIZING
2026.07.23 15:12:00;EURUSDm;1.13715;0.352793;0.701403;2.661032;0.509076;1.000000;0.973754;0.445909;6.459853;164.739939;1.964345;0.134865;-175.399508;-0.384326;0.405084;ORGANIZING
2026.07.23 15:13:00;EURUSDm;1.13728;0.318939;1.292247;2.448149;0.528234;1.000000;1.000000;0.434258;6.463950;164.789861;1.893100;0.134654;-175.666362;-0.386474;0.404566;ORGANIZING
2026.07.23 15:14:00;EURUSDm;1.13733;0.311561;0.521921;2.252297;0.507919;1.000000;0.998466;0.422338;6.465114;164.839591;1.968820;0.135220;-175.870116;-0.384174;0.405120;ORGANIZING
2026.07.23 15:15:00;EURUSDm;1.13738;0.330961;0.525210;2.072114;0.488783;1.000000;0.996684;0.410230;6.463594;164.889115;2.045897;0.135821;-176.053433;-0.381832;0.405685;ORGANIZING
2026.07.23 15:16:00;EURUSDm;1.13731;0.321211;0.726141;1.906344;0.480651;1.000000;1.000000;0.398007;6.459617;164.938518;2.080512;0.136272;-176.228073;-0.380771;0.405941;ORGANIZING
2026.07.23 15:17:00;EURUSDm;1.13748;0.319357;1.748971;1.753837;0.524067;1.000000;1.000000;0.385732;6.453393;164.988292;1.908153;0.135811;-176.436772;-0.385965;0.404689;ORGANIZING
2026.07.23 15:18:00;EURUSDm;1.13728;0.466124;2.016129;1.613530;0.578670;0.995659;1.000000;0.373461;6.454318;165.038709;1.720598;0.134431;-176.663748;-0.391660;0.403318;ORGANIZING
2026.07.23 15:19:00;EURUSDm;1.13713;0.754231;1.482213;2.179203;0.603934;1.000000;1.000000;0.383071;6.454981;165.089298;1.655810;0.134373;-176.190134;-0.393607;0.402849;ORGANIZING
2026.07.23 15:20:00;EURUSDm;1.13714;0.743038;0.098619;2.736482;0.558668;1.000000;0.981859;0.391782;6.455994;165.139445;1.789971;0.135018;-175.657184;-0.389550;0.403826;ORGANIZING
2026.07.23 15:21:00;EURUSDm;1.13698;0.731780;1.550388;3.285317;0.588254;1.000000;1.000000;0.399634;6.457448;165.189902;1.699945;0.134312;-175.207003;-0.392286;0.403167;ORGANIZING
2026.07.23 15:22:00;EURUSDm;1.13685;0.391944;1.231061;3.022492;0.600395;1.000000;1.000000;0.392794;6.456195;165.240468;1.665571;0.134239;-175.516348;-0.393321;0.402918;ORGANIZING
2026.07.23 15:23:00;EURUSDm;1.13702;0.412682;1.637765;2.780692;0.632263;1.000000;1.000000;0.385244;6.452465;165.291315;1.581620;0.133869;-175.818305;-0.395858;0.402308;ORGANIZING
2026.07.23 15:24:00;EURUSDm;1.13698;0.365370;0.390625;2.558237;0.600181;1.000000;0.992155;0.377105;6.446470;165.341782;1.666163;0.134703;-176.030876;-0.393280;0.402928;ORGANIZING
2026.07.23 15:25:00;EURUSDm;1.13712;0.408099;1.343570;2.353578;0.617351;1.000000;1.000000;0.368482;6.438404;165.392339;1.619825;0.134694;-176.269885;-0.394671;0.402593;ORGANIZING
2026.07.23 15:26:00;EURUSDm;1.13712;0.536067;0.001000;2.755628;0.566533;1.000000;0.977932;0.370161;6.422542;165.442230;1.765122;0.135884;-175.838540;-0.390252;0.403657;ORGANIZING
2026.07.23 15:27:00;EURUSDm;1.13725;0.768149;1.277014;3.331740;0.582057;1.000000;1.000000;0.380458;6.397486;165.492025;1.718044;0.135870;-175.298232;-0.391665;0.403317;ORGANIZING
2026.07.23 15:28:00;EURUSDm;1.13732;0.460438;0.683594;3.065201;0.567134;1.000000;1.000000;0.374762;6.371992;165.541417;1.763252;0.136726;-175.536858;-0.390266;0.403653;ORGANIZING
2026.07.23 15:29:00;EURUSDm;1.13711;0.782065;2.000000;3.651749;0.618777;1.000000;1.000000;0.385352;6.342476;165.591029;1.616090;0.136117;-175.013713;-0.394711;0.402584;ORGANIZING
2026.07.23 15:30:00;EURUSDm;1.13699;0.802089;1.129944;4.253316;0.624336;1.000000;1.000000;0.396163;6.321857;165.640491;1.601703;0.136196;-174.447550;-0.395139;0.402481;ORGANIZING
2026.07.23 15:31:00;EURUSDm;1.13694;0.676079;0.479846;4.760376;0.597111;1.000000;0.995660;0.401707;6.308928;165.689551;1.674730;0.136841;-173.947557;-0.392916;0.403016;ORGANIZING
2026.07.23 15:32:00;EURUSDm;1.13671;0.365674;2.165725;4.379546;0.655542;1.000000;1.000000;0.400664;6.294568;165.739052;1.525456;0.136040;-174.405512;-0.397434;0.401929;ORGANIZING
2026.07.23 15:33:00;EURUSDm;1.13679;0.352453;0.753296;4.029182;0.640430;1.000000;1.000000;0.398149;6.278906;165.788246;1.561452;0.136659;-174.753601;-0.396323;0.402196;ORGANIZING
2026.07.23 15:34:00;EURUSDm;1.13681;0.346493;0.190476;3.706848;0.597932;1.000000;0.985602;0.394358;6.262057;165.836846;1.672431;0.137848;-175.040759;-0.392935;0.403011;ORGANIZING
2026.07.23 15:35:00;EURUSDm;1.13665;0.313664;1.506591;3.410300;0.623365;1.000000;1.000000;0.389467;6.244128;165.885521;1.604197;0.137799;-175.365777;-0.394984;0.402518;ORGANIZING
2026.07.23 15:36:00;EURUSDm;1.13671;0.334092;0.562852;3.137476;0.600339;1.000000;0.998331;0.383635;6.225219;165.933776;1.665725;0.138712;-175.614348;-0.393093;0.402973;ORGANIZING
2026.07.23 15:37:00;EURUSDm;1.13699;0.364779;2.500000;2.886478;0.675322;1.000000;1.000000;0.377003;6.205419;165.982584;1.480775;0.137784;-175.936273;-0.398688;0.401628;ORGANIZING
2026.07.23 15:38:00;EURUSDm;1.13730;0.863107;2.672414;3.533808;0.755177;1.000000;1.000000;0.390520;6.193595;166.032071;1.324193;0.136253;-175.421669;-0.403462;0.400481;ORGANIZING
2026.07.23 15:39:00;EURUSDm;1.13728;0.701168;0.177305;4.059683;0.706283;1.000000;0.984874;0.397287;6.181432;166.080949;1.415863;0.137268;-174.884986;-0.400661;0.401154;ORGANIZING
2026.07.23 15:40:00;EURUSDm;1.13735;0.570061;0.623886;4.487229;0.682163;1.000000;0.986144;0.398800;6.168032;166.129450;1.465925;0.137950;-174.458049;-0.399125;0.401523;ORGANIZING
2026.07.23 15:41:00;EURUSDm;1.13746;0.363327;0.994575;4.128251;0.677784;1.000000;1.000000;0.396809;6.145621;166.177685;1.475396;0.138500;-174.812078;-0.398813;0.401598;ORGANIZING
2026.07.23 15:42:00;EURUSDm;1.13746;0.323560;0.001000;3.797991;0.623945;1.000000;0.978923;0.393482;6.122648;166.225150;1.602706;0.140055;-175.083364;-0.394916;0.402534;ORGANIZING
2026.07.23 15:43:00;EURUSDm;1.13738;0.389553;0.744879;3.494152;0.609991;1.000000;0.984504;0.389000;6.099169;166.272242;1.639367;0.140882;-175.364420;-0.393775;0.402809;ORGANIZING
2026.07.23 15:44:00;EURUSDm;1.13730;0.410630;0.739372;3.214620;0.596460;1.000000;0.989539;0.383526;6.075237;166.318959;1.676557;0.141739;-175.618327;-0.392616;0.403088;ORGANIZING
2026.07.23 15:45:00;EURUSDm;1.13725;0.712543;0.482625;3.749027;0.570769;1.000000;0.985220;0.391070;6.058816;166.365255;1.752023;0.142437;-175.086769;-0.390317;0.403641;ORGANIZING
2026.07.23 15:46:00;EURUSDm;1.13715;0.822826;0.970874;4.366146;0.570774;1.000000;0.998406;0.402373;6.044627;166.411409;1.752007;0.142495;-174.510036;-0.390315;0.403641;ORGANIZING
2026.07.23 15:47:00;EURUSDm;1.13713;0.740594;0.200803;4.921591;0.532275;1.000000;0.984573;0.410026;6.030302;166.457035;1.878727;0.143418;-173.948376;-0.386467;0.404568;ORGANIZING
2026.07.23 15:48:00;EURUSDm;1.13724;0.807872;1.134021;5.527495;0.542363;1.000000;1.000000;0.419820;6.024774;166.502706;1.843785;0.143124;-173.406761;-0.387530;0.404312;ORGANIZING
2026.07.23 15:49:00;EURUSDm;1.13727;0.590745;0.311850;5.970554;0.510837;1.000000;0.990608;0.420982;6.017838;166.547993;1.957571;0.143892;-172.965916;-0.384078;0.405144;ORGANIZING
2026.07.23 15:50:00;EURUSDm;1.13714;0.595508;1.321138;6.417185;0.531352;1.000000;1.000000;0.422265;6.009387;166.593400;1.881991;0.143616;-172.570871;-0.386359;0.404594;ORGANIZING
2026.07.23 15:51:00;EURUSDm;1.13718;0.426172;0.404858;5.903810;0.505027;1.000000;0.993949;0.426820;5.990775;166.638358;1.980090;0.144454;-173.074765;-0.383375;0.405313;ORGANIZING
2026.07.23 15:52:00;EURUSDm;1.13721;0.296840;0.307377;5.431505;0.475145;1.000000;0.984858;0.429094;5.971340;166.682823;2.104621;0.145442;-173.527332;-0.379589;0.406226;ORGANIZING
2026.07.23 15:53:00;EURUSDm;1.13733;0.288599;1.234568;4.996985;0.493116;1.000000;1.000000;0.429366;5.951162;166.727266;2.027920;0.145483;-173.984452;-0.381888;0.405672;ORGANIZING
2026.07.23 15:54:00;EURUSDm;1.13744;0.274688;1.120163;4.597226;0.504468;1.000000;1.000000;0.427885;5.930310;166.771614;1.982285;0.145716;-174.395246;-0.383246;0.405344;ORGANIZING
2026.07.23 15:55:00;EURUSDm;1.13746;0.258009;0.204918;4.229448;0.469491;1.000000;0.987148;0.424880;5.908850;166.815397;2.129967;0.146989;-174.722899;-0.378752;0.406428;ORGANIZING
2026.07.23 15:56:00;EURUSDm;1.13709;0.324439;3.606238;3.891092;0.606328;1.000000;1.000000;0.420554;5.886841;166.860329;1.649272;0.144640;-175.190355;-0.393290;0.402926;ORGANIZING
2026.07.23 15:57:00;EURUSDm;1.13711;0.607329;0.196078;4.346589;0.565816;1.000000;0.986582;0.422301;5.872008;166.904707;1.767360;0.145770;-174.712552;-0.389691;0.403792;ORGANIZING
2026.07.23 15:58:00;EURUSDm;1.13716;0.523681;0.512295;4.739350;0.543140;1.000000;0.984763;0.420824;5.854704;166.948685;1.841147;0.146656;-174.303531;-0.387433;0.404335;ORGANIZING
2026.07.23 15:59:00;EURUSDm;1.13724;0.638486;0.811359;5.218214;0.536551;1.000000;0.993422;0.423726;5.837016;166.992421;1.863757;0.147117;-173.832241;-0.386731;0.404504;ORGANIZING
2026.07.23 16:00:00;EURUSDm;1.13736;0.633520;1.188119;5.693354;0.549129;1.000000;1.000000;0.426297;5.819892;167.036111;1.821065;0.147160;-173.384263;-0.388010;0.404196;ORGANIZING
2026.07.23 16:01:00;EURUSDm;1.13738;0.629341;0.198413;6.165360;0.511593;1.000000;0.986865;0.428582;5.811163;167.079339;1.954678;0.148119;-172.905063;-0.383954;0.405174;ORGANIZING
2026.07.23 16:02:00;EURUSDm;1.13754;0.623855;1.559454;6.633252;0.543986;1.000000;1.000000;0.430548;5.810460;167.122883;1.838282;0.147384;-172.515633;-0.387482;0.404324;ORGANIZING
2026.07.23 16:03:00;EURUSDm;1.13750;0.551120;0.396825;7.046592;0.516628;1.000000;0.993958;0.429687;5.816932;167.166219;1.935628;0.147858;-172.129494;-0.384538;0.405033;ORGANIZING
2026.07.23 16:04:00;EURUSDm;1.13736;0.636038;1.364522;7.523620;0.539023;1.000000;1.000000;0.432054;5.830938;167.209918;1.855208;0.147015;-171.751305;-0.386993;0.404441;ORGANIZING
2026.07.23 16:05:00;EURUSDm;1.13734;0.646499;0.196078;8.008494;0.501876;1.000000;0.986985;0.434695;5.844378;167.253381;1.992525;0.147472;-171.304908;-0.382851;0.405440;ORGANIZING
2026.07.23 16:06:00;EURUSDm;1.13738;0.362722;0.394477;7.367815;0.476506;1.000000;0.981461;0.444994;5.845172;167.296598;2.098610;0.147783;-171.985623;-0.379653;0.406211;ORGANIZING
2026.07.23 16:07:00;EURUSDm;1.13741;0.324480;0.304260;6.778390;0.447894;1.000000;0.973334;0.452216;5.834514;167.339422;2.232674;0.148486;-172.582387;-0.375595;0.407190;ORGANIZING
2026.07.23 16:08:00;EURUSDm;1.13742;0.420195;0.105485;6.236118;0.410773;1.000000;0.958787;0.456719;5.812428;167.381654;2.434434;0.149702;-173.094602;-0.369482;0.408666;ORGANIZING
2026.07.23 16:09:00;EURUSDm;1.13732;0.653694;1.066098;6.726389;0.423539;1.000000;0.978528;0.458396;5.790924;167.423799;2.361056;0.149861;-172.619591;-0.371675;0.408136;ORGANIZING
2026.07.23 16:10:00;EURUSDm;1.13743;0.321605;1.148225;6.188277;0.439774;1.000000;1.000000;0.462382;5.764259;167.465839;2.273897;0.150006;-173.170617;-0.374283;0.407507;ORGANIZING
2026.07.23 16:11:00;EURUSDm;1.13762;0.270300;1.970954;5.693215;0.496333;1.000000;1.000000;0.464016;5.737543;167.508178;2.014778;0.149301;-173.714414;-0.382092;0.405623;ORGANIZING
2026.07.23 16:12:00;EURUSDm;1.13762;0.280763;0.001000;5.237758;0.451566;1.000000;0.981276;0.463588;5.710793;167.549801;2.214515;0.150922;-174.112372;-0.376018;0.407088;ORGANIZING
2026.07.23 16:13:00;EURUSDm;1.13765;0.317895;0.329670;4.818737;0.425471;1.000000;0.974695;0.461360;5.684022;167.590896;2.350335;0.152187;-174.488393;-0.371881;0.408087;ORGANIZING
2026.07.23 16:14:00;EURUSDm;1.13770;0.356581;0.548246;4.433238;0.411610;1.000000;0.975917;0.457567;5.657241;167.631585;2.429484;0.153223;-174.839573;-0.369454;0.408673;ORGANIZING
2026.07.23 16:15:00;EURUSDm;1.13766;0.439794;0.448430;4.078579;0.393451;1.000000;0.973470;0.452421;5.630464;167.671824;2.541612;0.154408;-175.152466;-0.366031;0.409500;ORGANIZING
2026.07.23 16:16:00;EURUSDm;1.13755;0.274733;1.203501;3.752293;0.413954;1.000000;0.997355;0.446115;5.603700;167.712000;2.415730;0.154709;-175.473289;-0.369793;0.408591;ORGANIZING
2026.07.23 16:17:00;EURUSDm;1.13767;0.257714;1.315789;3.452110;0.439045;1.000000;1.000000;0.438818;5.584626;167.752237;2.277669;0.154739;-175.786061;-0.373933;0.407591;ORGANIZING
2026.07.23 16:18:00;EURUSDm;1.13749;0.320897;1.927195;3.175941;0.493453;1.000000;1.000000;0.430686;5.572337;167.792895;2.026536;0.153930;-176.116452;-0.381507;0.405763;ORGANIZING
2026.07.23 16:19:00;EURUSDm;1.13736;0.640686;1.416122;3.656455;0.519586;1.000000;1.000000;0.433177;5.560093;167.833692;1.924608;0.153542;-175.683363;-0.384585;0.405022;ORGANIZING
2026.07.23 16:20:00;EURUSDm;1.13751;0.520314;1.623377;4.046690;0.554776;1.000000;1.000000;0.431030;5.548759;167.874727;1.802530;0.153032;-175.342390;-0.388272;0.404133;ORGANIZING
2026.07.23 16:21:00;EURUSDm;1.13746;0.700906;0.541126;4.572370;0.534093;1.000000;0.999025;0.435762;5.536945;167.915437;1.872332;0.153685;-174.822576;-0.386146;0.404645;ORGANIZING
2026.07.23 16:22:00;EURUSDm;1.13735;0.423328;1.222222;4.206580;0.548500;1.000000;1.000000;0.432264;5.533527;167.956258;1.823155;0.153509;-175.229759;-0.387630;0.404288;ORGANIZING
2026.07.23 16:23:00;EURUSDm;1.13746;0.682399;1.214128;4.718379;0.561781;1.000000;1.000000;0.436241;5.529142;167.997167;1.780053;0.153206;-174.771333;-0.388938;0.403973;ORGANIZING
2026.07.23 16:24:00;EURUSDm;1.13744;0.675733;0.220751;5.225179;0.524730;1.000000;0.987995;0.439768;5.524480;168.037659;1.905743;0.154107;-174.265707;-0.385122;0.404892;ORGANIZING
2026.07.23 16:25:00;EURUSDm;1.13757;0.362364;1.444444;4.807164;0.550715;1.000000;1.000000;0.438681;5.528871;168.078455;1.815820;0.153415;-174.757110;-0.387855;0.404234;ORGANIZING
2026.07.23 16:26:00;EURUSDm;1.13759;0.376882;0.224215;4.422591;0.514390;1.000000;0.988201;0.435975;5.530679;168.118906;1.944049;0.154296;-175.144014;-0.383964;0.405171;ORGANIZING
2026.07.23 16:27:00;EURUSDm;1.13767;0.336006;0.938967;4.068784;0.515619;1.000000;1.000000;0.431867;5.530122;168.159363;1.939416;0.154378;-175.530176;-0.384099;0.405139;ORGANIZING
2026.07.23 16:28:00;EURUSDm;1.13770;0.328201;0.376884;3.743281;0.488682;1.000000;0.993306;0.426549;5.527399;168.199524;2.046319;0.155216;-175.852822;-0.380850;0.405922;ORGANIZING
2026.07.23 16:29:00;EURUSDm;1.13777;0.265862;0.868486;3.443819;0.487673;1.000000;1.000000;0.420194;5.532588;168.239726;2.050556;0.155269;-176.189146;-0.380720;0.405953;ORGANIZING
2026.07.23 16:30:00;EURUSDm;1.13788;0.268531;1.351351;3.168313;0.510857;1.000000;1.000000;0.412960;5.535125;168.280186;1.957497;0.154824;-176.518899;-0.383534;0.405275;ORGANIZING
2026.07.23 16:31:00;EURUSDm;1.13786;0.362039;0.251256;2.914848;0.477877;1.000000;0.988248;0.404985;5.535233;168.320317;2.092591;0.155809;-176.763782;-0.379432;0.406264;ORGANIZING
2026.07.23 16:32:00;EURUSDm;1.13783;0.395228;0.374065;2.681660;0.452686;1.000000;0.980926;0.396395;5.533118;168.360175;2.209037;0.156686;-176.990227;-0.375895;0.407117;ORGANIZING
2026.07.23 16:33:00;EURUSDm;1.13770;0.671413;1.600985;3.185220;0.490101;1.000000;1.000000;0.401754;5.521787;168.400294;2.040396;0.155918;-176.552257;-0.380992;0.405888;ORGANIZING
2026.07.23 16:34:00;EURUSDm;1.13773;0.669452;0.374065;3.687309;0.464299;1.000000;0.992154;0.406770;5.501638;168.439954;2.153784;0.156919;-176.033760;-0.377541;0.406720;ORGANIZING
2026.07.23 16:35:00;EURUSDm;1.13776;0.641780;0.375940;4.168643;0.439881;1.000000;0.984823;0.410499;5.475030;168.479103;2.273341;0.158093;-175.521398;-0.373895;0.407600;ORGANIZING
2026.07.23 16:36:00;EURUSDm;1.13761;0.636860;1.856436;4.646288;0.490709;1.000000;1.000000;0.413856;5.456595;168.518576;2.037868;0.157204;-175.103898;-0.381004;0.405885;ORGANIZING
2026.07.23 16:37:00;EURUSDm;1.13762;0.640396;0.124069;5.126585;0.452377;1.000000;0.983827;0.417178;5.446057;168.557560;2.210546;0.158338;-174.609821;-0.375767;0.407148;ORGANIZING
2026.07.23 16:38:00;EURUSDm;1.13765;0.448490;0.379747;4.716459;0.428745;1.000000;0.977286;0.416825;5.434232;168.596190;2.332386;0.159241;-175.010591;-0.372066;0.408042;ORGANIZING
2026.07.23 16:39:00;EURUSDm;1.13767;0.295661;0.253807;4.339142;0.399998;1.000000;0.966553;0.414850;5.413887;168.634329;2.500009;0.160546;-175.352660;-0.366972;0.409273;ORGANIZING
2026.07.23 16:40:00;EURUSDm;1.13764;0.547022;0.390625;4.749409;0.379530;1.000000;0.960915;0.414621;5.393845;168.672062;2.634839;0.161603;-174.919115;-0.362875;0.410264;ORGANIZING
2026.07.23 16:41:00;EURUSDm;1.13758;0.576761;0.777202;5.181979;0.379413;1.000000;0.968997;0.415518;5.372972;168.709586;2.635647;0.162130;-174.484001;-0.362824;0.410276;ORGANIZING
2026.07.23 16:42:00;EURUSDm;1.13778;0.257566;2.481390;4.767421;0.464512;1.000000;1.000000;0.415470;5.351715;168.747749;2.152796;0.160470;-174.979212;-0.377393;0.406756;ORGANIZING
2026.07.23 16:43:00;EURUSDm;1.13783;0.273869;0.631313;4.386027;0.452852;1.000000;1.000000;0.413766;5.328280;168.785560;2.208226;0.161423;-175.336479;-0.375682;0.407169;ORGANIZING
2026.07.23 16:44:00;EURUSDm;1.13780;0.275898;0.386598;4.035145;0.429540;1.000000;0.993013;0.410622;5.313539;168.822991;2.328074;0.162504;-175.665709;-0.372033;0.408050;ORGANIZING
2026.07.23 16:45:00;EURUSDm;1.13779;0.357884;0.129199;3.712333;0.394523;1.000000;0.977151;0.406232;5.297920;168.859915;2.534709;0.163970;-175.950408;-0.365760;0.409566;ORGANIZING
2026.07.23 16:46:00;EURUSDm;1.13774;0.470071;0.704225;3.415347;0.390008;1.000000;0.981817;0.400769;5.281503;168.896630;2.564052;0.164683;-176.235836;-0.364844;0.409787;ORGANIZING
2026.07.23 16:47:00;EURUSDm;1.13775;0.638538;0.141243;3.894250;0.357569;1.000000;0.966424;0.404676;5.256841;168.932774;2.796660;0.166138;-175.719128;-0.357793;0.411494;ORGANIZING
2026.07.23 16:48:00;EURUSDm;1.13777;0.635432;0.284900;4.370824;0.333936;1.000000;0.956734;0.408271;5.236832;168.968482;2.994586;0.167251;-175.221800;-0.351800;0.412946;ORGANIZING
2026.07.23 16:49:00;EURUSDm;1.13786;0.619585;1.278409;4.835513;0.361160;1.000000;0.982282;0.411092;5.224565;169.004339;2.768859;0.166755;-174.801299;-0.358596;0.411299;ORGANIZING
2026.07.23 16:50:00;EURUSDm;1.13780;0.605624;0.867052;5.289731;0.366454;1.000000;0.992637;0.413248;5.219656;169.040200;2.728854;0.166684;-174.382732;-0.359800;0.411008;ORGANIZING
2026.07.23 16:51:00;EURUSDm;1.13789;0.598446;1.274788;5.738565;0.391871;1.000000;1.000000;0.415028;5.221795;169.076337;2.551861;0.165873;-174.003288;-0.365151;0.409713;ORGANIZING
2026.07.23 16:52:00;EURUSDm;1.13784;0.586253;0.730994;6.178255;0.388827;1.000000;1.000000;0.416261;5.230652;169.112532;2.571837;0.165680;-173.616929;-0.364561;0.409856;ORGANIZING
2026.07.23 16:53:00;EURUSDm;1.13788;0.362087;0.584795;5.683995;0.378625;1.000000;1.000000;0.420161;5.229486;169.148613;2.641132;0.165885;-174.142537;-0.362472;0.410361;ORGANIZING
2026.07.23 16:54:00;EURUSDm;1.13782;0.583554;0.898204;6.121661;0.384604;1.000000;1.000000;0.421036;5.227682;169.184736;2.600074;0.165746;-173.745116;-0.363710;0.410062;ORGANIZING
2026.07.23 16:55:00;EURUSDm;1.13790;0.425683;1.176471;5.631928;0.404198;1.000000;1.000000;0.424471;5.216177;169.220940;2.474037;0.165430;-174.274505;-0.367507;0.409143;ORGANIZING
2026.07.23 16:56:00;EURUSDm;1.13786;0.276907;0.588235;5.181374;0.393400;1.000000;1.000000;0.425775;5.195447;169.256828;2.541945;0.166262;-174.711298;-0.365429;0.409646;ORGANIZING
2026.07.23 16:57:00;EURUSDm;1.13797;0.230281;1.580460;4.766864;0.432753;1.000000;1.000000;0.425212;5.173067;169.292886;2.310789;0.165809;-175.155332;-0.372386;0.407965;ORGANIZING
2026.07.23 16:58:00;EURUSDm;1.13791;0.266494;0.849858;4.385515;0.433608;1.000000;1.000000;0.423019;5.150511;169.328727;2.306231;0.166469;-175.523880;-0.372490;0.407940;ORGANIZING
2026.07.23 16:59:00;EURUSDm;1.13795;0.257054;0.576369;4.034673;0.420746;1.000000;0.999979;0.419410;5.127803;169.364213;2.376731;0.167561;-175.844711;-0.370320;0.408464;ORGANIZING
2026.07.23 17:00:00;EURUSDm;1.13796;0.241792;0.148368;3.711900;0.387127;1.000000;0.984852;0.414578;5.112539;169.399210;2.583131;0.169083;-176.128671;-0.364052;0.409979;ORGANIZING
2026.07.23 17:01:00;EURUSDm;1.13794;0.235731;0.312500;3.414948;0.363396;1.000000;0.975829;0.408697;5.104647;169.433890;2.751821;0.170162;-176.409025;-0.358937;0.411217;ORGANIZING
2026.07.23 17:02:00;EURUSDm;1.13788;0.578528;0.920245;3.848844;0.371238;1.000000;0.988188;0.409957;5.088309;169.468485;2.693689;0.170372;-175.987412;-0.360671;0.410797;ORGANIZING
2026.07.23 17:03:00;EURUSDm;1.13804;0.324413;2.359882;3.540936;0.450670;1.000000;1.000000;0.404854;5.071319;169.503705;2.218917;0.168724;-176.365785;-0.374996;0.407334;ORGANIZING
2026.07.23 17:04:00;EURUSDm;1.13790;0.595109;2.011494;3.987268;0.508712;1.000000;1.000000;0.406928;5.046441;169.539257;1.965751;0.167727;-175.967438;-0.382641;0.405490;ORGANIZING
2026.07.23 17:05:00;EURUSDm;1.13798;0.353669;1.136364;3.668287;0.520094;1.000000;1.000000;0.402531;5.021649;169.574674;1.922729;0.168229;-176.274841;-0.383907;0.405185;ORGANIZING
2026.07.23 17:06:00;EURUSDm;1.13786;0.520865;1.699717;4.058936;0.559075;1.000000;1.000000;0.401937;5.002977;169.610295;1.788668;0.167673;-175.920261;-0.387956;0.404209;ORGANIZING
2026.07.23 17:07:00;EURUSDm;1.13784;0.616926;0.291545;4.521630;0.525699;1.000000;0.989272;0.404974;4.984236;169.645394;1.902230;0.169064;-175.427883;-0.384480;0.405047;ORGANIZING
2026.07.23 17:08:00;EURUSDm;1.13769;0.623041;2.205882;4.988911;0.589708;1.000000;1.000000;0.408090;4.965495;169.680946;1.695755;0.167693;-175.028913;-0.390743;0.403539;ORGANIZING
2026.07.23 17:09:00;EURUSDm;1.13779;0.634071;1.483680;5.464465;0.614407;1.000000;1.000000;0.411463;4.946957;169.716560;1.627587;0.167425;-174.583343;-0.392801;0.403043;ORGANIZING
2026.07.23 17:10:00;EURUSDm;1.13774;0.646296;0.764526;5.949186;0.601913;1.000000;1.000000;0.415126;4.928817;169.751867;1.661371;0.168184;-174.092480;-0.391750;0.403296;ORGANIZING
2026.07.23 17:11:00;EURUSDm;1.13771;0.397053;0.461538;5.473251;0.574894;1.000000;0.995683;0.418166;4.906826;169.786684;1.739452;0.169495;-174.538312;-0.389342;0.403876;ORGANIZING
2026.07.23 17:12:00;EURUSDm;1.13768;0.439024;0.473186;5.035391;0.549808;1.000000;0.992032;0.419151;4.893721;169.821120;1.818815;0.170570;-174.961280;-0.386907;0.404462;ORGANIZING
2026.07.23 17:13:00;EURUSDm;1.13767;0.342932;0.162866;4.632560;0.510461;1.000000;0.977681;0.418335;4.879766;169.855022;1.959012;0.172160;-175.329126;-0.382622;0.405495;ORGANIZING
2026.07.23 17:14:00;EURUSDm;1.13765;0.402741;0.325733;4.261955;0.481225;1.000000;0.969505;0.415949;4.873965;169.888574;2.078030;0.173276;-175.687670;-0.378995;0.406369;ORGANIZING
2026.07.23 17:15:00;EURUSDm;1.13766;0.307496;0.169492;3.920999;0.445638;1.000000;0.956062;0.412199;4.866704;169.921697;2.243973;0.174686;-176.004143;-0.373946;0.407588;ORGANIZING
2026.07.23 17:16:00;EURUSDm;1.13771;0.452127;0.838926;3.607319;0.445303;1.000000;0.966390;0.407273;4.858111;169.954731;2.245664;0.175110;-176.323484;-0.373875;0.407605;ORGANIZING
2026.07.23 17:17:00;EURUSDm;1.13770;0.284735;0.171821;3.318733;0.411629;1.000000;0.952834;0.401339;4.848302;169.987331;2.429375;0.176639;-176.579507;-0.368287;0.408955;ORGANIZING
2026.07.23 17:18:00;EURUSDm;1.13771;0.357134;0.173010;3.053235;0.379698;1.000000;0.939587;0.394547;4.837383;170.019502;2.633674;0.178201;-176.809824;-0.362080;0.410456;ORGANIZING
2026.07.23 17:19:00;EURUSDm;1.13772;0.323378;0.176678;2.808976;0.349547;1.000000;0.926695;0.387032;4.825453;170.051252;2.860848;0.179790;-177.016793;-0.355185;0.412126;ORGANIZING
2026.07.23 17:20:00;EURUSDm;1.13780;0.439187;1.428571;2.584258;0.383498;1.000000;0.957806;0.378917;4.812602;170.083213;2.607576;0.179372;-177.265491;-0.362804;0.410281;ORGANIZING
2026.07.23 17:21:00;EURUSDm;1.13771;0.316254;1.567944;2.377517;0.422720;1.000000;0.992423;0.370308;4.798914;170.115429;2.365631;0.178829;-177.499075;-0.370090;0.408519;ORGANIZING
2026.07.23 17:22:00;EURUSDm;1.13769;0.347451;0.349650;2.187316;0.399067;1.000000;0.982887;0.361302;4.791534;170.147335;2.505846;0.180118;-177.664760;-0.365819;0.409552;ORGANIZING
2026.07.23 17:23:00;EURUSDm;1.13759;0.203089;1.766784;2.012331;0.447453;1.000000;1.000000;0.351987;4.782863;170.179638;2.234873;0.179138;-177.884459;-0.373997;0.407576;ORGANIZING
2026.07.23 17:24:00;EURUSDm;1.13764;0.266193;0.877193;1.851344;0.448940;1.000000;1.000000;0.342437;4.780308;170.211930;2.227471;0.179479;-178.055015;-0.374202;0.407526;ORGANIZING
2026.07.23 17:25:00;EURUSDm;1.13754;0.204854;1.712329;1.703237;0.492109;1.000000;1.000000;0.332720;4.776057;170.244612;2.032070;0.178543;-178.251038;-0.380111;0.406100;ORGANIZING
2026.07.23 17:26:00;EURUSDm;1.13754;0.234537;0.001000;1.566978;0.447554;0.996249;0.976680;0.322897;4.777096;170.276934;2.225988;0.179584;-178.361247;-0.374241;0.407517;ORGANIZING
2026.07.23 17:27:00;EURUSDm;1.13756;0.252642;0.359712;1.441619;0.423237;0.987978;0.966388;0.313020;4.784011;170.309247;2.334341;0.178973;-178.496947;-0.371021;0.408294;ORGANIZING
2026.07.23 17:28:00;EURUSDm;1.13765;0.591038;1.584507;1.884898;0.461541;0.998261;0.998978;0.319533;4.791131;170.341808;2.162889;0.179150;-178.141518;-0.376156;0.407054;ORGANIZING
2026.07.23 17:29:00;EURUSDm;1.13754;0.265111;1.877133;1.734106;0.512355;1.000000;1.000000;0.311096;4.804479;170.374976;1.951772;0.177685;-178.384375;-0.382563;0.405509;ORGANIZING
2026.07.23 17:30:00;EURUSDm;1.13753;0.305282;0.171821;1.595377;0.475328;0.998181;0.981902;0.302478;4.823994;170.408006;2.099982;0.178189;-178.542720;-0.378091;0.406587;ORGANIZING
2026.07.23 17:31:00;EURUSDm;1.13744;0.256335;1.530612;1.467747;0.508129;0.991402;1.000000;0.293735;4.839929;170.441659;1.951085;0.175725;-178.757967;-0.382681;0.405480;ORGANIZING
2026.07.23 17:32:00;EURUSDm;1.13750;0.335278;1.071429;1.350327;0.516466;0.980344;1.000000;0.284919;4.852580;170.475742;1.898177;0.173390;-178.936537;-0.384385;0.405070;ORGANIZING
2026.07.23 17:33:00;EURUSDm;1.13750;0.345715;0.001000;1.242301;0.471086;0.965768;0.975007;0.276075;4.862220;170.509760;2.050091;0.172170;-179.049366;-0.379889;0.406154;ORGANIZING
2026.07.23 17:34:00;EURUSDm;1.13752;0.437247;0.364964;1.142917;0.446464;0.948071;0.963318;0.267240;4.869099;170.543954;2.123509;0.169820;-179.172110;-0.377804;0.406657;ORGANIZING
2026.07.23 17:35:00;EURUSDm;1.13740;0.247870;2.105263;1.051484;0.510443;0.927301;1.000000;0.258450;4.873449;170.579247;1.816661;0.164347;-179.374702;-0.387283;0.404372;ORGANIZING
2026.07.23 17:36:00;EURUSDm;1.13746;0.249399;1.048951;0.967365;0.518822;0.904131;1.000000;0.249733;4.875481;170.615107;1.742660;0.160192;-179.512863;-0.389711;0.403787;ORGANIZING
2026.07.23 17:37:00;EURUSDm;1.13748;0.268850;0.348432;0.889976;0.492220;0.879096;0.985936;0.241116;4.875392;170.651202;1.785983;0.156737;-179.607365;-0.388584;0.404058;ORGANIZING
2026.07.23 17:38:00;EURUSDm;1.13748;0.264103;0.001000;0.818778;0.450077;0.852609;0.959902;0.232620;4.873359;170.687384;1.894363;0.153456;-179.678032;-0.385496;0.404802;ORGANIZING
2026.07.23 17:39:00;EURUSDm;1.13751;0.280782;0.537634;0.753276;0.437403;0.824835;0.953264;0.224264;4.869549;170.723957;1.885757;0.149124;-179.770876;-0.385971;0.404688;ORGANIZING
2026.07.23 17:40:00;EURUSDm;1.13746;0.214306;0.899281;0.693013;0.444000;0.795961;0.959224;0.216064;4.864114;170.761118;1.792706;0.144087;-179.876500;-0.389014;0.403955;ORGANIZING
2026.07.23 17:41:00;EURUSDm;1.13745;0.248381;0.185185;0.637572;0.415140;0.766410;0.939695;0.208033;4.857193;170.798514;1.846149;0.139847;-179.940123;-0.387623;0.404290;ORGANIZING
2026.07.23 17:42:00;EURUSDm;1.13746;0.269701;0.187970;0.586567;0.388453;0.736394;0.920666;0.200182;4.848914;170.836159;1.895708;0.135428;-179.999844;-0.386357;0.404594;ORGANIZING
2026.07.23 17:43:00;EURUSDm;1.13738;0.290567;1.481481;0.539641;0.428377;0.705786;0.947301;0.192519;4.839397;170.874721;1.647581;0.129258;-180.121503;-0.394110;0.402728;ORGANIZING
2026.07.23 17:44:00;EURUSDm;1.13735;0.242529;0.561798;0.496470;0.420932;0.675004;0.940546;0.185051;4.828749;170.913718;1.603594;0.124202;-180.190776;-0.395682;0.402350;ORGANIZING
2026.07.23 17:45:00;EURUSDm;1.13736;0.342593;0.192308;0.456752;0.396001;0.644295;0.920835;0.177785;4.817070;170.952963;1.627004;0.119516;-180.237625;-0.395214;0.402463;ORGANIZING
2026.07.23 17:46:00;EURUSDm;1.13738;0.391113;0.387597;0.420212;0.382695;0.613735;0.908394;0.170723;4.804452;170.992560;1.603719;0.114548;-180.291656;-0.396161;0.402235;ORGANIZING
2026.07.23 17:47:00;EURUSDm;1.13741;0.417916;0.600000;0.386595;0.381285;0.583386;0.903575;0.163867;4.790980;171.032615;1.530050;0.109327;-180.353614;-0.398632;0.401641;ORGANIZING
2026.07.23 17:48:00;EURUSDm;1.13738;0.264497;0.607287;0.355668;0.380918;0.553352;0.898941;0.157220;4.782317;171.073180;1.452680;0.104005;-180.424154;-0.401219;0.401019;ORGANIZING
2026.07.23 17:49:00;EURUSDm;1.13735;0.338227;0.609756;0.327214;0.381293;0.523731;0.894322;0.150782;4.772475;171.114243;1.373568;0.098732;-180.491103;-0.403856;0.400386;ORGANIZING
2026.07.23 17:50:00;EURUSDm;1.13739;0.432006;0.803213;0.301037;0.391914;0.494560;0.896411;0.144552;4.761556;171.155886;1.261910;0.093348;-180.564418;-0.407475;0.399518;ORGANIZING
2026.07.23 17:51:00;EURUSDm;1.13740;0.581078;0.201613;0.736845;0.372508;0.488317;0.877152;0.159115;4.745057;171.197296;1.310890;0.092542;-180.152984;-0.406046;0.399861;ORGANIZING
2026.07.23 17:52:00;EURUSDm;1.13747;0.581108;1.405622;1.172676;0.414397;0.500978;0.901217;0.172950;4.723108;171.238651;1.208931;0.094338;-179.771511;-0.409015;0.399148;ORGANIZING
2026.07.23 17:53:00;EURUSDm;1.13741;0.587053;1.255230;1.612966;0.446419;0.530460;0.919661;0.186317;4.703199;171.279538;1.188256;0.099413;-179.361564;-0.409382;0.399060;ORGANIZING
2026.07.23 17:54:00;EURUSDm;1.13740;0.485753;0.221239;1.483929;0.424551;0.552831;0.901737;0.183453;4.683093;171.319558;1.302156;0.104483;-179.440442;-0.405711;0.399941;ORGANIZING
2026.07.23 17:55:00;EURUSDm;1.13733;0.555570;1.555556;1.900607;0.470045;0.590363;0.931042;0.195115;4.668169;171.359133;1.255972;0.110693;-179.064775;-0.406786;0.399683;ORGANIZING
2026.07.23 17:56:00;EURUSDm;1.13726;0.300602;1.590909;1.748558;0.514281;0.619564;0.960966;0.192961;4.652640;171.398411;1.204720;0.115593;-179.235772;-0.408079;0.399373;ORGANIZING
2026.07.23 17:57:00;EURUSDm;1.13720;0.241459;1.339286;1.608674;0.543140;0.641758;0.980961;0.190307;4.636564;171.437373;1.181572;0.119508;-179.383823;-0.408577;0.399253;ORGANIZING
2026.07.23 17:58:00;EURUSDm;1.13721;0.248775;0.238095;1.479980;0.515052;0.657866;0.961622;0.187227;4.619993;171.475566;1.277280;0.123606;-179.467212;-0.405501;0.399991;ORGANIZING
2026.07.23 17:59:00;EURUSDm;1.13711;0.204898;2.380952;1.361581;0.595190;0.668074;1.000000;0.183785;4.602976;171.514186;1.122456;0.124132;-179.653243;-0.410120;0.398883;ORGANIZING
2026.07.23 18:00:00;EURUSDm;1.13717;0.251362;1.421801;1.252655;0.623159;0.673205;1.000000;0.180042;4.585558;171.552809;1.080310;0.124928;-179.781309;-0.411344;0.398590;ORGANIZING
2026.07.23 18:01:00;EURUSDm;1.13710;0.229260;1.627907;1.152442;0.659932;0.673772;1.000000;0.176051;4.567779;171.591611;1.020972;0.124686;-179.912988;-0.413137;0.398160;ORGANIZING
2026.07.23 18:02:00;EURUSDm;1.13715;0.249224;1.152074;1.060247;0.671064;0.670401;1.000000;0.171858;4.549677;171.630410;0.999013;0.124319;-180.013895;-0.413814;0.397998;ORGANIZING
2026.07.23 18:03:00;EURUSDm;1.13725;0.498195;2.212389;0.975427;0.734722;0.663328;1.000000;0.167506;4.531286;171.669804;0.902828;0.122081;-180.163355;-0.416811;0.397280;ORGANIZING
2026.07.23 18:04:00;EURUSDm;1.13721;0.463293;0.877193;0.897393;0.728579;0.653306;1.000000;0.163033;4.512639;171.709150;0.896685;0.120887;-180.238373;-0.417055;0.397222;ORGANIZING
2026.07.23 18:05:00;EURUSDm;1.13726;0.633448;1.077586;1.372479;0.732963;0.664621;1.000000;0.178635;4.499233;171.748179;0.906759;0.122832;-179.799779;-0.416656;0.397317;ORGANIZING
2026.07.23 18:06:00;EURUSDm;1.13732;0.618197;1.287554;1.836127;0.747400;0.693216;1.000000;0.192886;4.490896;171.786698;0.927503;0.127636;-179.372319;-0.415793;0.397524;ORGANIZING
2026.07.23 18:07:00;EURUSDm;1.13729;0.511202;0.638298;2.219528;0.728081;0.734181;0.994091;0.202412;4.486771;171.824163;1.008379;0.135526;-178.976899;-0.412972;0.398200;ORGANIZING
2026.07.23 18:08:00;EURUSDm;1.13737;0.627475;1.652893;2.690134;0.759638;0.788973;1.000000;0.215821;4.487682;171.860857;1.038618;0.144418;-178.548393;-0.411621;0.398524;ORGANIZING
2026.07.23 18:09:00;EURUSDm;1.13733;0.635322;0.816327;3.166626;0.746693;0.855956;1.000000;0.228855;4.493637;171.896141;1.146330;0.156505;-178.065236;-0.407785;0.399443;ORGANIZING
2026.07.23 18:10:00;EURUSDm;1.13730;0.633501;0.625000;3.641752;0.723489;0.933469;0.994885;0.241168;4.504576;171.929752;1.290232;0.170676;-177.569510;-0.402759;0.400650;ORGANIZING
2026.07.23 18:11:00;EURUSDm;1.13740;0.632864;2.074689;4.116399;0.772380;1.000000;1.000000;0.252842;4.515849;171.962634;1.294700;0.180471;-177.155997;-0.402135;0.400799;ORGANIZING
2026.07.23 18:12:00;EURUSDm;1.13746;0.627268;1.224490;4.586850;0.774985;1.000000;1.000000;0.263723;4.527411;171.995658;1.290347;0.179658;-176.766062;-0.402307;0.400758;ORGANIZING
2026.07.23 18:13:00;EURUSDm;1.13740;0.633563;1.244813;5.062023;0.778477;1.000000;1.000000;0.274295;4.539265;172.028836;1.284560;0.178826;-176.372410;-0.402522;0.400707;ORGANIZING
2026.07.23 18:14:00;EURUSDm;1.13736;0.637404;0.833333;5.540076;0.761219;1.000000;1.000000;0.284483;4.557130;172.062019;1.313682;0.178481;-175.966389;-0.401665;0.400912;ORGANIZING
2026.07.23 18:15:00;EURUSDm;1.13742;0.649051;1.271186;6.026864;0.766718;1.000000;1.000000;0.294598;4.575607;172.095442;1.304261;0.177402;-175.575707;-0.402002;0.400831;ORGANIZING
2026.07.23 18:16:00;EURUSDm;1.13750;0.278170;1.639344;5.544715;0.790349;1.000000;1.000000;0.303976;4.590691;172.129253;1.265264;0.175901;-176.164220;-0.403247;0.400532;ORGANIZING
2026.07.23 18:17:00;EURUSDm;1.13727;0.672283;4.339623;6.048927;0.947813;1.000000;1.000000;0.313988;4.612140;172.164852;1.055061;0.170243;-175.915993;-0.409836;0.398951;ORGANIZING
2026.07.23 18:18:00;EURUSDm;1.13724;0.677697;0.579151;6.557200;0.909380;1.000000;0.996260;0.323702;4.639851;172.200345;1.099651;0.170273;-175.479631;-0.408497;0.399273;ORGANIZING
2026.07.23 18:19:00;EURUSDm;1.13729;0.372208;0.988142;6.032624;0.893318;1.000000;1.000000;0.333746;4.663362;172.235911;1.119422;0.169767;-176.090822;-0.407929;0.399409;ORGANIZING
2026.07.23 18:20:00;EURUSDm;1.13728;0.603838;0.197628;6.485502;0.838533;1.000000;0.983598;0.339702;4.692374;172.271221;1.192558;0.170340;-175.688404;-0.405706;0.399942;ORGANIZING
2026.07.23 18:21:00;EURUSDm;1.13726;0.399215;0.406504;5.966662;0.796932;1.000000;0.975289;0.348659;4.717054;172.306360;1.254812;0.170571;-176.268057;-0.403827;0.400393;ORGANIZING
2026.07.23 18:22:00;EURUSDm;1.13725;0.646206;0.207469;6.451316;0.747459;1.000000;0.960619;0.355459;4.747380;172.341309;1.337866;0.170931;-175.843129;-0.401317;0.400996;ORGANIZING
2026.07.23 18:23:00;EURUSDm;1.13727;0.630611;0.411523;6.924274;0.710662;1.000000;0.953841;0.361334;4.783131;172.376247;1.407139;0.170790;-175.451565;-0.399246;0.401493;ORGANIZING
2026.07.23 18:24:00;EURUSDm;1.13728;0.622786;0.206612;7.391364;0.665459;1.000000;0.940335;0.366622;4.824155;172.411143;1.502721;0.170758;-175.066793;-0.396380;0.402182;ORGANIZING
2026.07.23 18:25:00;EURUSDm;1.13729;0.614609;0.216450;7.852321;0.623009;1.000000;0.927831;0.371338;4.864833;172.446021;1.605113;0.170672;-174.689052;-0.393313;0.402920;ORGANIZING
2026.07.23 18:26:00;EURUSDm;1.13733;0.616873;0.873362;8.314975;0.615527;1.000000;0.938921;0.375904;4.905297;172.481230;1.624625;0.169586;-174.344184;-0.392782;0.403048;ORGANIZING
2026.07.23 18:27:00;EURUSDm;1.13736;0.627880;0.652174;8.785885;0.597359;1.000000;0.942042;0.380655;4.946434;172.516667;1.674035;0.168792;-173.982319;-0.391339;0.403395;ORGANIZING
2026.07.23 18:28:00;EURUSDm;1.13741;0.616230;1.063830;9.248058;0.600683;1.000000;0.959627;0.384730;4.987281;172.552547;1.664773;0.167429;-173.649196;-0.391685;0.403312;ORGANIZING
2026.07.23 18:29:00;EURUSDm;1.13746;0.472609;1.054852;8.508213;0.603391;1.000000;0.976426;0.402486;5.015761;172.588739;1.657300;0.166068;-174.520411;-0.391978;0.403241;ORGANIZING
2026.07.23 18:30:00;EURUSDm;1.13757;0.224074;2.263374;7.827556;0.666390;1.000000;1.000000;0.416395;5.032540;172.625728;1.500622;0.163524;-175.362432;-0.396805;0.402080;ORGANIZING
2026.07.23 18:31:00;EURUSDm;1.13756;0.382220;0.205761;7.201352;0.623359;1.000000;0.986775;0.426885;5.038227;172.662344;1.604213;0.164245;-176.014575;-0.393661;0.402836;ORGANIZING
2026.07.23 18:32:00;EURUSDm;1.13748;0.655020;1.600000;7.692617;0.652191;1.000000;1.000000;0.430104;5.044094;172.699307;1.533294;0.163228;-175.607276;-0.395840;0.402312;ORGANIZING
2026.07.23 18:33:00;EURUSDm;1.13749;0.650154;0.205761;8.180232;0.609869;1.000000;0.987255;0.432980;5.050055;172.735906;1.639695;0.164125;-175.131613;-0.392603;0.403091;ORGANIZING
2026.07.23 18:34:00;EURUSDm;1.13752;0.382788;0.617284;7.525814;0.590240;1.000000;0.989461;0.444052;5.044662;172.772255;1.694226;0.164502;-175.814109;-0.390948;0.403489;ORGANIZING
2026.07.23 18:35:00;EURUSDm;1.13752;0.651007;0.001000;8.014069;0.540778;1.000000;0.970406;0.446262;5.039311;172.808056;1.849187;0.165938;-175.305911;-0.386227;0.404626;ORGANIZING
2026.07.23 18:36:00;EURUSDm;1.13748;0.639318;0.819672;8.493557;0.534723;1.000000;0.980750;0.447923;5.043603;172.843839;1.870128;0.165941;-174.868057;-0.385599;0.404777;ORGANIZING
2026.07.23 18:37:00;EURUSDm;1.13741;0.424454;1.411290;7.814073;0.558551;1.000000;1.000000;0.459501;5.036036;172.879785;1.790346;0.165178;-175.615338;-0.388031;0.404191;ORGANIZING
2026.07.23 18:38:00;EURUSDm;1.13743;0.294560;0.404858;7.188947;0.530867;1.000000;0.995253;0.467783;5.017174;172.915265;1.883713;0.166228;-176.227097;-0.385177;0.404879;ORGANIZING
2026.07.23 18:39:00;EURUSDm;1.13743;0.416123;0.001000;6.613831;0.484373;1.000000;0.976826;0.473149;4.997900;172.950088;2.064524;0.167914;-176.762728;-0.379669;0.406207;ORGANIZING
2026.07.23 18:40:00;EURUSDm;1.13739;0.544409;0.819672;7.022138;0.481138;1.000000;0.987886;0.469907;4.978277;172.984682;2.078405;0.168653;-176.340049;-0.379215;0.406316;ORGANIZING
2026.07.23 18:41:00;EURUSDm;1.13742;0.350991;0.609756;6.460367;0.467569;1.000000;0.991098;0.474500;4.958322;173.018941;2.138722;0.169480;-176.891788;-0.377364;0.406763;ORGANIZING
2026.07.23 18:42:00;EURUSDm;1.13736;0.561107;1.224490;6.881197;0.485415;1.000000;1.000000;0.471817;4.937830;173.053174;2.060093;0.169634;-176.476684;-0.379716;0.406196;ORGANIZING
2026.07.23 18:43:00;EURUSDm;1.13734;0.619959;0.414938;7.346167;0.461891;1.000000;0.996036;0.471474;4.917359;173.086966;2.165012;0.170919;-175.980358;-0.376504;0.406970;ORGANIZING
2026.07.23 18:44:00;EURUSDm;1.13739;0.556141;1.020408;7.763272;0.469817;1.000000;1.000000;0.468756;4.896492;173.120629;2.128488;0.171378;-175.557669;-0.377576;0.406712;ORGANIZING
2026.07.23 18:45:00;EURUSDm;1.13736;0.608666;0.622407;8.219772;0.457447;1.000000;1.000000;0.468143;4.875684;173.153960;2.186048;0.172376;-175.079288;-0.375800;0.407140;ORGANIZING
2026.07.23 18:46:00;EURUSDm;1.13741;0.582378;1.046025;8.656555;0.466875;1.000000;1.000000;0.466575;4.854721;173.187176;2.141899;0.172766;-174.640089;-0.377105;0.406825;ORGANIZING
2026.07.23 18:47:00;EURUSDm;1.13748;0.454304;1.458333;7.964031;0.496448;1.000000;1.000000;0.477873;4.838666;173.220528;2.014308;0.172029;-175.386022;-0.380969;0.405893;ORGANIZING
2026.07.23 18:48:00;EURUSDm;1.13748;0.587484;0.001000;8.404644;0.451676;1.000000;0.981761;0.476010;4.822907;173.253273;2.213977;0.173895;-174.898138;-0.374886;0.407361;ORGANIZING
2026.07.23 18:49:00;EURUSDm;1.13747;0.556208;0.217391;8.821800;0.419962;1.000000;0.971668;0.473067;4.801928;173.285492;2.381170;0.175594;-174.433644;-0.369785;0.408593;ORGANIZING
2026.07.23 18:50:00;EURUSDm;1.13747;0.546768;0.001000;9.231876;0.379014;1.000000;0.954252;0.469917;4.791962;173.317202;2.638428;0.177277;-173.988098;-0.361983;0.410480;ORGANIZING
2026.07.23 18:51:00;EURUSDm;1.13746;0.528234;0.229358;9.628052;0.351531;1.000000;0.945328;0.466230;4.792269;173.348640;2.844701;0.178252;-173.589117;-0.355746;0.411990;ORGANIZING
2026.07.23 18:52:00;EURUSDm;1.13747;0.506003;0.233645;10.007554;0.325637;1.000000;0.936737;0.461894;4.791457;173.379811;3.070909;0.179244;-173.204595;-0.348911;0.413647;ORGANIZING
2026.07.23 18:53:00;EURUSDm;1.13747;0.493644;0.001000;9.206950;0.289405;1.000000;0.920152;0.478829;4.777767;173.410483;3.455369;0.180310;-174.006130;-0.337323;0.416460;ORGANIZING
2026.07.23 18:54:00;EURUSDm;1.13744;0.480572;0.738916;8.470394;0.291880;1.000000;0.930568;0.491716;4.763324;173.441035;3.426062;0.180280;-174.772600;-0.338204;0.416246;ORGANIZING
2026.07.23 18:55:00;EURUSDm;1.13756;0.512070;2.857143;8.854446;0.400143;1.000000;1.000000;0.486333;4.747911;173.472515;2.499104;0.177482;-174.486700;-0.366153;0.409471;ORGANIZING
2026.07.23 18:56:00;EURUSDm;1.13754;0.530098;0.485437;9.252020;0.384408;1.000000;0.999012;0.481895;4.731756;173.503677;2.601402;0.178633;-174.063367;-0.363026;0.410227;ORGANIZING
2026.07.23 18:57:00;EURUSDm;1.13747;0.488442;1.666667;8.511858;0.428521;1.000000;1.000000;0.494808;4.715075;173.535113;2.333608;0.177355;-174.871542;-0.371124;0.408269;ORGANIZING
2026.07.23 18:58:00;EURUSDm;1.13748;0.471664;0.246305;7.830909;0.399410;1.000000;0.990939;0.504115;4.697919;173.566086;2.503691;0.178525;-175.538656;-0.365963;0.409517;ORGANIZING
2026.07.23 18:59:00;EURUSDm;1.13757;0.295703;2.163462;7.204437;0.467613;1.000000;1.000000;0.510233;4.680336;173.597566;2.138521;0.176735;-176.241879;-0.377008;0.406849;ORGANIZING
2026.07.23 19:00:00;EURUSDm;1.13765;0.157997;1.877934;6.628082;0.518129;1.000000;1.000000;0.513539;4.660875;173.629356;1.930022;0.175668;-176.868230;-0.383316;0.405327;ORGANIZING
2026.07.23 19:01:00;EURUSDm;1.13755;0.389064;2.347418;6.097835;0.589593;1.000000;1.000000;0.514374;4.641196;173.661664;1.696084;0.174059;-177.464562;-0.390414;0.403618;ORGANIZING
2026.07.23 19:02:00;EURUSDm;1.13760;0.179645;1.179245;5.610008;0.599076;1.000000;1.000000;0.513047;4.630701;173.693961;1.669238;0.174130;-177.970526;-0.391216;0.403425;ORGANIZING
2026.07.23 19:03:00;EURUSDm;1.13756;0.199409;0.952381;5.161208;0.596741;1.000000;1.000000;0.509835;4.629398;173.726223;1.675768;0.174338;-178.440221;-0.391010;0.403474;ORGANIZING
2026.07.23 19:04:00;EURUSDm;1.13760;0.215637;0.952381;4.748311;0.594523;1.000000;1.000000;0.504988;4.636400;173.758532;1.682020;0.174340;-178.887520;-0.390822;0.403519;ORGANIZING
2026.07.23 19:05:00;EURUSDm;1.13759;0.196903;0.243902;4.368446;0.556992;1.000000;0.991211;0.498732;4.651731;173.790619;1.795358;0.175209;-179.280091;-0.387379;0.404348;ORGANIZING
2026.07.23 19:06:00;EURUSDm;1.13760;0.245777;0.252525;4.018970;0.521769;1.000000;0.982813;0.491269;4.674849;173.822585;1.916558;0.175812;-179.657619;-0.383713;0.405232;ORGANIZING
2026.07.23 19:07:00;EURUSDm;1.13761;0.400548;0.284091;3.697453;0.489885;1.000000;0.975552;0.482781;4.694140;173.854426;2.041296;0.176466;-180.000701;-0.379938;0.406142;ORGANIZING
2026.07.23 19:08:00;EURUSDm;1.13752;0.573072;2.472527;4.127257;0.569017;1.000000;1.000000;0.480132;4.713443;173.887250;1.757417;0.173533;-179.716162;-0.388601;0.404054;ORGANIZING
2026.07.23 19:09:00;EURUSDm;1.13751;0.589978;0.280899;4.569740;0.534611;1.000000;0.991636;0.478250;4.732397;173.919920;1.870519;0.174057;-179.306084;-0.385182;0.404878;ORGANIZING
2026.07.23 19:10:00;EURUSDm;1.13756;0.599980;1.373626;5.019725;0.556562;1.000000;1.000000;0.476837;4.750856;173.952994;1.796745;0.172883;-178.945217;-0.387453;0.404330;ORGANIZING
2026.07.23 19:11:00;EURUSDm;1.13756;0.572246;0.001000;5.448910;0.508784;1.000000;0.981724;0.474454;4.768893;173.985771;1.965471;0.173849;-178.532340;-0.382343;0.405562;ORGANIZING
2026.07.23 19:12:00;EURUSDm;1.13755;0.568293;0.277778;5.875130;0.477233;1.000000;0.973692;0.472042;4.786373;174.018407;2.095410;0.174348;-178.137342;-0.378420;0.406508;ORGANIZING
2026.07.23 19:13:00;EURUSDm;1.13747;0.577035;2.150538;6.307906;0.540899;1.000000;1.000000;0.470079;4.791432;174.051731;1.848775;0.172342;-177.807745;-0.385920;0.404700;ORGANIZING
2026.07.23 19:14:00;EURUSDm;1.13748;0.592737;0.268817;6.752459;0.507295;1.000000;0.990861;0.468803;4.784654;174.084650;1.971241;0.173588;-177.346400;-0.382183;0.405600;ORGANIZING
2026.07.23 19:15:00;EURUSDm;1.13748;0.569656;0.001000;7.179701;0.461980;1.000000;0.972624;0.466725;4.777478;174.117045;2.164596;0.175249;-176.887729;-0.376300;0.407020;ORGANIZING
2026.07.23 19:16:00;EURUSDm;1.13750;0.556372;0.546448;7.596980;0.446203;1.000000;0.974044;0.464252;4.770141;174.149208;2.241131;0.176038;-176.467219;-0.373964;0.407583;ORGANIZING
2026.07.23 19:17:00;EURUSDm;1.13746;0.556096;1.086957;8.014052;0.458241;1.000000;0.994244;0.461893;4.751269;174.181303;2.182258;0.176323;-176.051816;-0.375716;0.407161;ORGANIZING
2026.07.23 19:18:00;EURUSDm;1.13740;0.560754;1.621622;8.434617;0.496410;1.000000;1.000000;0.459827;4.733549;174.213603;2.014464;0.175754;-175.662148;-0.380778;0.405939;ORGANIZING
2026.07.23 19:19:00;EURUSDm;1.13736;0.178384;1.086957;7.759848;0.505937;1.000000;1.000000;0.470574;4.715436;174.245817;1.976529;0.175687;-176.363926;-0.381920;0.405664;ORGANIZING
2026.07.23 19:20:00;EURUSDm;1.13736;0.116177;0.001000;7.139060;0.460690;1.000000;0.981505;0.478085;4.696968;174.277393;2.170655;0.177439;-176.949130;-0.376008;0.407090;ORGANIZING
2026.07.23 19:21:00;EURUSDm;1.13737;0.195904;0.289017;6.567935;0.432107;1.000000;0.974001;0.482737;4.678184;174.308496;2.314243;0.178794;-177.494510;-0.371633;0.408146;ORGANIZING
2026.07.23 19:22:00;EURUSDm;1.13734;0.130635;0.892857;6.042500;0.435144;1.000000;0.988057;0.484872;4.659118;174.339439;2.298088;0.179239;-178.020063;-0.372095;0.408035;ORGANIZING
2026.07.23 19:23:00;EURUSDm;1.13741;0.261797;2.011494;5.559100;0.493962;1.000000;1.000000;0.484798;4.639802;174.370776;2.024448;0.177981;-178.554838;-0.380367;0.406038;ORGANIZING
2026.07.23 19:24:00;EURUSDm;1.13742;0.197747;0.290698;5.114372;0.463799;1.000000;0.992142;0.482795;4.620263;174.401617;2.156108;0.179635;-178.957159;-0.376335;0.407011;ORGANIZING
2026.07.23 19:25:00;EURUSDm;1.13745;0.274206;0.857143;4.705222;0.463466;1.000000;1.000000;0.479112;4.600530;174.432257;2.157656;0.180404;-179.349785;-0.376250;0.407032;ORGANIZING
2026.07.23 19:26:00;EURUSDm;1.13744;0.235256;0.290698;4.328805;0.434827;1.000000;0.991943;0.473978;4.580625;174.462411;2.299763;0.182168;-179.677640;-0.371899;0.408082;ORGANIZING
2026.07.23 19:27:00;EURUSDm;1.13749;0.370985;1.470588;3.982500;0.466615;1.000000;1.000000;0.467594;4.560573;174.492683;2.143092;0.181991;-180.033132;-0.376608;0.406945;ORGANIZING
2026.07.23 19:28:00;EURUSDm;1.13760;0.520144;3.072626;4.372608;0.576916;1.000000;1.000000;0.463720;4.540223;174.523855;1.733355;0.179184;-179.736049;-0.389040;0.403948;ORGANIZING
2026.07.23 19:29:00;EURUSDm;1.13764;0.344412;1.092896;4.022799;0.582715;1.000000;1.000000;0.458024;4.522992;174.554912;1.716105;0.179736;-180.076859;-0.389530;0.403830;ORGANIZING
2026.07.23 19:30:00;EURUSDm;1.13784;0.152484;5.025126;3.700975;0.784836;1.000000;1.000000;0.451214;4.513564;174.587896;1.274152;0.173925;-180.601313;-0.403079;0.400573;ORGANIZING
2026.07.23 19:31:00;EURUSDm;1.13773;0.321817;2.657005;3.404897;0.858444;1.000000;1.000000;0.443457;4.511437;174.621595;1.164898;0.172018;-180.984929;-0.406452;0.399763;ORGANIZING
2026.07.23 19:32:00;EURUSDm;1.13779;0.212389;1.449275;3.132506;0.867986;1.000000;1.000000;0.434904;4.516306;174.655437;1.152093;0.171845;-181.293337;-0.406845;0.399669;ORGANIZING
2026.07.23 19:33:00;EURUSDm;1.13770;0.232404;2.102804;2.881905;0.909726;1.000000;1.000000;0.425689;4.527984;174.689815;1.099232;0.170550;-181.624982;-0.408496;0.399273;ORGANIZING
2026.07.23 19:34:00;EURUSDm;1.13768;0.287723;0.473934;2.651353;0.867937;1.000000;0.996487;0.415932;4.546355;174.723957;1.152158;0.171520;-181.865116;-0.406859;0.399665;ORGANIZING
2026.07.23 19:35:00;EURUSDm;1.13770;0.258228;0.476190;2.439245;0.828349;1.000000;0.992834;0.405741;4.571028;174.757951;1.207220;0.172262;-182.100594;-0.405170;0.400071;ORGANIZING
2026.07.23 19:36:00;EURUSDm;1.13769;0.310473;0.242718;2.244105;0.779068;1.000000;0.980781;0.395211;4.601702;174.791759;1.283585;0.173131;-182.320547;-0.402836;0.400631;ORGANIZING
2026.07.23 19:37:00;EURUSDm;1.13766;0.296200;0.742574;2.064577;0.757243;1.000000;0.986276;0.384427;4.638188;174.825713;1.320580;0.173015;-182.563609;-0.401732;0.400896;ORGANIZING
2026.07.23 19:38:00;EURUSDm;1.13765;0.215148;0.246305;1.899410;0.711696;1.000000;0.973832;0.373464;4.680349;174.859634;1.405094;0.173445;-182.779545;-0.399175;0.401511;ORGANIZING
2026.07.23 19:39:00;EURUSDm;1.13768;0.159529;0.731707;1.747458;0.692697;1.000000;0.978429;0.362388;4.717071;174.893731;1.443633;0.173245;-182.997889;-0.398029;0.401786;ORGANIZING
2026.07.23 19:40:00;EURUSDm;1.13767;0.165090;0.242718;1.607661;0.650198;0.995676;0.965363;0.351259;4.748800;174.927808;1.531343;0.173153;-183.174786;-0.395402;0.402418;ORGANIZING
2026.07.23 19:41:00;EURUSDm;1.13765;0.177505;0.483092;1.479048;0.621929;0.986783;0.960777;0.340126;4.775945;174.962051;1.586649;0.171973;-183.350290;-0.393802;0.402802;ORGANIZING
2026.07.23 19:42:00;EURUSDm;1.13758;0.214160;1.643192;1.360724;0.653257;0.973636;0.996566;0.329036;4.798883;174.997100;1.490434;0.168415;-183.571834;-0.396866;0.402065;ORGANIZING
2026.07.23 19:43:00;EURUSDm;1.13761;0.262530;0.694444;1.251866;0.635843;0.956975;0.997508;0.318027;4.817961;175.032498;1.505049;0.165801;-183.731475;-0.396558;0.402139;ORGANIZING
2026.07.23 19:44:00;EURUSDm;1.13756;0.438214;1.146789;1.151717;0.642251;0.937181;1.000000;0.307133;4.833497;175.068512;1.459212;0.162061;-183.903127;-0.398121;0.401764;ORGANIZING
2026.07.23 19:45:00;EURUSDm;1.13755;0.696340;0.241546;1.673972;0.603472;0.941143;0.984204;0.317889;4.839642;175.104120;1.559546;0.163364;-183.407542;-0.395045;0.402503;ORGANIZING
2026.07.23 19:46:00;EURUSDm;1.13749;0.717202;1.421801;2.211873;0.625566;0.965134;1.000000;0.328890;4.836613;175.139439;1.542817;0.166659;-182.919005;-0.395383;0.402422;ORGANIZING
2026.07.23 19:47:00;EURUSDm;1.13754;0.711827;1.196172;2.745744;0.634793;1.000000;1.000000;0.339139;4.824798;175.174035;1.575316;0.172452;-182.390959;-0.394118;0.402726;ORGANIZING
2026.07.23 19:48:00;EURUSDm;1.13754;0.670485;0.001000;3.248608;0.583104;1.000000;0.976905;0.347325;4.811914;175.207986;1.714961;0.174145;-181.860960;-0.389844;0.403755;ORGANIZING
2026.07.23 19:49:00;EURUSDm;1.13757;0.666829;0.742574;3.748730;0.571077;1.000000;0.980860;0.354965;4.790595;175.241602;1.751076;0.174928;-181.355070;-0.388721;0.404025;ORGANIZING
2026.07.23 19:50:00;EURUSDm;1.13766;0.255075;2.216749;3.448831;0.633361;1.000000;1.000000;0.352212;4.769164;175.275627;1.578879;0.173770;-181.702908;-0.393945;0.402768;ORGANIZING
2026.07.23 19:51:00;EURUSDm;1.13772;0.573967;1.507538;3.879306;0.657070;1.000000;1.000000;0.356125;4.750062;175.309699;1.521908;0.173513;-181.299836;-0.395667;0.402354;ORGANIZING
2026.07.23 19:52:00;EURUSDm;1.13771;0.588489;0.256410;4.320673;0.617037;1.000000;0.986439;0.360387;4.738193;175.343251;1.620649;0.174959;-180.836775;-0.392633;0.403084;ORGANIZING
2026.07.23 19:53:00;EURUSDm;1.13772;0.571603;0.260417;4.749375;0.579206;1.000000;0.973642;0.363803;4.733177;175.376375;1.726502;0.176175;-180.400165;-0.389396;0.403863;ORGANIZING
2026.07.23 19:54:00;EURUSDm;1.13775;0.565111;0.785340;5.173208;0.569512;1.000000;0.979784;0.366804;4.734730;175.409417;1.755888;0.176334;-180.008789;-0.388507;0.404077;ORGANIZING
2026.07.23 19:55:00;EURUSDm;1.13769;0.569693;1.530612;5.600478;0.597567;1.000000;1.000000;0.369828;4.742668;175.442820;1.673451;0.175129;-179.664901;-0.391040;0.403467;ORGANIZING
2026.07.23 19:56:00;EURUSDm;1.13776;0.569529;1.732673;6.027625;0.634323;1.000000;1.000000;0.372694;4.756790;175.476731;1.576485;0.173496;-179.342396;-0.394031;0.402747;ORGANIZING
2026.07.23 19:57:00;EURUSDm;1.13783;0.262304;1.682692;5.545415;0.666741;1.000000;1.000000;0.378169;4.767815;175.511076;1.499832;0.172036;-179.924371;-0.396403;0.402177;ORGANIZING
2026.07.23 19:58:00;EURUSDm;1.13775;0.655943;1.932367;6.037372;0.710023;1.000000;1.000000;0.383859;4.785355;175.546030;1.408406;0.170090;-179.557109;-0.399243;0.401494;ORGANIZING
2026.07.23 19:59:00;EURUSDm;1.13768;0.669032;1.643192;6.539146;0.736681;1.000000;1.000000;0.389755;4.809345;175.581490;1.357440;0.168470;-179.177225;-0.400853;0.401107;ORGANIZING
2026.07.23 20:00:00;EURUSDm;1.13781;0.434177;2.941176;6.016015;0.826906;1.000000;1.000000;0.396423;4.829382;175.618053;1.209328;0.165215;-179.880555;-0.405459;0.400001;ORGANIZING
2026.07.23 20:01:00;EURUSDm;1.13783;0.297953;0.448430;5.534733;0.787982;1.000000;0.994570;0.400666;4.845792;175.654391;1.269064;0.165715;-180.400556;-0.403642;0.400438;ORGANIZING
2026.07.23 20:02:00;EURUSDm;1.13785;0.168915;0.446429;5.091955;0.750904;1.000000;0.989408;0.402772;4.858875;175.690489;1.331728;0.166319;-180.872733;-0.401732;0.400896;ORGANIZING
2026.07.23 20:03:00;EURUSDm;1.13784;0.217227;0.230415;4.684598;0.704880;1.000000;0.976941;0.403001;4.868908;175.726227;1.418681;0.167314;-181.290327;-0.399074;0.401535;ORGANIZING
2026.07.23 20:04:00;EURUSDm;1.13786;0.160840;0.458716;4.309830;0.672572;1.000000;0.972908;0.401589;4.876145;175.761714;1.486830;0.168059;-181.679924;-0.396992;0.402035;ORGANIZING
2026.07.23 20:05:00;EURUSDm;1.13784;0.170637;0.454545;3.965044;0.641670;1.000000;0.968821;0.398749;4.874675;175.796877;1.558433;0.169059;-182.020352;-0.394794;0.402564;ORGANIZING
2026.07.23 20:06:00;EURUSDm;1.13782;0.147045;0.454545;3.647841;0.612314;1.000000;0.964777;0.394672;4.864661;175.831647;1.633149;0.170310;-182.314787;-0.392490;0.403118;ORGANIZING
2026.07.23 20:07:00;EURUSDm;1.13781;0.187020;0.230415;3.356013;0.573219;1.000000;0.952888;0.389530;4.846441;175.865844;1.744534;0.172141;-182.554990;-0.389057;0.403944;ORGANIZING
2026.07.23 20:08:00;EURUSDm;1.13784;0.171692;0.700935;3.087532;0.559605;1.000000;0.957703;0.383477;4.823819;175.899678;1.786975;0.173403;-182.786344;-0.387721;0.404266;ORGANIZING
2026.07.23 20:09:00;EURUSDm;1.13783;0.204851;0.236967;2.840530;0.523473;1.000000;0.945899;0.376654;4.808782;175.933001;1.910318;0.175165;-182.986815;-0.383932;0.405179;ORGANIZING
2026.07.23 20:10:00;EURUSDm;1.13783;0.319370;0.001000;2.613287;0.477349;1.000000;0.926011;0.369183;4.793094;175.965705;2.094902;0.177317;-183.154320;-0.378287;0.406540;ORGANIZING
2026.07.23 20:11:00;EURUSDm;1.13778;0.641996;1.162791;3.094784;0.491621;1.000000;0.947219;0.374799;4.776973;175.998391;2.034085;0.177198;-182.698772;-0.380118;0.406099;ORGANIZING
2026.07.23 20:12:00;EURUSDm;1.13776;0.599441;0.467290;3.544364;0.470405;1.000000;0.943540;0.378538;4.760852;176.030703;2.125828;0.178260;-182.235523;-0.377312;0.406775;ORGANIZING
2026.07.23 20:13:00;EURUSDm;1.13777;0.604059;0.240385;3.997409;0.438904;1.000000;0.932178;0.382263;4.744567;176.062538;2.278403;0.179671;-181.757693;-0.372664;0.407897;ORGANIZING
2026.07.23 20:14:00;EURUSDm;1.13777;0.574040;0.001000;4.427939;0.397009;1.000000;0.912966;0.384676;4.728297;176.093791;2.518837;0.181489;-181.288808;-0.365360;0.409663;ORGANIZING
2026.07.23 20:15:00;EURUSDm;1.13775;0.563704;0.485437;4.850716;0.381430;1.000000;0.911466;0.386582;4.712153;176.124727;2.621713;0.182476;-180.852910;-0.362225;0.410421;ORGANIZING
2026.07.23 20:16:00;EURUSDm;1.13774;0.552977;0.242718;5.265449;0.354494;1.000000;0.901590;0.387989;4.696214;176.155234;2.820918;0.183868;-180.412685;-0.356179;0.411885;ORGANIZING
2026.07.23 20:17:00;EURUSDm;1.13774;0.473428;0.001000;4.844213;0.316820;1.000000;0.883649;0.389651;4.679745;176.185200;3.156369;0.185659;-180.796599;-0.346026;0.414346;ORGANIZING
2026.07.23 20:18:00;EURUSDm;1.13768;0.408533;1.530612;4.456676;0.357509;1.000000;0.919931;0.389546;4.672153;176.215496;2.797129;0.184529;-181.239727;-0.356860;0.411720;ORGANIZING
2026.07.23 20:19:00;EURUSDm;1.13770;0.374976;0.515464;4.100142;0.345407;1.000000;0.919409;0.387895;4.673182;176.245682;2.895134;0.184963;-181.613102;-0.353898;0.412438;ORGANIZING
2026.07.23 20:20:00;EURUSDm;1.13771;0.327574;0.285714;3.772131;0.322422;1.000000;0.910806;0.384901;4.672255;176.275629;3.101521;0.185888;-181.940233;-0.347660;0.413950;ORGANIZING
2026.07.23 20:21:00;EURUSDm;1.13772;0.270893;0.303030;3.470360;0.301453;1.000000;0.903005;0.380744;4.669538;176.305339;3.317268;0.186855;-182.236996;-0.341139;0.415533;ORGANIZING
2026.07.23 20:22:00;EURUSDm;1.13776;0.315039;1.226994;3.192731;0.327730;1.000000;0.927671;0.375589;4.665182;176.335268;3.051293;0.186272;-182.551808;-0.349148;0.413589;ORGANIZING
2026.07.23 20:23:00;EURUSDm;1.13776;0.292142;0.001000;2.937313;0.291393;1.000000;0.908383;0.369580;4.659329;176.364775;3.431787;0.187959;-182.776675;-0.337648;0.416381;ORGANIZING
2026.07.23 20:24:00;EURUSDm;1.13776;0.275519;0.001000;2.702328;0.256874;1.000000;0.889560;0.362850;4.652108;176.393865;3.892963;0.189687;-182.978327;-0.323727;0.419768;ORGANIZING
2026.07.23 20:25:00;EURUSDm;1.13780;0.276511;1.298701;2.486142;0.288965;1.000000;0.916579;0.355517;4.643636;176.423191;3.460625;0.189103;-183.224321;-0.336726;0.416605;ORGANIZING
2026.07.23 20:26:00;EURUSDm;1.13775;0.293081;1.582278;2.287250;0.333631;1.000000;0.952322;0.347686;4.634024;176.452868;2.997325;0.188135;-183.462668;-0.350674;0.413219;ORGANIZING
2026.07.23 20:27:00;EURUSDm;1.13778;0.304559;0.949367;2.104270;0.344418;1.000000;0.964388;0.339451;4.623371;176.482546;2.903452;0.188422;-183.648336;-0.353475;0.412540;ORGANIZING
2026.07.23 20:28:00;EURUSDm;1.13780;0.289473;0.628931;1.935929;0.338643;1.000000;0.964527;0.330895;4.611770;176.512050;2.952960;0.189347;-183.800095;-0.351944;0.412911;ORGANIZING
2026.07.23 20:29:00;EURUSDm;1.13791;0.325953;3.293413;1.781054;0.466382;1.000000;1.000000;0.322094;4.599306;176.542707;2.144166;0.185605;-184.070835;-0.376395;0.406997;ORGANIZING
2026.07.23 20:30:00;EURUSDm;1.13793;0.358501;0.595238;1.638570;0.452825;0.999332;0.997107;0.313114;4.586057;176.573109;2.206886;0.186721;-184.186372;-0.374457;0.407464;ORGANIZING
2026.07.23 20:31:00;EURUSDm;1.13785;0.389131;2.298851;1.507484;0.525139;0.993381;1.000000;0.304012;4.579000;176.604283;1.891653;0.183682;-184.394580;-0.384066;0.405147;ORGANIZING
2026.07.23 20:32:00;EURUSDm;1.13780;0.429987;1.453488;1.386886;0.551689;0.982929;1.000000;0.294842;4.577679;176.635918;1.781673;0.181212;-184.562833;-0.387489;0.404322;ORGANIZING
2026.07.23 20:33:00;EURUSDm;1.13773;0.429459;1.988636;1.275935;0.603878;0.968410;1.000000;0.285647;4.582006;176.668408;1.603652;0.176991;-184.763247;-0.393041;0.402985;ORGANIZING
2026.07.23 20:34:00;EURUSDm;1.13773;0.412790;0.001000;1.173860;0.554366;0.950775;0.975033;0.276468;4.591636;176.700853;1.715068;0.175340;-184.866793;-0.389781;0.403770;ORGANIZING
2026.07.23 20:35:00;EURUSDm;1.13767;0.406181;1.704545;1.079951;0.592859;0.930087;1.000000;0.267340;4.606386;176.734243;1.568816;0.170140;-185.064517;-0.394428;0.402652;ORGANIZING
2026.07.23 20:36:00;EURUSDm;1.13768;0.399737;0.292398;0.993555;0.559234;0.907100;0.984591;0.258293;4.626073;176.767955;1.622039;0.166636;-185.195266;-0.393007;0.402994;ORGANIZING
2026.07.23 20:37:00;EURUSDm;1.13773;0.422017;1.461988;0.914071;0.586230;0.881916;1.000000;0.249353;4.642244;176.802601;1.504386;0.160997;-185.376038;-0.396819;0.402077;ORGANIZING
2026.07.23 20:38:00;EURUSDm;1.13772;0.437795;0.290698;0.840945;0.553815;0.855167;0.983902;0.240541;4.655190;176.837588;1.544139;0.156925;-185.486753;-0.395830;0.402315;ORGANIZING
2026.07.23 20:39:00;EURUSDm;1.13770;0.418428;0.584795;0.773669;0.538261;0.827088;0.978352;0.231878;4.665179;176.873080;1.536594;0.152169;-185.604697;-0.396294;0.402203;ORGANIZING
2026.07.23 20:40:00;EURUSDm;1.13766;0.392784;1.204819;0.711776;0.555047;0.797811;0.994394;0.223379;4.672457;176.909399;1.437376;0.146364;-185.746530;-0.399561;0.401418;ORGANIZING
2026.07.23 20:41:00;EURUSDm;1.13769;0.388322;0.920245;0.654834;0.557351;0.767667;0.999617;0.215057;4.677250;176.946392;1.377350;0.140865;-185.865855;-0.401636;0.400919;ORGANIZING
2026.07.23 20:42:00;EURUSDm;1.13768;0.370242;0.306748;0.602447;0.529467;0.737037;0.982894;0.206924;4.679766;176.983743;1.392034;0.136081;-185.947106;-0.401435;0.400968;ORGANIZING
2026.07.23 20:43:00;EURUSDm;1.13770;0.375214;0.609756;0.554251;0.518741;0.706039;0.977076;0.198987;4.680198;177.021612;1.361063;0.130798;-186.038433;-0.402628;0.400681;ORGANIZING
2026.07.23 20:44:00;EURUSDm;1.13777;0.387007;2.083333;0.509911;0.582850;0.674489;1.000000;0.191255;4.678721;177.060738;1.157227;0.123695;-186.199139;-0.409098;0.399128;ORGANIZING
2026.07.23 20:45:00;EURUSDm;1.13778;0.359816;0.306748;0.469118;0.555555;0.643017;0.982430;0.183732;4.675498;177.100188;1.157432;0.118752;-186.262066;-0.409339;0.399071;ORGANIZING
2026.07.23 20:46:00;EURUSDm;1.13777;0.344222;0.318471;0.431589;0.530840;0.611748;0.965622;0.176422;4.670677;177.139968;1.152415;0.113751;-186.321668;-0.409740;0.398974;ORGANIZING
2026.07.23 20:47:00;EURUSDm;1.13778;0.325572;0.331126;0.397062;0.508620;0.580793;0.949590;0.169327;4.664396;177.180083;1.141901;0.108715;-186.378292;-0.410307;0.398838;ORGANIZING
2026.07.23 20:48:00;EURUSDm;1.13775;0.338221;1.027397;0.365297;0.522943;0.550084;0.958239;0.162449;4.656780;177.220878;1.051901;0.102970;-186.466897;-0.413294;0.398122;ORGANIZING
2026.07.23 20:49:00;EURUSDm;1.13770;0.131934;1.736111;0.336073;0.572599;0.519555;0.991150;0.155788;4.647946;177.262692;0.907362;0.096637;-186.587130;-0.417947;0.397008;ORGANIZING
2026.07.23 20:50:00;EURUSDm;1.13765;0.108925;1.838235;0.309187;0.625490;0.489294;1.000000;0.149342;4.638000;177.305542;0.782257;0.090395;-186.707235;-0.422013;0.396035;ORGANIZING
2026.07.23 20:51:00;EURUSDm;1.13766;0.148541;0.370370;0.284452;0.602948;0.459757;0.983190;0.143112;4.627040;177.348646;0.762514;0.085566;-186.747690;-0.422846;0.395836;ORGANIZING
2026.07.23 20:52:00;EURUSDm;1.13762;0.154154;1.459854;0.261696;0.636598;0.430722;1.000000;0.137094;4.615157;177.392549;0.676599;0.079928;-186.841232;-0.425706;0.395152;ORGANIZING
2026.07.23 20:53:00;EURUSDm;1.13764;0.281668;0.724638;0.240760;0.632386;0.402430;0.995161;0.131286;4.602433;177.436849;0.636367;0.074995;-186.893483;-0.427159;0.394805;ORGANIZING
2026.07.23 20:54:00;EURUSDm;1.13767;0.287836;1.079137;0.221500;0.646675;0.374827;1.000000;0.125685;4.588944;177.481709;0.579623;0.069913;-186.961315;-0.429116;0.394338;ORGANIZING
2026.07.23 20:55:00;EURUSDm;1.13769;0.294137;0.719424;0.203780;0.642816;0.348034;0.994579;0.120287;4.574761;177.526924;0.541422;0.065201;-187.008022;-0.430497;0.394008;ORGANIZING
2026.07.23 20:56:00;EURUSDm;1.13768;0.303430;0.362319;0.187477;0.621830;0.322153;0.976660;0.115088;4.559948;177.572298;0.518072;0.060820;-187.034570;-0.431417;0.393788;ORGANIZING
2026.07.23 20:57:00;EURUSDm;1.13771;0.328123;1.071429;0.172479;0.637867;0.297013;0.984005;0.110083;4.544564;177.618182;0.465635;0.056119;-187.095853;-0.433225;0.393356;ORGANIZING
2026.07.23 20:58:00;EURUSDm;1.13771;0.334695;0.001000;0.158681;0.600084;0.272886;0.953452;0.105269;4.528664;177.664012;0.454747;0.052137;-187.100395;-0.433751;0.393231;ORGANIZING
2026.07.23 20:59:00;EURUSDm;1.13765;0.377319;2.112676;0.145986;0.670255;0.249247;0.997710;0.100640;4.512298;177.710853;0.371869;0.047177;-187.211751;-0.436485;0.392579;ORGANIZING
2026.07.23 21:00:00;EURUSDm;1.13765;0.374352;0.001000;0.134307;0.631808;0.226634;0.966347;0.096192;4.495511;177.757593;0.358707;0.043387;-187.211866;-0.437069;0.392439;ORGANIZING
2026.07.23 21:01:00;EURUSDm;1.13762;0.364308;1.071429;0.123563;0.649256;0.204764;0.973392;0.091920;4.478346;177.804774;0.315382;0.039230;-187.266235;-0.438577;0.392080;ORGANIZING
2026.07.23 21:04:00;EURUSDm;1.13761;0.345450;0.359712;0.113678;0.630684;0.183805;0.955130;0.087818;4.460842;177.852013;0.291437;0.035488;-187.282535;-0.439482;0.391864;ORGANIZING
2026.07.23 21:05:00;EURUSDm;1.13747;0.139478;4.605263;0.104584;0.825736;0.162721;1.000000;0.083882;4.443035;177.901447;0.197062;0.030400;-187.513711;-0.442568;0.391129;AGING
2026.07.23 21:06:00;EURUSDm;1.13744;0.112031;0.967742;0.096217;0.829582;0.142460;1.000000;0.080106;4.424956;177.951143;0.171725;0.026705;-187.552173;-0.443513;0.390904;AGING
2026.07.23 21:07:00;EURUSDm;1.13742;0.113536;0.645161;0.088520;0.817512;0.123081;0.990384;0.076486;4.406638;178.000923;0.150555;0.023220;-187.573081;-0.444322;0.390712;AGING
2026.07.23 21:08:00;EURUSDm;1.13740;0.117132;0.641026;0.081438;0.806226;0.104557;0.980834;0.073015;4.388106;178.050775;0.129687;0.019850;-187.593249;-0.445117;0.390522;AGING
2026.07.23 21:09:00;EURUSDm;1.13742;0.124731;0.632911;0.074923;0.795469;0.086863;0.971212;0.069690;4.369387;178.100686;0.109198;0.016594;-187.612523;-0.445894;0.390337;AGING
2026.07.23 21:10:00;EURUSDm;1.13743;0.137265;0.326797;0.068929;0.770298;0.070045;0.951097;0.066506;4.350503;178.150493;0.090932;0.013503;-187.615836;-0.446597;0.390170;AGING
2026.07.23 21:11:00;EURUSDm;1.13763;0.356205;5.847953;0.063415;1.000000;0.052865;1.000000;0.063456;4.331478;178.202751;0.052865;0.009799;-187.876338;-0.447924;0.389854;AGING
2026.07.23 21:12:00;EURUSDm;1.13747;0.197477;4.301075;0.058342;1.000000;0.036446;1.000000;0.060537;4.312329;178.255145;0.036446;0.006783;-187.906088;-0.448567;0.389701;AGING
2026.07.23 21:13:00;EURUSDm;1.13747;0.188178;0.001000;0.053674;0.949321;0.021003;0.967154;0.057743;4.293075;178.307149;0.022124;0.003963;-187.883429;-0.449138;0.389566;AGING
2026.07.23 21:14:00;EURUSDm;1.13750;0.273927;0.815217;0.049380;0.942196;0.006292;0.963857;0.055071;4.273733;178.359182;0.006678;0.001194;-187.903313;-0.449740;0.389423;AGING
2026.07.23 21:15:00;EURUSDm;1.13746;0.196469;1.063830;0.045430;0.948152;0.000000;0.969284;0.052515;4.254317;178.411207;0.000000;0.000000;-187.927593;-0.450000;0.389361;AGING
2026.07.23 21:16:00;EURUSDm;1.13748;0.192966;0.526316;0.041795;0.927060;0.000000;0.955618;0.050071;4.234843;178.462826;0.000000;0.000000;-187.917917;-0.450000;0.389361;AGING
2026.07.23 21:17:00;EURUSDm;1.13747;0.177585;0.267380;0.038452;0.894076;0.000000;0.933282;0.047734;4.215322;178.513920;0.000000;0.000000;-187.895656;-0.450000;0.389361;AGING
2026.07.23 21:18:00;EURUSDm;1.13745;0.176267;0.543478;0.035376;0.876546;0.000000;0.921309;0.045502;4.195766;178.564643;0.000000;0.000000;-187.888349;-0.450000;0.389361;AGING
2026.07.23 21:19:00;EURUSDm;1.13746;0.165711;0.274725;0.032546;0.846455;0.000000;0.900272;0.043368;4.176187;178.614870;0.000000;0.000000;-187.867888;-0.450000;0.389361;AGING
2026.07.23 21:20:00;EURUSDm;1.13746;0.162059;0.001000;0.029942;0.804182;0.000000;0.870315;0.041330;4.156593;178.664477;0.000000;0.000000;-187.834563;-0.450000;0.389361;AGING
2026.07.23 21:21:00;EURUSDm;1.13747;0.178259;0.294118;0.027547;0.778679;0.000000;0.851595;0.039383;4.136994;178.713634;0.000000;0.000000;-187.817521;-0.450000;0.389361;AGING
2026.07.23 21:22:00;EURUSDm;1.13747;0.182805;0.001000;0.025343;0.739795;0.000000;0.823202;0.037524;4.117399;178.762206;0.000000;0.000000;-187.786505;-0.450000;0.389361;AGING
2026.07.23 21:23:00;EURUSDm;1.13750;0.238425;0.920245;0.023315;0.748818;0.000000;0.827912;0.035749;4.097815;178.810672;0.000000;0.000000;-187.803302;-0.450000;0.389361;AGING
2026.07.23 21:24:00;EURUSDm;1.13746;0.212948;1.234568;0.021450;0.773105;0.000000;0.843396;0.034055;4.078248;178.859186;0.000000;0.000000;-187.835446;-0.450000;0.389361;AGING
2026.07.23 21:25:00;EURUSDm;1.13746;0.266126;0.001000;0.019734;0.734500;0.000000;0.815104;0.032438;4.058705;178.907118;0.000000;0.000000;-187.804170;-0.450000;0.389361;AGING
2026.07.23 21:26:00;EURUSDm;1.13746;0.263394;0.001000;0.018155;0.697825;0.000000;0.787746;0.030895;4.039192;178.954488;0.000000;0.000000;-187.774332;-0.450000;0.389361;ORGANIZING
2026.07.23 21:27:00;EURUSDm;1.13746;0.261173;0.001000;0.016703;0.662984;0.000000;0.761291;0.029423;4.019714;179.001315;0.000000;0.000000;-187.745870;-0.450000;0.389361;ORGANIZING
2026.07.23 21:28:00;EURUSDm;1.13747;0.269868;0.335570;0.015367;0.646613;0.000000;0.747421;0.028019;4.000277;179.047784;0.000000;0.000000;-187.735620;-0.450000;0.389361;ORGANIZING
2026.07.23 21:29:00;EURUSDm;1.13746;0.273862;0.344828;0.014137;0.631524;0.000000;0.734311;0.026679;3.980883;179.093908;0.000000;0.000000;-187.726419;-0.450000;0.389361;ORGANIZING
2026.07.23 21:30:00;EURUSDm;1.13744;0.270910;0.684932;0.013006;0.634194;0.000000;0.733516;0.025402;3.961538;179.139865;0.000000;0.000000;-187.734932;-0.450000;0.389361;ORGANIZING
2026.07.23 21:31:00;EURUSDm;1.13745;0.191887;0.344828;0.011966;0.619726;0.000000;0.720801;0.024184;3.942245;179.185485;0.000000;0.000000;-187.726101;-0.450000;0.389361;ORGANIZING
2026.07.23 21:32:00;EURUSDm;1.13745;0.265492;0.001000;0.011009;0.588789;0.000000;0.696454;0.023022;3.923007;179.230603;0.000000;0.000000;-187.700442;-0.450000;0.389361;ORGANIZING
2026.07.23 21:33:00;EURUSDm;1.13745;0.265930;0.001000;0.010128;0.559400;0.000000;0.672919;0.021915;3.903827;179.275235;0.000000;0.000000;-187.675992;-0.450000;0.389361;ORGANIZING
2026.07.23 21:34:00;EURUSDm;1.13747;0.273858;0.719424;0.009318;0.567401;0.000000;0.675314;0.020860;3.884709;179.319756;0.000000;0.000000;-187.688977;-0.450000;0.389361;ORGANIZING
2026.07.23 21:35:00;EURUSDm;1.13747;0.279387;0.001000;0.008572;0.539081;0.000000;0.652443;0.019854;3.865654;179.363804;0.000000;0.000000;-187.665328;-0.450000;0.389361;ORGANIZING
2026.07.23 21:36:00;EURUSDm;1.13744;0.284999;1.127820;0.007887;0.568518;0.000000;0.669776;0.018896;3.846664;179.407956;0.000000;0.000000;-187.699708;-0.450000;0.389361;ORGANIZING
2026.07.23 21:37:00;EURUSDm;1.13746;0.284902;0.746269;0.007256;0.577406;0.000000;0.673115;0.017983;3.827743;179.452007;0.000000;0.000000;-187.713609;-0.450000;0.389361;ORGANIZING
2026.07.23 21:38:00;EURUSDm;1.13744;0.302212;0.740741;0.006675;0.585572;0.000000;0.676111;0.017113;3.808891;179.495952;0.000000;0.000000;-187.726857;-0.450000;0.389361;ORGANIZING
2026.07.23 21:39:00;EURUSDm;1.13745;0.311554;0.370370;0.006141;0.574812;0.000000;0.666009;0.016284;3.790111;179.539601;0.000000;0.000000;-187.721061;-0.450000;0.389361;ORGANIZING
2026.07.23 21:40:00;EURUSDm;1.13744;0.326105;0.375940;0.005650;0.564869;0.000000;0.656427;0.015494;3.771403;179.582964;0.000000;0.000000;-187.715977;-0.450000;0.389361;ORGANIZING
2026.07.23 21:41:00;EURUSDm;1.13745;0.362320;0.387597;0.005198;0.556005;0.000000;0.647560;0.014742;3.752770;179.626051;0.000000;0.000000;-187.711882;-0.450000;0.389361;ORGANIZING
2026.07.23 21:42:00;EURUSDm;1.13742;0.384174;1.181102;0.004782;0.587260;0.000000;0.666750;0.014026;3.734212;179.669266;0.000000;0.000000;-187.748218;-0.450000;0.389361;ORGANIZING
2026.07.23 21:43:00;EURUSDm;1.13742;0.402172;0.001000;0.004399;0.557947;0.000000;0.643940;0.013343;3.715730;179.712003;0.000000;0.000000;-187.723697;-0.450000;0.389361;ORGANIZING
2026.07.23 21:44:00;EURUSDm;1.13754;0.460763;4.477612;0.004048;0.753930;0.000000;0.778585;0.012694;3.697325;179.756515;0.000000;0.000000;-187.926436;-0.450000;0.389361;AGING
2026.07.23 21:45:00;EURUSDm;1.13761;0.335090;2.517986;0.003724;0.842133;0.000000;0.839908;0.012075;3.678999;179.801727;0.000000;0.000000;-188.022284;-0.450000;0.389361;AGING
2026.07.23 21:46:00;EURUSDm;1.13762;0.330883;0.364964;0.003426;0.818274;0.000000;0.823708;0.011486;3.660751;179.846517;0.000000;0.000000;-188.005840;-0.450000;0.389361;AGING
2026.07.23 21:47:00;EURUSDm;1.13760;0.383226;0.729927;0.003152;0.813857;0.000000;0.820828;0.010926;3.642583;179.891081;0.000000;0.000000;-188.008804;-0.450000;0.389361;AGING
2026.07.23 21:48:00;EURUSDm;1.13766;0.290206;2.112676;0.002900;0.878798;0.000000;0.866425;0.010392;3.624494;179.936114;0.000000;0.000000;-188.081786;-0.450000;0.389361;AGING
2026.07.23 21:49:00;EURUSDm;1.13766;0.290800;0.001000;0.002668;0.834908;0.000000;0.836499;0.009884;3.606487;179.980528;0.000000;0.000000;-188.045510;-0.450000;0.389361;AGING
2026.07.23 21:50:00;EURUSDm;1.13767;0.263065;0.357143;0.002454;0.811020;0.000000;0.820067;0.009401;3.588560;180.024524;0.000000;0.000000;-188.029010;-0.450000;0.389361;AGING
2026.07.23 21:51:00;EURUSDm;1.13765;0.303986;0.735294;0.002258;0.807234;0.000000;0.817429;0.008940;3.570714;180.068304;0.000000;0.000000;-188.032588;-0.450000;0.389361;AGING
2026.07.23 21:52:00;EURUSDm;1.13766;0.299258;0.364964;0.002077;0.785120;0.000000;0.801906;0.008502;3.552950;180.111684;0.000000;0.000000;-188.017631;-0.450000;0.389361;AGING
2026.07.23 21:53:00;EURUSDm;1.13757;0.494033;3.146853;0.001911;0.903207;0.000000;0.884276;0.008086;3.535267;180.156069;0.000000;0.000000;-188.144070;-0.450000;0.389361;AGING
2026.07.23 21:54:00;EURUSDm;1.13760;0.458437;1.034483;0.001758;0.909771;0.000000;0.889817;0.007689;3.517666;180.200343;0.000000;0.000000;-188.159066;-0.450000;0.389361;AGING
2026.07.23 21:55:00;EURUSDm;1.13764;0.369627;1.481481;0.001618;0.938356;0.000000;0.910794;0.007312;3.500148;180.244728;0.000000;0.000000;-188.196385;-0.450000;0.389361;AGING
2026.07.23 21:56:00;EURUSDm;1.13768;0.275326;1.470588;0.001488;0.964968;0.000000;0.930643;0.006952;3.482711;180.289205;0.000000;0.000000;-188.232011;-0.450000;0.389361;AGING
2026.07.23 21:57:00;EURUSDm;1.13768;0.313636;0.001000;0.001369;0.916769;0.000000;0.898349;0.006611;3.465356;180.333026;0.000000;0.000000;-188.192361;-0.450000;0.389361;AGING
2026.07.23 21:58:00;EURUSDm;1.13766;0.332300;0.746269;0.001260;0.908244;0.000000;0.893257;0.006286;3.448084;180.376590;0.000000;0.000000;-188.192313;-0.450000;0.389361;AGING
2026.07.23 21:59:00;EURUSDm;1.13759;0.591566;2.517986;0.444934;0.988731;0.007845;0.950343;0.028155;3.435231;180.420672;0.007934;0.001762;-187.883397;-0.449674;0.389438;AGING
2026.07.23 22:00:00;EURUSDm;1.13772;0.316841;4.304636;0.409339;1.000000;0.012441;1.000000;0.028527;3.422092;180.464644;0.012441;0.002795;-187.944102;-0.449487;0.389483;AGING
2026.07.23 22:01:00;EURUSDm;1.13774;0.299620;0.751880;0.376592;0.987345;0.015238;0.992314;0.028738;3.408695;180.508300;0.015434;0.003444;-187.978682;-0.449365;0.389512;AGING
2026.07.23 22:02:00;EURUSDm;1.13775;0.268905;0.423729;0.346465;0.958860;0.016534;0.973420;0.028808;3.395069;180.551509;0.017244;0.003773;-187.995121;-0.449294;0.389529;AGING
2026.07.23 22:03:00;EURUSDm;1.13777;0.250261;0.833333;0.318748;0.952253;0.016415;0.969525;0.028753;3.381237;180.594515;0.017238;0.003763;-188.031585;-0.449295;0.389528;AGING
2026.07.23 22:04:00;EURUSDm;1.13777;0.342279;0.001000;0.293248;0.904362;0.015268;0.936633;0.028590;3.367223;180.636926;0.016882;0.003550;-188.024398;-0.449316;0.389523;AGING
2026.07.23 22:05:00;EURUSDm;1.13787;0.302996;4.065041;0.269788;1.000000;0.012540;1.000000;0.028334;3.353047;180.680205;0.012540;0.002862;-188.160639;-0.449481;0.389484;AGING
2026.07.23 22:06:00;EURUSDm;1.13786;0.320951;0.409836;0.248205;0.970241;0.009038;0.980336;0.027996;3.338730;180.723114;0.009315;0.002084;-188.169564;-0.449616;0.389452;AGING
2026.07.23 22:07:00;EURUSDm;1.13786;0.296996;0.001000;0.228349;0.921598;0.004986;0.947039;0.027589;3.324288;180.765474;0.005410;0.001167;-188.157492;-0.449779;0.389413;AGING
2026.07.23 22:08:00;EURUSDm;1.13785;0.394719;0.416667;0.210081;0.896252;0.000380;0.929442;0.027123;3.309738;180.807526;0.000424;0.000090;-188.167041;-0.449983;0.389365;AGING
2026.07.23 22:09:00;EURUSDm;1.13780;0.535778;2.016129;0.611914;0.952238;0.015336;0.968425;0.045859;3.299282;180.849734;0.016106;0.003569;-187.865004;-0.449338;0.389518;AGING
2026.07.23 22:10:00;EURUSDm;1.13777;0.744405;1.181102;1.170218;0.963375;0.053620;0.977474;0.071481;3.294463;180.891240;0.055658;0.012385;-187.362666;-0.447711;0.389905;AGING
2026.07.23 22:11:00;EURUSDm;1.13776;0.695437;0.393701;1.691795;0.933819;0.110257;0.959544;0.093986;3.294886;180.931322;0.118071;0.025506;-186.840834;-0.445183;0.390507;AGING
2026.07.23 22:12:00;EURUSDm;1.13778;0.660040;0.775194;2.186825;0.923682;0.181715;0.956381;0.114038;3.300259;180.969927;0.196729;0.041889;-186.353664;-0.442004;0.391264;AGING
2026.07.23 22:13:00;EURUSDm;1.13779;0.359938;0.393701;2.011879;0.893549;0.242615;0.940678;0.117083;3.303858;181.007049;0.271519;0.056233;-186.487986;-0.439043;0.391969;AGING
2026.07.23 22:14:00;EURUSDm;1.13778;0.436340;0.403226;1.850929;0.864180;0.294429;0.925965;0.119277;3.305830;181.042861;0.340703;0.068643;-186.611898;-0.436347;0.392612;AGING
2026.07.23 22:15:00;EURUSDm;1.13778;0.539754;0.001000;2.255744;0.815133;0.358616;0.897766;0.133554;3.311842;181.076958;0.439948;0.084172;-186.168523;-0.432593;0.393507;AGING
2026.07.23 22:16:00;EURUSDm;1.13778;0.747131;0.001000;2.816093;0.767254;0.438262;0.871054;0.154893;3.323429;181.109100;0.571209;0.103228;-185.578644;-0.427702;0.394675;ORGANIZING
2026.07.23 22:17:00;EURUSDm;1.13776;0.703474;0.793651;3.343698;0.759808;0.529703;0.873766;0.173529;3.340235;181.139506;0.697153;0.123948;-185.053443;-0.422888;0.395826;ORGANIZING
2026.07.23 22:18:00;EURUSDm;1.13776;0.649428;0.001000;3.830769;0.711274;0.630222;0.849293;0.189206;3.361829;181.167633;0.886046;0.147859;-184.519987;-0.416026;0.397468;ORGANIZING
2026.07.23 22:19:00;EURUSDm;1.13775;0.341871;0.400000;3.524307;0.683106;0.716612;0.840190;0.195069;3.375814;181.193890;1.049049;0.168456;-184.777842;-0.410106;0.398887;ORGANIZING
2026.07.23 22:20:00;EURUSDm;1.13775;0.469375;0.001000;3.242363;0.634668;0.790237;0.817646;0.199413;3.387265;181.218304;1.245117;0.187200;-184.993729;-0.403286;0.400523;ORGANIZING
2026.07.23 22:21:00;EURUSDm;1.13778;0.468539;1.200000;2.982974;0.647130;0.851925;0.838007;0.202412;3.396393;181.241701;1.316467;0.200645;-185.251540;-0.400474;0.401199;ORGANIZING
2026.07.23 22:22:00;EURUSDm;1.13778;0.448503;0.001000;2.744336;0.597785;0.902855;0.815797;0.204223;3.403389;181.263656;1.510333;0.214690;-185.429474;-0.393956;0.402765;ORGANIZING
2026.07.23 22:23:00;EURUSDm;1.13787;0.531163;3.358209;3.142708;0.717749;0.963560;0.911929;0.213930;3.414612;181.285708;1.342474;0.221697;-185.154274;-0.398641;0.401639;ORGANIZING
2026.07.23 22:24:00;EURUSDm;1.13792;0.347234;1.824818;2.891291;0.753831;1.000000;0.951367;0.215805;3.423519;181.307482;1.326556;0.227627;-185.448670;-0.398822;0.401595;ORGANIZING
2026.07.23 22:25:00;EURUSDm;1.13786;0.559100;2.097902;3.310616;0.801035;1.000000;0.999049;0.225981;3.436810;181.329860;1.248385;0.224023;-185.145860;-0.401347;0.400989;ORGANIZING
2026.07.23 22:26:00;EURUSDm;1.13779;0.672275;2.380952;3.814822;0.860031;1.000000;1.000000;0.239892;3.455292;181.353013;1.162749;0.219529;-184.788590;-0.404141;0.400318;ORGANIZING
2026.07.23 22:27:00;EURUSDm;1.13781;0.704605;0.680272;4.343276;0.831043;1.000000;0.997206;0.254320;3.479165;181.376115;1.203307;0.219081;-184.330852;-0.402947;0.400605;ORGANIZING
2026.07.23 22:28:00;EURUSDm;1.13776;0.757325;1.666667;4.911270;0.852824;1.000000;1.000000;0.270004;3.508781;181.399731;1.172575;0.215908;-183.898855;-0.404027;0.400345;ORGANIZING
2026.07.23 22:29:00;EURUSDm;1.13775;0.734899;0.333333;5.462444;0.806850;1.000000;0.986117;0.284062;3.539742;181.423197;1.239388;0.215952;-183.415212;-0.402021;0.400827;ORGANIZING
2026.07.23 22:30:00;EURUSDm;1.13773;0.780165;0.662252;6.047568;0.779620;1.000000;0.984724;0.299115;3.570817;181.446702;1.282677;0.215074;-182.918618;-0.400766;0.401128;ORGANIZING
2026.07.23 22:31:00;EURUSDm;1.13771;0.737032;0.657895;6.600342;0.753533;1.000000;0.983754;0.311798;3.602049;181.470257;1.327081;0.214253;-182.451142;-0.399475;0.401439;ORGANIZING
2026.07.23 22:32:00;EURUSDm;1.13771;0.683059;0.001000;7.112636;0.695907;1.000000;0.960270;0.321823;3.633296;181.493549;1.436974;0.215006;-181.987059;-0.396140;0.402240;ORGANIZING
2026.07.23 22:33:00;EURUSDm;1.13770;0.693235;0.333333;7.632562;0.657778;1.000000;0.949591;0.331728;3.671337;181.516841;1.520270;0.214553;-181.548186;-0.393664;0.402836;ORGANIZING
2026.07.23 22:34:00;EURUSDm;1.13776;0.733450;2.083333;8.182650;0.709056;1.000000;1.000000;0.342646;3.716297;181.541094;1.410326;0.209732;-181.185387;-0.397204;0.401984;ORGANIZING
2026.07.23 22:35:00;EURUSDm;1.13778;0.773546;0.719424;8.762809;0.689574;1.000000;1.000000;0.354522;3.762786;181.565618;1.450170;0.208035;-180.727000;-0.396093;0.402251;ORGANIZING
2026.07.23 22:36:00;EURUSDm;1.13778;0.763295;0.001000;9.335280;0.635146;1.000000;0.977443;0.365419;3.809164;181.590061;1.574442;0.207912;-180.239094;-0.392371;0.403147;ORGANIZING
2026.07.23 22:37:00;EURUSDm;1.13777;0.785078;0.364964;9.924088;0.601636;1.000000;0.968796;0.376589;3.855922;181.614636;1.662133;0.206862;-179.757207;-0.389793;0.403767;ORGANIZING
2026.07.23 22:38:00;EURUSDm;1.13781;0.790657;1.481481;10.517081;0.625629;1.000000;0.999921;0.387409;3.903506;181.639928;1.598392;0.203395;-179.330305;-0.391878;0.403265;ORGANIZING
2026.07.23 22:39:00;EURUSDm;1.13778;0.797087;1.086957;11.114896;0.628695;1.000000;1.000000;0.397929;3.959894;181.665814;1.590596;0.200541;-178.895260;-0.392255;0.403175;ORGANIZING
2026.07.23 22:40:00;EURUSDm;1.13777;0.803445;0.362319;11.717480;0.595376;1.000000;0.991609;0.408162;4.024846;181.692016;1.679610;0.198871;-178.435929;-0.389668;0.403797;ORGANIZING
2026.07.23 22:41:00;EURUSDm;1.13778;0.802430;0.364964;12.319302;0.563856;1.000000;0.983962;0.417845;4.098085;181.718635;1.773504;0.196859;-177.995049;-0.386952;0.404451;ORGANIZING
2026.07.23 22:42:00;EURUSDm;1.13781;0.815914;1.079137;12.931238;0.569620;1.000000;1.000000;0.427550;4.179464;181.746126;1.755557;0.193176;-177.598534;-0.387674;0.404277;ORGANIZING
2026.07.23 22:43:00;EURUSDm;1.13781;0.773511;0.001000;13.511372;0.521189;1.000000;0.979999;0.435179;4.262253;181.773961;1.918691;0.191622;-177.178641;-0.382858;0.405438;ORGANIZING
2026.07.23 22:44:00;EURUSDm;1.13781;0.687526;0.001000;14.027016;0.475179;1.000000;0.960966;0.439202;4.352299;181.802235;2.104469;0.189873;-176.833401;-0.377372;0.406761;ORGANIZING
2026.07.23 22:45:00;EURUSDm;1.13783;0.739287;0.800000;14.581482;0.471420;1.000000;0.970704;0.444965;4.443246;181.831382;2.121249;0.186580;-176.497743;-0.377034;0.406843;ORGANIZING
2026.07.23 22:46:00;EURUSDm;1.13786;0.653320;1.209677;15.071471;0.488333;1.000000;0.994642;0.447216;4.533596;181.861601;2.047782;0.182844;-176.240089;-0.379424;0.406266;ORGANIZING
2026.07.23 22:47:00;EURUSDm;1.13786;0.619173;0.001000;15.535851;0.443967;1.000000;0.975517;0.448075;4.622854;181.892270;2.252422;0.181327;-175.942243;-0.373361;0.407729;ORGANIZING
2026.07.23 22:48:00;EURUSDm;1.13786;0.558511;0.001000;15.954734;0.401818;1.000000;0.957091;0.446615;4.710175;181.923389;2.488688;0.179901;-175.684053;-0.366344;0.409425;ORGANIZING
2026.07.23 22:49:00;EURUSDm;1.13785;0.554392;0.431034;16.370528;0.383279;1.000000;0.954311;0.445074;4.795705;181.955179;2.609065;0.177808;-175.449487;-0.362838;0.410273;ORGANIZING
2026.07.23 22:50:00;EURUSDm;1.13785;0.322096;0.001000;15.060886;0.344165;1.000000;0.936523;0.488302;4.861859;181.987240;2.905583;0.175613;-176.970842;-0.354052;0.412400;ORGANIZING
2026.07.23 22:51:00;EURUSDm;1.13791;0.166802;2.803738;13.856015;0.447144;1.000000;1.000000;0.524131;4.910107;182.020812;2.236417;0.170028;-178.480416;-0.374406;0.407477;ORGANIZING
2026.07.23 22:52:00;EURUSDm;1.13791;0.180392;0.001000;12.747534;0.404837;1.000000;0.983380;0.553348;4.941905;182.054279;2.470133;0.169489;-179.702089;-0.367422;0.409164;ORGANIZING
2026.07.23 22:53:00;EURUSDm;1.13790;0.175924;0.476190;11.727731;0.388404;1.000000;0.984995;0.576671;4.958147;182.087745;2.574637;0.168827;-180.818055;-0.364320;0.409914;ORGANIZING
2026.07.23 22:54:00;EURUSDm;1.13790;0.285471;0.001000;10.789512;0.349034;1.000000;0.970739;0.594748;4.959425;182.120830;2.865050;0.169399;-181.788698;-0.355579;0.412030;ORGANIZING
2026.07.23 22:55:00;EURUSDm;1.13791;0.299067;0.520833;9.926351;0.337624;1.000000;0.975808;0.608169;4.946263;182.153668;2.961875;0.169720;-182.673806;-0.352658;0.412738;ORGANIZING
2026.07.23 22:56:00;EURUSDm;1.13791;0.298957;0.001000;9.132243;0.300793;1.000000;0.962976;0.617466;4.923562;182.185912;3.324548;0.171179;-183.436518;-0.341705;0.415395;ORGANIZING
2026.07.23 22:57:00;EURUSDm;1.13794;0.217112;1.530612;8.401664;0.342284;1.000000;1.000000;0.623122;4.914169;182.218477;2.921553;0.170080;-184.233677;-0.353849;0.412449;ORGANIZING
2026.07.23 22:58:00;EURUSDm;1.13794;0.330537;0.001000;7.729531;0.305220;1.000000;0.986844;0.625572;4.917474;182.250703;3.276330;0.170991;-184.912484;-0.343161;0.415042;ORGANIZING
2026.07.23 22:59:00;EURUSDm;1.13791;0.326370;1.578947;7.111168;0.348906;1.000000;1.000000;0.625212;4.932923;182.283522;2.866102;0.169289;-185.637530;-0.355552;0.412037;ORGANIZING
2026.07.23 23:00:00;EURUSDm;1.13790;0.357185;0.537634;6.542275;0.338342;1.000000;1.000000;0.622396;4.960011;182.316505;2.955586;0.168898;-186.277386;-0.352888;0.412682;ORGANIZING
2026.07.23 23:01:00;EURUSDm;1.13792;0.316132;1.063830;6.018893;0.354617;1.000000;1.000000;0.617445;4.998215;182.350034;2.819946;0.167496;-186.917078;-0.357027;0.411679;ORGANIZING
2026.07.23 23:02:00;EURUSDm;1.13793;0.416261;0.537634;5.537381;0.343768;1.000000;1.000000;0.610648;5.047162;182.383943;2.908942;0.166623;-187.505951;-0.354401;0.412316;ORGANIZING
2026.07.23 23:03:00;EURUSDm;1.13792;0.482538;0.537634;5.094391;0.333461;1.000000;1.000000;0.602266;5.106096;182.418338;2.998852;0.165513;-188.074132;-0.351759;0.412956;ORGANIZING
2026.07.23 23:04:00;EURUSDm;1.13785;0.631511;3.535354;5.568024;0.473556;1.000000;1.000000;0.595834;5.165156;182.454726;2.111684;0.160397;-187.882236;-0.378630;0.406457;ORGANIZING
2026.07.23 23:05:00;EURUSDm;1.13784;0.637568;0.500000;6.046200;0.454878;1.000000;1.000000;0.589951;5.224683;182.491521;2.198393;0.159502;-187.529467;-0.376073;0.407074;ORGANIZING
2026.07.23 23:06:00;EURUSDm;1.13784;0.591969;0.001000;6.490177;0.412184;1.000000;0.985683;0.582652;5.284372;182.528487;2.426101;0.159256;-187.184543;-0.369254;0.408721;ORGANIZING
2026.07.23 23:07:00;EURUSDm;1.13786;0.624282;1.000000;6.958388;0.421575;1.000000;1.000000;0.576930;5.343725;182.566140;2.372059;0.157673;-186.870637;-0.370955;0.408310;ORGANIZING
2026.07.23 23:08:00;EURUSDm;1.13784;0.621815;0.980392;7.424750;0.429516;1.000000;1.000000;0.571402;5.402306;182.604458;2.328204;0.156171;-186.556640;-0.372345;0.407974;ORGANIZING
2026.07.23 23:09:00;EURUSDm;1.13784;0.627943;0.001000;7.895707;0.388090;1.000000;0.985034;0.566380;5.460043;182.642939;2.576723;0.155896;-186.188167;-0.364903;0.409773;ORGANIZING
2026.07.23 23:10:00;EURUSDm;1.13784;0.625347;0.001000;8.364718;0.348735;1.000000;0.970416;0.561511;5.499705;182.681424;2.867504;0.156007;-185.787873;-0.356175;0.411886;ORGANIZING
2026.07.23 23:11:00;EURUSDm;1.13788;0.586250;1.960784;8.804405;0.409338;1.000000;1.000000;0.555420;5.522722;182.720744;2.442970;0.154143;-185.481961;-0.369004;0.408782;ORGANIZING
2026.07.23 23:12:00;EURUSDm;1.13784;0.574518;1.886792;9.235294;0.463211;1.000000;1.000000;0.549193;5.530231;182.760679;2.158846;0.152844;-185.147444;-0.377592;0.406708;ORGANIZING
2026.07.23 23:13:00;EURUSDm;1.13784;0.544187;0.001000;9.643434;0.420100;1.000000;0.984257;0.542141;5.523423;182.800114;2.380386;0.154186;-184.707907;-0.370879;0.408329;ORGANIZING
2026.07.23 23:14:00;EURUSDm;1.13783;0.513745;0.537634;10.028742;0.405977;1.000000;0.987600;0.534299;5.503413;182.839208;2.463195;0.155191;-184.291867;-0.368345;0.408941;ORGANIZING
2026.07.23 23:15:00;EURUSDm;1.13785;0.530400;1.123596;10.426543;0.421858;1.000000;1.000000;0.527474;5.480898;182.878235;2.370468;0.155515;-183.890295;-0.371110;0.408273;ORGANIZING
2026.07.23 23:16:00;EURUSDm;1.13784;0.646351;0.602410;10.911305;0.410885;1.000000;1.000000;0.525339;5.471284;182.917057;2.433770;0.156067;-183.409883;-0.369184;0.408738;ORGANIZING
2026.07.23 23:17:00;EURUSDm;1.13785;0.562169;0.609756;11.332932;0.400829;1.000000;1.000000;0.520153;5.473241;182.955798;2.494831;0.156391;-183.010481;-0.367336;0.409185;ORGANIZING
2026.07.23 23:18:00;EURUSDm;1.13785;0.493970;0.001000;10.426298;0.360837;1.000000;0.983240;0.539477;5.472842;182.994135;2.771332;0.156908;-183.953313;-0.359015;0.411198;ORGANIZING
2026.07.23 23:19:00;EURUSDm;1.13785;0.454661;0.001000;9.592194;0.322845;1.000000;0.967744;0.554208;5.470288;183.032066;3.097457;0.157546;-184.811711;-0.349199;0.413577;ORGANIZING
2026.07.23 23:20:00;EURUSDm;1.13789;0.425883;2.564103;8.824818;0.414908;1.000000;1.000000;0.564867;5.465762;183.070873;2.410171;0.155146;-185.722220;-0.369938;0.408556;ORGANIZING
2026.07.23 23:21:00;EURUSDm;1.13790;0.417221;0.649351;8.118833;0.406630;1.000000;1.000000;0.571923;5.459433;183.109533;2.459235;0.155328;-186.460042;-0.368457;0.408914;ORGANIZING
2026.07.23 23:22:00;EURUSDm;1.13789;0.409181;0.641026;7.469326;0.398350;1.000000;1.000000;0.575802;5.451455;183.148031;2.510354;0.155627;-187.131569;-0.366908;0.409288;ORGANIZING
2026.07.23 23:23:00;EURUSDm;1.13785;0.392571;2.469136;6.871780;0.481889;1.000000;1.000000;0.576889;5.441972;183.187270;2.075165;0.153828;-187.835101;-0.380054;0.406114;ORGANIZING
2026.07.23 23:24:00;EURUSDm;1.13787;0.317429;1.298701;6.322038;0.502730;1.000000;1.000000;0.575532;5.422302;183.226520;1.989139;0.153833;-188.402880;-0.382634;0.405492;ORGANIZING
2026.07.23 23:25:00;EURUSDm;1.13787;0.378442;0.001000;5.816275;0.457644;1.000000;0.985179;0.572043;5.397490;183.265072;2.185107;0.155589;-188.845506;-0.376667;0.406931;ORGANIZING
2026.07.23 23:26:00;EURUSDm;1.13786;0.387434;0.657895;5.350973;0.447656;1.000000;0.993745;0.566706;5.381894;183.303367;2.233857;0.156341;-189.297251;-0.375167;0.407293;ORGANIZING
2026.07.23 23:27:00;EURUSDm;1.13787;0.406920;0.657895;4.922895;0.438168;1.000000;1.000000;0.559775;5.375340;183.341502;2.282229;0.156905;-189.727004;-0.373688;0.407650;ORGANIZING
2026.07.23 23:28:00;EURUSDm;1.13786;0.395994;0.684932;4.529063;0.430506;1.000000;1.000000;0.551478;5.377420;183.379581;2.322847;0.157247;-190.138819;-0.372452;0.407949;ORGANIZING
2026.07.23 23:29:00;EURUSDm;1.13784;0.385116;1.388889;4.166738;0.458425;1.000000;1.000000;0.542020;5.387822;183.418044;2.181380;0.156537;-190.569416;-0.376732;0.406915;ORGANIZING
2026.07.23 23:30:00;EURUSDm;1.13785;0.456906;0.694444;3.833399;0.450226;1.000000;1.000000;0.531586;5.406196;183.456608;2.221105;0.156543;-190.949000;-0.375540;0.407203;ORGANIZING
2026.07.23 23:31:00;EURUSDm;1.13784;0.426193;0.694444;3.526727;0.442437;1.000000;1.000000;0.520340;5.431942;183.495352;2.260208;0.156379;-191.315627;-0.374375;0.407484;ORGANIZING
2026.07.23 23:32:00;EURUSDm;1.13784;0.423993;0.001000;3.244589;0.400365;1.000000;0.983247;0.508430;5.464690;183.534002;2.497719;0.156900;-191.636018;-0.367223;0.409212;ORGANIZING
2026.07.23 23:33:00;EURUSDm;1.13790;0.475193;4.000000;2.985022;0.560347;1.000000;1.000000;0.495987;5.503950;183.574645;1.784608;0.152432;-192.149845;-0.388840;0.403997;ORGANIZING
2026.07.23 23:34:00;EURUSDm;1.13788;0.535592;1.298701;3.386716;0.577265;1.000000;1.000000;0.491272;5.542851;183.615847;1.732307;0.151254;-191.874641;-0.390468;0.403605;ORGANIZING
2026.07.23 23:35:00;EURUSDm;1.13785;0.514906;1.923077;3.772896;0.624555;1.000000;1.000000;0.486018;5.581673;183.657909;1.601139;0.149427;-191.644950;-0.394494;0.402636;ORGANIZING
2026.07.23 23:36:00;EURUSDm;1.13784;0.394485;0.657895;3.471064;0.606222;1.000000;1.000000;0.476808;5.628167;183.700253;1.649560;0.149005;-192.045362;-0.393063;0.402980;ORGANIZING
2026.07.23 23:37:00;EURUSDm;1.13784;0.402313;0.001000;3.193379;0.555961;1.000000;0.981723;0.466852;5.681422;183.742627;1.798686;0.149159;-192.401757;-0.388581;0.404059;ORGANIZING
2026.07.23 23:38:00;EURUSDm;1.13783;0.449652;0.649351;2.937909;0.540631;1.000000;0.986430;0.456283;5.727898;183.785312;1.849691;0.148703;-192.756397;-0.387074;0.404422;ORGANIZING
2026.07.23 23:39:00;EURUSDm;1.13784;0.483196;0.649351;2.702876;0.526067;1.000000;0.990602;0.445221;5.768152;183.828254;1.900900;0.148380;-193.078191;-0.385554;0.404788;ORGANIZING
2026.07.23 23:40:00;EURUSDm;1.13765;0.131831;9.895833;2.486646;0.974555;1.000000;1.000000;0.433771;5.802693;183.876027;1.026109;0.138677;-193.836864;-0.412283;0.398365;ORGANIZING
2026.07.23 23:41:00;EURUSDm;1.13762;0.124087;1.612903;2.287714;0.986472;1.000000;1.000000;0.422029;5.831991;183.924211;1.013713;0.138112;-194.131009;-0.412683;0.398269;ORGANIZING
2026.07.23 23:42:00;EURUSDm;1.13770;0.310157;3.960396;2.104697;1.000000;1.000000;1.000000;0.410079;5.856477;183.972776;1.000000;0.137617;-194.401190;-0.413119;0.398164;ORGANIZING
2026.07.23 23:43:00;EURUSDm;1.13769;0.446637;0.495050;1.936321;0.954752;1.000000;0.996679;0.397993;5.876549;184.021089;1.047392;0.138326;-194.588606;-0.411662;0.398514;ORGANIZING
2026.07.23 23:44:00;EURUSDm;1.13769;0.393066;0.001000;1.781416;0.887065;0.999983;0.975760;0.385839;5.892573;184.068886;1.127294;0.139556;-194.731376;-0.409203;0.399103;ORGANIZING
2026.07.23 23:45:00;EURUSDm;1.13781;0.953031;5.357143;2.496189;1.000000;1.000000;1.000000;0.402286;5.896311;184.117849;1.000000;0.137013;-194.218853;-0.413149;0.398157;ORGANIZING
2026.07.23 23:46:00;EURUSDm;1.13778;0.963235;1.304348;3.218615;0.995217;1.000000;1.000000;0.418293;5.888153;184.166682;1.004806;0.136955;-193.556176;-0.413008;0.398191;ORGANIZING
2026.07.23 23:47:00;EURUSDm;1.13778;0.966885;0.001000;3.943779;0.925507;1.000000;0.979675;0.433636;5.868503;184.214623;1.080489;0.138358;-192.800630;-0.410667;0.398752;ORGANIZING
2026.07.23 23:48:00;EURUSDm;1.13775;0.933760;1.304348;4.644098;0.924449;1.000000;1.000000;0.446970;5.840311;184.262270;1.081726;0.138663;-192.117184;-0.410615;0.398765;ORGANIZING
2026.07.23 23:49:00;EURUSDm;1.13773;0.937160;0.877193;5.346968;0.902086;1.000000;1.000000;0.459765;5.822912;184.309520;1.108542;0.139183;-191.429992;-0.409785;0.398964;ORGANIZING
2026.07.23 23:50:00;EURUSDm;1.13772;0.865251;0.438596;5.995907;0.858911;1.000000;0.996443;0.469224;5.815422;184.356264;1.164265;0.139986;-190.788561;-0.408073;0.399374;ORGANIZING
2026.07.23 23:51:00;EURUSDm;1.13773;0.941012;0.442478;6.701666;0.818090;1.000000;0.993477;0.481051;5.818095;184.402625;1.222360;0.140504;-190.117340;-0.406304;0.399799;ORGANIZING
2026.07.23 23:52:00;EURUSDm;1.13760;0.411012;5.200000;6.165533;1.000000;1.000000;1.000000;0.483805;5.818214;184.450807;1.000000;0.136948;-190.889312;-0.413153;0.398156;ORGANIZING
2026.07.23 23:53:00;EURUSDm;1.13758;0.276040;0.793651;5.672290;0.969683;1.000000;1.000000;0.484277;5.815995;184.498664;1.031265;0.137552;-191.396601;-0.412184;0.398388;ORGANIZING
2026.07.23 23:54:00;EURUSDm;1.13755;0.279035;1.229508;5.218507;0.962674;1.000000;1.000000;0.482752;5.805233;184.546343;1.038773;0.137918;-191.866481;-0.411941;0.398447;ORGANIZING
2026.07.23 23:55:00;EURUSDm;1.13757;0.392723;0.813008;4.801026;0.935191;1.000000;1.000000;0.479489;5.786488;184.593560;1.069301;0.138866;-192.259678;-0.410978;0.398678;ORGANIZING
2026.07.23 23:56:00;EURUSDm;1.13758;0.473654;0.403226;4.416944;0.888592;1.000000;0.995895;0.474718;5.767015;184.640116;1.125375;0.140246;-192.595230;-0.409226;0.399098;ORGANIZING
2026.07.23 23:57:00;EURUSDm;1.13767;0.862514;3.435115;5.063830;0.995918;1.000000;1.000000;0.483327;5.756884;184.687644;1.004098;0.138195;-192.100155;-0.412967;0.398201;ORGANIZING
2026.07.23 23:58:00;EURUSDm;1.13763;0.779893;1.503759;5.648749;1.000000;1.000000;1.000000;0.488406;5.755208;184.735196;1.000000;0.138053;-191.573676;-0.413097;0.398170;ORGANIZING
2026.07.23 23:59:00;EURUSDm;1.13759;0.613609;1.459854;6.108956;1.000000;1.000000;1.000000;0.486996;5.760493;184.782801;1.000000;0.137979;-191.168823;-0.413101;0.398169;ORGANIZING
2026.07.24 00:00:00;EURUSDm;1.13754;0.994069;1.760563;6.854508;1.000000;1.000000;1.000000;0.499924;5.775369;184.830555;1.000000;0.137452;-190.526633;-0.413127;0.398162;ORGANIZING
2026.07.24 00:01:00;EURUSDm;1.13756;0.995574;0.714286;7.601188;0.965714;1.000000;1.000000;0.512262;5.799627;184.878208;1.035503;0.137408;-189.866512;-0.412065;0.398417;ORGANIZING
2026.07.24 00:02:00;EURUSDm;1.13755;0.942996;0.364964;8.308436;0.915677;1.000000;0.995703;0.522011;5.832666;184.925692;1.092088;0.137545;-189.242288;-0.410360;0.398826;ORGANIZING
2026.07.24 00:03:00;EURUSDm;1.13776;0.996436;6.645570;9.055763;1.000000;1.000000;1.000000;0.533277;5.874697;184.974439;1.000000;0.134990;-188.734625;-0.413251;0.398133;ORGANIZING
2026.07.24 00:04:00;EURUSDm;1.13766;0.993686;2.994012;9.801027;1.000000;1.000000;1.000000;0.543876;5.925520;185.023694;1.000000;0.133880;-188.161459;-0.413306;0.398120;ORGANIZING
2026.07.24 00:05:00;EURUSDm;1.13770;0.983006;1.183432;10.538282;0.989172;1.000000;1.000000;0.553545;5.976313;185.073349;1.010947;0.132996;-187.583955;-0.413022;0.398188;ORGANIZING
2026.07.24 00:06:00;EURUSDm;1.13778;0.987685;2.272727;11.279046;1.000000;1.000000;1.000000;0.562906;6.027036;185.123619;1.000000;0.131753;-187.024457;-0.413412;0.398094;ORGANIZING
2026.07.24 00:07:00;EURUSDm;1.13791;0.952492;3.457447;11.993415;1.000000;1.000000;1.000000;0.570479;6.077397;185.174393;1.000000;0.130755;-186.476731;-0.413462;0.398082;ORGANIZING
2026.07.24 00:08:00;EURUSDm;1.13793;0.868617;0.526316;12.644878;0.956316;1.000000;1.000000;0.574529;6.127018;185.225226;1.045680;0.130585;-185.939757;-0.412100;0.398409;ORGANIZING
2026.07.24 00:09:00;EURUSDm;1.13791;0.874735;0.520833;13.300929;0.914542;1.000000;1.000000;0.578605;6.175922;185.276131;1.093444;0.130394;-185.398798;-0.410677;0.398750;ORGANIZING
2026.07.24 00:10:00;EURUSDm;1.13795;0.782515;1.041667;13.887815;0.900898;1.000000;1.000000;0.579019;6.223962;185.327380;1.110004;0.129805;-184.946424;-0.410210;0.398862;ORGANIZING
2026.07.24 00:11:00;EURUSDm;1.13795;0.809299;0.001000;14.494789;0.835903;1.000000;0.985301;0.580416;6.270773;185.378446;1.196311;0.130088;-184.421940;-0.407606;0.399486;ORGANIZING
2026.07.24 00:12:00;EURUSDm;1.13798;0.552277;0.777202;14.908997;0.812968;1.000000;0.998332;0.572106;6.326854;185.429845;1.230061;0.129669;-184.131736;-0.406615;0.399724;ORGANIZING
2026.07.24 00:13:00;EURUSDm;1.13794;0.577040;1.036269;15.341776;0.804133;1.000000;1.000000;0.565140;6.391915;185.481805;1.243575;0.128846;-183.858271;-0.406250;0.399812;ORGANIZING
2026.07.24 00:14:00;EURUSDm;1.13786;0.651159;2.010050;15.830145;0.844429;1.000000;1.000000;0.561301;6.466072;185.534910;1.184232;0.127036;-183.603939;-0.408121;0.399363;ORGANIZING
2026.07.24 00:15:00;EURUSDm;1.13786;0.691934;0.001000;16.349096;0.782257;1.000000;0.984681;0.559184;6.549222;185.588225;1.278352;0.126732;-183.238198;-0.405313;0.400037;ORGANIZING
2026.07.24 00:16:00;EURUSDm;1.13789;0.663483;0.746269;16.846708;0.760458;1.000000;0.995908;0.556105;6.640773;185.642237;1.314997;0.125670;-182.949744;-0.404267;0.400288;ORGANIZING
2026.07.24 00:17:00;EURUSDm;1.13781;0.960401;1.923077;17.567009;0.798589;1.000000;1.000000;0.564315;6.732601;185.697549;1.252209;0.123525;-182.522962;-0.406257;0.399810;ORGANIZING
2026.07.24 00:18:00;EURUSDm;1.13783;0.853983;0.478469;18.207496;0.762583;1.000000;1.000000;0.568123;6.824526;185.753420;1.311333;0.122621;-182.093806;-0.404529;0.400225;ORGANIZING
2026.07.24 00:19:00;EURUSDm;1.13784;0.756137;0.240385;18.774598;0.716473;1.000000;0.993298;0.568072;6.917060;185.809756;1.395726;0.121927;-181.721895;-0.402032;0.400824;ORGANIZING
2026.07.24 00:20:00;EURUSDm;1.13785;0.617586;0.240385;19.237787;0.672669;1.000000;0.986828;0.562828;7.006307;185.866545;1.486616;0.121333;-181.439697;-0.399335;0.401472;ORGANIZING
2026.07.24 00:21:00;EURUSDm;1.13785;0.634850;0.001000;19.713925;0.619085;1.000000;0.972023;0.558494;7.092403;185.923660;1.615287;0.120919;-181.130614;-0.395495;0.402395;ORGANIZING
2026.07.24 00:22:00;EURUSDm;1.13790;0.540987;1.179245;20.119665;0.627093;1.000000;0.998823;0.550856;7.175053;185.981682;1.594659;0.119717;-180.940928;-0.396174;0.402232;ORGANIZING
2026.07.24 00:23:00;EURUSDm;1.13796;0.752558;1.415094;20.684083;0.646493;1.000000;1.000000;0.551534;7.255461;186.040701;1.546807;0.118294;-180.617102;-0.397681;0.401870;ORGANIZING
2026.07.24 00:24:00;EURUSDm;1.13793;0.603671;0.704225;21.136837;0.629380;1.000000;1.000000;0.546595;7.332542;186.100320;1.588866;0.117529;-180.351138;-0.396458;0.402164;ORGANIZING
2026.07.24 00:25:00;EURUSDm;1.13795;0.613548;0.471698;21.596998;0.601496;1.000000;1.000000;0.542273;7.406466;186.160400;1.662522;0.116956;-180.062378;-0.394277;0.402688;ORGANIZING
2026.07.24 00:26:00;EURUSDm;1.13785;0.958180;2.262443;22.315633;0.664543;1.000000;1.000000;0.551091;7.479800;186.221843;1.504793;0.115003;-179.632537;-0.399106;0.401527;ORGANIZING
2026.07.24 00:27:00;EURUSDm;1.13788;0.945573;0.669643;23.024813;0.644798;1.000000;1.000000;0.558996;7.552715;186.283819;1.550873;0.114201;-179.127226;-0.397764;0.401850;ORGANIZING
2026.07.24 00:28:00;EURUSDm;1.13790;0.930781;0.444444;23.722898;0.614780;1.000000;1.000000;0.565950;7.625731;186.346224;1.626597;0.113553;-178.621470;-0.395524;0.402388;ORGANIZING
2026.07.24 00:29:00;EURUSDm;1.13792;0.922795;0.442478;24.414994;0.586165;1.000000;1.000000;0.572258;7.698743;186.409073;1.706003;0.112903;-178.122246;-0.393175;0.402953;ORGANIZING
2026.07.24 00:30:00;EURUSDm;1.13790;0.908405;0.478469;25.096298;0.560781;1.000000;1.000000;0.577710;7.772335;186.472404;1.783229;0.112223;-177.636975;-0.390892;0.403503;ORGANIZING
2026.07.24 00:31:00;EURUSDm;1.13793;0.903787;0.717703;25.774139;0.548627;1.000000;1.000000;0.582717;7.846266;186.536353;1.822733;0.111388;-177.168806;-0.389749;0.403778;ORGANIZING
2026.07.24 00:32:00;EURUSDm;1.13790;0.890332;0.735294;26.441888;0.537960;1.000000;1.000000;0.586968;7.922364;186.600956;1.858874;0.110530;-176.715692;-0.388707;0.404029;ORGANIZING
2026.07.24 00:33:00;EURUSDm;1.13788;0.875614;0.487805;27.098599;0.515452;1.000000;1.000000;0.590455;8.000320;186.666114;1.940044;0.109815;-176.264519;-0.386308;0.404606;ORGANIZING
2026.07.24 00:34:00;EURUSDm;1.13781;0.863966;1.650943;27.746573;0.552227;1.000000;1.000000;0.593331;8.079483;186.732431;1.810850;0.108401;-175.883713;-0.390254;0.403656;ORGANIZING
2026.07.24 00:35:00;EURUSDm;1.13780;0.844190;0.248756;28.379716;0.517053;1.000000;0.994473;0.595322;8.159392;186.799195;1.934037;0.107854;-175.445960;-0.386586;0.404539;ORGANIZING
2026.07.24 00:36:00;EURUSDm;1.13785;0.838577;1.231527;29.008649;0.532777;1.000000;1.000000;0.597002;8.240214;186.866925;1.876958;0.106724;-175.065487;-0.388355;0.404113;ORGANIZING
2026.07.24 00:37:00;EURUSDm;1.13780;0.824440;1.201923;29.626978;0.546234;1.000000;1.000000;0.598069;8.319613;186.935584;1.830716;0.105665;-174.690203;-0.389795;0.403767;ORGANIZING
2026.07.24 00:38:00;EURUSDm;1.13782;0.801515;0.483092;30.228115;0.523077;1.000000;1.000000;0.598222;8.398221;187.004797;1.911764;0.105047;-174.292646;-0.387395;0.404345;ORGANIZING
2026.07.24 00:39:00;EURUSDm;1.13779;0.778697;0.721154;30.812138;0.512981;1.000000;1.000000;0.597512;8.476605;187.074693;1.949390;0.104307;-173.923771;-0.386303;0.404608;ORGANIZING
2026.07.24 00:40:00;EURUSDm;1.13774;0.725711;1.179245;31.356421;0.526294;1.000000;1.000000;0.594851;8.555409;187.145510;1.900078;0.103343;-173.615901;-0.387831;0.404240;ORGANIZING
2026.07.24 00:41:00;EURUSDm;1.13771;0.587363;0.700935;31.796943;0.515026;1.000000;1.000000;0.587134;8.633462;187.216995;1.941649;0.102716;-173.376270;-0.386615;0.404532;ORGANIZING
2026.07.24 00:42:00;EURUSDm;1.13775;0.547407;0.975610;32.207499;0.518055;1.000000;1.000000;0.578305;8.711173;187.289287;1.930295;0.101962;-173.178800;-0.386993;0.404441;ORGANIZING
2026.07.24 00:43:00;EURUSDm;1.13770;0.366383;1.201923;29.630899;0.532249;1.000000;1.000000;0.678220;8.757085;187.362180;1.878821;0.100326;-176.134141;-0.388619;0.404050;ORGANIZING
2026.07.24 00:44:00;EURUSDm;1.13768;0.367187;0.483092;27.260427;0.509791;1.000000;1.000000;0.762833;8.774536;187.435023;1.961588;0.099531;-178.759124;-0.386176;0.404638;ORGANIZING
2026.07.24 00:45:00;EURUSDm;1.13763;0.317612;1.190476;25.079593;0.523825;1.000000;1.000000;0.833733;8.765489;187.507917;1.909034;0.098784;-181.150592;-0.387790;0.404249;ORGANIZING
2026.07.24 00:46:00;EURUSDm;1.13770;0.519440;1.620370;25.469173;0.558652;1.000000;1.000000;0.811525;8.753197;187.581035;1.790022;0.098781;-180.799958;-0.391360;0.403390;ORGANIZING
2026.07.24 00:47:00;EURUSDm;1.13775;0.569614;1.179245;25.896383;0.569682;1.000000;1.000000;0.792309;8.738147;187.654113;1.755365;0.099009;-180.388324;-0.392389;0.403142;ORGANIZING
2026.07.24 00:48:00;EURUSDm;1.13776;0.520313;0.239234;26.286618;0.533160;1.000000;1.000000;0.772206;8.720093;187.726646;1.875611;0.099746;-179.957785;-0.388744;0.404020;ORGANIZING
2026.07.24 00:49:00;EURUSDm;1.13775;0.425147;0.242718;24.183689;0.498638;1.000000;1.000000;0.838742;8.678806;187.798420;2.005464;0.099838;-182.148464;-0.384844;0.404959;ORGANIZING
2026.07.24 00:50:00;EURUSDm;1.13781;0.637319;1.449275;24.661678;0.526170;1.000000;1.000000;0.820704;8.639758;187.870080;1.900528;0.100134;-181.655495;-0.387977;0.404204;ORGANIZING
2026.07.24 00:51:00;EURUSDm;1.13782;0.584033;0.242718;25.099702;0.491997;1.000000;1.000000;0.801570;8.603303;187.941033;2.032533;0.101042;-181.143074;-0.383972;0.405169;ORGANIZING
2026.07.24 00:52:00;EURUSDm;1.13780;0.644995;0.483092;25.583449;0.471552;1.000000;1.000000;0.785679;8.568871;188.011437;2.120658;0.101770;-180.608641;-0.381292;0.405815;ORGANIZING
2026.07.24 00:53:00;EURUSDm;1.13774;0.516135;1.562500;25.970550;0.506099;1.000000;1.000000;0.765750;8.537307;188.081871;1.975897;0.101946;-180.223535;-0.385626;0.404771;ORGANIZING
2026.07.24 00:54:00;EURUSDm;1.13778;0.696977;1.075269;26.493282;0.514558;1.000000;1.000000;0.753599;8.507154;188.152088;1.943417;0.102299;-179.694869;-0.386583;0.404540;ORGANIZING
2026.07.24 00:55:00;EURUSDm;1.13796;0.498364;4.500000;24.373820;0.693830;1.000000;1.000000;0.821892;8.504677;188.224073;1.441276;0.099796;-182.197222;-0.401772;0.400887;ORGANIZING
2026.07.24 00:56:00;EURUSDm;1.13796;0.702937;0.001000;24.901023;0.639188;1.000000;0.993801;0.807158;8.503230;188.295497;1.564484;0.100507;-181.654438;-0.398040;0.401783;ORGANIZING
2026.07.24 00:57:00;EURUSDm;1.13814;0.302387;4.568528;22.908941;0.815655;1.000000;1.000000;0.866404;8.527894;188.368933;1.226008;0.097944;-184.064243;-0.408323;0.399314;ORGANIZING
2026.07.24 00:58:00;EURUSDm;1.13824;0.278350;2.439024;21.076226;0.876824;1.000000;1.000000;0.914720;8.576773;188.443469;1.140480;0.096448;-186.227053;-0.410963;0.398681;ORGANIZING
2026.07.24 00:59:00;EURUSDm;1.13836;0.247369;2.790698;19.390128;0.952517;1.000000;1.000000;0.953289;8.648110;188.519475;1.049850;0.094752;-188.284661;-0.413767;0.398009;ORGANIZING
2026.07.24 01:00:00;EURUSDm;1.13843;0.240923;1.605505;17.838917;0.965167;1.000000;1.000000;0.983185;8.740044;188.596527;1.036090;0.093559;-190.169234;-0.414239;0.397896;ORGANIZING
2026.07.24 01:01:00;EURUSDm;1.13854;0.230039;2.401747;16.411804;1.000000;1.000000;1.000000;1.005381;8.850195;188.675029;1.000000;0.092119;-191.974378;-0.415394;0.397619;ORGANIZING
2026.07.24 01:02:00;EURUSDm;1.13847;0.249766;1.502146;15.098860;1.000000;1.000000;1.000000;1.020759;8.977031;188.754799;1.000000;0.090927;-193.651520;-0.415454;0.397605;ORGANIZING
2026.07.24 01:03:00;EURUSDm;1.13838;0.256511;1.890756;13.890951;1.000000;1.000000;1.000000;1.030117;9.089545;188.835695;1.000000;0.089931;-195.184068;-0.415503;0.397593;ORGANIZING
2026.07.24 01:04:00;EURUSDm;1.13839;0.252884;0.216450;12.779675;0.940823;1.000000;1.000000;1.034175;9.188905;188.916992;1.062900;0.089574;-196.524299;-0.413634;0.398041;ORGANIZING
2026.07.24 01:05:00;EURUSDm;1.13831;0.262038;1.673640;11.757301;0.957463;1.000000;1.000000;1.033585;9.276183;188.999329;1.044426;0.088753;-197.819027;-0.414230;0.397898;ORGANIZING
2026.07.24 01:06:00;EURUSDm;1.13826;0.295841;1.037344;10.816717;0.941457;1.000000;1.000000;1.028935;9.376327;189.082506;1.062183;0.088131;-199.017770;-0.413728;0.398019;ORGANIZING
2026.07.24 01:07:00;EURUSDm;1.13827;0.309749;0.213675;9.951379;0.885068;1.000000;1.000000;1.020755;9.488895;189.166246;1.129856;0.087760;-200.119235;-0.411716;0.398501;ORGANIZING
2026.07.24 01:08:00;EURUSDm;1.13835;0.290270;1.666667;9.155269;0.904148;1.000000;1.000000;1.009523;9.612764;189.251415;1.106013;0.086757;-201.244868;-0.412482;0.398317;ORGANIZING
2026.07.24 01:09:00;EURUSDm;1.13827;0.315393;1.619433;8.422848;0.919912;1.000000;1.000000;0.995668;9.722309;189.337837;1.087060;0.085926;-202.270855;-0.413092;0.398171;ORGANIZING
2026.07.24 01:10:00;EURUSDm;1.13825;0.352144;0.403226;7.749020;0.874078;1.000000;1.000000;0.979576;9.842824;189.425006;1.144062;0.085496;-203.194864;-0.411403;0.398576;ORGANIZING
2026.07.24 01:11:00;EURUSDm;1.13826;0.344573;0.200803;7.129098;0.820414;1.000000;1.000000;0.961593;9.973316;189.512944;1.218896;0.085068;-204.074077;-0.409180;0.399109;ORGANIZING
2026.07.24 01:12:00;EURUSDm;1.13835;0.297152;1.778656;6.558770;0.848327;1.000000;1.000000;0.942030;10.113696;189.602564;1.178791;0.084005;-205.003571;-0.410436;0.398808;ORGANIZING
2026.07.24 01:13:00;EURUSDm;1.13836;0.274887;0.201613;6.034069;0.795991;1.000000;1.000000;0.921163;10.262492;189.693149;1.256296;0.083475;-205.822382;-0.408137;0.399359;ORGANIZING
2026.07.24 01:14:00;EURUSDm;1.13836;0.282005;0.001000;5.551343;0.736241;1.000000;0.997276;0.899241;10.420599;189.784717;1.358250;0.082946;-206.609297;-0.405105;0.400086;ORGANIZING
2026.07.24 01:15:00;EURUSDm;1.13830;0.400583;1.204819;5.107236;0.739670;1.000000;1.000000;0.876485;10.561162;189.877725;1.351954;0.082120;-207.385454;-0.405335;0.400031;ORGANIZING
2026.07.24 01:16:00;EURUSDm;1.13829;0.403620;0.208333;4.698657;0.693103;1.000000;1.000000;0.853089;10.710380;189.971760;1.442786;0.081589;-208.093146;-0.402637;0.400679;ORGANIZING
2026.07.24 01:17:00;EURUSDm;1.13833;0.630698;0.829876;5.171680;0.679942;1.000000;1.000000;0.834086;10.834201;190.066902;1.470714;0.080983;-207.911737;-0.401829;0.400873;ORGANIZING
2026.07.24 01:18:00;EURUSDm;1.13843;0.611190;2.008032;5.630073;0.726346;1.000000;1.000000;0.815301;10.934491;190.163510;1.376753;0.080153;-207.759369;-0.404690;0.400186;ORGANIZING
2026.07.24 01:19:00;EURUSDm;1.13849;0.799929;1.185771;6.230019;0.729318;1.000000;1.000000;0.804534;11.011420;190.260918;1.371145;0.079711;-207.392123;-0.404880;0.400140;ORGANIZING
2026.07.24 01:20:00;EURUSDm;1.13847;0.865758;0.395257;6.879338;0.692615;1.000000;1.000000;0.796773;11.065959;190.358503;1.443804;0.079647;-206.897243;-0.402704;0.400663;ORGANIZING
2026.07.24 01:21:00;EURUSDm;1.13848;0.843670;0.199203;7.512090;0.647944;1.000000;0.999859;0.788572;11.099626;190.455979;1.543343;0.079769;-206.368228;-0.399711;0.401382;ORGANIZING
2026.07.24 01:22:00;EURUSDm;1.13846;0.804931;0.400000;8.115788;0.615547;1.000000;1.000000;0.779328;11.113959;190.553274;1.624572;0.079944;-205.839606;-0.397266;0.401969;ORGANIZING
2026.07.24 01:23:00;EURUSDm;1.13852;0.617590;1.181102;8.578981;0.623825;1.000000;1.000000;0.763521;11.111508;190.650627;1.603015;0.080007;-205.445531;-0.397909;0.401815;ORGANIZING
2026.07.24 01:24:00;EURUSDm;1.13853;0.608735;0.201613;9.035533;0.582714;1.000000;0.998780;0.748173;11.093392;190.747388;1.716108;0.080488;-204.977700;-0.394492;0.402636;ORGANIZING
2026.07.24 01:25:00;EURUSDm;1.13840;0.788298;2.500000;9.626756;0.658578;1.000000;1.000000;0.740325;11.059231;190.844566;1.518422;0.080269;-204.475501;-0.400434;0.401208;ORGANIZING
2026.07.24 01:26:00;EURUSDm;1.13825;0.776928;2.777778;10.209452;0.744538;1.000000;1.000000;0.732444;11.010007;190.942112;1.343114;0.080083;-203.962100;-0.405702;0.399943;ORGANIZING
2026.07.24 01:27:00;EURUSDm;1.13834;0.774025;1.642336;10.789971;0.769428;1.000000;1.000000;0.724848;10.963343;191.039440;1.299666;0.080272;-203.395279;-0.406996;0.399633;ORGANIZING
2026.07.24 01:28:00;EURUSDm;1.13820;0.546434;2.447552;11.199797;0.833334;1.000000;1.000000;0.709097;10.928972;191.137063;1.199998;0.080183;-203.046737;-0.409991;0.398914;ORGANIZING
2026.07.24 01:29:00;EURUSDm;1.13816;0.727653;0.696864;11.745536;0.806511;1.000000;1.000000;0.700929;10.907554;191.234203;1.239909;0.080548;-202.512143;-0.408775;0.399206;ORGANIZING
2026.07.24 01:30:00;EURUSDm;1.13815;0.777715;0.176678;12.328822;0.755019;1.000000;0.995716;0.695047;10.898814;191.330742;1.324470;0.080979;-201.944660;-0.406217;0.399820;ORGANIZING
2026.07.24 01:31:00;EURUSDm;1.13821;0.793109;1.048951;12.923654;0.749716;1.000000;1.000000;0.690036;10.902266;191.427262;1.333839;0.081024;-201.437926;-0.405934;0.399888;ORGANIZING
2026.07.24 01:32:00;EURUSDm;1.13820;0.540066;0.176678;13.328704;0.701064;1.000000;0.995335;0.675787;10.915454;191.523427;1.426403;0.081352;-201.078267;-0.403140;0.400558;ORGANIZING
2026.07.24 01:33:00;EURUSDm;1.13833;0.772116;2.233677;13.907791;0.757695;1.000000;1.000000;0.670952;10.939613;191.620400;1.319793;0.080852;-200.691434;-0.406364;0.399784;ORGANIZING
2026.07.24 01:34:00;EURUSDm;1.13840;0.793707;1.182432;14.503071;0.758932;1.000000;1.000000;0.667168;10.974433;191.717733;1.317642;0.080642;-200.256795;-0.406439;0.399766;ORGANIZING
2026.07.24 01:35:00;EURUSDm;1.13840;0.785413;0.001000;15.092131;0.701035;1.000000;0.988386;0.663263;11.019409;191.814938;1.426462;0.080751;-199.789186;-0.403169;0.400551;ORGANIZING
2026.07.24 01:36:00;EURUSDm;1.13847;0.440065;1.202749;13.884760;0.706121;1.000000;1.000000;0.690468;11.056173;191.912561;1.416189;0.080303;-201.227204;-0.403499;0.400472;ORGANIZING
2026.07.24 01:37:00;EURUSDm;1.13848;0.537917;0.174216;14.288198;0.659525;1.000000;0.995264;0.676116;11.092058;192.010077;1.516242;0.080465;-200.917752;-0.400489;0.401195;ORGANIZING
2026.07.24 01:38:00;EURUSDm;1.13851;0.785324;0.519031;14.877191;0.632501;1.000000;1.000000;0.671760;11.129069;192.107692;1.581026;0.080429;-200.464660;-0.398548;0.401661;ORGANIZING
2026.07.24 01:39:00;EURUSDm;1.13841;0.780903;1.677852;15.462869;0.664768;1.000000;1.000000;0.667456;11.165752;192.205998;1.504284;0.080013;-200.074313;-0.400871;0.401103;ORGANIZING
2026.07.24 01:40:00;EURUSDm;1.13849;0.789380;1.333333;16.054904;0.678197;1.000000;1.000000;0.663685;11.201679;192.304796;1.474499;0.079722;-199.658817;-0.401779;0.400885;ORGANIZING
2026.07.24 01:41:00;EURUSDm;1.13857;0.799444;1.302932;16.654487;0.689433;1.000000;1.000000;0.660480;11.237094;192.404062;1.450467;0.079447;-199.234157;-0.402514;0.400709;ORGANIZING
2026.07.24 01:42:00;EURUSDm;1.13856;0.802226;0.163399;17.256156;0.643132;1.000000;0.993836;0.657539;11.272312;192.503216;1.554892;0.079536;-198.749895;-0.399376;0.401462;ORGANIZING
2026.07.24 01:43:00;EURUSDm;1.13854;0.792562;0.331126;17.850578;0.607531;1.000000;0.993655;0.654384;11.308667;192.602378;1.646006;0.079551;-198.285432;-0.396642;0.402119;ORGANIZING
2026.07.24 01:44:00;EURUSDm;1.13857;0.791149;0.498339;18.443940;0.582072;1.000000;0.999222;0.651333;11.346208;192.701661;1.718002;0.079494;-197.834873;-0.394485;0.402638;ORGANIZING
2026.07.24 01:45:00;EURUSDm;1.13854;0.579653;0.524476;18.878680;0.559192;1.000000;1.000000;0.640503;11.381996;192.801073;1.788295;0.079481;-197.526582;-0.392377;0.403145;ORGANIZING
2026.07.24 01:46:00;EURUSDm;1.13857;0.249342;0.519031;17.368385;0.537184;1.000000;1.000000;0.683992;11.396675;192.900411;1.861560;0.079253;-199.230545;-0.390191;0.403671;ORGANIZING
2026.07.24 01:47:00;EURUSDm;1.13854;0.388665;0.547445;15.978914;0.517697;1.000000;1.000000;0.719266;11.391581;192.999504;1.931632;0.079186;-200.759982;-0.388092;0.404177;ORGANIZING
2026.07.24 01:48:00;EURUSDm;1.13860;0.213632;1.111111;14.700601;0.527368;1.000000;1.000000;0.747219;11.369631;193.098474;1.896211;0.079088;-202.158940;-0.389159;0.403920;ORGANIZING
2026.07.24 01:49:00;EURUSDm;1.13865;0.193976;0.950570;13.524553;0.528528;1.000000;1.000000;0.768660;11.330573;193.197065;1.892048;0.079191;-203.399507;-0.389279;0.403891;ORGANIZING
2026.07.24 01:50:00;EURUSDm;1.13851;0.240355;2.592593;12.442589;0.611731;1.000000;1.000000;0.784325;11.275058;193.295933;1.634706;0.078920;-204.583842;-0.397013;0.402030;ORGANIZING
2026.07.24 01:51:00;EURUSDm;1.13855;0.253452;0.760456;11.447182;0.599167;1.000000;1.000000;0.794879;11.233448;193.394259;1.668983;0.079192;-205.602899;-0.395971;0.402281;ORGANIZING
2026.07.24 01:52:00;EURUSDm;1.13856;0.248412;0.194553;10.531407;0.558937;1.000000;0.999630;0.800924;11.205253;193.491901;1.789112;0.079585;-206.531785;-0.392347;0.403152;ORGANIZING
2026.07.24 01:53:00;EURUSDm;1.13854;0.388472;0.400000;9.688895;0.530990;1.000000;1.000000;0.803004;11.191416;193.589125;1.883276;0.079838;-207.420059;-0.389510;0.403835;ORGANIZING
2026.07.24 01:54:00;EURUSDm;1.13859;0.406336;0.984252;8.913783;0.533653;1.000000;1.000000;0.801609;11.191352;193.686375;1.873878;0.079830;-208.292166;-0.389792;0.403767;ORGANIZING
2026.07.24 01:55:00;EURUSDm;1.13842;0.766734;3.231939;9.488834;0.648567;1.000000;1.000000;0.790281;11.191428;193.784775;1.541860;0.079175;-207.907927;-0.399785;0.401364;ORGANIZING
2026.07.24 01:56:00;EURUSDm;1.13839;0.756979;0.574713;10.056568;0.624874;1.000000;1.000000;0.779154;11.173753;193.882761;1.600322;0.079505;-207.356881;-0.398015;0.401789;ORGANIZING
2026.07.24 01:57:00;EURUSDm;1.13837;0.712784;0.381679;10.591156;0.592715;1.000000;1.000000;0.766925;11.154854;193.980237;1.687153;0.079907;-206.825356;-0.395390;0.402420;ORGANIZING
2026.07.24 01:58:00;EURUSDm;1.13834;0.468533;0.583658;9.743863;0.572262;1.000000;1.000000;0.770944;11.150414;194.077464;1.747452;0.080041;-207.748577;-0.393574;0.402857;ORGANIZING
2026.07.24 01:59:00;EURUSDm;1.13837;0.765118;0.595238;10.317702;0.553411;1.000000;1.000000;0.761089;11.146113;194.174459;1.806977;0.080253;-207.224571;-0.391778;0.403289;ORGANIZING
2026.07.24 02:00:00;EURUSDm;1.13841;0.759475;0.787402;10.887308;0.545110;1.000000;1.000000;0.751514;11.142058;194.271331;1.834492;0.080394;-206.716279;-0.390946;0.403490;ORGANIZING
2026.07.24 02:01:00;EURUSDm;1.13840;0.434636;0.196850;10.016323;0.507697;1.000000;0.998193;0.757488;11.152730;194.367935;1.969678;0.080529;-207.679744;-0.386883;0.404468;ORGANIZING
2026.07.24 02:02:00;EURUSDm;1.13830;0.294384;1.960784;9.215018;0.560352;1.000000;1.000000;0.759679;11.177378;194.465312;1.784594;0.080017;-208.684759;-0.392461;0.403125;ORGANIZING
2026.07.24 02:03:00;EURUSDm;1.13841;0.581609;2.075472;9.651224;0.616108;1.000000;1.000000;0.743505;11.203484;194.563508;1.623093;0.079598;-208.422370;-0.397327;0.401955;ORGANIZING
2026.07.24 02:04:00;EURUSDm;1.13837;0.373261;0.743494;8.879126;0.602477;1.000000;1.000000;0.744935;11.243115;194.661964;1.659815;0.079425;-209.361414;-0.396234;0.402217;ORGANIZING
2026.07.24 02:05:00;EURUSDm;1.13831;0.330860;1.115242;8.168796;0.608115;1.000000;1.000000;0.743205;11.293998;194.760985;1.644425;0.079081;-210.274710;-0.396713;0.402102;ORGANIZING
2026.07.24 02:06:00;EURUSDm;1.13835;0.342851;0.735294;7.515293;0.594474;1.000000;1.000000;0.738720;11.336059;194.860291;1.682159;0.078931;-211.089029;-0.395589;0.402373;ORGANIZING
2026.07.24 02:07:00;EURUSDm;1.13836;0.423805;0.185874;6.914069;0.554044;1.000000;0.997361;0.731845;11.370027;194.959531;1.804911;0.079014;-211.803250;-0.391902;0.403260;ORGANIZING
2026.07.24 02:08:00;EURUSDm;1.13832;0.286507;0.760456;6.360944;0.544365;1.000000;1.000000;0.722909;11.396574;195.058941;1.837004;0.078965;-212.481327;-0.390942;0.403491;ORGANIZING
2026.07.24 02:09:00;EURUSDm;1.13831;0.252516;0.193798;5.852068;0.506836;1.000000;0.997085;0.712207;11.416316;195.158172;1.973023;0.079143;-213.069986;-0.386852;0.404475;ORGANIZING
2026.07.24 02:10:00;EURUSDm;1.13829;0.358383;0.387597;5.383903;0.480874;1.000000;1.000000;0.700005;11.429821;195.257279;2.079545;0.079298;-213.613903;-0.383649;0.405247;ORGANIZING
2026.07.24 02:11:00;EURUSDm;1.13829;0.300083;0.001000;4.953190;0.436881;1.000000;0.989535;0.686540;11.437612;195.356024;2.288955;0.079611;-214.088019;-0.377351;0.406766;ORGANIZING
2026.07.24 02:12:00;EURUSDm;1.13834;0.348052;0.961538;4.556935;0.443114;1.000000;1.000000;0.672026;11.440168;195.454857;2.256758;0.079648;-214.565424;-0.378315;0.406533;ORGANIZING
2026.07.24 02:13:00;EURUSDm;1.13838;0.457184;0.775194;4.192380;0.439718;1.000000;1.000000;0.656653;11.437933;195.553633;2.274187;0.079781;-214.990141;-0.377785;0.406661;ORGANIZING
2026.07.24 02:14:00;EURUSDm;1.13843;0.459070;0.954198;3.856990;0.445442;1.000000;1.000000;0.640589;11.431311;195.652401;2.244963;0.079889;-215.384654;-0.378657;0.406451;ORGANIZING
2026.07.24 02:15:00;EURUSDm;1.13845;0.714080;0.398406;4.392550;0.423090;1.000000;1.000000;0.635338;11.425117;195.750883;2.363564;0.080105;-214.902333;-0.375088;0.407312;ORGANIZING
2026.07.24 02:16:00;EURUSDm;1.13834;0.711613;2.226721;4.926260;0.493271;1.000000;1.000000;0.630257;11.419295;195.850009;2.027282;0.079727;-214.516123;-0.385195;0.404874;ORGANIZING
2026.07.24 02:17:00;EURUSDm;1.13838;0.690383;0.826446;5.444047;0.489930;1.000000;1.000000;0.624633;11.413669;195.949045;2.041107;0.079820;-214.071533;-0.384776;0.404976;ORGANIZING
2026.07.24 02:18:00;EURUSDm;1.13838;0.660919;0.001000;5.939736;0.445484;1.000000;0.986897;0.618186;11.394642;196.047446;2.244751;0.080268;-213.578850;-0.378644;0.406454;ORGANIZING
2026.07.24 02:19:00;EURUSDm;1.13839;0.641291;0.222222;6.420704;0.414321;1.000000;0.981770;0.611325;11.376639;196.145355;2.413590;0.080630;-213.114900;-0.373561;0.407681;ORGANIZING
2026.07.24 02:20:00;EURUSDm;1.13852;0.567582;2.742616;6.846390;0.510735;1.000000;1.000000;0.602043;11.360165;196.244064;1.957961;0.080174;-212.832826;-0.387252;0.404379;ORGANIZING
2026.07.24 02:21:00;EURUSDm;1.13846;0.613917;1.265823;7.306828;0.528490;1.000000;1.000000;0.594963;11.330459;196.342654;1.892184;0.080296;-212.415160;-0.389220;0.403905;ORGANIZING
2026.07.24 02:22:00;EURUSDm;1.13834;0.608329;2.419355;7.763075;0.603033;1.000000;1.000000;0.588027;11.288326;196.441568;1.658284;0.080132;-212.034232;-0.396245;0.402215;ORGANIZING
2026.07.24 02:23:00;EURUSDm;1.13835;0.581781;0.211864;8.199411;0.563475;1.000000;0.992996;0.580442;11.246403;196.539666;1.774703;0.080708;-211.557420;-0.392723;0.403062;ORGANIZING
2026.07.24 02:24:00;EURUSDm;1.13835;0.566876;0.001000;8.624568;0.515351;1.000000;0.978592;0.572678;11.192716;196.636747;1.940426;0.081428;-211.058319;-0.387716;0.404267;ORGANIZING
2026.07.24 02:25:00;EURUSDm;1.13834;0.543236;0.217391;9.031995;0.480453;1.000000;0.971994;0.564416;11.145385;196.733005;2.081370;0.082033;-210.601064;-0.383457;0.405293;ORGANIZING
2026.07.24 02:26:00;EURUSDm;1.13835;0.543911;0.223214;9.439928;0.447591;1.000000;0.965541;0.556592;11.108904;196.828570;2.234183;0.082555;-210.167224;-0.378847;0.406405;ORGANIZING
2026.07.24 02:27:00;EURUSDm;1.13838;0.514250;0.663717;9.825616;0.438397;1.000000;0.974458;0.548046;11.082475;196.923779;2.281036;0.082857;-209.797604;-0.377426;0.406748;ORGANIZING
2026.07.24 02:28:00;EURUSDm;1.13834;0.519365;0.881057;10.215140;0.440530;1.000000;0.990370;0.540120;11.065605;197.018840;2.269992;0.083013;-209.455681;-0.377750;0.406670;ORGANIZING
2026.07.24 02:29:00;EURUSDm;1.13839;0.496580;1.126126;9.397928;0.454810;1.000000;1.000000;0.553975;11.045735;197.113846;2.198720;0.082956;-210.370148;-0.379891;0.406153;ORGANIZING
2026.07.24 02:30:00;EURUSDm;1.13858;0.207233;4.077253;8.646094;0.615932;1.000000;1.000000;0.563868;11.023129;197.210236;1.623555;0.081948;-211.354067;-0.397196;0.401986;ORGANIZING
2026.07.24 02:31:00;EURUSDm;1.13869;0.186388;2.330508;7.954407;0.681661;1.000000;1.000000;0.570259;10.998025;197.307033;1.467005;0.081633;-212.170855;-0.401908;0.400854;ORGANIZING
2026.07.24 02:32:00;EURUSDm;1.13869;0.205512;0.001000;7.318054;0.627628;1.000000;0.984994;0.573563;10.970646;197.403016;1.593301;0.082157;-212.801009;-0.398093;0.401771;ORGANIZING
2026.07.24 02:33:00;EURUSDm;1.13860;0.287186;1.859504;6.732610;0.669222;1.000000;1.000000;0.574157;10.941195;197.499120;1.494273;0.082071;-213.466438;-0.401068;0.401056;ORGANIZING
2026.07.24 02:34:00;EURUSDm;1.13861;0.344377;0.208333;6.194001;0.626177;1.000000;0.992387;0.572380;10.909859;197.594481;1.596992;0.082587;-213.991136;-0.397961;0.401802;ORGANIZING
2026.07.24 02:35:00;EURUSDm;1.13860;0.389582;0.210084;5.698481;0.585373;1.000000;0.985040;0.568537;10.868369;197.689018;1.708314;0.083179;-214.449723;-0.394592;0.402612;ORGANIZING
2026.07.24 02:36:00;EURUSDm;1.13858;0.262007;0.421941;5.242602;0.557201;1.000000;0.985230;0.562904;10.817191;197.782762;1.794684;0.083771;-214.857551;-0.391971;0.403243;ORGANIZING
2026.07.24 02:37:00;EURUSDm;1.13859;0.283732;0.212766;4.823194;0.519979;1.000000;0.977896;0.555729;10.769314;197.875655;1.923153;0.084424;-215.222526;-0.388084;0.404179;ORGANIZING
2026.07.24 02:38:00;EURUSDm;1.13852;0.408924;1.483051;4.437339;0.548133;1.000000;1.000000;0.547236;10.730491;197.968441;1.824375;0.084560;-215.634688;-0.391041;0.403467;ORGANIZING
2026.07.24 02:39:00;EURUSDm;1.13846;0.576728;1.265823;4.869885;0.564017;1.000000;1.000000;0.541501;10.692347;198.061005;1.772995;0.084761;-215.222833;-0.392572;0.403098;ORGANIZING
2026.07.24 02:40:00;EURUSDm;1.13850;0.552931;0.881057;5.284583;0.559869;1.000000;1.000000;0.535161;10.654503;198.153148;1.786131;0.085110;-214.807763;-0.392161;0.403197;ORGANIZING
2026.07.24 02:41:00;EURUSDm;1.13849;0.551163;0.223214;5.697955;0.523037;1.000000;0.991543;0.529072;10.617319;198.244552;1.911912;0.085694;-214.362415;-0.388358;0.404113;ORGANIZING
2026.07.24 02:42:00;EURUSDm;1.13845;0.477039;0.881057;5.242119;0.520938;1.000000;1.000000;0.525410;10.589442;198.335656;1.919616;0.085942;-214.844179;-0.388114;0.404171;ORGANIZING
2026.07.24 02:43:00;EURUSDm;1.13845;0.538122;0.001000;5.645710;0.474941;1.000000;0.983424;0.519319;10.562032;198.426026;2.105526;0.086533;-214.417958;-0.382508;0.405522;ORGANIZING
2026.07.24 02:44:00;EURUSDm;1.13842;0.540709;0.672646;6.051241;0.464826;1.000000;0.990723;0.513629;10.534955;198.516023;2.151343;0.086855;-214.026777;-0.381117;0.405858;ORGANIZING
2026.07.24 02:45:00;EURUSDm;1.13843;0.543404;0.241546;6.458795;0.433662;1.000000;0.982479;0.508326;10.508012;198.605440;2.305943;0.087336;-213.612983;-0.376455;0.406982;ORGANIZING
2026.07.24 02:46:00;EURUSDm;1.13839;0.552990;0.961538;6.873537;0.440056;1.000000;0.999538;0.503647;10.481136;198.694652;2.272439;0.087529;-213.230736;-0.377450;0.406742;ORGANIZING
2026.07.24 02:47:00;EURUSDm;1.13832;0.553966;1.643192;7.289012;0.480213;1.000000;1.000000;0.499238;10.454097;198.783995;2.082411;0.087462;-212.881865;-0.383155;0.405366;ORGANIZING
2026.07.24 02:48:00;EURUSDm;1.13822;0.440333;2.272727;6.705891;0.549838;1.000000;1.000000;0.503432;10.436919;198.873863;1.818716;0.087031;-213.598512;-0.391087;0.403456;ORGANIZING
2026.07.24 02:49:00;EURUSDm;1.13816;0.225567;1.345291;6.169419;0.569611;1.000000;1.000000;0.505084;10.417019;198.963729;1.755584;0.087019;-214.208127;-0.392982;0.403000;ORGANIZING
2026.07.24 02:50:00;EURUSDm;1.13824;0.164557;1.762115;5.675866;0.609236;1.000000;1.000000;0.504507;10.394636;199.053768;1.641399;0.086893;-214.785426;-0.396413;0.402174;ORGANIZING
2026.07.24 02:51:00;EURUSDm;1.13821;0.135364;0.655022;5.221797;0.591526;1.000000;1.000000;0.501986;10.369989;199.143383;1.690544;0.087233;-215.257061;-0.394922;0.402533;ORGANIZING
2026.07.24 02:52:00;EURUSDm;1.13816;0.131767;1.116071;4.804053;0.597753;1.000000;1.000000;0.497773;10.343279;199.232793;1.672932;0.087422;-215.708599;-0.395441;0.402408;ORGANIZING
2026.07.24 02:53:00;EURUSDm;1.13818;0.146934;0.465116;4.419729;0.571121;1.000000;0.998701;0.492101;10.314692;199.321651;1.750943;0.087890;-216.086629;-0.393077;0.402977;ORGANIZING
2026.07.24 02:54:00;EURUSDm;1.13815;0.144543;0.700935;4.066150;0.557612;1.000000;1.000000;0.485175;10.284397;199.410071;1.793363;0.088283;-216.440676;-0.391785;0.403288;ORGANIZING
2026.07.24 02:55:00;EURUSDm;1.13817;0.154920;0.476190;3.740858;0.533541;1.000000;0.998648;0.477181;10.252551;199.497932;1.874272;0.088784;-216.750078;-0.389333;0.403878;ORGANIZING
2026.07.24 02:56:00;EURUSDm;1.13819;0.167261;0.480769;3.441590;0.510902;1.000000;0.997223;0.468285;10.219298;199.585234;1.957322;0.089298;-217.029714;-0.386815;0.404484;ORGANIZING
2026.07.24 02:57:00;EURUSDm;1.13819;0.172021;0.001000;3.166262;0.465407;1.000000;0.978746;0.458637;10.184771;199.671736;2.148657;0.090019;-217.257697;-0.381039;0.405876;ORGANIZING
2026.07.24 02:58:00;EURUSDm;1.13815;0.186868;0.966184;2.912961;0.470446;1.000000;0.994358;0.448370;10.149091;199.757931;2.125644;0.090351;-217.510339;-0.381713;0.405714;ORGANIZING
2026.07.24 02:59:00;EURUSDm;1.13805;0.184640;2.314815;2.679925;0.542664;1.000000;1.000000;0.437604;10.120245;199.844561;1.842760;0.090086;-217.822998;-0.390213;0.403666;ORGANIZING
2026.07.24 03:00:00;EURUSDm;1.13812;0.203472;1.583710;2.465531;0.574717;1.000000;1.000000;0.426443;10.097835;199.931286;1.739988;0.090098;-218.089028;-0.393295;0.402924;ORGANIZING
2026.07.24 03:01:00;EURUSDm;1.13797;0.178793;3.177966;2.268288;0.684879;1.000000;1.000000;0.414983;10.081642;200.018951;1.460112;0.089433;-218.428793;-0.401725;0.400898;ORGANIZING
2026.07.24 03:02:00;EURUSDm;1.13799;0.194506;0.429185;2.086825;0.652094;1.000000;0.994546;0.403307;10.062787;200.106100;1.533521;0.089943;-218.603557;-0.399497;0.401433;ORGANIZING
2026.07.24 03:03:00;EURUSDm;1.13800;0.203303;0.217391;1.919879;0.610359;1.000000;0.981461;0.391489;10.049731;200.192701;1.638380;0.090485;-218.765622;-0.396324;0.402196;ORGANIZING
2026.07.24 03:04:00;EURUSDm;1.13801;0.219051;0.221239;1.766289;0.570903;1.000000;0.968556;0.379594;10.042332;200.278833;1.751611;0.090968;-218.927300;-0.392903;0.403019;ORGANIZING
2026.07.24 03:05:00;EURUSDm;1.13801;0.220451;0.001000;1.624986;0.522408;0.995160;0.947977;0.367680;10.040458;200.364559;1.904948;0.091044;-219.083097;-0.388299;0.404127;ORGANIZING
2026.07.24 03:06:00;EURUSDm;1.13803;0.246166;0.465116;1.494987;0.499640;0.985715;0.943946;0.355796;10.044042;200.450281;1.972850;0.090437;-219.268894;-0.386293;0.404610;ORGANIZING
2026.07.24 03:07:00;EURUSDm;1.13797;0.256297;1.382488;1.375388;0.524068;0.972036;0.971747;0.343986;10.052958;200.536611;1.854789;0.089006;-219.507142;-0.389906;0.403740;ORGANIZING
2026.07.24 03:08:00;EURUSDm;1.13799;0.346661;0.456621;1.265357;0.501255;0.954862;0.965758;0.332288;10.057098;200.623097;1.904942;0.087677;-219.682906;-0.388468;0.404086;ORGANIZING
2026.07.24 03:09:00;EURUSDm;1.13791;0.321556;1.769912;1.164128;0.545591;0.934380;1.000000;0.320735;10.056866;200.710434;1.712602;0.085541;-219.912718;-0.394345;0.402672;ORGANIZING
2026.07.24 03:10:00;EURUSDm;1.13778;0.225291;2.876106;1.070998;0.643429;0.910799;1.000000;0.309355;10.052630;200.799179;1.415539;0.082759;-220.184781;-0.403396;0.400497;ORGANIZING
2026.07.24 03:11:00;EURUSDm;1.13778;0.241150;0.001000;0.985318;0.593092;0.885221;0.975862;0.298171;10.044732;200.887853;1.492554;0.080946;-220.296210;-0.401176;0.401030;ORGANIZING
2026.07.24 03:12:00;EURUSDm;1.13780;0.271275;0.476190;0.906493;0.569542;0.857891;0.968810;0.287204;10.033484;200.976725;1.506282;0.078776;-220.423258;-0.400873;0.401103;ORGANIZING
2026.07.24 03:13:00;EURUSDm;1.13783;0.285466;0.707547;0.833973;0.559284;0.829081;0.969718;0.276470;10.019174;201.065928;1.482396;0.076378;-220.553444;-0.401709;0.400902;ORGANIZING
2026.07.24 03:14:00;EURUSDm;1.13782;0.294976;0.234742;0.767255;0.526476;0.799206;0.953670;0.265982;10.002067;201.155229;1.518031;0.074038;-220.651341;-0.400757;0.401130;ORGANIZING
2026.07.24 03:15:00;EURUSDm;1.13786;0.313691;0.925926;0.705875;0.530464;0.768361;0.962008;0.255752;9.982406;201.244991;1.448470;0.071352;-220.777535;-0.402978;0.400597;ORGANIZING
2026.07.24 03:16:00;EURUSDm;1.13787;0.307682;0.231481;0.649405;0.500148;0.736963;0.945391;0.245788;9.960416;201.334857;1.473490;0.068834;-220.861045;-0.402354;0.400747;ORGANIZING
2026.07.24 03:17:00;EURUSDm;1.13788;0.313665;0.233645;0.597453;0.472083;0.705218;0.929083;0.236096;9.936302;201.424837;1.493843;0.066252;-220.939045;-0.401872;0.400863;ORGANIZING
2026.07.24 03:18:00;EURUSDm;1.13785;0.326157;0.704225;0.549656;0.469586;0.673195;0.929476;0.226681;9.910254;201.515171;1.433592;0.063470;-221.035775;-0.403819;0.400395;ORGANIZING
2026.07.24 03:19:00;EURUSDm;1.13779;0.362213;1.401869;0.505684;0.502736;0.640892;0.953944;0.217546;9.882445;201.606205;1.274808;0.060446;-221.162346;-0.408733;0.399216;ORGANIZING
2026.07.24 03:20:00;EURUSDm;1.13779;0.298475;0.001000;0.465229;0.464832;0.608827;0.928205;0.208691;9.853036;201.697207;1.309780;0.057837;-221.211436;-0.407815;0.399436;ORGANIZING
2026.07.24 03:21:00;EURUSDm;1.13786;0.737089;1.832461;1.018046;0.521037;0.604702;0.967158;0.225897;9.816273;201.788486;1.160574;0.057246;-220.771116;-0.412320;0.398356;ORGANIZING
2026.07.24 03:22:00;EURUSDm;1.13785;0.615185;0.260417;1.479435;0.495912;0.620010;0.950328;0.237672;9.773265;201.878778;1.250244;0.059010;-220.297119;-0.409542;0.399022;ORGANIZING
2026.07.24 03:23:00;EURUSDm;1.13782;0.490987;0.806452;1.361080;0.499038;0.629097;0.953611;0.231706;9.729987;201.968486;1.260618;0.060139;-220.400734;-0.409175;0.399110;ORGANIZING
2026.07.24 03:24:00;EURUSDm;1.13776;0.365207;1.570681;1.252193;0.540039;0.633153;0.983318;0.225565;9.686478;202.058088;1.172422;0.060577;-220.536867;-0.411799;0.398481;ORGANIZING
2026.07.24 03:25:00;EURUSDm;1.13785;0.565401;2.261307;1.676244;0.613439;0.654559;1.000000;0.235489;9.638558;202.147517;1.067032;0.062413;-220.178248;-0.414868;0.397745;ORGANIZING
2026.07.24 03:26:00;EURUSDm;1.13788;0.593659;0.750000;2.121489;0.607176;0.691655;0.999492;0.245977;9.596630;202.235722;1.139134;0.066188;-219.714970;-0.412517;0.398309;ORGANIZING
2026.07.24 03:27:00;EURUSDm;1.13790;0.818178;0.497512;2.735122;0.587859;0.748178;0.990532;0.264360;9.562245;202.322259;1.272716;0.071840;-219.080028;-0.408226;0.399337;ORGANIZING
2026.07.24 03:28:00;EURUSDm;1.13786;0.679519;1.010101;3.244761;0.594008;0.817647;1.000000;0.276624;9.534227;202.407189;1.376491;0.078583;-218.560492;-0.404776;0.400165;ORGANIZING
2026.07.24 03:29:00;EURUSDm;1.13787;0.809502;0.259067;3.851888;0.560908;0.901298;0.983749;0.293149;9.513434;202.489906;1.606855;0.086935;-217.910795;-0.397448;0.401926;ORGANIZING
2026.07.24 03:30:00;EURUSDm;1.13802;0.358969;3.676471;3.543737;0.698660;0.970973;1.000000;0.293899;9.490594;202.572379;1.389764;0.092622;-218.325317;-0.403676;0.400429;ORGANIZING
2026.07.24 03:31:00;EURUSDm;1.13809;0.287985;1.666667;3.260238;0.727641;1.000000;1.000000;0.293379;9.465890;202.654315;1.374304;0.095357;-218.640257;-0.404003;0.400351;ORGANIZING
2026.07.24 03:32:00;EURUSDm;1.13804;0.351448;1.184834;2.999419;0.730501;1.000000;1.000000;0.291751;9.439490;202.736015;1.368924;0.095586;-218.929579;-0.404153;0.400315;ORGANIZING
2026.07.24 03:33:00;EURUSDm;1.13805;0.370853;0.235849;2.759465;0.685768;1.000000;0.983466;0.289161;9.411548;202.816988;1.458219;0.096279;-219.144708;-0.401439;0.400967;ORGANIZING
2026.07.24 03:34:00;EURUSDm;1.13812;0.296346;1.620370;2.538708;0.712498;1.000000;1.000000;0.285741;9.382204;202.897935;1.403512;0.096335;-219.407616;-0.403078;0.400573;ORGANIZING
2026.07.24 03:35:00;EURUSDm;1.13818;0.283765;1.357466;2.335611;0.724747;1.000000;1.000000;0.281609;9.351591;202.978698;1.379793;0.096544;-219.634233;-0.403779;0.400405;ORGANIZING
2026.07.24 03:36:00;EURUSDm;1.13814;0.326454;0.904977;2.148762;0.713758;1.000000;1.000000;0.276871;9.319826;203.059034;1.401035;0.096989;-219.817424;-0.403120;0.400563;ORGANIZING
2026.07.24 03:37:00;EURUSDm;1.13809;0.423406;1.141553;1.976861;0.715148;1.000000;1.000000;0.271622;9.287021;203.139056;1.398312;0.097335;-219.994630;-0.403184;0.400548;ORGANIZING
2026.07.24 03:38:00;EURUSDm;1.13813;0.321725;0.938967;1.818713;0.706339;1.000000;1.000000;0.265949;9.253277;203.218652;1.415751;0.097794;-220.144729;-0.402638;0.400679;ORGANIZING
2026.07.24 03:39:00;EURUSDm;1.13808;0.306044;1.179245;1.673216;0.709984;1.000000;1.000000;0.259926;9.218686;203.297939;1.408482;0.098149;-220.291931;-0.402838;0.400631;ORGANIZING
2026.07.24 03:40:00;EURUSDm;1.13813;0.270671;1.196172;1.539358;0.714294;0.995649;1.000000;0.253623;9.183334;203.377002;1.393893;0.098081;-220.430201;-0.403279;0.400525;ORGANIZING
2026.07.24 03:41:00;EURUSDm;1.13815;0.308535;0.480769;1.416210;0.682704;0.986769;0.990704;0.247099;9.141399;203.455508;1.445383;0.097979;-220.512228;-0.401740;0.400894;ORGANIZING
2026.07.24 03:42:00;EURUSDm;1.13819;0.273574;0.966184;1.302913;0.677143;0.973809;0.998494;0.240409;9.097457;203.533777;1.438114;0.097235;-220.609930;-0.401995;0.400833;ORGANIZING
2026.07.24 03:43:00;EURUSDm;1.13816;0.273257;0.721154;1.198680;0.659867;0.957337;0.997201;0.233600;9.053594;203.611765;1.450802;0.096243;-220.690003;-0.401664;0.400913;ORGANIZING
2026.07.24 03:44:00;EURUSDm;1.13817;0.242936;0.242718;1.102785;0.619863;0.937931;0.978970;0.226715;9.009820;203.689303;1.513126;0.095160;-220.741519;-0.399848;0.401349;ORGANIZING
2026.07.24 03:45:00;EURUSDm;1.13814;0.306916;0.724638;1.014563;0.606343;0.915909;0.978004;0.219790;8.971387;203.766763;1.510545;0.093484;-220.824990;-0.400009;0.401310;ORGANIZING
2026.07.24 03:46:00;EURUSDm;1.13813;0.347061;0.242718;0.933398;0.569844;0.891775;0.959962;0.212859;8.938411;203.844010;1.564946;0.091736;-220.891221;-0.398465;0.401681;ORGANIZING
2026.07.24 03:47:00;EURUSDm;1.13809;0.436985;0.952381;0.858726;0.571135;0.865719;0.967146;0.205950;8.912483;203.921531;1.515786;0.089345;-221.005088;-0.400059;0.401298;ORGANIZING
2026.07.24 03:48:00;EURUSDm;1.13804;0.461018;1.184834;0.790028;0.584506;0.838017;0.981974;0.199087;8.892468;203.999541;1.433718;0.086607;-221.139113;-0.402658;0.400674;ORGANIZING
2026.07.24 03:49:00;EURUSDm;1.13805;0.455416;0.247525;0.726826;0.550896;0.809197;0.963236;0.192293;8.879256;204.077658;1.468873;0.084095;-221.235631;-0.401729;0.400897;ORGANIZING
2026.07.24 03:50:00;EURUSDm;1.13813;0.691351;1.970443;1.245339;0.605690;0.805276;1.000000;0.208604;8.857844;204.156188;1.329519;0.083257;-220.844159;-0.405952;0.399883;ORGANIZING
2026.07.24 03:51:00;EURUSDm;1.13812;0.721279;0.264550;1.786298;0.572527;0.823171;0.981560;0.225222;8.828294;204.233733;1.437785;0.085515;-220.303823;-0.402591;0.400690;ORGANIZING
2026.07.24 03:52:00;EURUSDm;1.13813;0.696014;0.265957;2.308308;0.540735;0.859172;0.964397;0.240061;8.791064;204.309868;1.588895;0.089760;-219.745373;-0.397845;0.401830;ORGANIZING
2026.07.24 03:53:00;EURUSDm;1.13820;0.472190;1.804124;2.123643;0.586721;0.885943;1.000000;0.237291;8.753467;204.385551;1.509989;0.092503;-219.944202;-0.400075;0.401294;ORGANIZING
2026.07.24 03:54:00;EURUSDm;1.13815;0.661529;1.262626;2.619790;0.602798;0.929031;1.000000;0.250234;8.710510;204.460103;1.541198;0.097143;-219.435569;-0.398907;0.401575;ORGANIZING
2026.07.24 03:55:00;EURUSDm;1.13809;0.667869;1.470588;3.120692;0.627607;0.985856;1.000000;0.262767;8.674809;204.533410;1.570818;0.103067;-218.929621;-0.397722;0.401860;ORGANIZING
2026.07.24 03:56:00;EURUSDm;1.13805;0.689223;0.970874;3.637609;0.625053;1.000000;1.000000;0.275475;8.646323;204.606124;1.599865;0.104747;-218.437164;-0.396767;0.402089;ORGANIZING
2026.07.24 03:57:00;EURUSDm;1.13808;0.687626;0.738916;4.153328;0.610746;1.000000;1.000000;0.287487;8.624856;204.678480;1.637342;0.105008;-217.960584;-0.395629;0.402363;ORGANIZING
2026.07.24 03:58:00;EURUSDm;1.13818;0.690102;2.369668;4.670905;0.678692;1.000000;1.000000;0.298992;8.610254;204.751369;1.473422;0.104298;-217.577647;-0.400582;0.401172;ORGANIZING
2026.07.24 03:59:00;EURUSDm;1.13818;0.714412;0.001000;5.206714;0.624808;1.000000;0.975500;0.310832;8.602537;204.823643;1.600493;0.104842;-217.068476;-0.396743;0.402095;ORGANIZING
2026.07.24 04:00:00;EURUSDm;1.13822;0.721183;1.030928;5.747601;0.625114;1.000000;0.988319;0.322335;8.601607;204.895910;1.599709;0.104722;-216.621307;-0.396773;0.402088;ORGANIZING
2026.07.24 04:01:00;EURUSDm;1.13824;0.726930;0.510204;6.292798;0.599368;1.000000;0.982867;0.333478;8.607365;204.967977;1.668424;0.104819;-216.156234;-0.394706;0.402585;ORGANIZING
2026.07.24 04:02:00;EURUSDm;1.13822;0.734937;0.510204;6.844001;0.574910;1.000000;0.977995;0.344364;8.619739;205.039924;1.739403;0.104833;-215.699040;-0.392576;0.403097;ORGANIZING
2026.07.24 04:03:00;EURUSDm;1.13820;0.730177;0.512821;7.391634;0.551805;1.000000;0.973767;0.354528;8.638570;205.111828;1.812233;0.104768;-215.258195;-0.390395;0.403622;ORGANIZING
2026.07.24 04:04:00;EURUSDm;1.13827;0.741954;1.741294;7.948100;0.591280;1.000000;1.000000;0.364625;8.663830;205.184379;1.691247;0.103953;-214.884469;-0.394065;0.402739;ORGANIZING
2026.07.24 04:05:00;EURUSDm;1.13825;0.698298;0.502513;8.471823;0.566841;1.000000;0.995350;0.372580;8.695084;205.256998;1.764162;0.103794;-214.487343;-0.391885;0.403263;ORGANIZING
2026.07.24 04:06:00;EURUSDm;1.13821;0.766394;0.990099;9.046618;0.568004;1.000000;1.000000;0.382690;8.732740;205.330005;1.760550;0.103269;-214.082253;-0.392020;0.403231;ORGANIZING
2026.07.24 04:07:00;EURUSDm;1.13824;0.537502;0.735294;9.449745;0.556369;1.000000;1.000000;0.383712;8.774987;205.403319;1.797369;0.102933;-213.827342;-0.390932;0.403493;ORGANIZING
2026.07.24 04:08:00;EURUSDm;1.13824;0.386881;0.001000;8.693765;0.508600;1.000000;0.978465;0.402326;8.810149;205.476506;1.966180;0.102869;-214.716292;-0.385871;0.404712;ORGANIZING
2026.07.24 04:09:00;EURUSDm;1.13829;0.332898;1.250000;7.998264;0.525670;1.000000;1.000000;0.416984;8.838813;205.550151;1.902333;0.102234;-215.589153;-0.387818;0.404243;ORGANIZING
2026.07.24 04:10:00;EURUSDm;1.13828;0.521204;0.248756;8.389167;0.491825;1.000000;0.988301;0.415680;8.866057;205.623730;2.033245;0.102317;-215.289863;-0.383887;0.405190;ORGANIZING
2026.07.24 04:11:00;EURUSDm;1.13819;0.778272;2.216749;8.972871;0.558071;1.000000;1.000000;0.424082;8.893593;205.698247;1.791887;0.101258;-214.918795;-0.391180;0.403433;ORGANIZING
2026.07.24 04:12:00;EURUSDm;1.13825;0.667962;1.442308;9.473842;0.582283;1.000000;1.000000;0.427926;8.920780;205.773277;1.717379;0.100695;-214.579130;-0.393444;0.402889;ORGANIZING
2026.07.24 04:13:00;EURUSDm;1.13829;0.771608;0.956938;10.052549;0.581015;1.000000;1.000000;0.435465;8.955465;205.848642;1.721125;0.100281;-214.158970;-0.393352;0.402911;ORGANIZING
2026.07.24 04:14:00;EURUSDm;1.13830;0.534550;0.245098;10.453461;0.544220;1.000000;0.988820;0.433737;8.989025;205.923975;1.837494;0.100331;-213.860257;-0.389859;0.403751;ORGANIZING
2026.07.24 04:15:00;EURUSDm;1.13829;0.383195;0.255102;9.617184;0.509764;1.000000;0.978320;0.453864;9.009044;205.999163;1.961693;0.100274;-214.817560;-0.386136;0.404648;ORGANIZING
2026.07.24 04:16:00;EURUSDm;1.13834;0.271089;1.262626;8.847809;0.527407;1.000000;1.000000;0.469640;9.016101;206.074598;1.896069;0.099869;-215.725678;-0.388124;0.404169;ORGANIZING
2026.07.24 04:17:00;EURUSDm;1.13832;0.312276;0.505051;8.139984;0.506289;1.000000;0.999114;0.481549;9.010887;206.149770;1.975156;0.100013;-216.500947;-0.385745;0.404742;ORGANIZING
2026.07.24 04:18:00;EURUSDm;1.13820;0.756830;2.912621;8.707607;0.606606;1.000000;1.000000;0.485853;9.006200;206.225898;1.648517;0.099023;-216.109002;-0.395593;0.402372;ORGANIZING
2026.07.24 04:19:00;EURUSDm;1.13827;0.744785;1.650943;9.266195;0.638823;1.000000;1.000000;0.489490;9.001764;206.302303;1.565380;0.098716;-215.657437;-0.398103;0.401768;ORGANIZING
2026.07.24 04:20:00;EURUSDm;1.13826;0.729363;0.252525;9.813217;0.599508;1.000000;0.990971;0.492366;8.997411;206.378273;1.668035;0.099115;-215.144117;-0.395003;0.402513;ORGANIZING
2026.07.24 04:21:00;EURUSDm;1.13824;0.708334;0.518135;10.344468;0.575439;1.000000;0.991654;0.494310;8.992941;206.453956;1.737804;0.099377;-214.659430;-0.392897;0.403020;ORGANIZING
2026.07.24 04:22:00;EURUSDm;1.13819;0.700999;1.295337;10.870217;0.591434;1.000000;1.000000;0.495882;8.988238;206.529753;1.690806;0.099250;-214.219211;-0.394313;0.402679;ORGANIZING
2026.07.24 04:23:00;EURUSDm;1.13819;0.692665;0.001000;11.389716;0.541912;1.000000;0.982391;0.497063;8.983278;206.605005;1.845317;0.099778;-213.717883;-0.389652;0.403801;ORGANIZING
2026.07.24 04:24:00;EURUSDm;1.13808;0.366181;2.806122;10.478538;0.635123;1.000000;1.000000;0.517769;8.963666;206.680993;1.574499;0.098848;-214.800446;-0.397823;0.401836;ORGANIZING
2026.07.24 04:25:00;EURUSDm;1.13805;0.342265;0.777202;9.640255;0.622227;1.000000;1.000000;0.533795;8.930532;206.756521;1.607131;0.099142;-215.667144;-0.396829;0.402074;ORGANIZING
2026.07.24 04:26:00;EURUSDm;1.13805;0.434895;0.001000;8.869035;0.571165;1.000000;0.983718;0.545666;8.887655;206.831109;1.750806;0.099955;-216.399881;-0.392478;0.403121;ORGANIZING
2026.07.24 04:27:00;EURUSDm;1.13806;0.400235;0.270270;8.159512;0.536121;1.000000;0.977845;0.553859;8.856119;206.905031;1.865252;0.100542;-217.101595;-0.389015;0.403954;ORGANIZING
2026.07.24 04:28:00;EURUSDm;1.13804;0.366638;0.546448;7.506751;0.516637;1.000000;0.982132;0.558804;8.823708;206.978435;1.935595;0.101019;-217.753345;-0.386881;0.404468;ORGANIZING
2026.07.24 04:29:00;EURUSDm;1.13804;0.292050;0.001000;6.906211;0.470855;1.000000;0.967350;0.560891;8.790510;207.051048;2.123795;0.101810;-218.318495;-0.381196;0.405839;ORGANIZING
2026.07.24 04:30:00;EURUSDm;1.13808;0.375062;1.129944;6.353714;0.483810;1.000000;0.992672;0.560471;8.766912;207.123555;2.066929;0.101924;-218.908418;-0.382896;0.405429;ORGANIZING
2026.07.24 04:31:00;EURUSDm;1.13805;0.539220;0.842697;6.758129;0.481754;1.000000;1.000000;0.552668;8.745225;207.195825;2.075749;0.102253;-218.515237;-0.382615;0.405496;ORGANIZING
2026.07.24 04:32:00;EURUSDm;1.13799;0.288653;1.666667;6.217478;0.521000;1.000000;1.000000;0.552067;8.734063;207.268376;1.919387;0.101967;-219.144157;-0.387320;0.404363;ORGANIZING
2026.07.24 04:33:00;EURUSDm;1.13800;0.258438;0.280899;5.720080;0.488995;1.000000;0.994154;0.549334;8.733717;207.340603;2.045013;0.102333;-219.675619;-0.383533;0.405275;ORGANIZING
2026.07.24 04:34:00;EURUSDm;1.13801;0.248986;0.280899;5.262474;0.458590;1.000000;0.988417;0.544747;8.741958;207.412608;2.180598;0.102614;-220.182136;-0.379451;0.406259;ORGANIZING
2026.07.24 04:35:00;EURUSDm;1.13802;0.267122;0.284091;4.841476;0.429865;1.000000;0.982831;0.538560;8.746006;207.484367;2.326313;0.102940;-220.641887;-0.375064;0.407318;ORGANIZING
2026.07.24 04:36:00;EURUSDm;1.13800;0.217002;0.564972;4.454158;0.416620;1.000000;0.987056;0.530998;8.746212;207.555995;2.400268;0.103158;-221.072878;-0.372834;0.407856;ORGANIZING
2026.07.24 04:37:00;EURUSDm;1.13799;0.223151;0.287356;4.097825;0.390157;1.000000;0.981151;0.522265;8.742903;207.627326;2.563071;0.103570;-221.449993;-0.367929;0.409041;ORGANIZING
2026.07.24 04:38:00;EURUSDm;1.13797;0.285969;0.584795;3.769999;0.379889;1.000000;0.985558;0.512543;8.748564;207.698611;2.632349;0.103724;-221.830714;-0.365843;0.409546;ORGANIZING
2026.07.24 04:39:00;EURUSDm;1.13801;0.260484;1.149425;3.468399;0.398366;1.000000;1.000000;0.501996;8.762799;207.770222;2.510256;0.103486;-222.229779;-0.369518;0.408657;ORGANIZING
2026.07.24 04:40:00;EURUSDm;1.13797;0.236198;1.176471;3.190927;0.417271;1.000000;1.000000;0.490769;8.785208;207.842247;2.396524;0.103165;-222.620546;-0.372946;0.407829;ORGANIZING
2026.07.24 04:41:00;EURUSDm;1.13780;0.186683;4.569892;2.935653;0.604902;1.000000;1.000000;0.478995;8.815370;207.916450;1.653160;0.101018;-223.174429;-0.395354;0.402429;ORGANIZING
2026.07.24 04:42:00;EURUSDm;1.13780;0.205312;0.001000;2.700801;0.554707;1.000000;0.981800;0.466787;8.852988;207.990527;1.802754;0.101271;-223.483983;-0.390854;0.403512;ORGANIZING
2026.07.24 04:43:00;EURUSDm;1.13780;0.209864;0.001000;2.484737;0.507022;1.000000;0.963809;0.454251;8.897773;208.064575;1.972303;0.101430;-223.790907;-0.385759;0.404739;ORGANIZING
2026.07.24 04:44:00;EURUSDm;1.13776;0.245589;1.129944;2.285958;0.518168;1.000000;0.985523;0.441478;8.935210;208.139108;1.929877;0.101063;-224.124693;-0.387051;0.404428;ORGANIZING
2026.07.24 04:45:00;EURUSDm;1.13780;0.314282;1.142857;2.103081;0.529402;1.000000;1.000000;0.428548;8.965905;208.214062;1.888923;0.100767;-224.429288;-0.388294;0.404128;ORGANIZING
2026.07.24 04:46:00;EURUSDm;1.13775;0.261184;1.420455;1.934835;0.553955;1.000000;1.000000;0.415533;8.990418;208.289505;1.805202;0.100403;-224.720526;-0.390824;0.403519;ORGANIZING
2026.07.24 04:47:00;EURUSDm;1.13773;0.233522;0.571429;1.780048;0.534828;0.999661;0.999544;0.402495;9.009260;208.364953;1.869124;0.100503;-224.943584;-0.388901;0.403982;ORGANIZING
2026.07.24 04:48:00;EURUSDm;1.13771;0.240839;0.598802;1.637644;0.518034;0.994096;0.999605;0.389491;9.022905;208.440480;1.918979;0.100106;-225.151566;-0.387425;0.404337;ORGANIZING
2026.07.24 04:49:00;EURUSDm;1.13769;0.238344;0.591716;1.506633;0.501836;0.983923;0.998961;0.376567;9.031786;208.516138;1.960647;0.099284;-225.344124;-0.386216;0.404628;ORGANIZING
2026.07.24 04:50:00;EURUSDm;1.13765;0.209715;1.183432;1.386102;0.516237;0.969585;1.000000;0.363765;9.036303;208.592272;1.878176;0.097777;-225.552959;-0.388766;0.404014;ORGANIZING
2026.07.24 04:51:00;EURUSDm;1.13766;0.224520;0.297619;1.275214;0.485915;0.951810;0.988148;0.351121;9.045951;208.668554;1.958800;0.096308;-225.721590;-0.386421;0.404579;ORGANIZING
2026.07.24 04:52:00;EURUSDm;1.13770;0.276906;1.176471;1.173197;0.501406;0.930881;1.000000;0.338666;9.051164;208.745462;1.856540;0.094112;-225.922451;-0.389598;0.403814;ORGANIZING
2026.07.24 04:53:00;EURUSDm;1.13769;0.268616;0.295858;1.079341;0.472511;0.907451;0.987208;0.326425;9.052316;208.822562;1.920484;0.092115;-226.065764;-0.387780;0.404252;ORGANIZING
2026.07.24 04:54:00;EURUSDm;1.13771;0.288231;0.609756;0.992994;0.461225;0.881845;0.985422;0.314421;9.049749;208.900034;1.911965;0.089752;-226.214761;-0.388153;0.404162;ORGANIZING
2026.07.24 04:55:00;EURUSDm;1.13776;0.329660;1.497006;0.913554;0.495377;0.854227;1.000000;0.302672;9.043779;208.978342;1.724398;0.086796;-226.398841;-0.393928;0.402772;ORGANIZING
2026.07.24 04:56:00;EURUSDm;1.13774;0.333721;0.606061;0.840470;0.483826;0.825155;0.996806;0.291193;9.034697;209.057024;1.705477;0.084116;-226.527006;-0.394630;0.402603;ORGANIZING
2026.07.24 04:57:00;EURUSDm;1.13781;0.503108;2.071006;1.217801;0.546682;0.814981;1.000000;0.295500;9.018324;209.136374;1.490776;0.082651;-226.277923;-0.401144;0.401037;ORGANIZING
2026.07.24 04:58:00;EURUSDm;1.13783;0.668828;0.584795;1.719422;0.532288;0.826265;0.995810;0.305806;8.993738;209.215109;1.552289;0.084040;-225.800798;-0.399229;0.401498;ORGANIZING
2026.07.24 04:59:00;EURUSDm;1.13787;0.687387;1.176471;2.234963;0.547972;0.856325;1.000000;0.316293;8.961104;209.293073;1.562716;0.087154;-225.304551;-0.398761;0.401610;ORGANIZING
2026.07.24 05:00:00;EURUSDm;1.13784;0.771402;0.872093;2.813514;0.547052;0.904786;1.000000;0.329406;8.920073;209.369649;1.653931;0.092358;-224.697357;-0.395764;0.402330;ORGANIZING
2026.07.24 05:01:00;EURUSDm;1.13782;0.891742;0.606061;3.482321;0.531906;0.971659;0.997741;0.346376;8.880939;209.444344;1.826749;0.099563;-223.976900;-0.390219;0.403664;ORGANIZING
2026.07.24 05:02:00;EURUSDm;1.13787;0.882690;1.524390;4.144338;0.562097;1.000000;1.000000;0.362158;8.850970;209.518475;1.779051;0.102299;-223.362489;-0.391513;0.403353;ORGANIZING
2026.07.24 05:03:00;EURUSDm;1.13791;0.853303;1.219512;4.784315;0.574968;1.000000;1.000000;0.376049;8.829711;209.592522;1.739227;0.102242;-222.794693;-0.392711;0.403065;ORGANIZING
2026.07.24 05:04:00;EURUSDm;1.13791;0.665570;0.001000;5.283493;0.526270;1.000000;0.978197;0.382205;8.815537;209.665940;1.900166;0.102838;-222.304202;-0.387853;0.404234;ORGANIZING
2026.07.24 05:05:00;EURUSDm;1.13794;0.698107;0.909091;5.807073;0.525411;1.000000;0.989155;0.389274;8.808500;209.739279;1.903273;0.102847;-221.853164;-0.387759;0.404257;ORGANIZING
2026.07.24 05:06:00;EURUSDm;1.13794;0.537694;0.001000;6.210344;0.479190;1.000000;0.968194;0.389974;8.807212;209.812143;2.086854;0.103344;-221.475361;-0.382227;0.405590;ORGANIZING
2026.07.24 05:07:00;EURUSDm;1.13799;0.423531;1.533742;5.713516;0.511918;1.000000;1.000000;0.395316;8.802511;209.885287;1.953438;0.102989;-222.079343;-0.386247;0.404621;ORGANIZING
2026.07.24 05:08:00;EURUSDm;1.13799;0.376250;0.001000;5.256435;0.466372;1.000000;0.978871;0.398405;8.794686;209.957898;2.144211;0.103525;-222.554016;-0.380497;0.406007;ORGANIZING
2026.07.24 05:09:00;EURUSDm;1.13802;0.322727;1.020408;4.835920;0.474074;1.000000;0.994269;0.399510;8.784006;210.030478;2.109376;0.103546;-223.035664;-0.381541;0.405755;ORGANIZING
2026.07.24 05:10:00;EURUSDm;1.13804;0.285680;0.675676;4.449046;0.464154;1.000000;0.997101;0.398878;8.770715;210.102827;2.154458;0.103802;-223.457121;-0.380176;0.406084;ORGANIZING
2026.07.24 05:11:00;EURUSDm;1.13805;0.293123;0.340136;4.093123;0.437953;1.000000;0.988068;0.396731;8.755040;210.174757;2.283350;0.104278;-223.823130;-0.376286;0.407023;ORGANIZING
2026.07.24 05:12:00;EURUSDm;1.13798;0.411302;2.348993;3.765673;0.513505;1.000000;1.000000;0.393267;8.737190;210.247264;1.947401;0.103692;-224.256009;-0.386393;0.404586;ORGANIZING
2026.07.24 05:13:00;EURUSDm;1.13798;0.393852;0.001000;3.464419;0.467880;1.000000;0.978799;0.388666;8.717355;210.319116;2.137301;0.104451;-224.534619;-0.380658;0.405968;ORGANIZING
2026.07.24 05:14:00;EURUSDm;1.13801;0.374547;1.063830;3.187266;0.477677;1.000000;0.995379;0.383090;8.695711;210.390850;2.093464;0.104641;-224.838864;-0.381964;0.405653;ORGANIZING
2026.07.24 05:15:00;EURUSDm;1.13800;0.474611;0.359712;2.932284;0.451779;1.000000;0.986539;0.376685;8.672420;210.462092;2.213472;0.105253;-225.079796;-0.378333;0.406529;ORGANIZING
2026.07.24 05:16:00;EURUSDm;1.13804;0.377221;1.398601;2.697702;0.479120;1.000000;1.000000;0.369580;8.647630;210.533360;2.087159;0.105304;-225.349197;-0.382120;0.405616;ORGANIZING
2026.07.24 05:17:00;EURUSDm;1.13806;0.435677;0.694444;2.481885;0.469886;1.000000;1.000000;0.361892;8.617032;210.604229;2.128174;0.105833;-225.550078;-0.380863;0.405919;ORGANIZING
2026.07.24 05:18:00;EURUSDm;1.13810;0.403798;1.369863;2.283335;0.494885;1.000000;1.000000;0.353725;8.579586;210.674974;2.020671;0.106065;-225.753146;-0.384077;0.405144;ORGANIZING
2026.07.24 05:19:00;EURUSDm;1.13811;0.440529;0.340136;2.100668;0.467148;1.000000;0.989285;0.345172;8.538031;210.745025;2.140650;0.106948;-225.877912;-0.380433;0.406022;ORGANIZING
2026.07.24 05:20:00;EURUSDm;1.13814;0.333814;1.027397;1.932614;0.475160;1.000000;1.000000;0.336316;8.504150;210.814819;2.104553;0.107347;-226.038296;-0.381496;0.405766;ORGANIZING
2026.07.24 05:21:00;EURUSDm;1.13817;0.297065;1.027397;1.778005;0.482772;1.000000;1.000000;0.327230;8.478673;210.884433;2.071371;0.107658;-226.201006;-0.382476;0.405530;ORGANIZING
2026.07.24 05:22:00;EURUSDm;1.13813;0.413466;1.388889;1.635765;0.508078;0.997382;1.000000;0.317981;8.461365;210.954180;1.963049;0.107391;-226.387803;-0.385739;0.404743;ORGANIZING
2026.07.24 05:23:00;EURUSDm;1.13815;0.431292;0.689655;1.504904;0.497209;0.989899;1.000000;0.308625;8.451852;211.023872;1.990911;0.106927;-226.547233;-0.384926;0.404939;ORGANIZING
2026.07.24 05:24:00;EURUSDm;1.13814;0.456616;0.344828;1.384511;0.469792;0.978207;0.987871;0.299213;8.448583;211.093492;2.082212;0.106124;-226.696159;-0.382227;0.405590;ORGANIZING
2026.07.24 05:25:00;EURUSDm;1.13818;0.431293;1.351351;1.273750;0.494306;0.962618;1.000000;0.289791;8.451673;211.163699;1.947413;0.104227;-226.904565;-0.386366;0.404592;ORGANIZING
2026.07.24 05:26:00;EURUSDm;1.13816;0.454519;0.675676;1.171850;0.484122;0.943787;0.998791;0.280396;8.459800;211.234263;1.949482;0.102315;-227.083139;-0.386400;0.404584;ORGANIZING
2026.07.24 05:27:00;EURUSDm;1.13813;0.689872;1.000000;1.689255;0.491040;0.948108;1.000000;0.292247;8.457743;211.304789;1.930815;0.102598;-226.658446;-0.386946;0.404453;ORGANIZING
2026.07.24 05:28:00;EURUSDm;1.13812;0.736463;0.335570;2.241602;0.464305;0.973046;0.986974;0.305252;8.445603;211.374427;2.095706;0.105592;-226.125793;-0.381849;0.405681;ORGANIZING
2026.07.24 05:29:00;EURUSDm;1.13812;0.861210;0.001000;2.887510;0.421678;1.000000;0.963148;0.322284;8.422859;211.442872;2.371476;0.109089;-225.467328;-0.373401;0.407719;ORGANIZING
2026.07.24 05:30:00;EURUSDm;1.13815;0.798572;1.041667;3.486438;0.432678;1.000000;0.977176;0.336117;8.390371;211.511103;2.311189;0.109180;-224.910317;-0.375205;0.407284;ORGANIZING
2026.07.24 05:31:00;EURUSDm;1.13830;0.353886;5.281690;3.207523;0.655128;1.000000;1.000000;0.333257;8.357275;211.581227;1.526418;0.107002;-225.409895;-0.398857;0.401587;ORGANIZING
2026.07.24 05:32:00;EURUSDm;1.13816;0.523932;4.487179;3.600472;0.826731;1.000000;1.000000;0.336241;8.317141;211.652665;1.209583;0.105484;-225.185688;-0.408438;0.399287;ORGANIZING
2026.07.24 05:33:00;EURUSDm;1.13817;0.490247;0.318471;3.312435;0.781318;1.000000;0.987915;0.333831;8.277075;211.723249;1.279889;0.106471;-225.413944;-0.406280;0.399804;ORGANIZING
2026.07.24 05:34:00;EURUSDm;1.13818;0.572685;0.324675;3.741948;0.738486;1.000000;0.976386;0.338615;8.241236;211.793047;1.354122;0.107315;-224.949287;-0.404011;0.400349;ORGANIZING
2026.07.24 05:35:00;EURUSDm;1.13818;0.531157;0.001000;4.140316;0.681612;1.000000;0.954099;0.341603;8.212110;211.861984;1.467111;0.108280;-224.510706;-0.400573;0.401175;ORGANIZING
2026.07.24 05:36:00;EURUSDm;1.13811;0.885534;2.302632;4.804467;0.742663;1.000000;1.000000;0.357730;8.192117;211.931332;1.346507;0.107614;-223.969223;-0.404224;0.400298;ORGANIZING
2026.07.24 05:37:00;EURUSDm;1.13812;0.896035;0.331126;5.476493;0.702086;1.000000;0.989110;0.373445;8.181103;212.000163;1.424327;0.108031;-223.334852;-0.401869;0.400863;ORGANIZING
2026.07.24 05:38:00;EURUSDm;1.13817;0.886554;1.623377;6.141409;0.728150;1.000000;1.000000;0.388018;8.178778;212.069233;1.373343;0.107585;-222.789568;-0.403420;0.400491;ORGANIZING
2026.07.24 05:39:00;EURUSDm;1.13812;0.890532;1.592357;6.809307;0.751361;1.000000;1.000000;0.402013;8.184971;212.138596;1.330919;0.107085;-222.254616;-0.404718;0.400179;ORGANIZING
2026.07.24 05:40:00;EURUSDm;1.13811;0.884074;0.324675;7.472362;0.710026;1.000000;0.990434;0.415065;8.199443;212.207691;1.408398;0.107244;-221.674371;-0.402386;0.400739;ORGANIZING
2026.07.24 05:41:00;EURUSDm;1.13818;0.873629;2.187500;8.127585;0.763900;1.000000;1.000000;0.427073;8.221942;212.277549;1.309072;0.106237;-221.211894;-0.405416;0.400012;ORGANIZING
2026.07.24 05:42:00;EURUSDm;1.13809;0.860180;2.727273;8.772720;0.842069;1.000000;1.000000;0.437976;8.252202;212.348492;1.187552;0.104907;-220.798196;-0.409128;0.399121;ORGANIZING
2026.07.24 05:43:00;EURUSDm;1.13810;0.863087;0.303030;9.420035;0.795117;1.000000;0.990935;0.448443;8.290092;212.419344;1.257677;0.104892;-220.271495;-0.407025;0.399626;ORGANIZING
2026.07.24 05:44:00;EURUSDm;1.13803;0.819279;2.058824;10.034494;0.838302;1.000000;1.000000;0.456743;8.335141;212.491078;1.192887;0.103840;-219.878656;-0.409021;0.399147;ORGANIZING
2026.07.24 05:45:00;EURUSDm;1.13799;0.515854;1.183432;10.421385;0.835559;1.000000;1.000000;0.453251;8.384942;212.563283;1.196804;0.103373;-219.653843;-0.408927;0.399169;ORGANIZING
2026.07.24 05:46:00;EURUSDm;1.13799;0.585724;0.001000;10.860678;0.773831;1.000000;0.980899;0.452553;8.439906;212.635421;1.292272;0.103452;-219.333491;-0.406059;0.399857;ORGANIZING
2026.07.24 05:47:00;EURUSDm;1.13803;0.874712;1.219512;11.516712;0.776115;1.000000;1.000000;0.462727;8.495981;212.708142;1.288469;0.102724;-218.884960;-0.406210;0.399821;ORGANIZING
2026.07.24 05:48:00;EURUSDm;1.13809;0.883830;1.785714;12.179584;0.806595;1.000000;1.000000;0.472734;8.552881;212.781736;1.239780;0.101707;-218.459977;-0.407721;0.399459;ORGANIZING
2026.07.24 05:49:00;EURUSDm;1.13804;0.885808;1.479290;12.843940;0.820229;1.000000;1.000000;0.482315;8.609680;212.856036;1.219171;0.100886;-218.016317;-0.408381;0.399300;ORGANIZING
2026.07.24 05:50:00;EURUSDm;1.13799;0.601289;1.461988;13.294907;0.832317;1.000000;1.000000;0.480748;8.664717;212.931006;1.201465;0.100223;-217.759346;-0.408945;0.399165;ORGANIZING
2026.07.24 05:51:00;EURUSDm;1.13787;0.249101;3.314917;12.231314;0.936447;1.000000;1.000000;0.509890;8.711631;213.007487;1.067866;0.098445;-219.155662;-0.413042;0.398183;ORGANIZING
2026.07.24 05:52:00;EURUSDm;1.13781;0.298549;1.648352;11.252809;0.952043;1.000000;1.000000;0.533321;8.744596;213.084453;1.050373;0.097752;-220.339521;-0.413601;0.398049;ORGANIZING
2026.07.24 05:53:00;EURUSDm;1.13780;0.292556;0.279330;10.352584;0.898407;1.000000;0.993443;0.551666;8.771275;213.161150;1.113081;0.097834;-221.352854;-0.411716;0.398501;ORGANIZING
2026.07.24 05:54:00;EURUSDm;1.13779;0.285089;0.277778;9.524377;0.847375;1.000000;0.987703;0.565493;8.785243;213.237476;1.180114;0.098057;-222.261946;-0.409694;0.398986;ORGANIZING
2026.07.24 05:55:00;EURUSDm;1.13763;0.243296;4.145078;8.762427;0.992261;1.000000;1.000000;0.575316;8.787538;213.315274;1.007800;0.096571;-223.270815;-0.414937;0.397729;ORGANIZING
2026.07.24 05:56:00;EURUSDm;1.13773;0.320803;2.463054;8.061433;1.000000;1.000000;1.000000;0.581600;8.776170;213.393036;1.000000;0.096546;-224.047142;-0.415173;0.397672;ORGANIZING
2026.07.24 05:57:00;EURUSDm;1.13775;0.333623;0.500000;7.416518;0.955000;1.000000;1.000000;0.584766;8.751689;213.470103;1.047120;0.097168;-224.681493;-0.413728;0.398019;ORGANIZING
2026.07.24 05:58:00;EURUSDm;1.13774;0.300524;0.248756;6.823197;0.899688;1.000000;0.994173;0.585193;8.714748;213.546247;1.111497;0.098043;-225.222622;-0.411753;0.398492;ORGANIZING
2026.07.24 05:59:00;EURUSDm;1.13776;0.344880;0.500000;6.277341;0.859703;1.000000;0.997359;0.583227;8.676494;213.621609;1.163192;0.098820;-225.723413;-0.410163;0.398873;ORGANIZING
2026.07.24 06:00:00;EURUSDm;1.13789;0.555680;3.080569;6.694101;0.950747;1.000000;1.000000;0.574903;8.640894;213.697525;1.051805;0.098362;-225.385766;-0.413528;0.398067;ORGANIZING
2026.07.24 06:01:00;EURUSDm;1.13776;0.321411;2.914798;6.158573;1.000000;1.000000;1.000000;0.572934;8.617380;213.773699;1.000000;0.098132;-225.995755;-0.415093;0.397691;ORGANIZING
2026.07.24 06:02:00;EURUSDm;1.13784;0.524899;1.785714;6.552248;1.000000;1.000000;1.000000;0.563971;8.596498;213.849664;1.000000;0.098421;-225.618355;-0.415079;0.397695;ORGANIZING
2026.07.24 06:03:00;EURUSDm;1.13777;0.418030;1.515152;6.028068;1.000000;1.000000;1.000000;0.561982;8.587435;213.925539;1.000000;0.098528;-226.196305;-0.415074;0.397696;ORGANIZING
2026.07.24 06:04:00;EURUSDm;1.13777;0.528157;0.001000;6.424186;0.930050;1.000000;0.984704;0.553689;8.580601;214.000645;1.075211;0.099361;-225.775089;-0.412776;0.398247;ORGANIZING
2026.07.24 06:05:00;EURUSDm;1.13780;0.707314;0.652174;6.954671;0.896156;1.000000;0.992445;0.552528;8.572365;214.075330;1.115877;0.099790;-225.266603;-0.411534;0.398544;ORGANIZING
2026.07.24 06:06:00;EURUSDm;1.13783;0.826170;0.655022;7.574299;0.864099;1.000000;0.999974;0.555883;8.562367;214.149595;1.157274;0.100177;-224.675897;-0.410273;0.398847;ORGANIZING
2026.07.24 06:07:00;EURUSDm;1.13776;0.549223;1.495726;7.986216;0.875681;1.000000;1.000000;0.548685;8.554860;214.223900;1.141969;0.100208;-224.320456;-0.410731;0.398737;ORGANIZING
2026.07.24 06:08:00;EURUSDm;1.13784;0.623980;1.680672;8.454201;0.895930;1.000000;1.000000;0.544650;8.549340;214.298353;1.116158;0.100101;-223.928062;-0.411510;0.398550;ORGANIZING
2026.07.24 06:09:00;EURUSDm;1.13784;0.761837;0.001000;9.025579;0.831184;1.000000;0.984098;0.545987;8.544777;214.372113;1.203103;0.100787;-223.359244;-0.408868;0.399184;ORGANIZING
2026.07.24 06:10:00;EURUSDm;1.13787;0.961447;0.632911;9.746665;0.801270;1.000000;0.990916;0.554741;8.537535;214.445501;1.248018;0.101076;-222.684660;-0.407506;0.399510;ORGANIZING
2026.07.24 06:11:00;EURUSDm;1.13784;0.978993;0.632911;10.480910;0.772852;1.000000;0.997802;0.563717;8.512352;214.518353;1.293908;0.101534;-221.962432;-0.406106;0.399846;ORGANIZING
2026.07.24 06:12:00;EURUSDm;1.13784;0.970779;0.001000;11.208994;0.714260;1.000000;0.982644;0.571935;8.470228;214.590198;1.400051;0.102497;-221.179789;-0.402874;0.400622;ORGANIZING
2026.07.24 06:13:00;EURUSDm;1.13786;0.967020;0.429185;11.934259;0.680006;1.000000;0.983290;0.579602;8.443694;214.661435;1.470575;0.103058;-220.453772;-0.400730;0.401137;ORGANIZING
2026.07.24 06:14:00;EURUSDm;1.13795;0.825394;1.867220;12.553305;0.719367;1.000000;1.000000;0.581574;8.431764;214.732946;1.390112;0.102746;-219.925684;-0.403159;0.400554;ORGANIZING
2026.07.24 06:15:00;EURUSDm;1.13805;0.389004;2.024291;11.549040;0.764613;1.000000;1.000000;0.602708;8.417472;214.804767;1.307851;0.102199;-221.060699;-0.405654;0.399955;ORGANIZING
2026.07.24 06:16:00;EURUSDm;1.13810;0.426988;1.000000;10.625117;0.756382;1.000000;1.000000;0.618769;8.401021;214.876341;1.322083;0.102290;-222.047186;-0.405223;0.400058;ORGANIZING
2026.07.24 06:17:00;EURUSDm;1.13815;0.402030;0.992063;9.775108;0.748166;1.000000;1.000000;0.630331;8.382602;214.947648;1.336601;0.102447;-222.946573;-0.404780;0.400165;ORGANIZING
2026.07.24 06:18:00;EURUSDm;1.13826;0.341998;2.099237;8.993099;0.795720;1.000000;1.000000;0.637915;8.362388;215.019230;1.256724;0.102082;-223.822456;-0.407194;0.399585;ORGANIZING
2026.07.24 06:19:00;EURUSDm;1.13830;0.336040;0.751880;8.273651;0.773528;1.000000;1.000000;0.641992;8.340539;215.090370;1.292778;0.102500;-224.555308;-0.406092;0.399850;ORGANIZING
2026.07.24 06:20:00;EURUSDm;1.13833;0.386672;0.563910;7.611759;0.743047;1.000000;1.000000;0.642987;8.308013;215.160881;1.345810;0.103156;-225.194168;-0.404468;0.400239;ORGANIZING
2026.07.24 06:21:00;EURUSDm;1.13835;0.312520;0.395257;7.002818;0.705657;1.000000;1.000000;0.641284;8.274915;215.230687;1.417118;0.103930;-225.765925;-0.402290;0.400762;ORGANIZING
2026.07.24 06:22:00;EURUSDm;1.13844;0.306444;1.814516;6.442593;0.741100;1.000000;1.000000;0.637231;8.234637;215.300444;1.349345;0.104026;-226.342689;-0.404318;0.400275;ORGANIZING
2026.07.24 06:23:00;EURUSDm;1.13845;0.286220;0.201613;5.927185;0.694126;1.000000;0.994360;0.631140;8.194473;215.369330;1.440661;0.105045;-226.787497;-0.401528;0.400945;ORGANIZING
2026.07.24 06:24:00;EURUSDm;1.13848;0.276109;0.600000;5.453011;0.669420;1.000000;1.000000;0.623292;8.163212;215.437656;1.493831;0.105754;-227.227074;-0.399897;0.401337;ORGANIZING
2026.07.24 06:25:00;EURUSDm;1.13849;0.280951;0.199203;5.016770;0.625909;1.000000;0.993787;0.613939;8.141775;215.505333;1.597677;0.106591;-227.625902;-0.396740;0.402096;ORGANIZING
2026.07.24 06:26:00;EURUSDm;1.13858;0.268347;1.778656;4.615428;0.663546;1.000000;1.000000;0.603309;8.130655;215.573275;1.507054;0.106411;-228.089322;-0.399468;0.401440;ORGANIZING
2026.07.24 06:27:00;EURUSDm;1.13849;0.274585;1.724138;4.246194;0.696576;1.000000;1.000000;0.591606;8.127402;215.641515;1.435594;0.106207;-228.529912;-0.401622;0.400923;ORGANIZING
2026.07.24 06:28:00;EURUSDm;1.13845;0.296136;0.769231;3.906498;0.680209;1.000000;1.000000;0.579010;8.132242;215.709639;1.470137;0.106480;-228.905854;-0.400572;0.401175;ORGANIZING
2026.07.24 06:29:00;EURUSDm;1.13850;0.284676;0.961538;3.593979;0.674275;1.000000;1.000000;0.565686;8.145897;215.777841;1.483074;0.106543;-229.281303;-0.400181;0.401269;ORGANIZING
2026.07.24 06:30:00;EURUSDm;1.13848;0.295310;0.383142;3.306460;0.639718;1.000000;0.998209;0.551777;8.169570;215.845934;1.563188;0.106825;-229.621886;-0.397763;0.401850;ORGANIZING
2026.07.24 06:31:00;EURUSDm;1.13843;0.304452;0.965251;3.041943;0.635995;1.000000;1.000000;0.537414;8.203111;215.914325;1.572339;0.106649;-229.989428;-0.397497;0.401914;ORGANIZING
2026.07.24 06:32:00;EURUSDm;1.13843;0.308276;0.001000;2.798588;0.584245;1.000000;0.983844;0.522711;8.246200;215.982630;1.711610;0.106916;-230.306109;-0.393306;0.402922;ORGANIZING
2026.07.24 06:33:00;EURUSDm;1.13849;0.295674;1.176471;2.574701;0.593857;1.000000;1.000000;0.507770;8.298564;216.051554;1.683908;0.106381;-230.683378;-0.394164;0.402715;ORGANIZING
2026.07.24 06:34:00;EURUSDm;1.13860;0.286632;2.123552;2.368725;0.650341;1.000000;1.000000;0.492680;8.358917;216.121646;1.537654;0.105242;-231.106458;-0.398608;0.401647;ORGANIZING
2026.07.24 06:35:00;EURUSDm;1.13853;0.348923;1.335878;2.179227;0.664618;1.000000;1.000000;0.477521;8.410821;216.192401;1.504623;0.104680;-231.454476;-0.399627;0.401402;ORGANIZING
2026.07.24 06:36:00;EURUSDm;1.13848;0.411082;0.936330;2.004889;0.658204;1.000000;1.000000;0.462362;8.454969;216.263532;1.519286;0.104433;-231.751510;-0.399200;0.401505;ORGANIZING
2026.07.24 06:37:00;EURUSDm;1.13859;0.366263;2.007299;1.844498;0.705658;0.999359;1.000000;0.447264;8.492000;216.335522;1.416208;0.103615;-232.075852;-0.402333;0.400752;ORGANIZING
2026.07.24 06:38:00;EURUSDm;1.13856;0.501986;0.553506;2.220987;0.678064;1.000000;1.000000;0.443725;8.517261;216.407475;1.474788;0.103745;-231.786525;-0.400569;0.401176;ORGANIZING
2026.07.24 06:39:00;EURUSDm;1.13853;0.627787;0.557621;2.691827;0.652042;1.000000;1.000000;0.445081;8.530493;216.479300;1.533645;0.103868;-231.390663;-0.398797;0.401601;ORGANIZING
2026.07.24 06:40:00;EURUSDm;1.13846;0.902565;1.291513;3.368751;0.664015;1.000000;1.000000;0.456673;8.530271;216.551243;1.505990;0.103617;-230.820395;-0.399639;0.401399;ORGANIZING
2026.07.24 06:41:00;EURUSDm;1.13843;0.963584;0.572519;4.091439;0.639440;1.000000;1.000000;0.469974;8.516733;216.622805;1.563868;0.103884;-230.144220;-0.397890;0.401819;ORGANIZING
2026.07.24 06:42:00;EURUSDm;1.13849;0.958297;1.145038;4.810162;0.644720;1.000000;1.000000;0.482411;8.490474;216.694157;1.551060;0.103976;-229.474486;-0.398269;0.401728;ORGANIZING
2026.07.24 06:43:00;EURUSDm;1.13841;0.947858;1.486989;5.521055;0.666834;1.000000;1.000000;0.493835;8.452083;216.765346;1.499624;0.104028;-228.802961;-0.399810;0.401358;ORGANIZING
2026.07.24 06:44:00;EURUSDm;1.13834;0.841836;1.272727;6.152432;0.677128;1.000000;1.000000;0.500712;8.416817;216.836286;1.476825;0.104225;-228.196040;-0.400484;0.401196;ORGANIZING
2026.07.24 06:45:00;EURUSDm;1.13843;0.942251;1.679104;6.859120;0.707227;1.000000;1.000000;0.511011;8.393156;216.907289;1.413973;0.104043;-227.563731;-0.402379;0.400741;ORGANIZING
2026.07.24 06:46:00;EURUSDm;1.13843;0.778244;0.001000;7.442804;0.651916;1.000000;0.982920;0.514645;8.379464;216.977603;1.533941;0.104756;-226.974933;-0.398744;0.401614;ORGANIZING
2026.07.24 06:47:00;EURUSDm;1.13848;0.917850;0.957854;8.131191;0.647213;1.000000;1.000000;0.523332;8.376417;217.047840;1.545087;0.104745;-226.363359;-0.398410;0.401694;ORGANIZING
2026.07.24 06:48:00;EURUSDm;1.13837;0.911779;2.029520;8.815025;0.696328;1.000000;1.000000;0.531357;8.383620;217.118639;1.436105;0.104044;-225.829896;-0.401715;0.400900;ORGANIZING
2026.07.24 06:49:00;EURUSDm;1.13838;0.838807;0.185185;9.444130;0.650771;1.000000;0.990079;0.536244;8.400203;217.189149;1.536639;0.104306;-225.268685;-0.398686;0.401628;ORGANIZING
2026.07.24 06:50:00;EURUSDm;1.13843;0.896539;0.954198;10.116534;0.645942;1.000000;1.000000;0.543052;8.426303;217.259871;1.548126;0.104001;-224.727990;-0.398356;0.401707;ORGANIZING
2026.07.24 06:51:00;EURUSDm;1.13835;0.895566;1.556420;10.788208;0.671466;1.000000;1.000000;0.549483;8.461634;217.331202;1.489278;0.103278;-224.236696;-0.400158;0.401274;ORGANIZING
2026.07.24 06:52:00;EURUSDm;1.13834;0.884220;0.200000;11.451373;0.627893;1.000000;0.991232;0.555167;8.505854;217.402540;1.592628;0.103211;-223.701102;-0.397061;0.402019;ORGANIZING
2026.07.24 06:53:00;EURUSDm;1.13850;0.884377;3.088803;12.114656;0.730938;1.000000;1.000000;0.560573;8.558724;217.475436;1.368104;0.101520;-223.330313;-0.403881;0.400380;ORGANIZING
2026.07.24 06:54:00;EURUSDm;1.13832;0.457186;3.249097;11.145484;0.836846;1.000000;1.000000;0.581003;8.603698;217.549842;1.194962;0.099785;-224.610607;-0.409162;0.399113;ORGANIZING
2026.07.24 06:55:00;EURUSDm;1.13848;0.903729;2.758621;11.823281;0.912935;1.000000;1.000000;0.585843;8.657120;217.625542;1.095368;0.098465;-224.201123;-0.412216;0.398381;ORGANIZING
2026.07.24 06:56:00;EURUSDm;1.13850;0.896281;0.346021;12.495492;0.864589;1.000000;0.997615;0.590161;8.718741;217.701376;1.156618;0.098295;-223.688277;-0.410387;0.398819;ORGANIZING
2026.07.24 06:57:00;EURUSDm;1.13841;0.633920;1.546392;12.970931;0.878679;1.000000;1.000000;0.584425;8.786411;217.778027;1.138071;0.097566;-223.427448;-0.410980;0.398677;ORGANIZING
2026.07.24 06:58:00;EURUSDm;1.13849;0.884312;1.374570;13.634166;0.883474;1.000000;1.000000;0.588366;8.856611;217.855427;1.131895;0.096820;-222.994689;-0.411202;0.398624;ORGANIZING
2026.07.24 06:59:00;EURUSDm;1.13862;0.890975;2.138158;14.302397;0.926208;1.000000;1.000000;0.592359;8.928434;217.933974;1.079671;0.095721;-222.599371;-0.412824;0.398235;ORGANIZING
2026.07.24 07:00:00;EURUSDm;1.13874;0.459171;1.916933;13.158205;0.955744;1.000000;1.000000;0.619951;8.981686;218.013348;1.046305;0.094720;-224.014161;-0.413875;0.397983;ORGANIZING
2026.07.24 07:01:00;EURUSDm;1.13866;0.545096;1.257862;13.567027;0.950850;1.000000;1.000000;0.609394;9.031534;218.093172;1.051690;0.094413;-223.758850;-0.413729;0.398018;ORGANIZING
2026.07.24 07:02:00;EURUSDm;1.13872;0.550945;0.925926;13.980236;0.929604;1.000000;1.000000;0.599585;9.078077;218.173249;1.075727;0.094275;-223.477939;-0.413014;0.398190;ORGANIZING
2026.07.24 07:03:00;EURUSDm;1.13889;0.339731;2.507375;12.861818;0.988493;1.000000;1.000000;0.625527;9.106094;218.254195;1.011641;0.093283;-224.844111;-0.414987;0.397717;ORGANIZING
2026.07.24 07:04:00;EURUSDm;1.13880;0.348875;1.327434;11.832872;0.985440;1.000000;1.000000;0.645698;9.117368;218.335223;1.014775;0.093036;-226.013921;-0.414905;0.397737;ORGANIZING
2026.07.24 07:05:00;EURUSDm;1.13891;0.345019;1.617647;10.886242;0.997050;1.000000;1.000000;0.660744;9.112052;218.416314;1.002959;0.092852;-227.072714;-0.415269;0.397649;ORGANIZING
2026.07.24 07:06:00;EURUSDm;1.13884;0.388040;1.023392;10.015343;0.978367;1.000000;1.000000;0.671252;9.092217;218.497020;1.022111;0.093094;-227.986982;-0.414682;0.397790;ORGANIZING
2026.07.24 07:07:00;EURUSDm;1.13895;0.361637;1.580460;9.214116;0.988472;1.000000;1.000000;0.677751;9.057586;218.577480;1.011663;0.093250;-228.822509;-0.414988;0.397717;ORGANIZING
2026.07.24 07:08:00;EURUSDm;1.13911;0.286878;2.266289;8.476986;1.000000;1.000000;1.000000;0.680720;9.015678;218.657637;1.000000;0.093489;-229.573446;-0.415326;0.397636;ORGANIZING
2026.07.24 07:09:00;EURUSDm;1.13930;0.268580;2.581522;7.798827;1.000000;1.000000;1.000000;0.680592;8.987053;218.737507;1.000000;0.093741;-230.273968;-0.415313;0.397639;ORGANIZING
2026.07.24 07:10:00;EURUSDm;1.13933;0.275860;0.407609;7.174921;0.950380;1.000000;1.000000;0.677757;8.971533;218.816727;1.052210;0.094343;-230.890767;-0.413717;0.398021;ORGANIZING
2026.07.24 07:11:00;EURUSDm;1.13940;0.261032;0.938338;6.600928;0.929778;1.000000;1.000000;0.672569;8.968549;218.895710;1.075525;0.094599;-231.506796;-0.413004;0.398192;ORGANIZING
2026.07.24 07:12:00;EURUSDm;1.13949;0.255201;1.206434;6.072853;0.923611;1.000000;1.000000;0.665344;8.977491;218.974721;1.082707;0.094639;-232.111150;-0.412787;0.398244;ORGANIZING
2026.07.24 07:13:00;EURUSDm;1.13942;0.276634;0.923483;5.587025;0.903605;1.000000;1.000000;0.656369;8.997880;219.053736;1.106679;0.094716;-232.678812;-0.412064;0.398417;ORGANIZING
2026.07.24 07:14:00;EURUSDm;1.13933;0.267483;1.168831;5.140063;0.896866;1.000000;1.000000;0.645898;9.012945;219.132834;1.114994;0.094735;-233.207323;-0.411813;0.398477;ORGANIZING
2026.07.24 07:15:00;EURUSDm;1.13931;0.294166;0.259067;4.728858;0.844976;1.000000;0.996674;0.634164;9.038824;219.211672;1.183465;0.095075;-233.673766;-0.409742;0.398974;ORGANIZING
2026.07.24 07:16:00;EURUSDm;1.13921;0.318788;1.291990;4.350549;0.847327;1.000000;1.000000;0.621371;9.075080;219.290896;1.180182;0.094843;-234.180574;-0.409852;0.398948;ORGANIZING
2026.07.24 07:17:00;EURUSDm;1.13905;0.339272;2.030457;4.002505;0.886483;1.000000;1.000000;0.607705;9.119388;219.370955;1.128053;0.094219;-234.709118;-0.411447;0.398565;ORGANIZING
2026.07.24 07:18:00;EURUSDm;1.13921;0.327377;1.970443;3.682305;0.920681;1.000000;1.000000;0.593329;9.173310;219.451894;1.086152;0.093569;-235.223549;-0.412737;0.398256;ORGANIZING
2026.07.24 07:19:00;EURUSDm;1.13920;0.367000;0.124378;3.387721;0.860866;1.000000;0.990120;0.578392;9.236590;219.532869;1.161621;0.093669;-235.635979;-0.410468;0.398800;ORGANIZING
2026.07.24 07:20:00;EURUSDm;1.13922;0.400007;0.248756;3.116703;0.810261;1.000000;0.984416;0.563023;9.290822;219.613880;1.234171;0.093773;-236.015129;-0.408286;0.399323;ORGANIZING
2026.07.24 07:21:00;EURUSDm;1.13939;0.321652;2.053140;2.867367;0.852405;1.000000;1.000000;0.547339;9.351365;219.695918;1.173152;0.093014;-236.478363;-0.410155;0.398875;ORGANIZING
2026.07.24 07:22:00;EURUSDm;1.13938;0.338667;0.120482;2.637977;0.795808;1.000000;0.988374;0.531442;9.418031;219.778056;1.256584;0.093064;-236.834831;-0.407649;0.399476;ORGANIZING
2026.07.24 07:23:00;EURUSDm;1.13939;0.385879;0.121951;2.426939;0.742116;1.000000;0.976649;0.515421;9.475289;219.860230;1.347499;0.093172;-237.156828;-0.404916;0.400132;ORGANIZING
2026.07.24 07:24:00;EURUSDm;1.13960;0.316038;2.500000;2.232784;0.810010;1.000000;1.000000;0.499358;9.523914;219.943569;1.234553;0.092308;-237.567338;-0.408348;0.399308;ORGANIZING
2026.07.24 07:25:00;EURUSDm;1.13970;0.316750;1.182033;2.054161;0.808611;1.000000;1.000000;0.483321;9.564615;220.027302;1.236689;0.092110;-237.877623;-0.408294;0.399321;ORGANIZING
2026.07.24 07:26:00;EURUSDm;1.13973;0.304160;0.356295;1.889828;0.765995;0.999950;0.994387;0.467372;9.598047;220.110943;1.305426;0.092319;-238.117997;-0.406221;0.399819;ORGANIZING
2026.07.24 07:27:00;EURUSDm;1.13979;0.312717;0.721154;1.738642;0.743754;0.994446;1.000000;0.451563;9.624811;220.194740;1.337063;0.091907;-238.358154;-0.405293;0.400041;ORGANIZING
2026.07.24 07:28:00;EURUSDm;1.13987;0.326780;0.950119;1.599551;0.734183;0.984080;1.000000;0.435939;9.645462;220.278855;1.340373;0.090987;-238.592209;-0.405239;0.400054;ORGANIZING
2026.07.24 07:29:00;EURUSDm;1.13967;0.463310;2.283105;1.471587;0.791948;0.969161;1.000000;0.420540;9.660507;220.363996;1.223768;0.089135;-238.877291;-0.408830;0.399193;ORGANIZING
2026.07.24 07:30:00;EURUSDm;1.13980;0.411443;1.463964;1.353860;0.806165;0.950439;1.000000;0.405400;9.670415;220.449753;1.178963;0.087341;-239.103249;-0.410264;0.398849;ORGANIZING
2026.07.24 07:31:00;EURUSDm;1.13986;0.427324;0.671141;1.245551;0.780405;0.928609;1.000000;0.390545;9.675617;220.535741;1.189905;0.085613;-239.274310;-0.410022;0.398907;ORGANIZING
2026.07.24 07:32:00;EURUSDm;1.13973;0.661229;1.431718;1.741473;0.794399;0.929728;1.000000;0.395814;9.670552;220.621796;1.170355;0.085604;-238.877726;-0.410609;0.398766;ORGANIZING
2026.07.24 07:33:00;EURUSDm;1.13959;0.813401;1.521739;2.351524;0.812171;0.954200;1.000000;0.406526;9.654555;220.707379;1.174875;0.087757;-238.335987;-0.410366;0.398824;ORGANIZING
2026.07.24 07:34:00;EURUSDm;1.13965;0.545461;0.653595;2.760619;0.785159;0.991720;1.000000;0.406654;9.630076;220.791697;1.263082;0.091640;-237.897977;-0.407526;0.399506;ORGANIZING
2026.07.24 07:35:00;EURUSDm;1.13954;0.656770;1.193059;3.253197;0.785719;1.000000;1.000000;0.410950;9.596682;220.875521;1.272719;0.092650;-237.423309;-0.407186;0.399587;ORGANIZING
2026.07.24 07:36:00;EURUSDm;1.13944;0.662915;1.061571;3.750383;0.779512;1.000000;1.000000;0.415262;9.554701;220.958863;1.282854;0.093028;-236.927917;-0.406863;0.399665;ORGANIZING
2026.07.24 07:37:00;EURUSDm;1.13929;0.636220;1.559252;4.227548;0.798499;1.000000;1.000000;0.418357;9.509178;221.041940;1.252350;0.093231;-236.467961;-0.407768;0.399447;ORGANIZING
2026.07.24 07:38:00;EURUSDm;1.13921;0.956004;0.836820;4.944551;0.780415;1.000000;1.000000;0.433290;9.474254;221.124487;1.281370;0.093563;-235.775438;-0.406881;0.399660;ORGANIZING
2026.07.24 07:39:00;EURUSDm;1.13915;0.948364;0.621118;5.655824;0.752450;1.000000;1.000000;0.447189;9.449564;221.206507;1.328992;0.093904;-235.096639;-0.405435;0.400007;ORGANIZING
2026.07.24 07:40:00;EURUSDm;1.13914;0.943181;0.104384;6.363210;0.700047;1.000000;0.984305;0.460199;9.434781;221.287855;1.428476;0.094384;-234.414652;-0.402427;0.400729;ORGANIZING
2026.07.24 07:41:00;EURUSDm;1.13904;0.468968;1.039501;5.854153;0.697019;1.000000;1.000000;0.462642;9.417475;221.369000;1.434680;0.094544;-234.972100;-0.402232;0.400776;ORGANIZING
2026.07.24 07:42:00;EURUSDm;1.13902;0.456586;0.207469;5.385821;0.652542;1.000000;0.988454;0.462926;9.397866;221.449504;1.532469;0.095117;-235.437810;-0.399270;0.401488;ORGANIZING
2026.07.24 07:43:00;EURUSDm;1.13918;0.654169;1.659751;5.876448;0.682902;1.000000;1.000000;0.464311;9.385372;221.530187;1.464338;0.094943;-235.036008;-0.401323;0.400995;ORGANIZING
2026.07.24 07:44:00;EURUSDm;1.13924;0.449594;0.638298;5.406332;0.660672;1.000000;1.000000;0.464601;9.370181;221.610495;1.513610;0.095279;-235.534400;-0.399828;0.401354;ORGANIZING
2026.07.24 07:45:00;EURUSDm;1.13907;0.334401;1.804671;4.973825;0.697872;1.000000;1.000000;0.462997;9.352526;221.690999;1.432927;0.095117;-236.046092;-0.402256;0.400770;ORGANIZING
2026.07.24 07:46:00;EURUSDm;1.13904;0.322007;0.317797;4.575919;0.658868;1.000000;0.992328;0.459742;9.332625;221.770914;1.517754;0.095682;-236.438597;-0.399683;0.401388;ORGANIZING
2026.07.24 07:47:00;EURUSDm;1.13909;0.321047;0.534188;4.209846;0.632634;1.000000;0.992384;0.455059;9.310674;221.850347;1.580692;0.096169;-236.804600;-0.397771;0.401848;ORGANIZING
2026.07.24 07:48:00;EURUSDm;1.13906;0.309018;0.323974;3.873058;0.597201;1.000000;0.984917;0.449145;9.286855;221.929188;1.674477;0.096775;-237.125332;-0.394927;0.402532;ORGANIZING
2026.07.24 07:49:00;EURUSDm;1.13911;0.360576;0.549451;3.563213;0.574814;1.000000;0.985395;0.442180;9.261337;222.007549;1.739694;0.097292;-237.426184;-0.392945;0.403009;ORGANIZING
2026.07.24 07:50:00;EURUSDm;1.13907;0.320704;0.447427;3.278156;0.548444;1.000000;0.982043;0.434324;9.234274;222.085377;1.823339;0.097876;-237.692860;-0.390406;0.403620;ORGANIZING
2026.07.24 07:51:00;EURUSDm;1.13906;0.309499;0.113636;3.015904;0.506704;1.000000;0.966850;0.425720;9.205806;222.162502;1.973539;0.098637;-237.916354;-0.385862;0.404714;ORGANIZING
2026.07.24 07:52:00;EURUSDm;1.13904;0.322997;0.229358;2.774632;0.472837;1.000000;0.955938;0.416498;9.170108;222.238931;2.114895;0.099409;-238.110349;-0.381583;0.405745;ORGANIZING
2026.07.24 07:53:00;EURUSDm;1.13909;0.365732;0.589623;2.552661;0.458676;1.000000;0.957694;0.406772;9.126269;222.314781;2.180188;0.100083;-238.286877;-0.379590;0.406226;ORGANIZING
2026.07.24 07:54:00;EURUSDm;1.13914;0.360341;0.595238;2.348448;0.445504;1.000000;0.959245;0.396644;9.084759;222.390083;2.244648;0.100736;-238.449945;-0.377624;0.406700;ORGANIZING
2026.07.24 07:55:00;EURUSDm;1.13919;0.424823;0.603865;2.160572;0.433422;1.000000;0.960689;0.386205;9.050262;222.464920;2.307220;0.101318;-238.610704;-0.375717;0.407160;ORGANIZING
2026.07.24 07:56:00;EURUSDm;1.13915;0.459380;0.486618;1.987727;0.416082;1.000000;0.957614;0.375537;9.022637;222.539307;2.403373;0.101893;-238.764012;-0.372804;0.407864;ORGANIZING
2026.07.24 07:57:00;EURUSDm;1.13910;0.595602;0.617284;2.434428;0.406142;1.000000;0.958846;0.379095;8.995455;222.613323;2.462193;0.102242;-238.334139;-0.371022;0.408294;ORGANIZING
2026.07.24 07:58:00;EURUSDm;1.13898;0.513295;1.496259;2.819399;0.440648;1.000000;0.990924;0.379389;8.971729;222.687447;2.269386;0.102127;-238.010933;-0.376812;0.406896;ORGANIZING
2026.07.24 07:59:00;EURUSDm;1.13895;0.552512;0.389610;3.233783;0.418096;1.000000;0.983157;0.381139;8.951091;222.761139;2.391795;0.102561;-237.609912;-0.373118;0.407788;ORGANIZING
2026.07.24 08:00:00;EURUSDm;1.13892;0.512206;0.389610;3.617937;0.396672;1.000000;0.975723;0.381290;8.933788;222.834444;2.520976;0.102968;-237.243334;-0.369222;0.408729;ORGANIZING
2026.07.24 08:01:00;EURUSDm;1.13882;0.511397;1.288660;4.001485;0.421271;1.000000;1.000000;0.381403;8.907646;222.907733;2.373768;0.102983;-236.905616;-0.373638;0.407662;ORGANIZING
2026.07.24 08:02:00;EURUSDm;1.13879;0.500603;0.392670;4.376938;0.399841;1.000000;0.992093;0.381105;8.873197;222.980463;2.500994;0.103582;-236.511970;-0.369791;0.408592;ORGANIZING
2026.07.24 08:03:00;EURUSDm;1.13874;0.347506;0.657895;4.026783;0.392744;1.000000;0.993734;0.379558;8.847327;223.052864;2.546189;0.103954;-236.872595;-0.368417;0.408924;ORGANIZING
2026.07.24 08:04:00;EURUSDm;1.13870;0.316147;0.533333;3.704640;0.379773;1.000000;0.990905;0.376687;8.820108;223.124863;2.633150;0.104422;-237.193585;-0.365784;0.409560;ORGANIZING
2026.07.24 08:05:00;EURUSDm;1.13861;0.339759;1.178010;3.408269;0.399685;1.000000;1.000000;0.372671;8.791663;223.196776;2.501970;0.104559;-237.516860;-0.369713;0.408610;ORGANIZING
2026.07.24 08:06:00;EURUSDm;1.13867;0.378355;0.793651;3.135607;0.399383;1.000000;1.000000;0.367671;8.762108;223.268391;2.503860;0.104941;-237.791723;-0.369637;0.408629;ORGANIZING
2026.07.24 08:07:00;EURUSDm;1.13872;0.379090;0.681199;2.884759;0.393474;1.000000;1.000000;0.361830;8.731548;223.339641;2.541463;0.105409;-238.035111;-0.368486;0.408907;ORGANIZING
2026.07.24 08:08:00;EURUSDm;1.13870;0.378805;0.283286;2.653978;0.367965;1.000000;0.987579;0.355277;8.700081;223.410322;2.717652;0.106120;-238.235024;-0.363164;0.410194;ORGANIZING
2026.07.24 08:09:00;EURUSDm;1.13876;0.377346;0.837989;2.441660;0.371466;1.000000;0.994778;0.348129;8.667796;223.480714;2.692037;0.106526;-238.442371;-0.363913;0.410013;ORGANIZING
2026.07.24 08:10:00;EURUSDm;1.13881;0.456046;0.692521;2.246327;0.367519;1.000000;0.996384;0.340489;8.634775;223.550737;2.720950;0.107034;-238.622458;-0.363020;0.410229;ORGANIZING
2026.07.24 08:11:00;EURUSDm;1.13882;0.477724;0.144928;2.066621;0.336389;1.000000;0.978500;0.332450;8.601094;223.620112;2.972748;0.107876;-238.756969;-0.355424;0.412068;ORGANIZING
2026.07.24 08:12:00;EURUSDm;1.13876;0.432566;0.857143;1.901291;0.342427;1.000000;0.985888;0.324094;8.566822;223.689205;2.920332;0.108303;-238.912173;-0.356975;0.411692;ORGANIZING
2026.07.24 08:13:00;EURUSDm;1.13872;0.367898;0.566572;1.749188;0.333634;1.000000;0.982555;0.315495;8.532023;223.757861;2.997296;0.108919;-239.037342;-0.354635;0.412259;ORGANIZING
2026.07.24 08:14:00;EURUSDm;1.13877;0.366981;0.741840;1.609253;0.334044;0.996962;0.985173;0.306717;8.496755;223.826230;2.984519;0.109106;-239.161002;-0.355009;0.412168;ORGANIZING
2026.07.24 08:15:00;EURUSDm;1.13871;0.325850;0.900901;1.480513;0.342448;0.989059;0.992958;0.297818;8.461072;223.894484;2.888202;0.108672;-239.285139;-0.357920;0.411463;ORGANIZING
2026.07.24 08:16:00;EURUSDm;1.13881;0.390224;1.470588;1.362072;0.379074;0.976748;1.000000;0.288849;8.425023;223.962990;2.576670;0.107418;-239.430987;-0.367329;0.409187;ORGANIZING
2026.07.24 08:17:00;EURUSDm;1.13866;0.338439;2.148997;1.253106;0.448035;0.960424;1.000000;0.279855;8.394711;224.032209;2.143636;0.105280;-239.615845;-0.380427;0.406024;ORGANIZING
2026.07.24 08:18:00;EURUSDm;1.13844;0.313862;3.030303;1.152857;0.557940;0.940401;1.000000;0.270874;8.369403;224.102674;1.685487;0.102237;-239.847910;-0.394324;0.402677;ORGANIZING
2026.07.24 08:19:00;EURUSDm;1.13857;0.373543;1.825843;1.060629;0.602527;0.917435;1.000000;0.261942;8.349287;224.173844;1.522645;0.099572;-240.020766;-0.399342;0.401470;ORGANIZING
2026.07.24 08:20:00;EURUSDm;1.13844;0.342487;1.825843;0.975779;0.645344;0.891953;1.000000;0.253088;8.333962;224.245798;1.382135;0.096611;-240.197511;-0.403705;0.400422;ORGANIZING
2026.07.24 08:21:00;EURUSDm;1.13836;0.349369;1.117318;0.897716;0.651104;0.864509;1.000000;0.244336;8.323330;224.318252;1.327760;0.093777;-240.342463;-0.405478;0.399997;ORGANIZING
2026.07.24 08:22:00;EURUSDm;1.13851;0.466019;2.083333;0.825899;0.705425;0.835219;1.000000;0.235710;8.317224;224.391774;1.183995;0.090212;-240.541950;-0.409970;0.398919;ORGANIZING
2026.07.24 08:23:00;EURUSDm;1.13856;0.643854;0.712251;1.308790;0.689062;0.829627;0.998179;0.248069;8.302818;224.465100;1.203995;0.089787;-240.117520;-0.409391;0.399058;ORGANIZING
2026.07.24 08:24:00;EURUSDm;1.13847;0.539460;1.271186;1.713385;0.701576;0.840546;1.000000;0.255896;8.281216;224.538117;1.198083;0.090981;-239.759986;-0.409508;0.399030;ORGANIZING
2026.07.24 08:25:00;EURUSDm;1.13845;0.692378;0.289855;2.232668;0.664179;0.870650;0.984101;0.269065;8.251566;224.609862;1.310866;0.094792;-239.211985;-0.405934;0.399887;ORGANIZING
2026.07.24 08:26:00;EURUSDm;1.13855;0.834489;1.449275;2.858535;0.686021;0.920489;1.000000;0.286905;8.213079;224.680443;1.341781;0.100206;-238.587407;-0.404736;0.400175;ORGANIZING
2026.07.24 08:27:00;EURUSDm;1.13856;0.688452;0.151057;3.374874;0.640863;0.983816;0.980329;0.298377;8.176915;224.748944;1.535143;0.107920;-237.981701;-0.398550;0.401661;ORGANIZING
2026.07.24 08:28:00;EURUSDm;1.13848;0.547411;1.208459;3.785432;0.649566;1.000000;0.998756;0.303986;8.147345;224.816913;1.539489;0.109879;-237.583709;-0.398321;0.401716;ORGANIZING
2026.07.24 08:29:00;EURUSDm;1.13872;0.906669;3.438395;4.465434;0.769008;1.000000;1.000000;0.322787;8.126846;224.885872;1.300377;0.108476;-237.088710;-0.405565;0.399976;ORGANIZING
2026.07.24 08:30:00;EURUSDm;1.13868;0.807025;0.568182;5.070703;0.738966;1.000000;0.996184;0.336911;8.114455;224.954406;1.353242;0.108810;-236.525402;-0.403962;0.400361;ORGANIZING
2026.07.24 08:31:00;EURUSDm;1.13867;0.744762;0.145773;5.629275;0.689307;1.000000;0.978211;0.347994;8.109510;225.022394;1.450733;0.109328;-235.997433;-0.401012;0.401069;ORGANIZING
2026.07.24 08:32:00;EURUSDm;1.13866;0.912297;0.146199;6.313497;0.642151;1.000000;0.961271;0.364805;8.113084;225.089947;1.557266;0.109649;-235.374380;-0.397800;0.401841;ORGANIZING
2026.07.24 08:33:00;EURUSDm;1.13863;0.912232;0.455927;6.997671;0.612840;1.000000;0.956352;0.380774;8.125004;225.157325;1.631747;0.109666;-234.784049;-0.395564;0.402379;ORGANIZING
2026.07.24 08:34:00;EURUSDm;1.13855;0.570220;1.208459;7.425336;0.622621;1.000000;0.978503;0.383118;8.142539;225.224977;1.606114;0.109310;-234.473577;-0.396351;0.402189;ORGANIZING
2026.07.24 08:35:00;EURUSDm;1.13851;0.604889;0.628931;7.879003;0.602936;1.000000;0.979677;0.386646;8.165812;225.292664;1.658550;0.109225;-234.121512;-0.394782;0.402567;ORGANIZING
2026.07.24 08:36:00;EURUSDm;1.13863;0.658687;1.834862;8.373018;0.644533;1.000000;1.000000;0.392014;8.195092;225.361061;1.551511;0.108323;-233.806787;-0.398038;0.401784;ORGANIZING
2026.07.24 08:37:00;EURUSDm;1.13855;0.881416;1.212121;9.034081;0.652912;1.000000;1.000000;0.405467;8.231926;225.429909;1.531600;0.107639;-233.323526;-0.398670;0.401632;ORGANIZING
2026.07.24 08:38:00;EURUSDm;1.13853;0.905669;0.303951;9.713333;0.615464;1.000000;0.989830;0.419156;8.276371;225.498827;1.624790;0.107400;-232.792013;-0.395886;0.402301;ORGANIZING
2026.07.24 08:39:00;EURUSDm;1.13863;0.909916;1.497006;10.395769;0.639541;1.000000;1.000000;0.432320;8.328341;225.568506;1.563621;0.106381;-232.333600;-0.397772;0.401848;ORGANIZING
2026.07.24 08:40:00;EURUSDm;1.13867;0.544076;0.598802;10.803826;0.617504;1.000000;1.000000;0.431107;8.384980;225.638531;1.619422;0.106004;-232.084382;-0.396117;0.402246;ORGANIZING
2026.07.24 08:41:00;EURUSDm;1.13862;0.494066;0.739645;9.939520;0.603611;1.000000;1.000000;0.452767;8.433473;225.708902;1.656695;0.105376;-233.145472;-0.395030;0.402507;ORGANIZING
2026.07.24 08:42:00;EURUSDm;1.13853;0.890733;1.304348;10.607570;0.618648;1.000000;1.000000;0.463531;8.489122;225.779979;1.616428;0.104479;-232.696364;-0.396283;0.402206;ORGANIZING
2026.07.24 08:43:00;EURUSDm;1.13858;0.874266;0.724638;11.263269;0.603948;1.000000;1.000000;0.473139;8.546221;225.851481;1.655773;0.103914;-232.230881;-0.395131;0.402483;ORGANIZING
2026.07.24 08:44:00;EURUSDm;1.13856;0.864811;0.292398;11.911877;0.568370;1.000000;0.991794;0.481913;8.605475;225.923220;1.759417;0.103565;-231.754488;-0.392039;0.403226;ORGANIZING
2026.07.24 08:45:00;EURUSDm;1.13841;0.859297;2.130682;12.556350;0.626486;1.000000;1.000000;0.490041;8.665685;225.996141;1.596206;0.102226;-231.377728;-0.397003;0.402033;ORGANIZING
2026.07.24 08:46:00;EURUSDm;1.13835;0.536620;0.847458;12.958815;0.617534;1.000000;1.000000;0.485662;8.723359;226.069550;1.619343;0.101765;-231.146311;-0.396331;0.402194;ORGANIZING
2026.07.24 08:47:00;EURUSDm;1.13824;0.400590;1.527778;11.922110;0.643046;1.000000;1.000000;0.513214;8.765215;226.143633;1.555098;0.100791;-232.421427;-0.398308;0.401719;ORGANIZING
2026.07.24 08:48:00;EURUSDm;1.13826;0.520068;0.285714;12.312161;0.605180;1.000000;0.992962;0.507056;8.806656;226.217751;1.652401;0.100818;-232.138193;-0.395387;0.402421;ORGANIZING
2026.07.24 08:49:00;EURUSDm;1.13812;0.292391;1.939058;11.327188;0.651874;1.000000;1.000000;0.530952;8.831240;226.292582;1.534039;0.099860;-233.341652;-0.398986;0.401556;ORGANIZING
2026.07.24 08:50:00;EURUSDm;1.13818;0.312819;0.824176;10.421013;0.640489;1.000000;1.000000;0.549713;8.840587;226.367393;1.561307;0.099693;-234.367469;-0.398176;0.401751;ORGANIZING
2026.07.24 08:51:00;EURUSDm;1.13824;0.334304;0.833333;9.587332;0.630131;1.000000;1.000000;0.563911;8.835965;226.442054;1.586971;0.099701;-235.284605;-0.397406;0.401936;ORGANIZING
2026.07.24 08:52:00;EURUSDm;1.13817;0.312922;0.961538;8.820346;0.626701;1.000000;1.000000;0.574065;8.816853;226.516490;1.595656;0.099824;-236.104682;-0.397139;0.402000;ORGANIZING
2026.07.24 08:53:00;EURUSDm;1.13828;0.369366;1.486486;8.114718;0.649691;1.000000;1.000000;0.580643;8.783939;226.590826;1.539194;0.099857;-236.854964;-0.398831;0.401593;ORGANIZING
2026.07.24 08:54:00;EURUSDm;1.13834;0.529603;0.806452;8.511920;0.637529;1.000000;1.000000;0.571471;8.750886;226.664710;1.568557;0.100403;-236.435032;-0.397923;0.401811;ORGANIZING
2026.07.24 08:55:00;EURUSDm;1.13823;0.436787;1.470588;7.830967;0.659182;1.000000;1.000000;0.576945;8.707612;226.738378;1.517032;0.100566;-237.135707;-0.399461;0.401442;ORGANIZING
2026.07.24 08:56:00;EURUSDm;1.13821;0.341105;0.270270;7.204489;0.619736;1.000000;0.994653;0.579422;8.675759;226.811333;1.613590;0.101267;-237.736941;-0.396529;0.402147;ORGANIZING
2026.07.24 08:57:00;EURUSDm;1.13817;0.361139;0.542005;6.628130;0.595850;1.000000;0.999090;0.579269;8.656440;226.883856;1.678276;0.101713;-238.322992;-0.394566;0.402619;ORGANIZING
2026.07.24 08:58:00;EURUSDm;1.13826;0.444538;1.196809;6.097880;0.605898;1.000000;1.000000;0.576818;8.649312;226.956408;1.650444;0.101708;-238.916685;-0.395401;0.402418;ORGANIZING
2026.07.24 08:59:00;EURUSDm;1.13830;0.384841;0.534759;5.610049;0.582341;1.000000;1.000000;0.572369;8.653922;227.028771;1.717208;0.101951;-239.453644;-0.393386;0.402902;ORGANIZING
2026.07.24 09:00:00;EURUSDm;1.13833;0.380370;0.403226;5.161245;0.553385;1.000000;0.999146;0.566190;8.667079;227.100975;1.807060;0.102180;-239.959653;-0.390679;0.403554;ORGANIZING
2026.07.24 09:01:00;EURUSDm;1.13832;0.420087;0.134409;4.748346;0.512436;1.000000;0.988697;0.558526;8.675655;227.172856;1.951463;0.102600;-240.405308;-0.386326;0.404602;ORGANIZING
2026.07.24 09:02:00;EURUSDm;1.13843;0.880414;1.458886;5.408656;0.539759;1.000000;1.000000;0.563615;8.684266;227.245096;1.852680;0.102170;-239.871961;-0.389311;0.403883;ORGANIZING
2026.07.24 09:03:00;EURUSDm;1.13838;0.564089;0.661376;5.831723;0.525839;1.000000;1.000000;0.556588;8.695160;227.317306;1.901721;0.102275;-239.514918;-0.387835;0.404239;ORGANIZING
2026.07.24 09:04:00;EURUSDm;1.13827;0.432464;1.432292;5.365185;0.551162;1.000000;1.000000;0.552085;8.717151;227.389989;1.814348;0.101829;-240.114439;-0.390478;0.403602;ORGANIZING
2026.07.24 09:05:00;EURUSDm;1.13831;0.882871;0.523560;6.027338;0.529782;1.000000;1.000000;0.557588;8.738856;227.462676;1.887569;0.101768;-239.558008;-0.388285;0.404130;ORGANIZING
2026.07.24 09:06:00;EURUSDm;1.13842;0.876120;1.436031;6.684428;0.555094;1.000000;1.000000;0.562564;8.757905;227.535806;1.801495;0.101260;-239.047409;-0.390892;0.403503;ORGANIZING
2026.07.24 09:07:00;EURUSDm;1.13850;0.450091;1.063830;6.149674;0.560531;1.000000;1.000000;0.561173;8.771840;227.609130;1.784022;0.101076;-239.686013;-0.391426;0.403374;ORGANIZING
2026.07.24 09:08:00;EURUSDm;1.13849;0.476635;0.140845;5.657700;0.519547;1.000000;0.989571;0.557713;8.794525;227.682270;1.924754;0.101299;-240.248594;-0.387192;0.404393;ORGANIZING
2026.07.24 09:09:00;EURUSDm;1.13861;0.295212;1.694915;5.205084;0.558315;1.000000;1.000000;0.552458;8.811774;227.755971;1.791103;0.100781;-240.837667;-0.391228;0.403422;ORGANIZING
2026.07.24 09:10:00;EURUSDm;1.13852;0.362419;1.285714;4.788677;0.574685;1.000000;1.000000;0.545656;8.824038;227.829958;1.740083;0.100559;-241.355354;-0.392770;0.403051;ORGANIZING
2026.07.24 09:11:00;EURUSDm;1.13847;0.478111;0.720461;4.405583;0.561974;1.000000;1.000000;0.537528;8.831736;227.903896;1.779442;0.100692;-241.798813;-0.391582;0.403336;ORGANIZING
2026.07.24 09:12:00;EURUSDm;1.13852;0.356001;0.741840;4.053136;0.550967;1.000000;1.000000;0.528274;8.835249;227.977758;1.814990;0.100862;-242.202634;-0.390507;0.403595;ORGANIZING
2026.07.24 09:13:00;EURUSDm;1.13857;0.399637;0.741840;3.728886;0.540511;1.000000;1.000000;0.518072;8.834931;228.051512;1.850101;0.101076;-242.569145;-0.389443;0.403851;ORGANIZING
2026.07.24 09:14:00;EURUSDm;1.13846;0.749679;1.622419;4.291145;0.574606;1.000000;1.000000;0.520282;8.832964;228.125588;1.740322;0.100727;-242.115541;-0.392754;0.403055;ORGANIZING
2026.07.24 09:15:00;EURUSDm;1.13833;0.832119;1.857143;4.915234;0.618733;1.000000;1.000000;0.525472;8.817957;228.199955;1.616206;0.100380;-241.590311;-0.396495;0.402155;ORGANIZING
2026.07.24 09:16:00;EURUSDm;1.13857;0.341347;3.296703;4.522015;0.732632;1.000000;1.000000;0.518859;8.800692;228.275288;1.364942;0.099481;-242.125006;-0.404078;0.400333;ORGANIZING
2026.07.24 09:17:00;EURUSDm;1.13859;0.310018;0.273973;4.160254;0.689699;1.000000;0.992749;0.511005;8.781367;228.349999;1.449908;0.100180;-242.464186;-0.401494;0.400953;ORGANIZING
2026.07.24 09:18:00;EURUSDm;1.13853;0.408290;0.826446;3.827434;0.676536;1.000000;1.000000;0.502095;8.760165;228.424366;1.478118;0.100616;-242.797988;-0.400626;0.401162;ORGANIZING
2026.07.24 09:19:00;EURUSDm;1.13864;0.352517;1.571429;3.521239;0.701281;1.000000;1.000000;0.492300;8.737252;228.498751;1.425962;0.100696;-243.137897;-0.402186;0.400787;ORGANIZING
2026.07.24 09:20:00;EURUSDm;1.13845;0.772289;2.602740;4.100456;0.776354;1.000000;1.000000;0.496646;8.704173;228.573556;1.288073;0.100229;-242.651093;-0.406346;0.399789;ORGANIZING
2026.07.24 09:21:00;EURUSDm;1.13841;0.831898;0.543478;4.724379;0.744710;1.000000;1.000000;0.503010;8.660892;228.647612;1.342805;0.100922;-241.995748;-0.404670;0.400191;ORGANIZING
2026.07.24 09:22:00;EURUSDm;1.13836;0.802919;0.672043;5.326568;0.721077;1.000000;1.000000;0.507969;8.618409;228.721007;1.386815;0.101549;-241.368271;-0.403318;0.400515;ORGANIZING
2026.07.24 09:23:00;EURUSDm;1.13835;0.807213;0.135135;5.931978;0.671779;1.000000;0.987509;0.512841;8.576319;228.793488;1.488584;0.102449;-240.711610;-0.400220;0.401259;ORGANIZING
2026.07.24 09:24:00;EURUSDm;1.13841;0.626071;0.815217;6.401532;0.658951;1.000000;0.999428;0.510677;8.543801;228.865516;1.517563;0.102950;-240.231891;-0.399326;0.401474;ORGANIZING
2026.07.24 09:25:00;EURUSDm;1.13847;0.560616;0.810811;6.821994;0.646544;1.000000;1.000000;0.506166;8.509029;228.937071;1.546684;0.103501;-239.792011;-0.398424;0.401691;ORGANIZING
2026.07.24 09:26:00;EURUSDm;1.13847;0.788534;0.001000;7.413394;0.594267;1.000000;0.982751;0.510428;8.473773;229.007752;1.682745;0.104401;-239.157026;-0.394298;0.402683;ORGANIZING
2026.07.24 09:27:00;EURUSDm;1.13862;0.688318;2.054795;7.929633;0.647294;1.000000;1.000000;0.510718;8.449204;229.078717;1.544894;0.104088;-238.716222;-0.398449;0.401685;ORGANIZING
2026.07.24 09:28:00;EURUSDm;1.13867;0.496716;0.679348;7.295262;0.628896;1.000000;1.000000;0.516901;8.423333;229.149239;1.590087;0.104503;-239.363342;-0.397072;0.402016;ORGANIZING
2026.07.24 09:29:00;EURUSDm;1.13865;0.785733;0.277778;7.884561;0.591340;1.000000;0.992814;0.520521;8.408012;229.219233;1.691074;0.105043;-238.783076;-0.394016;0.402751;ORGANIZING
2026.07.24 09:30:00;EURUSDm;1.13865;0.637413;0.001000;8.362621;0.541823;1.000000;0.976318;0.518398;8.401711;229.288668;1.845620;0.105687;-238.308087;-0.389347;0.403874;ORGANIZING
2026.07.24 09:31:00;EURUSDm;1.13862;0.547557;0.423729;8.773289;0.515919;1.000000;0.975122;0.513011;8.403379;229.357861;1.938290;0.106019;-237.933272;-0.386550;0.404548;ORGANIZING
2026.07.24 09:32:00;EURUSDm;1.13861;0.758771;0.144509;9.342367;0.477348;1.000000;0.964006;0.515815;8.414255;229.426777;2.094907;0.106299;-237.421897;-0.381838;0.405684;ORGANIZING
2026.07.24 09:33:00;EURUSDm;1.13856;0.762106;0.722543;9.913946;0.469608;1.000000;0.973608;0.518603;8.434034;229.495813;2.129436;0.106132;-236.956749;-0.380810;0.405931;ORGANIZING
2026.07.24 09:34:00;EURUSDm;1.13857;0.709124;0.144928;10.445790;0.433374;1.000000;0.962755;0.519265;8.453410;229.564681;2.307477;0.106315;-236.497616;-0.375460;0.407222;ORGANIZING
2026.07.24 09:35:00;EURUSDm;1.13854;0.391369;0.450450;9.610126;0.414228;1.000000;0.962999;0.535085;8.458092;229.633404;2.414131;0.106299;-237.423860;-0.372261;0.407995;ORGANIZING
2026.07.24 09:36:00;EURUSDm;1.13854;0.735452;0.001000;10.161716;0.373566;1.000000;0.948057;0.535910;8.472199;229.701862;2.676901;0.106591;-236.929930;-0.364363;0.409904;ORGANIZING
2026.07.24 09:37:00;EURUSDm;1.13857;0.740396;0.470219;10.717013;0.358399;1.000000;0.950089;0.536879;8.495405;229.770400;2.790187;0.106489;-236.476356;-0.360970;0.410725;ORGANIZING
2026.07.24 09:38:00;EURUSDm;1.13852;0.752257;0.776398;11.281205;0.359299;1.000000;0.962801;0.538245;8.527466;229.839268;2.783198;0.106101;-236.048784;-0.361199;0.410669;ORGANIZING
2026.07.24 09:39:00;EURUSDm;1.13848;0.493345;0.641026;10.378709;0.353385;1.000000;0.970377;0.556458;8.553403;229.908336;2.829773;0.105672;-237.102734;-0.359823;0.411002;ORGANIZING
2026.07.24 09:40:00;EURUSDm;1.13831;0.547973;2.631579;10.789688;0.447295;1.000000;1.000000;0.549184;8.577529;229.978584;2.235662;0.104449;-236.889616;-0.377708;0.406680;ORGANIZING
2026.07.24 09:41:00;EURUSDm;1.13843;0.754692;1.823708;11.355707;0.496116;1.000000;1.000000;0.550025;8.600954;230.049554;2.015659;0.103658;-236.491923;-0.384347;0.405079;ORGANIZING
2026.07.24 09:42:00;EURUSDm;1.13848;0.663724;0.764526;11.853500;0.489536;1.000000;1.000000;0.547414;8.623219;230.120682;2.042750;0.103518;-236.097983;-0.383542;0.405273;ORGANIZING
2026.07.24 09:43:00;EURUSDm;1.13857;0.371235;1.384615;10.905220;0.514290;1.000000;1.000000;0.567457;8.629835;230.192123;1.944428;0.102970;-237.195778;-0.386519;0.404556;ORGANIZING
2026.07.24 09:44:00;EURUSDm;1.13858;0.469119;0.156250;10.032803;0.476388;1.000000;0.990330;0.582705;8.622999;230.263117;2.099129;0.103283;-238.118110;-0.381862;0.405678;ORGANIZING
2026.07.24 09:45:00;EURUSDm;1.13851;0.754306;1.107595;10.598532;0.487948;1.000000;1.000000;0.581856;8.617649;230.334173;2.049397;0.103226;-237.622600;-0.383357;0.405318;ORGANIZING
2026.07.24 09:46:00;EURUSDm;1.13857;0.749040;0.937500;11.160312;0.490426;1.000000;1.000000;0.580853;8.612030;230.405198;2.039044;0.103270;-237.121077;-0.383665;0.405243;ORGANIZING
2026.07.24 09:47:00;EURUSDm;1.13861;0.742698;0.625000;11.717335;0.477155;1.000000;1.000000;0.579661;8.606847;230.476038;2.095757;0.103480;-236.608873;-0.381953;0.405656;ORGANIZING
2026.07.24 09:48:00;EURUSDm;1.13856;0.674271;0.791139;12.223038;0.472854;1.000000;1.000000;0.575963;8.613091;230.546897;2.114818;0.103499;-236.174820;-0.381380;0.405794;ORGANIZING
2026.07.24 09:49:00;EURUSDm;1.13854;0.669613;0.318471;12.725248;0.445135;1.000000;0.996305;0.572275;8.618432;230.617533;2.246511;0.103779;-235.718835;-0.377416;0.406750;ORGANIZING
2026.07.24 09:50:00;EURUSDm;1.13861;0.735426;1.100629;13.276818;0.457909;1.000000;1.000000;0.571240;8.624482;230.688357;2.183838;0.103588;-235.260893;-0.379305;0.406294;ORGANIZING
2026.07.24 09:51:00;EURUSDm;1.13858;0.731567;0.468750;13.825493;0.438452;1.000000;1.000000;0.570112;8.631881;230.759060;2.280754;0.103730;-234.776005;-0.376391;0.406998;ORGANIZING
2026.07.24 09:52:00;EURUSDm;1.13863;0.728835;0.796178;14.372119;0.436338;1.000000;1.000000;0.568938;8.639020;230.829814;2.291802;0.103688;-234.309947;-0.376062;0.407077;ORGANIZING
2026.07.24 09:53:00;EURUSDm;1.13856;0.729659;1.107595;14.919364;0.449901;1.000000;1.000000;0.567853;8.645879;230.900771;2.222713;0.103481;-233.858772;-0.378145;0.406574;ORGANIZING
2026.07.24 09:54:00;EURUSDm;1.13865;0.728147;1.433121;15.465474;0.479062;1.000000;1.000000;0.566766;8.652846;230.972091;2.087414;0.103107;-233.424902;-0.382222;0.405591;ORGANIZING
2026.07.24 09:55:00;EURUSDm;1.13863;0.713581;0.320513;16.000660;0.451134;1.000000;0.996055;0.565187;8.673487;231.043337;2.216635;0.103201;-232.971159;-0.378341;0.406527;ORGANIZING
2026.07.24 09:56:00;EURUSDm;1.13863;0.706125;0.001000;16.530253;0.408628;1.000000;0.981009;0.563407;8.693805;231.114361;2.447216;0.103457;-232.507160;-0.371411;0.408200;ORGANIZING
2026.07.24 09:57:00;EURUSDm;1.13871;0.493213;1.328904;15.207833;0.434641;1.000000;1.000000;0.601358;8.695244;231.185660;2.300747;0.102762;-234.005673;-0.375839;0.407131;ORGANIZING
2026.07.24 09:58:00;EURUSDm;1.13877;0.263198;0.980392;13.991206;0.441929;1.000000;1.000000;0.632121;8.678868;231.256868;2.262807;0.102533;-235.329569;-0.376989;0.406853;ORGANIZING
2026.07.24 09:59:00;EURUSDm;1.13887;0.191883;1.644737;12.871910;0.482069;1.000000;1.000000;0.656480;8.660406;231.328293;2.074391;0.102052;-236.572224;-0.382666;0.405484;ORGANIZING
2026.07.24 10:00:00;EURUSDm;1.13883;0.163960;0.668896;11.842157;0.471411;1.000000;1.000000;0.675144;8.627628;231.399283;2.121293;0.102310;-237.634081;-0.381246;0.405826;ORGANIZING
2026.07.24 10:01:00;EURUSDm;1.13878;0.207375;0.836120;10.894785;0.469646;1.000000;1.000000;0.688755;8.589100;231.469870;2.129263;0.102590;-238.600441;-0.380993;0.405888;ORGANIZING
2026.07.24 10:02:00;EURUSDm;1.13893;0.180183;2.427184;10.023202;0.547523;1.000000;1.000000;0.697897;8.564457;231.540990;1.826407;0.101938;-239.590019;-0.390111;0.403691;ORGANIZING
2026.07.24 10:03:00;EURUSDm;1.13900;0.189319;1.125402;9.221346;0.556417;1.000000;1.000000;0.703094;8.538473;231.611939;1.797213;0.102062;-240.430146;-0.390981;0.403481;ORGANIZING
2026.07.24 10:04:00;EURUSDm;1.13899;0.198237;0.166113;8.483638;0.516902;1.000000;0.995422;0.704825;8.511273;231.682221;1.934603;0.102743;-241.147681;-0.386825;0.404482;ORGANIZING
2026.07.24 10:05:00;EURUSDm;1.13887;0.219568;2.000000;7.804947;0.571057;1.000000;1.000000;0.703518;8.496652;231.752898;1.751140;0.102341;-241.919349;-0.392349;0.403152;ORGANIZING
2026.07.24 10:06:00;EURUSDm;1.13884;0.277428;0.537634;7.180551;0.549386;1.000000;1.000000;0.699562;8.493967;231.823332;1.820215;0.102639;-242.579224;-0.390262;0.403654;ORGANIZING
2026.07.24 10:07:00;EURUSDm;1.13881;0.373306;0.535714;6.606107;0.528702;1.000000;1.000000;0.693306;8.502609;231.893645;1.891425;0.102832;-243.208070;-0.388116;0.404171;ORGANIZING
2026.07.24 10:08:00;EURUSDm;1.13875;0.393502;1.071429;6.077619;0.535838;1.000000;1.000000;0.685066;8.521550;231.964219;1.866234;0.102644;-243.835670;-0.388881;0.403987;ORGANIZING
2026.07.24 10:09:00;EURUSDm;1.13886;0.248427;1.964286;5.591409;0.587261;1.000000;1.000000;0.675123;8.550281;232.035594;1.702821;0.101909;-244.482253;-0.393820;0.402798;ORGANIZING
2026.07.24 10:10:00;EURUSDm;1.13894;0.240231;1.486989;5.144096;0.612247;1.000000;1.000000;0.663732;8.588857;232.107605;1.633327;0.101370;-245.080933;-0.395932;0.402290;ORGANIZING
2026.07.24 10:11:00;EURUSDm;1.13879;0.348641;2.678571;4.732569;0.695563;1.000000;1.000000;0.651122;8.636842;232.180929;1.437684;0.100165;-245.719851;-0.401861;0.400865;ORGANIZING
2026.07.24 10:12:00;EURUSDm;1.13881;0.401105;0.361011;4.353963;0.658836;1.000000;1.000000;0.637496;8.693839;232.254456;1.517829;0.100098;-246.221999;-0.399460;0.401442;ORGANIZING
2026.07.24 10:13:00;EURUSDm;1.13871;0.470036;1.748252;4.005646;0.693307;1.000000;1.000000;0.623037;8.759507;232.328984;1.442363;0.099247;-246.781733;-0.401767;0.400888;ORGANIZING
2026.07.24 10:14:00;EURUSDm;1.13876;0.628608;0.877193;4.477102;0.682501;1.000000;1.000000;0.615458;8.825593;232.404065;1.465200;0.098780;-246.491566;-0.401105;0.401047;ORGANIZING
2026.07.24 10:15:00;EURUSDm;1.13876;0.527975;0.001000;4.873083;0.628426;1.000000;0.986576;0.604484;8.892741;232.479277;1.591278;0.098759;-246.229069;-0.397324;0.401956;ORGANIZING
2026.07.24 10:16:00;EURUSDm;1.13883;0.340327;1.223776;4.483237;0.638193;1.000000;1.000000;0.593752;8.968747;232.555346;1.566923;0.098033;-246.835302;-0.398091;0.401771;ORGANIZING
2026.07.24 10:17:00;EURUSDm;1.13886;0.449936;0.547445;4.124578;0.613656;1.000000;1.000000;0.581998;9.034736;232.631830;1.629578;0.097748;-247.354376;-0.396225;0.402220;ORGANIZING
2026.07.24 10:18:00;EURUSDm;1.13881;0.664431;0.912409;4.622901;0.608594;1.000000;1.000000;0.577814;9.083246;232.708748;1.643133;0.097374;-247.016560;-0.395837;0.402313;ORGANIZING
2026.07.24 10:19:00;EURUSDm;1.13886;0.639400;0.902527;5.102451;0.603290;1.000000;1.000000;0.572901;9.115524;232.785936;1.657577;0.097166;-246.663625;-0.395414;0.402415;ORGANIZING
2026.07.24 10:20:00;EURUSDm;1.13900;0.371658;2.405498;4.694255;0.673401;1.000000;1.000000;0.564666;9.141425;232.864085;1.485000;0.096344;-247.255412;-0.400633;0.401160;ORGANIZING
2026.07.24 10:21:00;EURUSDm;1.13905;0.251562;0.853242;4.318715;0.662393;1.000000;1.000000;0.555209;9.161479;232.942323;1.509678;0.096348;-247.719378;-0.399892;0.401338;ORGANIZING
2026.07.24 10:22:00;EURUSDm;1.13906;0.491313;0.170648;3.973217;0.617806;1.000000;0.990405;0.544724;9.176171;233.020263;1.618632;0.096724;-248.106641;-0.396605;0.402128;ORGANIZING
2026.07.24 10:23:00;EURUSDm;1.13906;0.648475;0.001000;4.459573;0.566965;1.000000;0.974841;0.541805;9.177908;233.097712;1.763777;0.097213;-247.644531;-0.392226;0.403182;ORGANIZING
2026.07.24 10:24:00;EURUSDm;1.13910;0.582554;0.687285;4.896489;0.552981;1.000000;0.983740;0.536561;9.167890;233.174921;1.808380;0.097490;-247.240315;-0.390874;0.403507;ORGANIZING
2026.07.24 10:25:00;EURUSDm;1.13910;0.281357;0.001000;4.504770;0.505382;1.000000;0.968124;0.529319;9.155052;233.251525;1.978701;0.098138;-247.620880;-0.385732;0.404745;ORGANIZING
2026.07.24 10:26:00;EURUSDm;1.13916;0.230574;1.020408;4.144388;0.511133;1.000000;0.988480;0.520872;9.139639;233.328033;1.956436;0.098313;-248.015799;-0.386391;0.404586;ORGANIZING
2026.07.24 10:27:00;EURUSDm;1.13920;0.203435;0.677966;3.812837;0.499475;1.000000;0.995842;0.511406;9.121873;233.404246;2.002102;0.098690;-248.357442;-0.385002;0.404921;ORGANIZING
2026.07.24 10:28:00;EURUSDm;1.13911;0.221933;1.505017;3.507810;0.529752;1.000000;1.000000;0.501087;9.101962;233.480563;1.887675;0.098689;-248.708603;-0.388435;0.404094;ORGANIZING
2026.07.24 10:29:00;EURUSDm;1.13895;0.725013;2.572347;4.051570;0.611882;1.000000;1.000000;0.503221;9.071851;233.557401;1.634302;0.098165;-248.267855;-0.396063;0.402259;ORGANIZING
2026.07.24 10:30:00;EURUSDm;1.13901;0.741546;1.000000;4.607730;0.611288;1.000000;1.000000;0.505868;9.031855;233.633832;1.635891;0.098532;-247.712835;-0.395997;0.402275;ORGANIZING
2026.07.24 10:31:00;EURUSDm;1.13901;0.336475;0.001000;4.239112;0.560773;1.000000;0.982740;0.499005;8.991630;233.709356;1.783251;0.099489;-248.012289;-0.391528;0.403350;ORGANIZING
2026.07.24 10:32:00;EURUSDm;1.13912;0.248140;1.870748;3.899983;0.606272;1.000000;1.000000;0.491011;8.951212;233.784931;1.649424;0.099517;-248.375667;-0.395541;0.402384;ORGANIZING
2026.07.24 10:33:00;EURUSDm;1.13905;0.231050;1.198630;3.587984;0.615890;1.000000;1.000000;0.482061;8.910633;233.860196;1.623666;0.099914;-248.673489;-0.396294;0.402203;ORGANIZING
2026.07.24 10:34:00;EURUSDm;1.13904;0.272572;0.171233;3.300945;0.573657;1.000000;0.987865;0.472310;8.877841;233.934711;1.743201;0.100768;-248.907724;-0.392666;0.403076;ORGANIZING
2026.07.24 10:35:00;EURUSDm;1.13901;0.306629;0.520833;3.036870;0.551016;1.000000;0.988050;0.461898;8.851814;234.008739;1.814829;0.101371;-249.150309;-0.390487;0.403600;ORGANIZING
2026.07.24 10:36:00;EURUSDm;1.13908;0.306730;1.211073;2.793920;0.564019;1.000000;1.000000;0.450950;8.824448;234.082624;1.772990;0.101632;-249.403520;-0.391729;0.403301;ORGANIZING
2026.07.24 10:37:00;EURUSDm;1.13904;0.416536;0.692042;2.570406;0.550420;1.000000;1.000000;0.439579;8.795867;234.156087;1.816794;0.102188;-249.606993;-0.390387;0.403624;ORGANIZING
2026.07.24 10:38:00;EURUSDm;1.13904;0.321419;0.001000;2.364774;0.502949;1.000000;0.980420;0.427881;8.774469;234.228861;1.988273;0.103036;-249.771738;-0.385200;0.404873;ORGANIZING
2026.07.24 10:39:00;EURUSDm;1.13892;0.763448;2.040816;2.937360;0.559842;1.000000;1.000000;0.435117;8.752248;234.301982;1.786217;0.102593;-249.299194;-0.391284;0.403408;ORGANIZING
2026.07.24 10:40:00;EURUSDm;1.13877;0.323405;2.483444;2.702371;0.636022;1.000000;1.000000;0.425110;8.728406;234.375626;1.572272;0.102150;-249.616309;-0.397724;0.401859;ORGANIZING
2026.07.24 10:41:00;EURUSDm;1.13880;0.289482;0.496689;2.486181;0.609056;1.000000;0.997263;0.414664;8.703089;234.448748;1.641886;0.102809;-249.807128;-0.395603;0.402369;ORGANIZING
2026.07.24 10:42:00;EURUSDm;1.13880;0.280703;0.001000;2.287287;0.558653;1.000000;0.976907;0.403876;8.676433;234.521099;1.790020;0.103746;-249.953081;-0.391112;0.403450;ORGANIZING
2026.07.24 10:43:00;EURUSDm;1.13872;0.225250;1.342282;2.104304;0.577834;1.000000;1.000000;0.392831;8.656603;234.593443;1.730600;0.103872;-250.165842;-0.392888;0.403022;ORGANIZING
2026.07.24 10:44:00;EURUSDm;1.13867;0.198631;0.850340;1.935960;0.571460;1.000000;1.000000;0.381607;8.642926;234.665587;1.749905;0.104210;-250.350151;-0.392292;0.403166;ORGANIZING
2026.07.24 10:45:00;EURUSDm;1.13873;0.221867;1.006711;1.781083;0.573222;0.999853;1.000000;0.370270;8.626948;234.737592;1.744268;0.104473;-250.524314;-0.392448;0.403128;ORGANIZING
2026.07.24 10:46:00;EURUSDm;1.13861;0.173518;1.935484;1.638596;0.621338;0.994132;1.000000;0.358881;8.608871;234.810011;1.599986;0.103673;-250.734124;-0.396817;0.402077;ORGANIZING
2026.07.24 10:47:00;EURUSDm;1.13869;0.182509;1.290323;1.507508;0.634905;0.983610;1.000000;0.347491;8.588880;234.882577;1.549225;0.102767;-250.899105;-0.398385;0.401700;ORGANIZING
2026.07.24 10:48:00;EURUSDm;1.13865;0.195473;0.649351;1.386908;0.615955;0.969008;0.999889;0.336147;8.567145;234.955027;1.573180;0.101795;-251.021649;-0.397715;0.401861;ORGANIZING
2026.07.24 10:49:00;EURUSDm;1.13861;0.229450;0.662252;1.275955;0.598890;0.950852;0.999837;0.324887;8.552065;235.027520;1.587691;0.100345;-251.153507;-0.397352;0.401949;ORGANIZING
2026.07.24 10:50:00;EURUSDm;1.13857;0.197569;0.662252;1.173879;0.583041;0.929630;0.999393;0.313747;8.543643;235.100194;1.594451;0.098473;-251.294506;-0.397243;0.401975;ORGANIZING
2026.07.24 10:51:00;EURUSDm;1.13857;0.200716;0.001000;1.079968;0.535346;0.905939;0.975430;0.302755;8.532516;235.172754;1.692249;0.096679;-251.392735;-0.394399;0.402659;ORGANIZING
2026.07.24 10:52:00;EURUSDm;1.13845;0.170970;2.040816;0.993571;0.592501;0.879706;1.000000;0.291937;8.518918;235.246274;1.484734;0.093552;-251.587207;-0.400780;0.401125;ORGANIZING
2026.07.24 10:53:00;EURUSDm;1.13831;0.171767;2.325581;0.914085;0.661561;0.851260;1.000000;0.281314;8.503062;235.320895;1.286745;0.090119;-251.785864;-0.406892;0.399658;ORGANIZING
2026.07.24 10:54:00;EURUSDm;1.13822;0.172721;1.456311;0.840958;0.684273;0.821172;1.000000;0.270905;8.485147;235.396166;1.200065;0.086986;-251.930412;-0.409649;0.398996;ORGANIZING
2026.07.24 10:55:00;EURUSDm;1.13825;0.183544;0.500000;0.773682;0.658636;0.789990;0.991982;0.260724;8.465353;235.471606;1.199434;0.084178;-252.018723;-0.409808;0.398958;ORGANIZING
2026.07.24 10:56:00;EURUSDm;1.13816;0.176619;1.470588;0.711787;0.683434;0.757746;1.000000;0.250782;8.443848;235.547724;1.108734;0.080800;-252.150883;-0.412698;0.398265;ORGANIZING
2026.07.24 10:57:00;EURUSDm;1.13818;0.186310;0.327869;0.654844;0.650501;0.724979;0.985253;0.241090;8.420784;235.623937;1.114495;0.077851;-252.218362;-0.412673;0.398271;ORGANIZING
2026.07.24 10:58:00;EURUSDm;1.13837;0.208563;2.987421;0.602457;0.752847;0.691241;1.000000;0.231655;8.396303;235.701604;0.918169;0.073687;-252.416670;-0.418771;0.396811;ORGANIZING
2026.07.24 10:59:00;EURUSDm;1.13827;0.212633;1.577287;0.554260;0.780244;0.657122;1.000000;0.222482;8.378153;235.780045;0.842201;0.070049;-252.550177;-0.421232;0.396222;ORGANIZING
2026.07.24 11:00:00;EURUSDm;1.13822;0.234015;0.796178;0.509919;0.767898;0.623013;1.000000;0.213575;8.358186;235.858846;0.811322;0.066706;-252.637335;-0.422325;0.395961;ORGANIZING
2026.07.24 11:01:00;EURUSDm;1.13826;0.245602;0.660066;0.469126;0.750047;0.589112;0.995577;0.204936;8.336566;235.937930;0.785433;0.063403;-252.712743;-0.423267;0.395735;ORGANIZING
2026.07.24 11:02:00;EURUSDm;1.13835;0.281696;1.451613;0.431596;0.773343;0.555363;1.000000;0.196566;8.313440;236.017690;0.718133;0.059824;-252.824086;-0.425465;0.395210;ORGANIZING
2026.07.24 11:03:00;EURUSDm;1.13841;0.376982;0.980392;0.397068;0.772588;0.522019;1.000000;0.188464;8.288945;236.097865;0.675675;0.056434;-252.906185;-0.426908;0.394865;ORGANIZING
2026.07.24 11:04:00;EURUSDm;1.13844;0.483132;0.493421;0.365303;0.748189;0.489302;0.988866;0.180629;8.263207;236.178193;0.653982;0.053231;-252.959449;-0.427719;0.394671;ORGANIZING
2026.07.24 11:05:00;EURUSDm;1.13840;0.360472;0.649351;0.336078;0.733461;0.457251;0.983305;0.173059;8.236341;236.258746;0.623415;0.050012;-253.017678;-0.428797;0.394414;ORGANIZING
2026.07.24 11:06:00;EURUSDm;1.13833;0.416239;1.136364;0.309192;0.744461;0.425809;0.994719;0.165750;8.208453;236.339759;0.571970;0.046696;-253.097626;-0.430506;0.394005;ORGANIZING
2026.07.24 11:07:00;EURUSDm;1.13834;0.354490;0.163399;0.284457;0.706892;0.395277;0.971424;0.158699;8.179642;236.420719;0.559175;0.043700;-253.124560;-0.431040;0.393878;ORGANIZING
2026.07.24 11:08:00;EURUSDm;1.13836;0.405223;0.330033;0.261700;0.680144;0.365640;0.954530;0.151902;8.149996;236.501708;0.537592;0.040708;-253.158306;-0.431837;0.393688;ORGANIZING
2026.07.24 11:09:00;EURUSDm;1.13849;0.827095;2.090032;0.882022;0.743325;0.367479;0.999589;0.175323;8.113185;236.582923;0.494371;0.040687;-252.653764;-0.433135;0.393378;AGING
2026.07.24 11:10:00;EURUSDm;1.13853;0.889813;0.664452;1.549382;0.732032;0.397200;0.993996;0.199925;8.076374;236.663063;0.542599;0.044092;-252.001112;-0.431517;0.393764;ORGANIZING
2026.07.24 11:11:00;EURUSDm;1.13852;0.883211;0.168350;2.211790;0.695904;0.450194;0.972095;0.223049;8.047310;236.741491;0.646920;0.050210;-251.316130;-0.428082;0.394584;ORGANIZING
2026.07.24 11:12:00;EURUSDm;1.13858;0.749243;0.993377;2.773722;0.701774;0.519313;0.980647;0.239993;8.024875;236.818372;0.740001;0.057916;-250.756847;-0.424904;0.395344;ORGANIZING
2026.07.24 11:13:00;EURUSDm;1.13853;0.482586;0.814332;2.551825;0.697015;0.576865;0.983226;0.239088;8.001128;236.893816;0.827622;0.064546;-250.942575;-0.421944;0.396052;ORGANIZING
2026.07.24 11:14:00;EURUSDm;1.13877;0.261771;3.669725;2.347679;0.834113;0.623872;1.000000;0.237341;7.976190;236.969441;0.747946;0.068954;-251.259067;-0.424114;0.395533;ORGANIZING
2026.07.24 11:15:00;EURUSDm;1.13875;0.272900;0.303951;2.159864;0.795128;0.661868;0.983945;0.234865;7.950171;237.043657;0.832405;0.073703;-251.387124;-0.421343;0.396195;ORGANIZING
2026.07.24 11:16:00;EURUSDm;1.13870;0.265867;0.762195;1.987075;0.780244;0.691603;0.984404;0.231761;7.923173;237.116859;0.886393;0.077402;-251.528294;-0.419538;0.396627;ORGANIZING
2026.07.24 11:17:00;EURUSDm;1.13872;0.266461;0.306748;1.828109;0.742737;0.713955;0.968798;0.228121;7.895290;237.188960;0.961248;0.080526;-251.636456;-0.417136;0.397202;ORGANIZING
2026.07.24 11:18:00;EURUSDm;1.13864;0.405491;1.230769;1.681860;0.752860;0.729475;0.985951;0.224028;7.866607;237.260566;0.968939;0.082487;-251.783360;-0.416807;0.397281;ORGANIZING
2026.07.24 11:19:00;EURUSDm;1.13854;0.407243;1.567398;1.547312;0.778997;0.738791;1.000000;0.219554;7.837205;237.331952;0.948388;0.083614;-251.938363;-0.417368;0.397147;ORGANIZING
2026.07.24 11:20:00;EURUSDm;1.13849;0.398691;0.786164;1.423527;0.764580;0.742722;1.000000;0.214765;7.807155;237.402815;0.971413;0.084530;-252.044985;-0.416631;0.397323;ORGANIZING
2026.07.24 11:21:00;EURUSDm;1.13848;0.450990;0.156740;1.309644;0.719333;0.742003;0.978003;0.209721;7.776524;237.472933;1.031515;0.085233;-252.113110;-0.414793;0.397763;ORGANIZING
2026.07.24 11:22:00;EURUSDm;1.13847;0.716242;0.161812;1.846826;0.676617;0.763673;0.956776;0.226094;7.751794;237.541944;1.128664;0.088240;-251.563838;-0.411728;0.398498;ORGANIZING
2026.07.24 11:23:00;EURUSDm;1.13848;0.787160;0.165017;2.437196;0.635764;0.805674;0.936978;0.244308;7.733436;237.609522;1.267254;0.093536;-250.957904;-0.407306;0.399558;ORGANIZING
2026.07.24 11:24:00;EURUSDm;1.13842;0.770727;0.974026;3.015241;0.636563;0.864417;0.946825;0.260995;7.721268;237.675812;1.357944;0.100294;-250.397244;-0.404247;0.400292;ORGANIZING
2026.07.24 11:25:00;EURUSDm;1.13839;0.769579;0.487013;3.592425;0.611797;0.937542;0.939867;0.276804;7.715225;237.740332;1.532439;0.108968;-249.806221;-0.398578;0.401654;ORGANIZING
2026.07.24 11:26:00;EURUSDm;1.13841;0.774094;0.330033;4.172996;0.578958;1.000000;0.928211;0.291993;7.715287;237.803274;1.727240;0.116465;-249.223797;-0.392360;0.403149;ORGANIZING
2026.07.24 11:27:00;EURUSDm;1.13848;0.598496;1.143791;4.621868;0.587200;1.000000;0.945976;0.299837;7.720085;237.866347;1.702998;0.116183;-248.871522;-0.393101;0.402971;ORGANIZING
2026.07.24 11:28:00;EURUSDm;1.13837;0.788487;1.735016;5.213233;0.624591;1.000000;0.984087;0.314413;7.731000;237.929903;1.601049;0.115340;-248.432086;-0.396202;0.402225;ORGANIZING
2026.07.24 11:29:00;EURUSDm;1.13819;0.343227;2.786378;4.796175;0.712680;1.000000;1.000000;0.319545;7.731486;237.994345;1.403154;0.114107;-249.012914;-0.402200;0.400784;ORGANIZING
2026.07.24 11:30:00;EURUSDm;1.13810;0.285035;1.419558;4.412481;0.728024;1.000000;1.000000;0.322753;7.721460;238.058839;1.373581;0.113996;-249.462808;-0.403093;0.400569;ORGANIZING
2026.07.24 11:31:00;EURUSDm;1.13818;0.330646;1.242236;4.059482;0.733735;1.000000;1.000000;0.324265;7.701330;238.123190;1.362891;0.114164;-249.848632;-0.403405;0.400495;ORGANIZING
2026.07.24 11:32:00;EURUSDm;1.13821;0.319373;0.461538;3.734724;0.700125;1.000000;0.992503;0.324290;7.672433;238.186916;1.428317;0.114984;-250.145762;-0.401401;0.400976;ORGANIZING
2026.07.24 11:33:00;EURUSDm;1.13816;0.318894;0.776398;3.435946;0.683938;1.000000;0.996290;0.323014;7.642912;238.250184;1.462120;0.115609;-250.430029;-0.400356;0.401227;ORGANIZING
2026.07.24 11:34:00;EURUSDm;1.13816;0.250626;0.001000;3.161070;0.629791;1.000000;0.972760;0.320607;7.612831;238.312610;1.587827;0.116778;-250.648209;-0.396526;0.402147;ORGANIZING
2026.07.24 11:35:00;EURUSDm;1.13805;0.241304;1.708075;2.908185;0.663706;1.000000;1.000000;0.317221;7.582250;238.375070;1.506692;0.116779;-250.929534;-0.398960;0.401562;ORGANIZING
2026.07.24 11:36:00;EURUSDm;1.13809;0.256668;0.636943;2.675530;0.642367;1.000000;0.998396;0.312993;7.551224;238.437006;1.556741;0.117556;-251.132277;-0.397420;0.401932;ORGANIZING
2026.07.24 11:37:00;EURUSDm;1.13809;0.253042;0.001000;2.461487;0.590299;1.000000;0.974442;0.308045;7.519801;238.498107;1.694056;0.118791;-251.282612;-0.393239;0.402938;ORGANIZING
2026.07.24 11:38:00;EURUSDm;1.13793;0.246998;2.515723;2.264568;0.666570;1.000000;1.000000;0.302489;7.488030;238.559653;1.500217;0.118244;-251.542692;-0.399081;0.401533;ORGANIZING
2026.07.24 11:39:00;EURUSDm;1.13792;0.260094;0.158730;2.083403;0.621178;1.000000;0.981143;0.296423;7.455950;238.620424;1.609844;0.119424;-251.662946;-0.395734;0.402338;ORGANIZING
2026.07.24 11:40:00;EURUSDm;1.13791;0.272587;0.160256;1.916731;0.578132;1.000000;0.962786;0.289935;7.423603;238.680441;1.729708;0.120603;-251.768919;-0.392079;0.403217;ORGANIZING
2026.07.24 11:41:00;EURUSDm;1.13795;0.288901;0.632911;1.763392;0.560871;1.000000;0.961389;0.283105;7.391022;238.739960;1.782941;0.121433;-251.885694;-0.390440;0.403611;ORGANIZING
2026.07.24 11:42:00;EURUSDm;1.13789;0.278191;0.967742;1.622321;0.561215;0.997280;0.971520;0.276004;7.356312;238.799190;1.777003;0.121716;-252.005435;-0.390604;0.403572;ORGANIZING
2026.07.24 11:43:00;EURUSDm;1.13786;0.270873;0.501672;1.492535;0.538292;0.989704;0.964735;0.268693;7.328977;238.858069;1.838601;0.121646;-252.109461;-0.388760;0.404016;ORGANIZING
2026.07.24 11:44:00;EURUSDm;1.13795;0.308382;1.505017;1.373132;0.566834;0.977637;0.993049;0.261228;7.308753;238.917272;1.724732;0.120150;-252.273300;-0.392251;0.403176;ORGANIZING
2026.07.24 11:45:00;EURUSDm;1.13803;0.362457;1.315789;1.263282;0.584729;0.961669;1.000000;0.253659;7.295501;238.976841;1.644640;0.118230;-252.434940;-0.394749;0.402575;ORGANIZING
2026.07.24 11:46:00;EURUSDm;1.13801;0.349992;0.336700;1.162219;0.553094;0.942522;0.985663;0.246030;7.289131;239.036413;1.704089;0.116530;-252.555087;-0.393051;0.402983;ORGANIZING
2026.07.24 11:47:00;EURUSDm;1.13794;0.305951;1.158940;1.069242;0.564536;0.920459;1.000000;0.238377;7.288212;239.096531;1.630470;0.113762;-252.724544;-0.395398;0.402419;ORGANIZING
2026.07.24 11:48:00;EURUSDm;1.13792;0.331396;0.350877;0.983702;0.535444;0.896090;0.985624;0.230735;7.294066;239.156904;1.673546;0.111174;-252.862158;-0.394235;0.402698;ORGANIZING
2026.07.24 11:49:00;EURUSDm;1.13794;0.479449;0.361011;0.905006;0.508801;0.869787;0.971838;0.223133;7.296507;239.217561;1.709484;0.108338;-252.990850;-0.393299;0.402923;ORGANIZING
2026.07.24 11:50:00;EURUSDm;1.13789;0.543563;0.902527;1.312678;0.511091;0.863301;0.977222;0.232360;7.291023;239.278317;1.689132;0.107450;-252.660195;-0.393954;0.402766;ORGANIZING
2026.07.24 11:51:00;EURUSDm;1.13769;0.317635;3.412969;1.207664;0.638919;0.851626;1.000000;0.225993;7.283086;239.340504;1.332917;0.104520;-252.938291;-0.404787;0.400163;ORGANIZING
2026.07.24 11:52:00;EURUSDm;1.13757;0.287503;2.027027;1.111051;0.691292;0.836302;1.000000;0.219524;7.272907;239.403420;1.209767;0.102191;-253.132221;-0.408597;0.399248;ORGANIZING
2026.07.24 11:53:00;EURUSDm;1.13754;0.297458;0.511945;1.022167;0.665599;0.818146;0.990601;0.212992;7.260680;239.466320;1.229188;0.100518;-253.238950;-0.408098;0.399368;ORGANIZING
2026.07.24 11:54:00;EURUSDm;1.13762;0.316783;1.342282;0.940394;0.683070;0.797375;1.000000;0.206431;7.246584;239.529669;1.167341;0.098005;-253.381000;-0.410080;0.398893;ORGANIZING
2026.07.24 11:55:00;EURUSDm;1.13743;0.304566;3.035144;0.865162;0.784726;0.773982;1.000000;0.199871;7.230781;239.594344;0.986308;0.094211;-253.601231;-0.415700;0.397546;ORGANIZING
2026.07.24 11:56:00;EURUSDm;1.13731;0.287964;1.886792;0.795949;0.824350;0.748619;1.000000;0.193338;7.213423;239.659750;0.908133;0.090950;-253.753053;-0.418209;0.396946;ORGANIZING
2026.07.24 11:57:00;EURUSDm;1.13717;0.283707;2.114804;0.732273;0.873900;0.721563;1.000000;0.186855;7.194648;239.726004;0.825681;0.087405;-253.909074;-0.420859;0.396311;ORGANIZING
2026.07.24 11:58:00;EURUSDm;1.13748;0.424960;4.305556;0.673691;1.000000;0.692734;1.000000;0.180441;7.174584;239.793895;0.692734;0.082912;-254.137520;-0.425072;0.395304;ORGANIZING
2026.07.24 11:59:00;EURUSDm;1.13742;0.426226;0.849858;0.619796;0.978638;0.663131;1.000000;0.174114;7.153347;239.861952;0.677605;0.079837;-254.212586;-0.425680;0.395158;ORGANIZING
2026.07.24 12:00:00;EURUSDm;1.13756;0.552181;1.928375;1.033931;1.000000;0.654687;1.000000;0.186115;7.126408;239.930123;0.654687;0.078759;-253.866551;-0.426421;0.394981;ORGANIZING
2026.07.24 12:01:00;EURUSDm;1.13730;0.377303;3.350515;0.951217;1.000000;0.642344;1.000000;0.180945;7.098898;239.998265;0.642344;0.077579;-253.964389;-0.426851;0.394879;ORGANIZING
2026.07.24 12:02:00;EURUSDm;1.13744;0.479697;1.767677;0.875120;1.000000;0.627330;1.000000;0.175703;7.070875;240.066427;0.627330;0.076072;-254.057133;-0.427377;0.394753;ORGANIZING
2026.07.24 12:03:00;EURUSDm;1.13720;0.391380;2.891566;0.805110;1.000000;0.610024;1.000000;0.170418;7.042395;240.134650;0.610024;0.074277;-254.145143;-0.427985;0.394607;ORGANIZING
2026.07.24 12:04:00;EURUSDm;1.13727;0.393656;0.879397;0.740701;0.981769;0.590858;1.000000;0.165118;7.013507;240.202786;0.601830;0.072406;-254.210246;-0.428325;0.394526;ORGANIZING
2026.07.24 12:05:00;EURUSDm;1.13735;0.394535;0.990099;0.681445;0.970369;0.570112;1.000000;0.159824;6.984258;240.270930;0.587521;0.070259;-254.277907;-0.428861;0.394398;ORGANIZING
2026.07.24 12:06:00;EURUSDm;1.13746;0.444119;1.341463;0.626930;0.977521;0.547978;1.000000;0.154559;6.954690;240.339293;0.560580;0.067762;-254.360404;-0.429794;0.394175;ORGANIZING
2026.07.24 12:07:00;EURUSDm;1.13749;0.508433;0.364964;1.008254;0.935934;0.545284;0.983183;0.165897;6.920526;240.406952;0.582609;0.067970;-253.962195;-0.429123;0.394336;ORGANIZING
2026.07.24 12:08:00;EURUSDm;1.13755;0.586739;0.733496;1.448309;0.914906;0.561420;0.980251;0.179605;6.890570;240.473778;0.613636;0.070309;-253.519305;-0.428075;0.394586;ORGANIZING
2026.07.24 12:09:00;EURUSDm;1.13766;0.737480;1.341463;2.001419;0.925006;0.598144;0.999179;0.198280;6.867081;240.539736;0.646638;0.074858;-252.995902;-0.426858;0.394877;ORGANIZING
2026.07.24 12:10:00;EURUSDm;1.13772;0.936035;0.729927;2.703446;0.903289;0.657535;0.996695;0.223468;6.846653;240.604085;0.727935;0.082466;-252.286635;-0.424039;0.395551;ORGANIZING
2026.07.24 12:11:00;EURUSDm;1.13768;0.991854;0.483092;3.447336;0.869128;0.736952;0.986541;0.249489;6.834817;240.666385;0.847921;0.092658;-251.519836;-0.419929;0.396534;ORGANIZING
2026.07.24 12:12:00;EURUSDm;1.13768;0.978777;0.001000;4.181419;0.810983;0.832732;0.960779;0.273719;6.831346;240.726154;1.026818;0.105195;-250.733116;-0.413936;0.397969;ORGANIZING
2026.07.24 12:13:00;EURUSDm;1.13763;0.981108;0.599520;4.917250;0.783755;0.942041;0.957715;0.296824;6.836140;240.783512;1.201959;0.118994;-249.973905;-0.407992;0.399394;ORGANIZING
2026.07.24 12:14:00;EURUSDm;1.13774;0.952640;1.303318;5.631730;0.790892;1.000000;0.980200;0.317707;6.848873;240.839909;1.264395;0.125668;-249.332233;-0.405785;0.399923;ORGANIZING
2026.07.24 12:15:00;EURUSDm;1.13758;0.889291;1.839080;6.298698;0.823302;1.000000;1.000000;0.335170;6.868964;240.896832;1.214621;0.124573;-248.829704;-0.407333;0.399552;ORGANIZING
2026.07.24 12:16:00;EURUSDm;1.13767;0.545665;1.018100;6.707947;0.813042;1.000000;1.000000;0.338874;6.893739;240.953900;1.229949;0.124291;-248.524222;-0.406887;0.399659;ORGANIZING
2026.07.24 12:17:00;EURUSDm;1.13766;0.451345;0.114679;6.171311;0.758124;1.000000;0.980874;0.348762;6.913661;241.010618;1.319046;0.124680;-249.122277;-0.404195;0.400305;ORGANIZING
2026.07.24 12:18:00;EURUSDm;1.13769;0.698957;0.350467;6.695528;0.717741;1.000000;0.971017;0.357535;6.939311;241.067188;1.393261;0.124772;-248.683092;-0.401964;0.400841;ORGANIZING
2026.07.24 12:19:00;EURUSDm;1.13765;0.639492;0.483092;7.175148;0.686008;1.000000;0.966453;0.363639;6.970168;241.123750;1.457708;0.124691;-248.302225;-0.400034;0.401304;ORGANIZING
2026.07.24 12:20:00;EURUSDm;1.13760;0.932409;0.609756;7.874455;0.662196;1.000000;0.966696;0.380422;7.003722;241.180409;1.510128;0.124280;-247.736440;-0.398482;0.401677;ORGANIZING
2026.07.24 12:21:00;EURUSDm;1.13757;0.554758;0.370370;8.290523;0.627604;1.000000;0.959139;0.382205;7.042097;241.237106;1.593360;0.124194;-247.422791;-0.395989;0.402276;ORGANIZING
2026.07.24 12:22:00;EURUSDm;1.13747;0.919035;1.213592;8.979799;0.636904;1.000000;0.981422;0.397558;7.087933;241.294355;1.570096;0.123116;-246.922442;-0.396741;0.402096;ORGANIZING
2026.07.24 12:23:00;EURUSDm;1.13756;0.459728;1.081731;8.261415;0.639145;1.000000;0.998848;0.413600;7.127057;241.352017;1.564590;0.122252;-247.811059;-0.396950;0.402045;ORGANIZING
2026.07.24 12:24:00;EURUSDm;1.13754;0.536561;0.239234;8.663836;0.599150;1.000000;0.986737;0.413041;7.170653;241.409715;1.669032;0.122207;-247.512415;-0.393819;0.402798;ORGANIZING
2026.07.24 12:25:00;EURUSDm;1.13740;0.918999;1.662708;9.353085;0.632328;1.000000;1.000000;0.426851;7.221516;241.468253;1.581459;0.120763;-247.044229;-0.396518;0.402149;ORGANIZING
2026.07.24 12:26:00;EURUSDm;1.13743;0.909265;0.357143;10.035033;0.598568;1.000000;0.992440;0.439606;7.279489;241.527034;1.670653;0.120226;-246.528759;-0.393869;0.402786;ORGANIZING
2026.07.24 12:27:00;EURUSDm;1.13740;0.899085;0.354610;10.709347;0.566370;1.000000;0.985502;0.451341;7.340103;241.586098;1.765629;0.119649;-246.026009;-0.391049;0.403465;ORGANIZING
2026.07.24 12:28:00;EURUSDm;1.13746;0.890565;0.726392;11.377271;0.554371;1.000000;0.992230;0.462170;7.402692;241.645669;1.803845;0.118776;-245.552494;-0.389946;0.403730;ORGANIZING
2026.07.24 12:29:00;EURUSDm;1.13737;0.484180;1.068884;10.467089;0.560097;1.000000;1.000000;0.484571;7.450335;241.705773;1.785405;0.117716;-246.668593;-0.390552;0.403584;ORGANIZING
2026.07.24 12:30:00;EURUSDm;1.13751;0.579637;1.612903;10.901817;0.592737;1.000000;1.000000;0.482079;7.495067;241.766651;1.687088;0.116688;-246.411864;-0.393553;0.402862;ORGANIZING
2026.07.24 12:31:00;EURUSDm;1.13740;0.486697;1.247166;10.029672;0.605459;1.000000;1.000000;0.501582;7.523415;241.827940;1.651640;0.115869;-247.453722;-0.394657;0.402597;ORGANIZING
2026.07.24 12:32:00;EURUSDm;1.13727;0.403027;1.450893;9.227298;0.627730;1.000000;1.000000;0.516622;7.536257;241.889580;1.593040;0.115199;-248.395770;-0.396449;0.402166;ORGANIZING
2026.07.24 12:33:00;EURUSDm;1.13709;0.357117;1.943844;8.489114;0.673536;1.000000;1.000000;0.527700;7.534294;241.951658;1.484701;0.114475;-249.260068;-0.399735;0.401376;ORGANIZING
2026.07.24 12:34:00;EURUSDm;1.13698;0.321219;1.182796;7.809985;0.678999;1.000000;1.000000;0.535271;7.518405;242.013632;1.472756;0.114512;-249.990000;-0.400092;0.401290;ORGANIZING
2026.07.24 12:35:00;EURUSDm;1.13717;0.407545;1.995798;7.185186;0.724839;1.000000;1.000000;0.539748;7.489678;242.075778;1.379616;0.114230;-250.674282;-0.402900;0.400616;ORGANIZING
2026.07.24 12:36:00;EURUSDm;1.13706;0.343423;1.134021;6.610371;0.725298;1.000000;1.000000;0.541501;7.453205;242.137563;1.378743;0.114679;-251.241903;-0.402904;0.400615;ORGANIZING
2026.07.24 12:37:00;EURUSDm;1.13714;0.366481;0.823045;6.081542;0.710186;1.000000;1.000000;0.540867;7.416837;242.198833;1.408083;0.115368;-251.742886;-0.401989;0.400835;ORGANIZING
2026.07.24 12:38:00;EURUSDm;1.13716;0.365489;0.205761;5.595018;0.664964;1.000000;0.991132;0.538150;7.390758;242.259390;1.503840;0.116362;-252.187153;-0.399067;0.401537;ORGANIZING
2026.07.24 12:39:00;EURUSDm;1.13719;0.384999;0.308008;5.147417;0.627117;1.000000;0.986058;0.533623;7.374082;242.319402;1.594600;0.117167;-252.614511;-0.396304;0.402201;ORGANIZING
2026.07.24 12:40:00;EURUSDm;1.13712;0.372443;0.715746;4.735623;0.611548;1.000000;0.995274;0.527531;7.368599;242.379203;1.635195;0.117541;-253.047390;-0.395067;0.402498;ORGANIZING
2026.07.24 12:41:00;EURUSDm;1.13686;0.323589;2.626263;4.356774;0.692284;1.000000;1.000000;0.520097;7.371094;242.439837;1.444494;0.116503;-253.557730;-0.400840;0.401111;ORGANIZING
2026.07.24 12:42:00;EURUSDm;1.13676;0.323099;1.014199;4.008232;0.688380;1.000000;1.000000;0.511520;7.383954;242.500561;1.452687;0.116498;-253.971656;-0.400594;0.401170;ORGANIZING
2026.07.24 12:43:00;EURUSDm;1.13678;0.316955;0.203252;3.687573;0.644123;1.000000;0.990017;0.501976;7.392773;242.560930;1.552498;0.117111;-254.306978;-0.397569;0.401896;ORGANIZING
2026.07.24 12:44:00;EURUSDm;1.13679;0.322643;0.103093;3.392567;0.597072;1.000000;0.976544;0.491628;7.408522;242.620985;1.674841;0.117686;-254.625789;-0.393870;0.402786;ORGANIZING
2026.07.24 12:45:00;EURUSDm;1.13707;0.447000;2.834008;3.121162;0.688918;1.000000;1.000000;0.480617;7.433798;242.682213;1.451551;0.116234;-255.078799;-0.400642;0.401158;ORGANIZING
2026.07.24 12:46:00;EURUSDm;1.13700;0.394328;0.715746;2.871469;0.670260;1.000000;1.000000;0.469071;7.468265;242.743598;1.491959;0.116176;-255.417060;-0.399432;0.401449;ORGANIZING
2026.07.24 12:47:00;EURUSDm;1.13684;0.358550;1.629328;2.641751;0.698213;1.000000;1.000000;0.457103;7.511600;242.805696;1.432227;0.115381;-255.799563;-0.401264;0.401009;ORGANIZING
2026.07.24 12:48:00;EURUSDm;1.13681;0.345018;0.323974;2.430411;0.659501;1.000000;0.992338;0.444815;7.563510;242.867926;1.516297;0.115369;-256.113666;-0.398743;0.401614;ORGANIZING
2026.07.24 12:49:00;EURUSDm;1.13686;0.381330;0.541126;2.235978;0.633582;1.000000;0.992114;0.432296;7.608004;242.930342;1.578326;0.115289;-256.408545;-0.396886;0.402061;ORGANIZING
2026.07.24 12:50:00;EURUSDm;1.13682;0.341992;0.442478;2.057100;0.604027;1.000000;0.988007;0.419625;7.658411;242.992966;1.655554;0.115180;-256.695965;-0.394574;0.402617;ORGANIZING
2026.07.24 12:51:00;EURUSDm;1.13680;0.361937;0.233645;1.892532;0.565508;1.000000;0.976291;0.406872;7.701490;243.055636;1.768321;0.115289;-256.945337;-0.391186;0.403432;ORGANIZING
2026.07.24 12:52:00;EURUSDm;1.13683;0.417102;0.359712;1.741130;0.535218;0.997006;0.968951;0.394099;7.737844;243.118427;1.862803;0.115033;-257.179395;-0.388364;0.404111;ORGANIZING
2026.07.24 12:53:00;EURUSDm;1.13690;0.678040;0.875000;2.249660;0.532267;1.000000;0.979456;0.399820;7.761550;243.181365;1.878755;0.115027;-256.786712;-0.387886;0.404226;ORGANIZING
2026.07.24 12:54:00;EURUSDm;1.13691;0.900943;0.126904;2.925367;0.491999;1.000000;0.963611;0.413614;7.771588;243.244001;2.032524;0.115245;-256.181038;-0.383262;0.405340;ORGANIZING
2026.07.24 12:55:00;EURUSDm;1.13692;0.534727;0.129199;3.326412;0.453859;1.000000;0.948883;0.412986;7.771318;243.306253;2.203327;0.115765;-255.802307;-0.378112;0.406582;ORGANIZING
2026.07.24 12:56:00;EURUSDm;1.13682;0.545592;1.295337;3.735607;0.475933;1.000000;0.975463;0.412796;7.761209;243.368624;2.101136;0.115608;-255.456961;-0.381186;0.405841;ORGANIZING
2026.07.24 12:57:00;EURUSDm;1.13680;0.442681;0.259740;3.436758;0.445123;1.000000;0.964861;0.407099;7.748851;243.430564;2.246568;0.116265;-255.750829;-0.376790;0.406901;ORGANIZING
2026.07.24 12:58:00;EURUSDm;1.13694;0.568240;1.781170;3.862938;0.491926;1.000000;1.000000;0.408053;7.727427;243.492757;2.032827;0.115910;-255.392706;-0.383220;0.405351;ORGANIZING
2026.07.24 12:59:00;EURUSDm;1.13695;0.545637;0.130548;4.272165;0.453857;1.000000;0.983851;0.408112;7.697543;243.554271;2.203338;0.116829;-254.947272;-0.378058;0.406595;ORGANIZING
2026.07.24 13:00:00;EURUSDm;1.13690;0.594015;0.654450;4.717676;0.443887;1.000000;0.986606;0.409982;7.659235;243.615303;2.252828;0.117466;-254.479945;-0.376542;0.406961;ORGANIZING
2026.07.24 13:01:00;EURUSDm;1.13671;0.761684;2.392947;5.288939;0.521340;1.000000;1.000000;0.418046;7.630260;243.676819;1.918136;0.116691;-254.005830;-0.386621;0.404531;ORGANIZING
2026.07.24 13:02:00;EURUSDm;1.13680;0.909735;1.108374;5.971240;0.530691;1.000000;1.000000;0.431259;7.611739;243.738243;1.884335;0.116636;-253.383689;-0.387638;0.404286;ORGANIZING
2026.07.24 13:03:00;EURUSDm;1.13689;0.865903;1.097561;6.620668;0.539035;1.000000;1.000000;0.442167;7.603011;243.799663;1.855168;0.116493;-252.808387;-0.388520;0.404074;ORGANIZING
2026.07.24 13:04:00;EURUSDm;1.13676;0.895072;1.577670;7.291971;0.570967;1.000000;1.000000;0.453624;7.603990;243.861413;1.751416;0.115894;-252.255636;-0.391663;0.403317;ORGANIZING
2026.07.24 13:05:00;EURUSDm;1.13666;0.408846;1.231527;6.708614;0.583995;1.000000;1.000000;0.460111;7.601845;243.923271;1.712345;0.115661;-252.922563;-0.392847;0.403032;ORGANIZING
2026.07.24 13:06:00;EURUSDm;1.13675;0.540807;1.108374;7.114219;0.590214;1.000000;1.000000;0.457385;7.606263;243.985236;1.694302;0.115555;-252.588527;-0.393393;0.402901;ORGANIZING
2026.07.24 13:07:00;EURUSDm;1.13667;0.672872;0.968523;7.618873;0.589129;1.000000;1.000000;0.459749;7.618003;244.047307;1.697421;0.115382;-252.173067;-0.393308;0.402921;ORGANIZING
2026.07.24 13:08:00;EURUSDm;1.13671;0.874251;0.483092;8.274561;0.563827;1.000000;0.997999;0.469546;7.638354;244.109329;1.773593;0.115317;-251.614396;-0.391026;0.403470;ORGANIZING
2026.07.24 13:09:00;EURUSDm;1.13667;0.616850;0.483092;8.737198;0.539790;1.000000;0.996412;0.469200;7.665175;244.171379;1.852571;0.115285;-251.242721;-0.388659;0.404040;ORGANIZING
2026.07.24 13:10:00;EURUSDm;1.13656;0.517337;1.309524;9.125201;0.558277;1.000000;1.000000;0.465140;7.697530;244.233937;1.791225;0.114666;-250.992353;-0.390530;0.403590;ORGANIZING
2026.07.24 13:11:00;EURUSDm;1.13671;0.894152;1.736111;9.795815;0.597169;1.000000;1.000000;0.475414;7.738075;244.297289;1.674568;0.113499;-250.525621;-0.394088;0.402734;ORGANIZING
2026.07.24 13:12:00;EURUSDm;1.13718;0.458347;5.010661;9.012150;0.797843;1.000000;1.000000;0.490827;7.772095;244.362989;1.253379;0.110366;-251.674525;-0.406880;0.399660;ORGANIZING
2026.07.24 13:13:00;EURUSDm;1.13718;0.524570;0.001000;9.405577;0.738001;1.000000;0.982214;0.485957;7.804793;244.428417;1.355011;0.110757;-251.342341;-0.403812;0.400397;ORGANIZING
2026.07.24 13:14:00;EURUSDm;1.13700;0.921009;1.890756;10.096334;0.775639;1.000000;1.000000;0.496197;7.837479;244.494548;1.289260;0.109778;-250.841205;-0.405833;0.399912;ORGANIZING
2026.07.24 13:15:00;EURUSDm;1.13698;0.922576;0.215517;10.788266;0.727633;1.000000;0.989910;0.505983;7.872910;244.560553;1.374319;0.109811;-250.257708;-0.403280;0.400525;ORGANIZING
2026.07.24 13:16:00;EURUSDm;1.13708;0.556796;1.061571;11.205863;0.724330;1.000000;1.000000;0.501564;7.908248;244.626879;1.380587;0.109479;-249.964970;-0.403108;0.400566;ORGANIZING
2026.07.24 13:17:00;EURUSDm;1.13717;0.449245;0.943396;10.309394;0.715283;1.000000;1.000000;0.521309;7.937433;244.693406;1.398048;0.109003;-251.016781;-0.402608;0.400686;ORGANIZING
2026.07.24 13:18:00;EURUSDm;1.13716;0.617750;0.105932;10.772707;0.664816;1.000000;0.986953;0.518410;7.966844;244.759723;1.504177;0.109289;-250.622338;-0.399410;0.401454;ORGANIZING
2026.07.24 13:19:00;EURUSDm;1.13719;0.576482;0.321888;11.205069;0.627669;1.000000;0.981821;0.514107;7.996339;244.825963;1.593196;0.109432;-250.269455;-0.396733;0.402098;ORGANIZING
2026.07.24 13:20:00;EURUSDm;1.13719;0.503103;0.001000;11.582397;0.576336;1.000000;0.965486;0.507268;8.025004;244.891976;1.735100;0.109786;-249.950460;-0.392458;0.403126;ORGANIZING
2026.07.24 13:21:00;EURUSDm;1.13736;0.329680;1.855895;10.655805;0.620314;1.000000;1.000000;0.528234;8.038548;244.958565;1.612088;0.108848;-251.056638;-0.396195;0.402227;ORGANIZING
2026.07.24 13:22:00;EURUSDm;1.13706;0.536211;3.157895;11.057963;0.727193;1.000000;1.000000;0.521931;8.049222;245.026329;1.375151;0.107546;-250.837864;-0.403368;0.400503;ORGANIZING
2026.07.24 13:23:00;EURUSDm;1.13716;0.526226;1.070664;11.452633;0.724366;1.000000;1.000000;0.515568;8.057296;245.094146;1.380517;0.107559;-250.511606;-0.403207;0.400542;ORGANIZING
2026.07.24 13:24:00;EURUSDm;1.13709;0.458019;0.755940;10.536422;0.705945;1.000000;1.000000;0.535600;8.049454;245.161700;1.416541;0.107631;-251.501330;-0.402122;0.400803;ORGANIZING
2026.07.24 13:25:00;EURUSDm;1.13694;0.515189;1.633987;10.922814;0.732347;1.000000;1.000000;0.528139;8.051349;245.229537;1.365473;0.107390;-251.198046;-0.403666;0.400432;ORGANIZING
2026.07.24 13:26:00;EURUSDm;1.13706;0.473566;1.304348;10.048989;0.740947;1.000000;1.000000;0.545424;8.040440;245.297351;1.349624;0.107218;-252.161035;-0.404150;0.400316;ORGANIZING
2026.07.24 13:27:00;EURUSDm;1.13704;0.420827;0.220264;9.245070;0.694913;1.000000;0.991799;0.558348;8.016499;245.364465;1.439029;0.107878;-252.964003;-0.401435;0.400968;ORGANIZING
2026.07.24 13:28:00;EURUSDm;1.13699;0.503234;0.547046;9.622495;0.667520;1.000000;0.995775;0.549302;7.989896;245.431039;1.498083;0.108616;-252.554460;-0.399627;0.401402;ORGANIZING
2026.07.24 13:29:00;EURUSDm;1.13701;0.447707;0.219298;8.852696;0.625109;1.000000;0.987824;0.560327;7.951102;245.496801;1.599722;0.109451;-253.292072;-0.396536;0.402145;ORGANIZING
2026.07.24 13:30:00;EURUSDm;1.13695;0.411995;0.659341;8.144480;0.606820;1.000000;0.995938;0.567722;7.921154;245.562081;1.647935;0.109942;-254.002171;-0.395065;0.402499;ORGANIZING
2026.07.24 13:31:00;EURUSDm;1.13694;0.578220;0.116279;8.578145;0.562293;1.000000;0.985021;0.561019;7.893724;245.626641;1.778432;0.110901;-253.520275;-0.391102;0.403452;ORGANIZING
2026.07.24 13:32:00;EURUSDm;1.13674;0.364940;2.272727;7.891893;0.627815;1.000000;1.000000;0.567280;7.865458;245.691574;1.592826;0.110369;-254.292973;-0.396697;0.402106;ORGANIZING
2026.07.24 13:33:00;EURUSDm;1.13690;0.476483;1.762115;7.260542;0.664530;1.000000;1.000000;0.570484;7.847581;245.756695;1.504823;0.110101;-254.996813;-0.399350;0.401468;ORGANIZING
2026.07.24 13:34:00;EURUSDm;1.13685;0.721042;0.545852;7.801323;0.638596;1.000000;1.000000;0.568999;7.831294;245.821394;1.565936;0.110633;-254.459251;-0.397490;0.401915;ORGANIZING
2026.07.24 13:35:00;EURUSDm;1.13692;0.881200;0.800915;8.462223;0.626712;1.000000;1.000000;0.573594;7.815398;245.885815;1.595630;0.110918;-253.828286;-0.396585;0.402133;ORGANIZING
2026.07.24 13:36:00;EURUSDm;1.13685;0.513458;0.800915;8.847317;0.615422;1.000000;1.000000;0.564169;7.799906;245.949968;1.624901;0.111365;-253.446223;-0.395685;0.402350;ORGANIZING
2026.07.24 13:37:00;EURUSDm;1.13707;0.878402;2.483070;9.506119;0.688804;1.000000;1.000000;0.568900;7.768939;246.014545;1.451791;0.110783;-252.872911;-0.400907;0.401094;ORGANIZING
2026.07.24 13:38:00;EURUSDm;1.13718;0.872976;1.219512;10.160850;0.695340;1.000000;1.000000;0.573192;7.736213;246.078861;1.438146;0.111053;-252.232161;-0.401303;0.400999;ORGANIZING
2026.07.24 13:39:00;EURUSDm;1.13723;0.873049;0.554324;10.815637;0.668289;1.000000;1.000000;0.577272;7.701426;246.142558;1.496359;0.111769;-251.552606;-0.399521;0.401427;ORGANIZING
2026.07.24 13:40:00;EURUSDm;1.13722;0.861224;0.111607;11.461555;0.620455;1.000000;0.989111;0.580704;7.664128;246.205404;1.611721;0.112800;-250.853968;-0.396008;0.402272;ORGANIZING
2026.07.24 13:41:00;EURUSDm;1.13730;0.848029;0.881057;12.097577;0.613485;1.000000;1.000000;0.583470;7.640225;246.267941;1.630032;0.113158;-250.231239;-0.395441;0.402408;ORGANIZING
2026.07.24 13:42:00;EURUSDm;1.13730;0.446712;0.001000;11.129771;0.562861;1.000000;0.985456;0.602687;7.602742;246.329597;1.776638;0.114047;-251.173544;-0.390998;0.403477;ORGANIZING
2026.07.24 13:43:00;EURUSDm;1.13714;0.828488;1.739130;11.751137;0.601674;1.000000;1.000000;0.603621;7.567713;246.391291;1.662029;0.113986;-250.584496;-0.394440;0.402649;ORGANIZING
2026.07.24 13:44:00;EURUSDm;1.13718;0.819285;0.431965;12.365600;0.573189;1.000000;1.000000;0.604163;7.548166;246.452504;1.744626;0.114606;-249.964751;-0.391931;0.403253;ORGANIZING
2026.07.24 13:45:00;EURUSDm;1.13709;0.621567;0.955414;12.831776;0.572300;1.000000;1.000000;0.597264;7.529515;246.513523;1.747335;0.114955;-249.507604;-0.391832;0.403276;ORGANIZING
2026.07.24 13:46:00;EURUSDm;1.13715;0.820364;0.642398;13.447049;0.555805;1.000000;1.000000;0.598164;7.525848;246.574339;1.799192;0.115210;-248.931119;-0.390264;0.403654;ORGANIZING
2026.07.24 13:47:00;EURUSDm;1.13700;0.815152;1.562500;14.058413;0.586140;1.000000;1.000000;0.598824;7.536352;246.635564;1.706078;0.114662;-248.433644;-0.393085;0.402975;ORGANIZING
2026.07.24 13:48:00;EURUSDm;1.13696;0.815210;0.425532;14.669820;0.558109;1.000000;1.000000;0.599453;7.549144;246.696637;1.791764;0.114854;-247.882119;-0.390504;0.403596;ORGANIZING
2026.07.24 13:49:00;EURUSDm;1.13698;0.801289;0.212314;15.270787;0.520820;1.000000;0.993412;0.599529;7.575579;246.757601;1.920051;0.114996;-247.357849;-0.386649;0.404524;ORGANIZING
2026.07.24 13:50:00;EURUSDm;1.13699;0.796007;0.107066;15.867792;0.480132;1.000000;0.983373;0.599403;7.614934;246.818551;2.082761;0.115016;-246.859565;-0.381766;0.405701;ORGANIZING
2026.07.24 13:51:00;EURUSDm;1.13708;0.630717;0.984683;16.340830;0.485359;1.000000;1.000000;0.593084;7.654486;246.879950;2.060329;0.114509;-246.519621;-0.382465;0.405533;ORGANIZING
2026.07.24 13:52:00;EURUSDm;1.13715;0.295433;0.769231;15.033563;0.479553;1.000000;1.000000;0.628793;7.687631;246.941622;2.085275;0.113688;-248.020460;-0.381757;0.405703;ORGANIZING
2026.07.24 13:53:00;EURUSDm;1.13713;0.425245;0.223214;13.830878;0.446736;1.000000;0.994820;0.657488;7.714896;247.003238;2.238458;0.113390;-249.363864;-0.377177;0.406808;ORGANIZING
2026.07.24 13:54:00;EURUSDm;1.13729;0.291620;1.773836;12.724408;0.493091;1.000000;1.000000;0.679937;7.725552;247.065424;2.028023;0.112377;-250.645086;-0.383540;0.405273;ORGANIZING
2026.07.24 13:55:00;EURUSDm;1.13731;0.317103;0.225734;11.706455;0.459723;1.000000;0.996698;0.696838;7.719367;247.127215;2.175222;0.112664;-251.712893;-0.379110;0.406342;ORGANIZING
2026.07.24 13:56:00;EURUSDm;1.13759;0.241697;3.030303;10.769939;0.568252;1.000000;1.000000;0.708822;7.699996;247.189898;1.759782;0.111395;-252.805847;-0.391637;0.403323;ORGANIZING
2026.07.24 13:57:00;EURUSDm;1.13755;0.289441;0.436681;9.908344;0.541674;1.000000;1.000000;0.716461;7.665518;247.251970;1.846130;0.112062;-253.649257;-0.389013;0.403955;ORGANIZING
2026.07.24 13:58:00;EURUSDm;1.13760;0.312037;0.544662;9.115676;0.521823;1.000000;1.000000;0.720271;7.637643;247.313564;1.916358;0.112616;-254.435538;-0.386878;0.404469;ORGANIZING
2026.07.24 13:59:00;EURUSDm;1.13762;0.320845;0.218818;8.386422;0.486673;1.000000;0.997868;0.720720;7.623747;247.374668;2.054768;0.113236;-255.163852;-0.382695;0.405477;ORGANIZING
2026.07.24 14:00:00;EURUSDm;1.13791;0.254995;3.052632;7.715508;0.594971;1.000000;1.000000;0.718230;7.623088;247.436849;1.680755;0.111903;-255.998947;-0.393982;0.402759;ORGANIZING
2026.07.24 14:01:00;EURUSDm;1.13778;0.296808;1.374207;7.098268;0.613933;1.000000;1.000000;0.713180;7.634966;247.499338;1.628843;0.111581;-256.711295;-0.395556;0.402381;ORGANIZING
2026.07.24 14:02:00;EURUSDm;1.13777;0.304813;0.117096;6.530406;0.569091;1.000000;0.994060;0.705914;7.642785;247.561457;1.757189;0.112135;-257.297539;-0.391678;0.403314;ORGANIZING
2026.07.24 14:03:00;EURUSDm;1.13761;0.306492;1.805869;6.007974;0.610930;1.000000;1.000000;0.696740;7.662002;247.624186;1.636850;0.111487;-257.944627;-0.395320;0.402437;ORGANIZING
2026.07.24 14:04:00;EURUSDm;1.13756;0.345382;0.581395;5.527336;0.589453;1.000000;1.000000;0.685935;7.692075;247.687001;1.696488;0.111514;-258.505139;-0.393530;0.402868;ORGANIZING
2026.07.24 14:05:00;EURUSDm;1.13732;0.486944;2.654867;5.085149;0.672724;1.000000;1.000000;0.673748;7.731081;247.751039;1.486494;0.110162;-259.148271;-0.399897;0.401337;ORGANIZING
2026.07.24 14:06:00;EURUSDm;1.13723;0.867627;0.997783;5.735869;0.668977;1.000000;1.000000;0.672596;7.769537;247.815425;1.494820;0.109756;-258.632799;-0.399668;0.401392;ORGANIZING
2026.07.24 14:07:00;EURUSDm;1.13721;0.539117;0.225225;6.140207;0.626789;1.000000;0.996424;0.659183;7.809872;247.879791;1.595433;0.109940;-258.304483;-0.396640;0.402120;ORGANIZING
2026.07.24 14:08:00;EURUSDm;1.13710;0.725580;1.211454;6.684393;0.636022;1.000000;1.000000;0.653434;7.850677;247.944658;1.572272;0.109408;-257.904508;-0.397361;0.401946;ORGANIZING
2026.07.24 14:09:00;EURUSDm;1.13732;0.390334;2.325581;6.149641;0.700500;1.000000;1.000000;0.647499;7.902635;248.010690;1.427551;0.108101;-258.661817;-0.401768;0.400888;ORGANIZING
2026.07.24 14:10:00;EURUSDm;1.13744;0.330894;1.237113;5.657670;0.707331;1.000000;1.000000;0.639723;7.965223;248.077415;1.413765;0.107385;-259.336968;-0.402218;0.400780;ORGANIZING
2026.07.24 14:11:00;EURUSDm;1.13725;0.638365;1.950719;6.136443;0.749500;1.000000;1.000000;0.631676;8.027441;248.145184;1.334222;0.106286;-259.076473;-0.404659;0.400193;ORGANIZING
2026.07.24 14:12:00;EURUSDm;1.13716;0.869703;0.965665;6.788721;0.740309;1.000000;1.000000;0.632706;8.069752;248.213285;1.350788;0.105901;-258.569788;-0.404181;0.400308;ORGANIZING
2026.07.24 14:13:00;EURUSDm;1.13735;0.514387;2.000000;7.174511;0.783293;1.000000;1.000000;0.620360;8.095967;248.282078;1.276661;0.105267;-258.323513;-0.406437;0.399767;ORGANIZING
2026.07.24 14:14:00;EURUSDm;1.13719;0.877036;1.652893;7.832288;0.806773;1.000000;1.000000;0.622231;8.104408;248.351189;1.239506;0.104894;-257.778952;-0.407570;0.399495;ORGANIZING
2026.07.24 14:15:00;EURUSDm;1.13726;0.869480;0.735294;8.484398;0.783199;1.000000;1.000000;0.623725;8.096107;248.419983;1.276814;0.105230;-257.158446;-0.406434;0.399767;ORGANIZING
2026.07.24 14:16:00;EURUSDm;1.13739;0.529622;1.362683;8.881615;0.792173;1.000000;1.000000;0.612399;8.074509;248.488649;1.262350;0.105495;-256.773025;-0.406855;0.399667;ORGANIZING
2026.07.24 14:17:00;EURUSDm;1.13740;0.648775;0.105042;9.368196;0.737817;1.000000;0.990110;0.606108;8.039538;248.556423;1.355350;0.106570;-256.217337;-0.404011;0.400349;ORGANIZING
2026.07.24 14:18:00;EURUSDm;1.13725;0.340902;1.543210;8.618740;0.758086;1.000000;1.000000;0.613276;8.004310;248.624047;1.319111;0.106659;-256.998564;-0.405094;0.400089;ORGANIZING
2026.07.24 14:19:00;EURUSDm;1.13725;0.330744;0.001000;7.929241;0.700232;1.000000;0.986500;0.617087;7.968860;248.690738;1.428098;0.107687;-257.633623;-0.401773;0.400886;ORGANIZING
2026.07.24 14:20:00;EURUSDm;1.13731;0.259703;0.619835;7.294902;0.676212;1.000000;0.995264;0.617950;7.933222;248.756832;1.478826;0.108373;-258.240486;-0.400217;0.401260;ORGANIZING
2026.07.24 14:21:00;EURUSDm;1.13733;0.296866;0.206186;6.711309;0.632711;1.000000;0.989275;0.616232;7.897425;248.822133;1.580501;0.109333;-258.770849;-0.397118;0.402005;ORGANIZING
2026.07.24 14:22:00;EURUSDm;1.13740;0.333254;0.741525;6.174405;0.618152;1.000000;1.000000;0.612265;7.861498;248.886930;1.617726;0.109988;-259.278204;-0.395969;0.402281;ORGANIZING
2026.07.24 14:23:00;EURUSDm;1.13746;0.664840;0.649351;6.673035;0.599712;1.000000;1.000000;0.606584;7.828841;248.951216;1.667468;0.110679;-258.748742;-0.394442;0.402648;ORGANIZING
2026.07.24 14:24:00;EURUSDm;1.13750;0.869965;0.433839;7.325509;0.571418;1.000000;1.000000;0.608878;7.807679;249.015006;1.750032;0.111260;-258.094029;-0.391936;0.403251;ORGANIZING
2026.07.24 14:25:00;EURUSDm;1.13765;0.352185;1.599147;6.739468;0.602804;1.000000;1.000000;0.607736;7.785184;249.078886;1.658913;0.111164;-258.728062;-0.394674;0.402593;ORGANIZING
2026.07.24 14:26:00;EURUSDm;1.13764;0.307080;0.107991;6.200311;0.558064;1.000000;0.990050;0.604307;7.750902;249.141976;1.791910;0.112192;-259.210148;-0.390633;0.403565;ORGANIZING
2026.07.24 14:27:00;EURUSDm;1.13752;0.365426;1.324503;5.704286;0.576386;1.000000;1.000000;0.598893;7.716507;249.204905;1.734949;0.112463;-259.707805;-0.392328;0.403157;ORGANIZING
2026.07.24 14:28:00;EURUSDm;1.13760;0.268667;0.888889;5.247943;0.572011;1.000000;1.000000;0.591766;7.692289;249.267548;1.748218;0.112917;-260.159725;-0.391908;0.403258;ORGANIZING
2026.07.24 14:29:00;EURUSDm;1.13749;0.569108;1.206140;5.674774;0.583717;1.000000;1.000000;0.583519;7.658576;249.329971;1.713158;0.113304;-259.723104;-0.392940;0.403010;ORGANIZING
2026.07.24 14:30:00;EURUSDm;1.13759;0.627253;1.075269;6.145214;0.588295;1.000000;1.000000;0.577865;7.625159;249.392105;1.699828;0.113749;-259.241233;-0.393318;0.402919;ORGANIZING
2026.07.24 14:31:00;EURUSDm;1.13765;0.284857;0.647948;5.653597;0.571278;1.000000;1.000000;0.573553;7.591861;249.453737;1.750462;0.114460;-259.702245;-0.391763;0.403293;ORGANIZING
2026.07.24 14:32:00;EURUSDm;1.13774;0.236523;0.953390;5.201309;0.570383;1.000000;1.000000;0.567489;7.569776;249.515138;1.753207;0.114842;-260.158743;-0.391662;0.403317;ORGANIZING
2026.07.24 14:33:00;EURUSDm;1.13772;0.301041;0.218341;4.785205;0.532781;1.000000;0.992504;0.559920;7.555820;249.576024;1.876943;0.115627;-260.555082;-0.387910;0.404220;ORGANIZING
2026.07.24 14:34:00;EURUSDm;1.13784;0.226294;1.287554;4.402388;0.550520;1.000000;1.000000;0.551065;7.552340;249.637053;1.816465;0.115555;-260.991995;-0.389728;0.403783;ORGANIZING
2026.07.24 14:35:00;EURUSDm;1.13780;0.245415;0.433839;4.050197;0.524686;1.000000;0.999472;0.541121;7.558921;249.697889;1.905903;0.115946;-261.372461;-0.387026;0.404434;ORGANIZING
2026.07.24 14:36:00;EURUSDm;1.13782;0.277697;0.218818;3.726181;0.489392;1.000000;0.991088;0.530266;7.572680;249.758510;2.043350;0.116383;-261.727613;-0.382880;0.405432;ORGANIZING
2026.07.24 14:37:00;EURUSDm;1.13774;0.317003;0.888889;3.428087;0.489367;1.000000;1.000000;0.518657;7.594218;249.819346;2.043455;0.116249;-262.106377;-0.382884;0.405432;ORGANIZING
2026.07.24 14:38:00;EURUSDm;1.13772;0.263312;0.223214;3.153840;0.456060;1.000000;0.990966;0.506437;7.610896;249.880015;2.192696;0.116640;-262.416900;-0.378387;0.406516;ORGANIZING
2026.07.24 14:39:00;EURUSDm;1.13761;0.308136;1.203501;2.901533;0.473432;1.000000;1.000000;0.493730;7.623118;249.940981;2.112237;0.116411;-262.746577;-0.380812;0.405931;ORGANIZING
2026.07.24 14:40:00;EURUSDm;1.13763;0.327144;0.218341;2.669410;0.440677;1.000000;0.989922;0.480650;7.631258;250.001700;2.269235;0.116924;-262.996782;-0.376077;0.407073;ORGANIZING
2026.07.24 14:41:00;EURUSDm;1.13769;0.303921;0.659341;2.455857;0.431610;1.000000;0.995175;0.467295;7.635656;250.062373;2.316905;0.117171;-263.244028;-0.374634;0.407422;ORGANIZING
2026.07.24 14:42:00;EURUSDm;1.13769;0.341918;0.001000;2.259389;0.390080;1.000000;0.976734;0.453754;7.636628;250.122640;2.563578;0.117918;-263.434094;-0.367197;0.409219;ORGANIZING
2026.07.24 14:43:00;EURUSDm;1.13760;0.595084;0.989011;2.705702;0.400026;1.000000;0.993045;0.453382;7.638118;250.183021;2.499836;0.117764;-263.060345;-0.369117;0.408754;ORGANIZING
2026.07.24 14:44:00;EURUSDm;1.13757;0.755468;0.339367;3.272303;0.376993;1.000000;0.986035;0.459043;7.640460;250.243196;2.652567;0.117973;-262.546891;-0.364524;0.409865;ORGANIZING
2026.07.24 14:45:00;EURUSDm;1.13763;0.738384;0.672646;3.826091;0.371776;1.000000;0.991133;0.463780;7.631391;250.303227;2.689792;0.118106;-262.039255;-0.363401;0.410137;ORGANIZING
2026.07.24 14:46:00;EURUSDm;1.13779;0.517045;1.843318;4.213874;0.425353;1.000000;1.000000;0.459980;7.613098;250.363612;2.350988;0.117669;-261.721248;-0.373587;0.407675;ORGANIZING
2026.07.24 14:47:00;EURUSDm;1.13767;0.515584;1.357466;4.600562;0.451959;1.000000;1.000000;0.456316;7.586070;250.423992;2.212592;0.117725;-261.360160;-0.377736;0.406673;ORGANIZING
2026.07.24 14:48:00;EURUSDm;1.13773;0.582550;0.677201;5.037475;0.443221;1.000000;1.000000;0.455345;7.550245;250.483927;2.256212;0.118360;-260.900852;-0.376396;0.406997;ORGANIZING
2026.07.24 14:49:00;EURUSDm;1.13780;0.303959;0.781250;4.634477;0.440122;1.000000;1.000000;0.452728;7.522896;250.543557;2.272096;0.118825;-261.300451;-0.375896;0.407117;ORGANIZING
2026.07.24 14:50:00;EURUSDm;1.13778;0.425178;0.237530;4.263719;0.409993;1.000000;0.989159;0.448630;7.504097;250.602698;2.439068;0.119578;-261.654424;-0.370849;0.408336;ORGANIZING
2026.07.24 14:51:00;EURUSDm;1.13759;0.753175;2.224824;4.828600;0.480734;1.000000;1.000000;0.454442;7.474826;250.662254;2.080152;0.118906;-261.172924;-0.381650;0.405729;ORGANIZING
2026.07.24 14:52:00;EURUSDm;1.13765;0.760171;0.694444;5.398729;0.471420;1.000000;1.000000;0.460226;7.439426;250.721362;2.121252;0.119459;-260.593359;-0.380389;0.406033;ORGANIZING
2026.07.24 14:53:00;EURUSDm;1.13745;0.353425;2.293578;4.966830;0.542528;1.000000;1.000000;0.458810;7.404045;250.780828;1.843224;0.118971;-261.082236;-0.388755;0.404017;ORGANIZING
2026.07.24 14:54:00;EURUSDm;1.13764;0.463043;2.111111;4.569484;0.600957;1.000000;1.000000;0.455737;7.368696;250.840524;1.664013;0.118689;-261.520863;-0.394145;0.402720;ORGANIZING
2026.07.24 14:55:00;EURUSDm;1.13783;0.825623;2.134831;5.188701;0.657651;1.000000;1.000000;0.463911;7.343238;250.900533;1.520564;0.118136;-260.983780;-0.398476;0.401678;ORGANIZING
2026.07.24 14:56:00;EURUSDm;1.13791;0.827999;0.900901;5.809701;0.649813;1.000000;1.000000;0.471765;7.327357;250.960305;1.538904;0.118358;-260.398661;-0.397915;0.401813;ORGANIZING
2026.07.24 14:57:00;EURUSDm;1.13788;0.699400;0.337079;6.334251;0.614176;1.000000;0.993310;0.474405;7.319782;251.019644;1.628197;0.118929;-259.887942;-0.395208;0.402464;ORGANIZING
2026.07.24 14:58:00;EURUSDm;1.13795;0.473190;0.793651;5.827511;0.603150;1.000000;1.000000;0.476021;7.309919;251.078775;1.657962;0.119202;-260.426295;-0.394301;0.402682;ORGANIZING
2026.07.24 14:59:00;EURUSDm;1.13777;0.645773;2.059497;6.311841;0.655967;1.000000;1.000000;0.476437;7.307473;251.138410;1.524466;0.118485;-260.050355;-0.398342;0.401711;ORGANIZING
2026.07.24 15:00:00;EURUSDm;1.13779;0.661179;0.234192;6.807725;0.614879;1.000000;0.989872;0.477409;7.312319;251.197682;1.626337;0.118982;-259.584290;-0.395261;0.402452;ORGANIZING
2026.07.24 15:01:00;EURUSDm;1.13791;0.511042;1.428571;7.191007;0.635563;1.000000;1.000000;0.472703;7.323109;251.257268;1.573407;0.118605;-259.293447;-0.396868;0.402065;ORGANIZING
2026.07.24 15:02:00;EURUSDm;1.13796;0.442197;0.600962;6.615726;0.613833;1.000000;1.000000;0.477832;7.330056;251.316707;1.629107;0.118741;-259.930590;-0.395190;0.402469;ORGANIZING
2026.07.24 15:03:00;EURUSDm;1.13778;0.635040;2.168675;7.092006;0.671575;1.000000;1.000000;0.477754;7.337269;251.376796;1.489036;0.117833;-259.586411;-0.399437;0.401448;ORGANIZING
2026.07.24 15:04:00;EURUSDm;1.13787;0.404760;1.102941;6.524646;0.673144;1.000000;1.000000;0.482234;7.333106;251.436858;1.485567;0.117807;-260.216037;-0.399543;0.401422;ORGANIZING
2026.07.24 15:05:00;EURUSDm;1.13803;0.326727;1.918465;6.002674;0.715410;1.000000;1.000000;0.484221;7.318207;251.497194;1.397801;0.117401;-260.814785;-0.402196;0.400785;ORGANIZING
2026.07.24 15:06:00;EURUSDm;1.13792;0.811647;1.325301;6.611409;0.725904;1.000000;1.000000;0.490447;7.305591;251.557509;1.377592;0.117344;-260.264080;-0.402805;0.400639;ORGANIZING
2026.07.24 15:07:00;EURUSDm;1.13806;0.333483;1.635514;6.082496;0.751385;1.000000;1.000000;0.492370;7.283882;251.617862;1.330876;0.117266;-260.839255;-0.404210;0.400301;ORGANIZING
2026.07.24 15:08:00;EURUSDm;1.13810;0.348729;0.479616;5.595897;0.717796;1.000000;0.999020;0.492082;7.253047;251.677570;1.393153;0.118162;-261.289727;-0.402297;0.400761;ORGANIZING
2026.07.24 15:09:00;EURUSDm;1.13824;0.309347;1.624130;5.148225;0.743113;1.000000;1.000000;0.489861;7.221919;251.737221;1.345690;0.118275;-261.755670;-0.403716;0.400420;ORGANIZING
2026.07.24 15:10:00;EURUSDm;1.13865;0.221511;4.399142;4.736367;0.905914;1.000000;1.000000;0.485961;7.190536;251.798185;1.103857;0.116517;-262.320727;-0.411058;0.398658;ORGANIZING
2026.07.24 15:11:00;EURUSDm;1.13863;0.213838;0.214592;4.357458;0.851348;1.000000;0.989519;0.480608;7.159295;251.858292;1.174607;0.117768;-262.631989;-0.408873;0.399182;ORGANIZING
2026.07.24 15:12:00;EURUSDm;1.13854;0.227469;0.961538;4.008861;0.836858;1.000000;1.000000;0.474008;7.137397;251.918034;1.194946;0.118368;-262.968841;-0.408233;0.399336;ORGANIZING
2026.07.24 15:13:00;EURUSDm;1.13851;0.217362;0.322581;3.688152;0.791144;1.000000;0.992881;0.466343;7.114497;251.977091;1.263992;0.119446;-263.241762;-0.406108;0.399846;ORGANIZING
2026.07.24 15:14:00;EURUSDm;1.13870;0.224032;1.979167;3.393100;0.830545;1.000000;1.000000;0.457778;7.090688;252.036303;1.204029;0.119346;-263.570681;-0.407912;0.399413;ORGANIZING
2026.07.24 15:15:00;EURUSDm;1.13893;0.227659;2.356557;3.121652;0.886846;1.000000;1.000000;0.448462;7.075905;252.095930;1.127592;0.118889;-263.909858;-0.410228;0.398858;ORGANIZING
2026.07.24 15:16:00;EURUSDm;1.13888;0.244215;0.508130;2.871920;0.847910;1.000000;0.998481;0.438525;7.069904;252.155108;1.179371;0.119670;-264.147957;-0.408635;0.399239;ORGANIZING
2026.07.24 15:17:00;EURUSDm;1.13883;0.246391;0.515464;2.642166;0.811288;1.000000;0.996924;0.428087;7.071475;252.213936;1.232608;0.120325;-264.382181;-0.407006;0.399630;ORGANIZING
2026.07.24 15:18:00;EURUSDm;1.13872;0.272524;1.127049;2.430793;0.807076;1.000000;1.000000;0.417251;7.070085;252.272708;1.239041;0.120563;-264.623662;-0.406801;0.399680;ORGANIZING
2026.07.24 15:19:00;EURUSDm;1.13856;0.273658;1.622718;2.236329;0.827858;1.000000;1.000000;0.406112;7.075489;252.331741;1.207937;0.120345;-264.886472;-0.407745;0.399453;ORGANIZING
2026.07.24 15:20:00;EURUSDm;1.13862;0.270234;0.613497;2.057423;0.797140;1.000000;1.000000;0.394751;7.087615;252.390589;1.254485;0.120780;-265.095038;-0.406326;0.399793;ORGANIZING
2026.07.24 15:21:00;EURUSDm;1.13854;0.310337;0.814664;1.892829;0.778016;1.000000;1.000000;0.383244;7.105159;252.449420;1.285321;0.120971;-265.311412;-0.405392;0.400018;ORGANIZING
2026.07.24 15:22:00;EURUSDm;1.13849;0.337729;0.513347;1.741403;0.744783;0.996741;0.996381;0.371653;7.118376;252.508117;1.338299;0.121040;-265.494813;-0.403799;0.400400;ORGANIZING
2026.07.24 15:23:00;EURUSDm;1.13857;0.276912;0.811359;1.602091;0.728177;0.988404;1.000000;0.360036;7.137683;252.567008;1.357368;0.120158;-265.700128;-0.403271;0.400527;ORGANIZING
2026.07.24 15:24:00;EURUSDm;1.13848;0.317458;0.918367;1.473923;0.717918;0.975571;1.000000;0.348442;7.152502;252.626201;1.358890;0.118699;-265.896513;-0.403298;0.400520;ORGANIZING
2026.07.24 15:25:00;EURUSDm;1.13857;0.342103;0.909091;1.356010;0.707965;0.958810;1.000000;0.336916;7.163206;252.685736;1.354317;0.116813;-266.079126;-0.403530;0.400465;ORGANIZING
2026.07.24 15:26:00;EURUSDm;1.13849;0.333913;0.798403;1.247529;0.693311;0.938663;1.000000;0.325494;7.181029;252.745706;1.353885;0.114473;-266.265872;-0.403660;0.400433;ORGANIZING
2026.07.24 15:27:00;EURUSDm;1.13847;0.413405;0.202020;1.147726;0.649973;0.915743;0.983463;0.314210;7.194472;252.805836;1.408893;0.112242;-266.409702;-0.402121;0.400803;ORGANIZING
2026.07.24 15:28:00;EURUSDm;1.13852;0.413574;0.502008;1.055908;0.624260;0.890407;0.977609;0.303090;7.203899;252.866309;1.426340;0.109504;-266.558232;-0.401735;0.400896;ORGANIZING
2026.07.24 15:29:00;EURUSDm;1.13844;0.734106;0.808081;1.606488;0.615643;0.890885;0.982284;0.315464;7.203297;252.926681;1.447080;0.109521;-266.082474;-0.401112;0.401045;ORGANIZING
2026.07.24 15:30:00;EURUSDm;1.13838;0.582633;0.601202;2.043462;0.597103;0.908334;0.979987;0.321540;7.194210;252.986427;1.521235;0.111962;-265.663233;-0.398765;0.401609;ORGANIZING
2026.07.24 15:31:00;EURUSDm;1.13854;0.954776;1.571709;2.759545;0.627667;0.950453;1.000000;0.341267;7.174218;253.045437;1.514263;0.116718;-264.994076;-0.398736;0.401616;ORGANIZING
2026.07.24 15:32:00;EURUSDm;1.13861;0.946168;0.678295;3.469171;0.611189;1.000000;1.000000;0.359685;7.143744;253.102987;1.636155;0.123234;-264.251862;-0.394754;0.402573;ORGANIZING
2026.07.24 15:33:00;EURUSDm;1.13864;0.845247;0.294118;4.103106;0.575336;1.000000;0.987883;0.373398;7.112174;253.159862;1.738116;0.124056;-263.603235;-0.391654;0.403319;ORGANIZING
2026.07.24 15:34:00;EURUSDm;1.13850;0.615934;1.343570;4.565056;0.593747;1.000000;1.000000;0.377825;7.088333;253.216682;1.684218;0.124071;-263.177690;-0.393270;0.402930;ORGANIZING
2026.07.24 15:35:00;EURUSDm;1.13843;0.315177;0.670498;4.199852;0.577585;1.000000;1.000000;0.377194;7.063673;253.273095;1.731347;0.124712;-263.532563;-0.391824;0.403278;ORGANIZING
2026.07.24 15:36:00;EURUSDm;1.13848;0.342103;0.489237;3.863864;0.553167;1.000000;0.995325;0.375134;7.038274;253.329009;1.807771;0.125524;-263.845130;-0.389491;0.403840;ORGANIZING
2026.07.24 15:37:00;EURUSDm;1.13860;0.483239;1.174168;3.554755;0.564217;1.000000;1.000000;0.371833;7.012209;253.384774;1.772366;0.125814;-264.162320;-0.390538;0.403588;ORGANIZING
2026.07.24 15:38:00;EURUSDm;1.13872;0.845701;1.160542;4.189031;0.574034;1.000000;1.000000;0.384955;6.994730;253.440461;1.742058;0.125727;-263.584834;-0.391452;0.403368;ORGANIZING
2026.07.24 15:39:00;EURUSDm;1.13885;0.388905;1.242830;3.853908;0.587473;1.000000;1.000000;0.382463;6.975932;253.496095;1.702204;0.125852;-263.946452;-0.392641;0.403082;ORGANIZING
2026.07.24 15:40:00;EURUSDm;1.13887;0.423453;0.191205;3.545596;0.547660;1.000000;0.985078;0.378756;6.955934;253.551131;1.825950;0.126866;-264.222576;-0.388878;0.403987;ORGANIZING
2026.07.24 15:41:00;EURUSDm;1.13877;0.462701;0.972763;3.261948;0.548915;1.000000;0.997904;0.374000;6.934846;253.605969;1.821775;0.127263;-264.510629;-0.388984;0.403962;ORGANIZING
2026.07.24 15:42:00;EURUSDm;1.13869;0.516270;0.775194;3.649151;0.540229;1.000000;1.000000;0.374660;6.919249;253.660564;1.851067;0.127646;-264.139461;-0.388086;0.404178;ORGANIZING
2026.07.24 15:43:00;EURUSDm;1.13843;0.688341;2.490421;4.165406;0.617739;1.000000;1.000000;0.381740;6.910286;253.715844;1.618807;0.126426;-263.752229;-0.395114;0.402487;ORGANIZING
2026.07.24 15:44:00;EURUSDm;1.13841;0.837577;0.198020;4.793589;0.576753;1.000000;0.985292;0.394062;6.908931;253.770701;1.733845;0.126908;-263.159851;-0.391639;0.403323;ORGANIZING
2026.07.24 15:45:00;EURUSDm;1.13853;0.835017;1.204819;5.419852;0.588156;1.000000;1.000000;0.405672;6.915025;253.825733;1.700229;0.126441;-262.635431;-0.392671;0.403074;ORGANIZING
2026.07.24 15:46:00;EURUSDm;1.13848;0.823269;0.505051;6.037304;0.564001;1.000000;0.996875;0.416261;6.928348;253.880656;1.773047;0.126444;-262.096571;-0.390486;0.403600;ORGANIZING
2026.07.24 15:47:00;EURUSDm;1.13847;0.807685;0.101420;6.643068;0.520872;1.000000;0.980104;0.425736;6.948659;253.935351;1.919858;0.126658;-261.561947;-0.386071;0.404663;ORGANIZING
2026.07.24 15:48:00;EURUSDm;1.13842;0.796574;0.509165;7.240499;0.500286;1.000000;0.978521;0.434321;6.975762;253.990112;1.998855;0.126416;-261.070066;-0.383714;0.405232;ORGANIZING
2026.07.24 15:49:00;EURUSDm;1.13848;0.775054;0.626305;7.821789;0.486587;1.000000;0.981395;0.441670;7.003036;254.045008;2.055129;0.126083;-260.599218;-0.382042;0.405634;ORGANIZING
2026.07.24 15:50:00;EURUSDm;1.13855;0.503259;0.723140;8.199233;0.478415;1.000000;0.987815;0.438458;7.029579;254.100088;2.090235;0.125842;-260.315344;-0.381001;0.405886;ORGANIZING
2026.07.24 15:51:00;EURUSDm;1.13857;0.752933;0.210970;8.763933;0.445043;1.000000;0.975971;0.444770;7.054475;254.155083;2.246975;0.125877;-259.834683;-0.376297;0.407020;ORGANIZING
2026.07.24 15:52:00;EURUSDm;1.13839;0.408966;1.848049;8.062818;0.495193;1.000000;1.000000;0.457588;7.065139;254.210687;2.019414;0.124721;-260.688514;-0.383182;0.405360;ORGANIZING
2026.07.24 15:53:00;EURUSDm;1.13856;0.754720;1.748971;8.628859;0.537882;1.000000;1.000000;0.463010;7.075071;254.266816;1.859144;0.123824;-260.252001;-0.388034;0.404191;ORGANIZING
2026.07.24 15:54:00;EURUSDm;1.13844;0.746269;1.226994;9.188560;0.552338;1.000000;1.000000;0.467845;7.085930;254.323199;1.810487;0.123364;-259.794526;-0.389517;0.403834;ORGANIZING
2026.07.24 15:55:00;EURUSDm;1.13840;0.743982;0.419287;9.746547;0.525685;1.000000;0.996050;0.472352;7.105968;254.379515;1.902280;0.123396;-259.315292;-0.386762;0.404497;ORGANIZING
2026.07.24 15:56:00;EURUSDm;1.13845;0.727497;0.530786;10.292170;0.505940;1.000000;0.996298;0.476015;7.134721;254.435922;1.976519;0.123203;-258.871165;-0.384544;0.405031;ORGANIZING
2026.07.24 15:57:00;EURUSDm;1.13840;0.411601;0.541126;9.468796;0.487699;1.000000;0.997027;0.493383;7.158188;254.492381;2.050443;0.122861;-259.814426;-0.382344;0.405562;ORGANIZING
2026.07.24 15:58:00;EURUSDm;1.13828;0.257788;1.276596;8.711292;0.507144;1.000000;1.000000;0.506589;7.167619;254.549128;1.971826;0.122229;-260.693398;-0.384734;0.404986;ORGANIZING
2026.07.24 15:59:00;EURUSDm;1.13842;0.264248;1.489362;8.014389;0.536255;1.000000;1.000000;0.516105;7.173386;254.606225;1.864784;0.121570;-261.507073;-0.387978;0.404204;ORGANIZING
2026.07.24 16:00:00;EURUSDm;1.13819;0.224065;2.544248;7.373238;0.616655;1.000000;1.000000;0.522357;7.175796;254.664149;1.621653;0.120267;-262.303872;-0.395337;0.402433;ORGANIZING
2026.07.24 16:01:00;EURUSDm;1.13822;0.235703;0.331126;6.783379;0.582378;1.000000;0.994872;0.525732;7.175131;254.721724;1.717097;0.120726;-262.922451;-0.392451;0.403127;ORGANIZING
2026.07.24 16:02:00;EURUSDm;1.13814;0.236064;0.884956;6.240709;0.577507;1.000000;1.000000;0.526579;7.165171;254.779151;1.731580;0.120930;-263.499450;-0.392006;0.403234;ORGANIZING
2026.07.24 16:03:00;EURUSDm;1.13820;0.354178;0.659341;5.741452;0.561599;1.000000;1.000000;0.525213;7.145105;254.836218;1.780631;0.121478;-263.997003;-0.390507;0.403595;ORGANIZING
2026.07.24 16:04:00;EURUSDm;1.13825;0.458640;0.566893;5.282136;0.541864;1.000000;1.000000;0.521918;7.114265;254.892780;1.845483;0.122279;-264.424875;-0.388522;0.404073;ORGANIZING
2026.07.24 16:05:00;EURUSDm;1.13816;0.270266;1.053864;4.859565;0.547464;1.000000;1.000000;0.516951;7.084297;254.949097;1.826606;0.122719;-264.839492;-0.389066;0.403942;ORGANIZING
2026.07.24 16:06:00;EURUSDm;1.13825;0.352410;1.044084;4.470800;0.552295;1.000000;1.000000;0.510542;7.064541;255.005265;1.810628;0.123041;-265.236925;-0.389529;0.403831;ORGANIZING
2026.07.24 16:07:00;EURUSDm;1.13824;0.353035;0.117096;4.113136;0.510535;1.000000;0.986967;0.502898;7.054517;255.060916;1.958731;0.123947;-265.573145;-0.385041;0.404912;ORGANIZING
2026.07.24 16:08:00;EURUSDm;1.13841;0.663401;1.963048;4.610687;0.563160;1.000000;1.000000;0.502630;7.045543;255.117003;1.775693;0.123284;-265.165823;-0.390565;0.403581;ORGANIZING
2026.07.24 16:09:00;EURUSDm;1.13839;0.661827;0.238663;5.107057;0.526935;1.000000;0.990945;0.502317;7.037462;255.172647;1.897765;0.123966;-264.672085;-0.386869;0.404471;ORGANIZING
2026.07.24 16:10:00;EURUSDm;1.13844;0.603071;0.598086;5.559360;0.510493;1.000000;0.994776;0.499817;7.028674;255.228039;1.958891;0.124394;-264.236152;-0.385014;0.404918;ORGANIZING
2026.07.24 16:11:00;EURUSDm;1.13849;0.655987;0.602410;6.051351;0.495089;1.000000;0.998537;0.499425;7.020656;255.283196;2.019839;0.124763;-263.767098;-0.383167;0.405363;ORGANIZING
2026.07.24 16:12:00;EURUSDm;1.13854;0.450364;0.602410;5.567243;0.480455;1.000000;1.000000;0.498660;7.010509;255.338106;2.081361;0.125162;-264.269655;-0.381301;0.405813;ORGANIZING
2026.07.24 16:13:00;EURUSDm;1.13853;0.622864;0.122549;6.034390;0.442560;1.000000;0.986742;0.497084;7.001401;255.392545;2.259583;0.125928;-263.797684;-0.375916;0.407112;ORGANIZING
2026.07.24 16:14:00;EURUSDm;1.13850;0.609636;0.373134;6.491617;0.419088;1.000000;0.982664;0.495091;6.993363;255.446670;2.386132;0.126462;-263.351050;-0.372093;0.408035;ORGANIZING
2026.07.24 16:15:00;EURUSDm;1.13854;0.461733;0.503778;5.972288;0.403323;1.000000;0.983231;0.496303;6.996139;255.500665;2.479403;0.126650;-263.916583;-0.369285;0.408714;ORGANIZING
2026.07.24 16:16:00;EURUSDm;1.13856;0.569704;0.255754;6.399566;0.375944;1.000000;0.975140;0.492852;7.000084;255.554425;2.659968;0.127083;-263.516676;-0.363847;0.410029;ORGANIZING
2026.07.24 16:17:00;EURUSDm;1.13854;0.460927;0.255754;5.887600;0.349935;1.000000;0.967211;0.493807;7.000896;255.607933;2.857674;0.127476;-264.059674;-0.357896;0.411469;ORGANIZING
2026.07.24 16:18:00;EURUSDm;1.13844;0.400979;1.262626;5.416592;0.375569;1.000000;0.994834;0.492667;6.998838;255.661677;2.662623;0.127112;-264.603666;-0.363766;0.410048;ORGANIZING
2026.07.24 16:19:00;EURUSDm;1.13848;0.559910;0.510204;5.836525;0.362301;1.000000;0.995115;0.489031;6.985623;255.715156;2.760134;0.127601;-264.190240;-0.360816;0.410762;ORGANIZING
2026.07.24 16:20:00;EURUSDm;1.13849;0.249415;0.129199;5.369603;0.330646;1.000000;0.981924;0.487925;6.970731;255.768170;3.024382;0.128381;-264.646526;-0.352849;0.412692;ORGANIZING
2026.07.24 16:21:00;EURUSDm;1.13839;0.347561;1.312336;4.940034;0.359731;1.000000;1.000000;0.485007;6.954311;255.821311;2.779858;0.128221;-265.119643;-0.360193;0.410913;ORGANIZING
2026.07.24 16:22:00;EURUSDm;1.13838;0.278160;0.133333;4.544832;0.328411;1.000000;0.986642;0.480517;6.936498;255.873960;3.044967;0.129108;-265.491569;-0.352196;0.412850;ORGANIZING
2026.07.24 16:23:00;EURUSDm;1.13823;0.537939;1.937984;4.948286;0.388889;1.000000;1.000000;0.476664;6.909747;255.926946;2.571425;0.128612;-265.140372;-0.366427;0.409405;ORGANIZING
2026.07.24 16:24:00;EURUSDm;1.13830;0.538755;0.921053;5.352352;0.395498;1.000000;1.000000;0.473034;6.875901;255.979660;2.528460;0.129125;-264.720675;-0.367690;0.409099;ORGANIZING
2026.07.24 16:25:00;EURUSDm;1.13824;0.558787;0.791557;5.771443;0.395301;1.000000;1.000000;0.470337;6.850640;256.032119;2.529721;0.129596;-264.297931;-0.367629;0.409114;ORGANIZING
2026.07.24 16:26:00;EURUSDm;1.13828;0.560702;0.529101;6.191969;0.381991;1.000000;0.999980;0.467846;6.833598;256.084275;2.617866;0.130150;-263.877186;-0.364957;0.409760;ORGANIZING
2026.07.24 16:27:00;EURUSDm;1.13825;0.558289;0.406504;6.610686;0.363216;1.000000;0.995583;0.465390;6.824406;256.136152;2.753181;0.130668;-263.468274;-0.360871;0.410749;ORGANIZING
2026.07.24 16:28:00;EURUSDm;1.13828;0.430286;0.416667;6.081831;0.345889;1.000000;0.991610;0.468563;6.804995;256.187660;2.891103;0.131243;-263.998835;-0.356705;0.411757;ORGANIZING
2026.07.24 16:29:00;EURUSDm;1.13831;0.533792;0.428571;6.482175;0.330023;1.000000;0.988303;0.465152;6.784722;256.238808;3.030093;0.131928;-263.586403;-0.352501;0.412776;ORGANIZING
2026.07.24 16:30:00;EURUSDm;1.13811;0.244438;2.717391;5.963601;0.429391;1.000000;1.000000;0.467823;6.754840;256.290650;2.328878;0.130684;-264.201768;-0.373599;0.407672;ORGANIZING
2026.07.24 16:31:00;EURUSDm;1.13824;0.285665;1.752022;5.486513;0.475523;1.000000;1.000000;0.468287;6.726715;256.342673;2.102949;0.130369;-264.721685;-0.380393;0.406032;ORGANIZING
2026.07.24 16:32:00;EURUSDm;1.13819;0.248260;0.679348;5.047592;0.465714;1.000000;1.000000;0.466818;6.698277;256.394312;2.147240;0.131048;-265.142626;-0.379030;0.406361;ORGANIZING
2026.07.24 16:33:00;EURUSDm;1.13830;0.309896;1.558074;4.643784;0.500332;1.000000;1.000000;0.463668;6.678692;256.446103;1.998673;0.130844;-265.587370;-0.383498;0.405284;ORGANIZING
2026.07.24 16:34:00;EURUSDm;1.13831;0.358950;0.142045;4.272282;0.462418;1.000000;0.986200;0.459059;6.667492;256.497402;2.162547;0.131770;-265.940641;-0.378535;0.406480;ORGANIZING
2026.07.24 16:35:00;EURUSDm;1.13820;0.257458;1.566952;3.930499;0.497644;1.000000;1.000000;0.453196;6.654572;256.548924;2.009467;0.131485;-266.331605;-0.383142;0.405369;ORGANIZING
2026.07.24 16:36:00;EURUSDm;1.13812;0.236959;1.129944;3.616059;0.509259;1.000000;1.000000;0.446258;6.649135;256.600508;1.963636;0.131498;-266.684493;-0.384516;0.405038;ORGANIZING
2026.07.24 16:37:00;EURUSDm;1.13816;0.258095;0.560224;3.326774;0.491808;1.000000;1.000000;0.438409;6.641497;256.651841;2.033315;0.132070;-266.976687;-0.382397;0.405549;ORGANIZING
2026.07.24 16:38:00;EURUSDm;1.13805;0.260757;1.515152;3.060633;0.522975;1.000000;1.000000;0.429796;6.631849;256.703389;1.912138;0.131846;-267.289022;-0.386044;0.404670;ORGANIZING
2026.07.24 16:39:00;EURUSDm;1.13801;0.248457;0.554017;2.815782;0.504527;1.000000;0.999433;0.420549;6.628898;256.754723;1.982055;0.132381;-267.542361;-0.383919;0.405182;ORGANIZING
2026.07.24 16:40:00;EURUSDm;1.13799;0.247350;0.280899;2.590519;0.473345;1.000000;0.989004;0.410784;6.623544;256.805692;2.112622;0.133197;-267.757175;-0.379961;0.406136;ORGANIZING
2026.07.24 16:41:00;EURUSDm;1.13804;0.288339;0.696379;2.383278;0.464497;1.000000;0.993139;0.400607;6.615994;256.856497;2.152866;0.133670;-267.970918;-0.378731;0.406433;ORGANIZING
2026.07.24 16:42:00;EURUSDm;1.13801;0.284007;0.436047;2.192616;0.443075;1.000000;0.987662;0.390110;6.606436;256.906992;2.256956;0.134415;-268.150543;-0.375571;0.407196;ORGANIZING
2026.07.24 16:43:00;EURUSDm;1.13801;0.378079;0.001000;2.017206;0.400971;1.000000;0.966783;0.379375;6.602715;256.957029;2.493947;0.135445;-268.304973;-0.368409;0.408925;ORGANIZING
2026.07.24 16:44:00;EURUSDm;1.13800;0.322870;0.158228;1.855830;0.368834;1.000000;0.951762;0.368475;6.604666;257.006764;2.711249;0.136203;-268.466050;-0.361852;0.410511;ORGANIZING
2026.07.24 16:45:00;EURUSDm;1.13797;0.342482;0.476190;1.707363;0.354202;0.997366;0.948013;0.357475;6.612284;257.056482;2.815816;0.136179;-268.645470;-0.358717;0.411270;ORGANIZING
2026.07.24 16:46:00;EURUSDm;1.13794;0.306763;0.479233;1.570774;0.340506;0.989715;0.944118;0.346430;6.625434;257.106347;2.906601;0.135348;-268.830093;-0.356035;0.411920;ORGANIZING
2026.07.24 16:47:00;EURUSDm;1.13791;0.310766;0.482315;1.445112;0.327802;0.977643;0.940080;0.335392;6.643963;257.156512;2.982418;0.133792;-269.020268;-0.353838;0.412452;ORGANIZING
2026.07.24 16:48:00;EURUSDm;1.13785;0.284034;0.983607;1.329503;0.341039;0.961595;0.953342;0.324403;6.658266;257.207273;2.819602;0.131299;-269.222551;-0.358847;0.411239;ORGANIZING
2026.07.24 16:49:00;EURUSDm;1.13792;0.299014;1.174497;1.223143;0.363480;0.942048;0.972436;0.313501;6.677565;257.258842;2.591744;0.128091;-269.439263;-0.365843;0.409546;ORGANIZING
2026.07.24 16:50:00;EURUSDm;1.13786;0.361611;1.067616;1.125292;0.379846;0.919504;0.986740;0.302718;6.692560;257.311176;2.420728;0.124676;-269.636784;-0.371144;0.408265;ORGANIZING
2026.07.24 16:51:00;EURUSDm;1.13785;0.286920;0.179211;1.035268;0.351424;0.894606;0.969072;0.292083;6.703610;257.363834;2.545659;0.121763;-269.776771;-0.367542;0.409135;ORGANIZING
2026.07.24 16:52:00;EURUSDm;1.13784;0.296184;0.183824;0.952447;0.325152;0.867739;0.951811;0.281620;6.711044;257.416842;2.668715;0.118579;-269.907136;-0.364010;0.409989;ORGANIZING
2026.07.24 16:53:00;EURUSDm;1.13786;0.269197;0.373134;0.876251;0.310196;0.839206;0.941414;0.271349;6.715164;257.470311;2.705403;0.115012;-270.038075;-0.363087;0.410212;ORGANIZING
2026.07.24 16:54:00;EURUSDm;1.13792;0.280025;1.115242;0.806151;0.333665;0.809154;0.956995;0.261287;6.716249;257.524627;2.425051;0.110673;-270.198058;-0.371715;0.408127;ORGANIZING
2026.07.24 16:55:00;EURUSDm;1.13799;0.379667;1.310861;0.741659;0.366341;0.777837;0.978526;0.251447;6.714556;257.579879;2.123256;0.106083;-270.358732;-0.380998;0.405886;ORGANIZING
2026.07.24 16:56:00;EURUSDm;1.13790;0.361466;1.685393;0.682326;0.416737;0.745441;1.000000;0.241841;6.710321;257.636241;1.788754;0.101160;-270.529536;-0.391279;0.403409;ORGANIZING
2026.07.24 16:57:00;EURUSDm;1.13785;0.297329;0.922509;0.627740;0.427117;0.712410;1.000000;0.232478;6.703760;257.693302;1.667950;0.096751;-270.652745;-0.395124;0.402484;ORGANIZING
2026.07.24 16:58:00;EURUSDm;1.13782;0.338779;0.583658;0.577521;0.420696;0.679043;0.993565;0.223365;6.695072;257.750879;1.614095;0.092524;-270.751885;-0.396951;0.402045;ORGANIZING
2026.07.24 16:59:00;EURUSDm;1.13776;0.319072;1.149425;0.531319;0.443551;0.645383;1.000000;0.214507;6.684441;257.809251;1.455036;0.087897;-270.873997;-0.401954;0.400843;ORGANIZING
2026.07.24 17:00:00;EURUSDm;1.13769;0.295749;1.330798;0.488814;0.475006;0.611569;1.000000;0.205907;6.672036;257.868490;1.287496;0.083173;-270.999000;-0.407216;0.399580;ORGANIZING
2026.07.24 17:01:00;EURUSDm;1.13774;0.299179;0.950570;0.449709;0.486553;0.577874;1.000000;0.197567;6.658012;257.928378;1.187689;0.078707;-271.098506;-0.410434;0.398808;ORGANIZING
2026.07.24 17:02:00;EURUSDm;1.13771;0.302981;0.574713;0.413732;0.479404;0.544535;0.992030;0.189488;6.642510;257.988707;1.135859;0.074477;-271.173839;-0.412200;0.398385;ORGANIZING
2026.07.24 17:03:00;EURUSDm;1.13770;0.299202;0.191571;0.380633;0.454121;0.511757;0.970646;0.181668;6.625663;258.049269;1.126918;0.070476;-271.225663;-0.412669;0.398272;ORGANIZING
2026.07.24 17:04:00;EURUSDm;1.13761;0.270580;1.685393;0.350183;0.505450;0.479262;1.000000;0.174107;6.607592;258.110814;0.948190;0.065768;-271.350217;-0.418266;0.396932;ORGANIZING
2026.07.24 17:05:00;EURUSDm;1.13755;0.261548;1.115242;0.322168;0.526354;0.447295;1.000000;0.166803;6.588406;258.173016;0.849799;0.061428;-271.440323;-0.421435;0.396174;ORGANIZING
2026.07.24 17:06:00;EURUSDm;1.13745;0.259123;1.805054;0.296395;0.581343;0.415766;1.000000;0.159751;6.568207;258.236196;0.715181;0.056882;-271.561296;-0.425700;0.395153;ORGANIZING
2026.07.24 17:07:00;EURUSDm;1.13723;0.241477;3.703704;0.272683;0.729146;0.384300;1.000000;0.152949;6.547091;258.301273;0.527055;0.051728;-271.773515;-0.431602;0.393744;ORGANIZING
2026.07.24 17:08:00;EURUSDm;1.13719;0.251689;0.687285;0.250868;0.719367;0.353732;0.994408;0.146392;6.525142;258.366643;0.491727;0.047861;-271.824477;-0.432855;0.393445;AGING
2026.07.24 17:09:00;EURUSDm;1.13721;0.250944;0.346021;0.230799;0.693625;0.324169;0.976838;0.140076;6.502439;258.432120;0.467354;0.044188;-271.855809;-0.433770;0.393226;ORGANIZING
2026.07.24 17:10:00;EURUSDm;1.13713;0.256634;1.351351;0.212335;0.720028;0.295376;0.994849;0.133996;6.479057;258.498204;0.410229;0.040280;-271.936625;-0.435679;0.392771;AGING
2026.07.24 17:11:00;EURUSDm;1.13717;0.262231;0.689655;0.195348;0.712602;0.267538;0.988857;0.128145;6.455061;258.564530;0.375438;0.036670;-271.980657;-0.436903;0.392479;AGING
2026.07.24 17:12:00;EURUSDm;1.13709;0.256302;1.346801;0.179720;0.738961;0.240501;1.000000;0.122519;6.430513;258.631414;0.325458;0.032981;-272.056218;-0.438587;0.392078;AGING
2026.07.24 17:13:00;EURUSDm;1.13715;0.264101;1.041667;0.165343;0.749286;0.214349;1.000000;0.117112;6.405469;258.698675;0.286071;0.029477;-272.113432;-0.439944;0.391754;AGING
2026.07.24 17:14:00;EURUSDm;1.13711;0.258370;0.701754;0.152115;0.742623;0.189165;0.993660;0.111918;6.379982;258.766118;0.254726;0.026148;-272.151260;-0.441051;0.391491;AGING
2026.07.24 17:15:00;EURUSDm;1.13721;0.262353;1.730104;0.139946;0.788213;0.164694;1.000000;0.106931;6.354099;258.834247;0.208945;0.022719;-272.239880;-0.442596;0.391123;AGING
2026.07.24 17:16:00;EURUSDm;1.13710;0.262568;1.858108;0.128750;0.838414;0.140915;1.000000;0.102144;6.327865;258.903091;0.168073;0.019387;-272.331857;-0.443988;0.390791;AGING
2026.07.24 17:17:00;EURUSDm;1.13717;0.278931;1.166667;0.118450;0.852009;0.117999;1.000000;0.097552;6.301318;258.972265;0.138496;0.016274;-272.385563;-0.445031;0.390543;AGING
2026.07.24 17:18:00;EURUSDm;1.13698;0.265333;3.006329;0.108974;0.957365;0.095505;1.000000;0.093148;6.274497;259.042673;0.099758;0.013038;-272.530848;-0.446355;0.390228;AGING
2026.07.24 17:19:00;EURUSDm;1.13695;0.271753;0.474684;0.100256;0.931320;0.074052;0.984874;0.088926;6.247435;259.112980;0.079513;0.010189;-272.542715;-0.447105;0.390049;AGING
2026.07.24 17:20:00;EURUSDm;1.13693;0.277694;0.335570;0.092236;0.900052;0.053637;0.965261;0.084881;6.220164;259.183109;0.059593;0.007444;-272.547378;-0.447840;0.389874;AGING
2026.07.24 17:21:00;EURUSDm;1.13697;0.279317;0.692042;0.084857;0.888579;0.034137;0.958669;0.081006;6.192711;259.253239;0.038418;0.004766;-272.570259;-0.448609;0.389692;AGING
2026.07.24 17:22:00;EURUSDm;1.13690;0.278922;1.202749;0.078068;0.903604;0.015403;0.970047;0.077295;6.165105;259.323618;0.017046;0.002155;-272.618551;-0.449381;0.389508;AGING
2026.07.24 17:23:00;EURUSDm;1.13689;0.282343;0.177936;0.071823;0.867013;0.000000;0.945029;0.073743;6.137367;259.393662;0.000000;0.000000;-272.611071;-0.450000;0.389361;AGING
2026.07.24 17:24:00;EURUSDm;1.13696;0.304391;1.219512;0.066077;0.884638;0.000000;0.957216;0.070343;6.109521;259.463604;0.000000;0.000000;-272.641893;-0.450000;0.389361;AGING
2026.07.24 17:25:00;EURUSDm;1.13702;0.329952;1.063830;0.060791;0.893597;0.000000;0.963410;0.067090;6.081587;259.533355;0.000000;0.000000;-272.663517;-0.450000;0.389361;AGING
2026.07.24 17:26:00;EURUSDm;1.13711;0.389885;1.590106;0.055928;0.928423;0.000000;0.987692;0.063979;6.053584;259.603176;0.000000;0.000000;-272.710796;-0.450000;0.389361;AGING
2026.07.24 17:27:00;EURUSDm;1.13710;0.711735;0.178571;0.589729;0.890930;0.008699;0.961612;0.087470;6.026487;259.672176;0.009764;0.001242;-272.192591;-0.449645;0.389445;AGING
2026.07.24 17:28:00;EURUSDm;1.13710;0.798091;0.001000;1.188297;0.846260;0.043430;0.931052;0.113025;6.005729;259.739827;0.051320;0.006235;-271.591866;-0.448149;0.389801;AGING
2026.07.24 17:29:00;EURUSDm;1.13716;0.793229;1.107011;1.783219;0.858429;0.099742;0.941167;0.137120;5.991224;259.806329;0.116191;0.014276;-271.038484;-0.445800;0.390360;AGING
2026.07.24 17:30:00;EURUSDm;1.13721;0.774023;0.912409;2.363736;0.859133;0.173911;0.944959;0.159289;5.982782;259.871270;0.202427;0.024840;-270.476898;-0.442685;0.391101;AGING
2026.07.24 17:31:00;EURUSDm;1.13721;0.756923;0.001000;2.931429;0.812748;0.262995;0.917496;0.179710;5.980229;259.933940;0.323588;0.037718;-269.872140;-0.438406;0.392121;AGING
2026.07.24 17:32:00;EURUSDm;1.13720;0.686743;0.187266;3.446486;0.776214;0.363125;0.898228;0.196477;5.982995;259.994269;0.467815;0.052205;-269.319817;-0.433355;0.393325;AGING
2026.07.24 17:33:00;EURUSDm;1.13721;0.720299;0.186567;3.986710;0.739469;0.473395;0.880196;0.213664;5.991294;260.052109;0.640182;0.068169;-268.741390;-0.427386;0.394751;ORGANIZING
2026.07.24 17:34:00;EURUSDm;1.13708;0.722353;2.321429;4.528475;0.809099;0.591914;0.938118;0.230069;6.005101;260.108413;0.731572;0.084028;-268.267464;-0.423851;0.395595;ORGANIZING
2026.07.24 17:35:00;EURUSDm;1.13694;0.367365;2.405498;4.166197;0.877081;0.694355;0.997529;0.236680;6.015338;260.163450;0.791666;0.097397;-268.684015;-0.421380;0.396187;ORGANIZING
2026.07.24 17:36:00;EURUSDm;1.13696;0.600605;0.344828;4.616651;0.836581;0.803414;0.982968;0.247368;6.030141;260.216049;0.960354;0.112933;-268.187583;-0.415543;0.397584;ORGANIZING
2026.07.24 17:37:00;EURUSDm;1.13700;0.517507;0.687285;5.004781;0.813048;0.916404;0.981277;0.254407;6.048853;260.266340;1.127122;0.128775;-267.764722;-0.409748;0.398973;ORGANIZING
2026.07.24 17:38:00;EURUSDm;1.13691;0.754805;1.530612;5.570885;0.830598;1.000000;1.000000;0.269991;6.073228;260.315378;1.203951;0.139396;-267.261530;-0.406912;0.399653;ORGANIZING
2026.07.24 17:39:00;EURUSDm;1.13693;0.739081;0.346021;6.125195;0.786369;1.000000;0.986560;0.284207;6.103111;260.364273;1.271667;0.139398;-266.800084;-0.404880;0.400140;ORGANIZING
2026.07.24 17:40:00;EURUSDm;1.13689;0.733752;0.696864;6.675509;0.761894;1.000000;0.986368;0.297513;6.138428;260.413276;1.312518;0.138931;-266.371543;-0.403678;0.400429;ORGANIZING
2026.07.24 17:41:00;EURUSDm;1.13691;0.745627;0.347222;7.234729;0.721161;1.000000;0.974411;0.310598;6.179235;260.462280;1.386654;0.138677;-265.928377;-0.401467;0.400960;ORGANIZING
2026.07.24 17:42:00;EURUSDm;1.13695;0.726967;0.687285;7.779954;0.699467;1.000000;0.975233;0.322329;6.225358;260.511528;1.429661;0.137985;-265.526415;-0.400211;0.401262;ORGANIZING
2026.07.24 17:43:00;EURUSDm;1.13688;0.724177;1.182432;8.323087;0.703615;1.000000;0.993766;0.333370;6.276744;260.561332;1.421232;0.136729;-265.162086;-0.400527;0.401186;ORGANIZING
2026.07.24 17:44:00;EURUSDm;1.13690;0.708148;0.342466;8.854199;0.665558;1.000000;0.982639;0.343257;6.333241;260.611320;1.502500;0.136202;-264.775674;-0.398115;0.401765;ORGANIZING
2026.07.24 17:45:00;EURUSDm;1.13689;0.565804;0.174825;9.278551;0.621021;1.000000;0.966379;0.347311;6.393753;260.661467;1.610252;0.135831;-264.486065;-0.394901;0.402538;ORGANIZING
2026.07.24 17:46:00;EURUSDm;1.13688;0.368654;0.179856;8.536267;0.578963;1.000000;0.951007;0.367060;6.446587;260.711723;1.727227;0.135270;-265.381713;-0.391420;0.403376;ORGANIZING
2026.07.24 17:47:00;EURUSDm;1.13684;0.343809;0.722022;7.853366;0.566116;1.000000;0.955839;0.382852;6.486991;260.762254;1.766424;0.134482;-266.214689;-0.390283;0.403649;ORGANIZING
2026.07.24 17:48:00;EURUSDm;1.13684;0.345261;0.001000;7.225097;0.517860;1.000000;0.935820;0.395123;6.514924;260.812582;1.931024;0.134627;-266.925438;-0.385338;0.404840;ORGANIZING
2026.07.24 17:49:00;EURUSDm;1.13681;0.293086;0.553506;6.647089;0.499642;1.000000;0.936268;0.404267;6.530988;260.862888;2.001432;0.134501;-267.585951;-0.383232;0.405348;ORGANIZING
2026.07.24 17:50:00;EURUSDm;1.13685;0.287112;0.746269;6.115322;0.491973;1.000000;0.943767;0.410642;6.535849;260.913166;2.032630;0.134436;-268.182800;-0.382299;0.405572;ORGANIZING
2026.07.24 17:51:00;EURUSDm;1.13675;0.260163;1.831502;5.626096;0.538950;1.000000;0.989211;0.414571;6.530116;260.963857;1.855460;0.133625;-268.766086;-0.387655;0.404282;ORGANIZING
2026.07.24 17:52:00;EURUSDm;1.13676;0.265048;0.184502;5.176008;0.501227;1.000000;0.975556;0.416347;6.514761;261.014017;1.995102;0.134547;-269.201452;-0.383420;0.405302;ORGANIZING
2026.07.24 17:53:00;EURUSDm;1.13680;0.276075;0.729927;4.761928;0.492662;1.000000;0.981531;0.416234;6.489939;261.063843;2.029787;0.135156;-269.606924;-0.382349;0.405561;ORGANIZING
2026.07.24 17:54:00;EURUSDm;1.13685;0.382128;0.925926;4.380973;0.494326;1.000000;0.994153;0.414470;6.458964;261.113376;2.022958;0.135726;-269.973596;-0.382525;0.405518;ORGANIZING
2026.07.24 17:55:00;EURUSDm;1.13694;0.702103;1.648352;4.907550;0.532027;1.000000;1.000000;0.420075;6.434083;261.163037;1.879604;0.135388;-269.495830;-0.386842;0.404478;ORGANIZING
2026.07.24 17:56:00;EURUSDm;1.13699;0.697676;0.932836;5.430807;0.532067;1.000000;1.000000;0.425234;6.410054;261.212458;1.879461;0.135734;-268.984295;-0.386829;0.404481;ORGANIZING
2026.07.24 17:57:00;EURUSDm;1.13693;0.700892;1.190476;5.956476;0.544988;1.000000;1.000000;0.430256;6.387521;261.261783;1.834903;0.135819;-268.485849;-0.388162;0.404160;ORGANIZING
2026.07.24 17:58:00;EURUSDm;1.13688;0.705619;0.988142;6.485691;0.547146;1.000000;1.000000;0.435204;6.364731;261.310902;1.827667;0.136108;-267.972227;-0.388365;0.404111;ORGANIZING
2026.07.24 17:59:00;EURUSDm;1.13693;0.714228;0.976562;7.021362;0.548616;1.000000;1.000000;0.440227;6.341869;261.359807;1.822767;0.136412;-267.451255;-0.388496;0.404079;ORGANIZING
2026.07.24 18:00:00;EURUSDm;1.13696;0.697705;0.597610;7.544641;0.531066;1.000000;1.000000;0.444380;6.318851;261.408306;1.883005;0.137093;-266.921193;-0.386655;0.404523;ORGANIZING
2026.07.24 18:01:00;EURUSDm;1.13691;0.656639;0.992063;8.037120;0.534116;1.000000;1.000000;0.446785;6.295281;261.456600;1.872253;0.137435;-266.437727;-0.386961;0.404449;ORGANIZING
2026.07.24 18:02:00;EURUSDm;1.13681;0.503614;1.968504;8.414831;0.585835;1.000000;1.000000;0.443331;6.270153;261.505160;1.706964;0.136999;-266.103133;-0.391941;0.403250;ORGANIZING
2026.07.24 18:03:00;EURUSDm;1.13674;0.516986;1.372549;8.802571;0.605171;1.000000;1.000000;0.440552;6.243597;261.553647;1.652425;0.137187;-265.724546;-0.393568;0.402859;ORGANIZING
2026.07.24 18:04:00;EURUSDm;1.13685;0.692765;2.099237;9.322144;0.659874;1.000000;1.000000;0.444503;6.217059;261.602417;1.515440;0.136585;-265.263270;-0.397708;0.401863;ORGANIZING
2026.07.24 18:05:00;EURUSDm;1.13690;0.719082;0.972763;9.861456;0.655519;1.000000;1.000000;0.449243;6.191803;261.650890;1.525509;0.137051;-264.727044;-0.397382;0.401941;ORGANIZING
2026.07.24 18:06:00;EURUSDm;1.13686;0.718189;0.800000;10.400098;0.642743;1.000000;1.000000;0.453713;6.179482;261.699112;1.555832;0.137439;-264.208148;-0.396453;0.402165;ORGANIZING
2026.07.24 18:07:00;EURUSDm;1.13691;0.722580;1.008065;10.942033;0.641009;1.000000;1.000000;0.458124;6.179471;261.747317;1.560041;0.137389;-263.721484;-0.396329;0.402195;ORGANIZING
2026.07.24 18:08:00;EURUSDm;1.13694;0.712945;0.646552;11.476742;0.621286;1.000000;1.000000;0.461953;6.191090;261.795441;1.609565;0.137470;-263.246072;-0.394840;0.402553;ORGANIZING
2026.07.24 18:09:00;EURUSDm;1.13699;0.431701;1.068376;10.558603;0.623641;1.000000;1.000000;0.484763;6.199250;261.843670;1.603488;0.136843;-264.276733;-0.395053;0.402501;ORGANIZING
2026.07.24 18:10:00;EURUSDm;1.13698;0.580314;0.214592;10.993838;0.583188;1.000000;0.989477;0.482286;6.217039;261.891672;1.714713;0.137315;-263.879672;-0.391693;0.403310;ORGANIZING
2026.07.24 18:11:00;EURUSDm;1.13697;0.368766;0.217391;10.114331;0.544898;1.000000;0.979334;0.502147;6.230836;261.939429;1.835205;0.137403;-264.835963;-0.388074;0.404181;ORGANIZING
2026.07.24 18:12:00;EURUSDm;1.13698;0.373392;0.223214;9.305185;0.508814;1.000000;0.970445;0.517497;6.240974;261.986927;1.965354;0.137603;-265.707499;-0.384159;0.405124;ORGANIZING
2026.07.24 18:13:00;EURUSDm;1.13697;0.468305;0.223214;8.560770;0.474534;1.000000;0.962405;0.528843;6.247757;262.034150;2.107330;0.137909;-266.501115;-0.379885;0.406155;ORGANIZING
2026.07.24 18:14:00;EURUSDm;1.13694;0.731557;0.681818;9.109437;0.464898;1.000000;0.971094;0.529834;6.263803;262.081437;2.151008;0.137769;-266.024173;-0.378581;0.406469;ORGANIZING
2026.07.24 18:15:00;EURUSDm;1.13699;0.731302;1.141553;9.657914;0.478731;1.000000;0.995604;0.530767;6.279988;262.129024;2.088856;0.137184;-265.571350;-0.380475;0.406012;ORGANIZING
2026.07.24 18:16:00;EURUSDm;1.13706;0.729152;1.612903;10.204778;0.515440;1.000000;1.000000;0.531571;6.296327;262.177142;1.940092;0.136178;-265.143601;-0.384988;0.404924;ORGANIZING
2026.07.24 18:17:00;EURUSDm;1.13703;0.709553;0.684932;10.736942;0.503914;1.000000;1.000000;0.531601;6.312650;262.225308;1.984465;0.136088;-264.680782;-0.383662;0.405244;ORGANIZING
2026.07.24 18:18:00;EURUSDm;1.13698;0.700605;1.116071;11.262396;0.514522;1.000000;1.000000;0.531294;6.328854;262.273741;1.943551;0.135599;-264.246163;-0.384913;0.404942;ORGANIZING
2026.07.24 18:19:00;EURUSDm;1.13693;0.698893;1.121076;11.786566;0.524850;1.000000;1.000000;0.530938;6.344862;262.322439;1.905307;0.135123;-263.812321;-0.386085;0.404660;ORGANIZING
2026.07.24 18:20:00;EURUSDm;1.13683;0.566889;2.192982;12.211732;0.588256;1.000000;1.000000;0.525649;6.359809;262.371919;1.699939;0.133802;-263.519358;-0.392312;0.403161;ORGANIZING
2026.07.24 18:21:00;EURUSDm;1.13677;0.537240;1.282051;12.614663;0.602946;1.000000;1.000000;0.519513;6.373785;262.421686;1.658523;0.133400;-263.196566;-0.393574;0.402857;ORGANIZING
2026.07.24 18:22:00;EURUSDm;1.13683;0.733446;1.255230;13.164747;0.615560;1.000000;1.000000;0.521042;6.389415;262.471736;1.624536;0.132872;-262.743463;-0.394620;0.402606;ORGANIZING
2026.07.24 18:23:00;EURUSDm;1.13686;0.611903;0.622407;13.623674;0.595903;1.000000;1.000000;0.517936;6.405679;262.521752;1.678126;0.132987;-262.341211;-0.393007;0.402994;ORGANIZING
2026.07.24 18:24:00;EURUSDm;1.13689;0.711888;0.649351;14.157590;0.578575;1.000000;1.000000;0.518735;6.422005;262.571758;1.728384;0.132991;-261.874223;-0.391499;0.403357;ORGANIZING
2026.07.24 18:25:00;EURUSDm;1.13695;0.709003;1.345291;14.689342;0.596911;1.000000;1.000000;0.519386;6.438174;262.622109;1.675292;0.132372;-261.444798;-0.393123;0.402966;ORGANIZING
2026.07.24 18:26:00;EURUSDm;1.13690;0.702045;1.106195;15.215876;0.602375;1.000000;1.000000;0.519743;6.454141;262.672674;1.660095;0.131991;-261.006941;-0.393598;0.402852;ORGANIZING
2026.07.24 18:27:00;EURUSDm;1.13690;0.680366;0.001000;15.726150;0.552306;1.000000;0.983226;0.519270;6.469711;262.722894;1.810589;0.132603;-260.527012;-0.389052;0.403945;ORGANIZING
2026.07.24 18:28:00;EURUSDm;1.13689;0.669475;0.233645;16.228256;0.516373;1.000000;0.975165;0.518412;6.484878;262.772907;1.936584;0.132985;-260.067602;-0.385253;0.404861;ORGANIZING
2026.07.24 18:29:00;EURUSDm;1.13686;0.536803;0.697674;16.630859;0.505438;1.000000;0.983597;0.512621;6.513176;262.823093;1.978481;0.132780;-259.749267;-0.384007;0.405161;ORGANIZING
2026.07.24 18:30:00;EURUSDm;1.13688;0.661972;0.469484;17.127338;0.483641;1.000000;0.983545;0.511814;6.541945;262.873349;2.067651;0.132672;-259.337170;-0.381337;0.405804;ORGANIZING
2026.07.24 18:31:00;EURUSDm;1.13688;0.662713;0.001000;17.624373;0.439509;1.000000;0.967070;0.511075;6.584336;262.923587;2.275269;0.132715;-258.929545;-0.375106;0.407308;ORGANIZING
2026.07.24 18:32:00;EURUSDm;1.13685;0.520760;0.714286;18.014943;0.433247;1.000000;0.976110;0.505050;6.638512;262.974305;2.308150;0.131982;-258.679733;-0.374156;0.407537;ORGANIZING
2026.07.24 18:33:00;EURUSDm;1.13680;0.400190;1.201923;16.573747;0.451681;1.000000;1.000000;0.551857;6.685449;263.025676;2.213951;0.130056;-260.378222;-0.377079;0.406832;ORGANIZING
2026.07.24 18:34:00;EURUSDm;1.13674;0.356392;1.415094;15.247848;0.479852;1.000000;1.000000;0.590559;6.713406;263.077608;2.083977;0.128472;-261.917543;-0.381057;0.405872;ORGANIZING
2026.07.24 18:35:00;EURUSDm;1.13680;0.376902;1.382488;14.028020;0.504984;1.000000;1.000000;0.622023;6.723540;263.129894;1.980262;0.127380;-263.297983;-0.384223;0.405109;ORGANIZING
2026.07.24 18:36:00;EURUSDm;1.13676;0.266561;0.909091;12.905778;0.505189;1.000000;1.000000;0.647034;6.716932;263.182115;1.979457;0.127078;-264.509458;-0.384262;0.405099;ORGANIZING
2026.07.24 18:37:00;EURUSDm;1.13685;0.406313;2.000000;11.873316;0.559930;1.000000;1.000000;0.666305;6.694711;263.234661;1.785939;0.126248;-265.643308;-0.390109;0.403691;ORGANIZING
2026.07.24 18:38:00;EURUSDm;1.13688;0.713441;0.657895;12.408397;0.544828;1.000000;1.000000;0.659744;6.672698;263.286837;1.835442;0.126948;-265.088151;-0.388589;0.404057;ORGANIZING
2026.07.24 18:39:00;EURUSDm;1.13682;0.666823;1.298701;12.908514;0.562522;1.000000;1.000000;0.651762;6.650554;263.338967;1.777710;0.127148;-264.597608;-0.390311;0.403642;ORGANIZING
2026.07.24 18:40:00;EURUSDm;1.13677;0.714270;1.077586;13.444216;0.568275;1.000000;1.000000;0.645959;6.629626;263.390946;1.759712;0.127488;-264.066175;-0.390834;0.403516;ORGANIZING
2026.07.24 18:41:00;EURUSDm;1.13679;0.701779;0.446429;13.970551;0.542182;1.000000;1.000000;0.639978;6.610037;263.442469;1.844398;0.128334;-263.514130;-0.388251;0.404138;ORGANIZING
2026.07.24 18:42:00;EURUSDm;1.13686;0.674339;1.521739;14.476305;0.571160;1.000000;1.000000;0.633267;6.590102;263.494081;1.750822;0.128295;-263.035674;-0.391061;0.403462;ORGANIZING
2026.07.24 18:43:00;EURUSDm;1.13686;0.663521;0.001000;14.973946;0.522652;1.000000;0.987199;0.626486;6.570654;263.545014;1.913318;0.129537;-262.488001;-0.386124;0.404651;ORGANIZING
2026.07.24 18:44:00;EURUSDm;1.13686;0.634545;0.001000;15.449855;0.476570;1.000000;0.974609;0.618957;6.550724;263.595287;2.098329;0.130783;-261.961363;-0.380511;0.406004;ORGANIZING
2026.07.24 18:45:00;EURUSDm;1.13688;0.610778;0.467290;15.907938;0.456106;1.000000;0.978517;0.610913;6.530156;263.645150;2.192474;0.131628;-261.475456;-0.377644;0.406695;ORGANIZING
2026.07.24 18:46:00;EURUSDm;1.13692;0.624065;0.938967;16.375987;0.460249;1.000000;0.998514;0.603770;6.509106;263.694843;2.172738;0.132046;-261.004858;-0.378216;0.406557;ORGANIZING
2026.07.24 18:47:00;EURUSDm;1.13700;0.632956;1.860465;16.850704;0.510260;1.000000;1.000000;0.597317;6.487806;263.744824;1.959787;0.131659;-260.574627;-0.384623;0.405012;ORGANIZING
2026.07.24 18:48:00;EURUSDm;1.13695;0.639803;1.162791;17.330556;0.522886;1.000000;1.000000;0.591444;6.466390;263.794717;1.912462;0.131914;-260.102716;-0.386030;0.404673;ORGANIZING
2026.07.24 18:49:00;EURUSDm;1.13693;0.648676;0.471698;17.817063;0.500327;1.000000;1.000000;0.586197;6.445920;263.844179;1.998694;0.132759;-259.591678;-0.383401;0.405307;ORGANIZING
2026.07.24 18:50:00;EURUSDm;1.13694;0.649307;0.238095;18.304043;0.467215;1.000000;0.993850;0.581236;6.425458;263.893106;2.140342;0.133799;-259.069666;-0.379100;0.406344;ORGANIZING
2026.07.24 18:51:00;EURUSDm;1.13695;0.645802;0.242718;18.788395;0.435990;1.000000;0.987904;0.576392;6.404971;263.941516;2.293629;0.134819;-258.551837;-0.374450;0.407466;ORGANIZING
2026.07.24 18:52:00;EURUSDm;1.13696;0.571172;0.253807;19.216774;0.406881;1.000000;0.982384;0.568991;6.384964;263.989434;2.457720;0.135854;-258.087452;-0.369476;0.408668;ORGANIZING
2026.07.24 18:53:00;EURUSDm;1.13691;0.571672;1.282051;19.645528;0.430640;1.000000;1.000000;0.561980;6.383757;264.037578;2.322127;0.135568;-257.714163;-0.373558;0.407682;ORGANIZING
2026.07.24 18:54:00;EURUSDm;1.13691;0.326113;0.001000;18.073886;0.389158;1.000000;0.984704;0.612463;6.380099;264.085271;2.569653;0.135470;-259.385666;-0.366137;0.409475;ORGANIZING
2026.07.24 18:55:00;EURUSDm;1.13691;0.529278;0.001000;18.470844;0.349750;1.000000;0.971711;0.601687;6.392627;264.132694;2.859187;0.136164;-259.000228;-0.357416;0.411585;ORGANIZING
2026.07.24 18:56:00;EURUSDm;1.13696;0.247684;1.388889;16.993176;0.381707;1.000000;1.000000;0.645486;6.401537;264.180527;2.619812;0.134612;-260.663105;-0.364675;0.409828;ORGANIZING
2026.07.24 18:57:00;EURUSDm;1.13694;0.579584;0.564972;17.427865;0.370870;1.000000;1.000000;0.634947;6.425075;264.228486;2.696363;0.134573;-260.291535;-0.362380;0.410383;ORGANIZING
2026.07.24 18:58:00;EURUSDm;1.13695;0.568202;0.285714;17.854016;0.346612;1.000000;0.997223;0.624507;6.447406;264.276426;2.885069;0.134798;-259.912848;-0.356708;0.411757;ORGANIZING
2026.07.24 18:59:00;EURUSDm;1.13697;0.315298;0.581395;16.425695;0.338351;1.000000;1.000000;0.664698;6.450341;264.324313;2.955508;0.134167;-261.467047;-0.354626;0.412261;ORGANIZING
2026.07.24 19:00:00;EURUSDm;1.13700;0.204741;0.862069;15.111639;0.344537;1.000000;1.000000;0.697165;6.434763;264.372106;2.902444;0.133753;-262.868862;-0.356239;0.411870;ORGANIZING
2026.07.24 19:01:00;EURUSDm;1.13701;0.219011;0.287356;13.902708;0.321678;1.000000;0.999458;0.722754;6.403268;264.419356;3.108697;0.134270;-264.090369;-0.350026;0.413376;ORGANIZING
2026.07.24 19:02:00;EURUSDm;1.13706;0.239338;1.404494;12.790491;0.355819;1.000000;1.000000;0.742227;6.388110;264.466795;2.810418;0.133580;-265.292796;-0.359008;0.411200;ORGANIZING
2026.07.24 19:03:00;EURUSDm;1.13697;0.545275;2.419355;13.199448;0.438996;1.000000;1.000000;0.725563;6.373914;264.514924;2.277926;0.132653;-264.953427;-0.375030;0.407326;ORGANIZING
2026.07.24 19:04:00;EURUSDm;1.13701;0.352812;1.069519;12.143492;0.450522;1.000000;1.000000;0.742083;6.375108;264.563180;2.219648;0.132140;-266.104593;-0.376804;0.406898;ORGANIZING
2026.07.24 19:05:00;EURUSDm;1.13696;0.635412;1.336898;12.620051;0.474841;1.000000;1.000000;0.728807;6.376112;264.611690;2.105969;0.131930;-265.676317;-0.380224;0.406073;ORGANIZING
2026.07.24 19:06:00;EURUSDm;1.13697;0.621744;0.276243;13.086359;0.444911;1.000000;1.000000;0.715682;6.377127;264.659910;2.247641;0.132666;-265.204081;-0.375937;0.407107;ORGANIZING
2026.07.24 19:07:00;EURUSDm;1.13698;0.643416;0.279330;13.568921;0.416632;1.000000;0.999825;0.704026;6.378059;264.707857;2.400201;0.133356;-264.719739;-0.371326;0.408221;ORGANIZING
2026.07.24 19:08:00;EURUSDm;1.13705;0.648615;1.933702;14.055382;0.472485;1.000000;1.000000;0.693148;6.378921;264.756371;2.116468;0.132546;-264.317612;-0.379879;0.406156;ORGANIZING
2026.07.24 19:09:00;EURUSDm;1.13700;0.620682;1.381215;14.520894;0.497922;1.000000;1.000000;0.681766;6.379988;264.805150;2.008347;0.132281;-263.905686;-0.383136;0.405371;ORGANIZING
2026.07.24 19:10:00;EURUSDm;1.13700;0.632843;0.001000;14.995526;0.453076;1.000000;0.988897;0.671409;6.381173;264.853493;2.207137;0.133233;-263.416207;-0.377124;0.406821;ORGANIZING
2026.07.24 19:11:00;EURUSDm;1.13702;0.615325;0.598802;15.457019;0.440362;1.000000;0.998743;0.660913;6.382581;264.901722;2.270859;0.133621;-262.972054;-0.375193;0.407287;ORGANIZING
2026.07.24 19:12:00;EURUSDm;1.13709;0.428931;2.083333;14.220458;0.502511;1.000000;1.000000;0.689696;6.400631;264.950754;1.990008;0.131703;-264.413461;-0.383715;0.405231;ORGANIZING
2026.07.24 19:13:00;EURUSDm;1.13701;0.646630;2.312139;14.705430;0.572992;1.000000;1.000000;0.679460;6.418029;265.000664;1.745225;0.130370;-264.063204;-0.391125;0.403447;ORGANIZING
2026.07.24 19:14:00;EURUSDm;1.13701;0.629564;0.001000;15.177603;0.524392;1.000000;0.988816;0.669095;6.414902;265.050057;1.906969;0.131434;-263.564840;-0.386219;0.404628;ORGANIZING
2026.07.24 19:15:00;EURUSDm;1.13700;0.643714;0.303030;15.660388;0.493324;1.000000;0.988232;0.659780;6.410932;265.099099;2.027064;0.132205;-263.073459;-0.382578;0.405505;ORGANIZING
2026.07.24 19:16:00;EURUSDm;1.13701;0.642679;0.310559;16.142397;0.464186;1.000000;0.987606;0.650891;6.387385;265.147615;2.154309;0.133290;-262.545956;-0.378706;0.406439;ORGANIZING
2026.07.24 19:17:00;EURUSDm;1.13701;0.619601;0.001000;16.607098;0.421027;1.000000;0.975856;0.641582;6.363656;265.195462;2.375146;0.134657;-262.019866;-0.372013;0.408055;ORGANIZING
2026.07.24 19:18:00;EURUSDm;1.13697;0.608237;1.219512;17.063276;0.440951;1.000000;1.000000;0.632311;6.339745;265.243269;2.267826;0.134898;-261.565057;-0.375220;0.407280;ORGANIZING
2026.07.24 19:19:00;EURUSDm;1.13699;0.611748;0.613497;17.522086;0.429578;1.000000;1.000000;0.623636;6.319010;265.290755;2.327864;0.135644;-261.083540;-0.373382;0.407724;ORGANIZING
2026.07.24 19:20:00;EURUSDm;1.13702;0.528827;0.914634;17.918707;0.433831;1.000000;1.000000;0.612286;6.315486;265.338248;2.305044;0.135840;-260.708915;-0.374057;0.407561;ORGANIZING
2026.07.24 19:21:00;EURUSDm;1.13700;0.506562;0.602410;18.298628;0.422260;1.000000;1.000000;0.600667;6.327868;265.385749;2.368209;0.136040;-260.366451;-0.372152;0.408021;ORGANIZING
2026.07.24 19:22:00;EURUSDm;1.13694;0.359000;1.775148;16.834738;0.469904;1.000000;1.000000;0.643829;6.336671;265.433815;2.128092;0.134221;-262.029980;-0.379446;0.406260;ORGANIZING
2026.07.24 19:23:00;EURUSDm;1.13694;0.509344;0.001000;17.216746;0.426459;1.000000;0.987569;0.630738;6.345160;265.481531;2.344890;0.135092;-261.643040;-0.372899;0.407841;ORGANIZING
2026.07.24 19:24:00;EURUSDm;1.13687;0.293080;2.121212;15.839407;0.491197;1.000000;1.000000;0.668068;6.350394;265.529947;2.035844;0.133162;-263.218660;-0.382267;0.405580;ORGANIZING
2026.07.24 19:25:00;EURUSDm;1.13682;0.321002;1.524390;14.572254;0.522857;1.000000;1.000000;0.698022;6.338164;265.578557;1.912571;0.132292;-264.601531;-0.386008;0.404679;ORGANIZING
2026.07.24 19:26:00;EURUSDm;1.13678;0.183915;1.219512;13.406474;0.537689;1.000000;1.000000;0.721410;6.309674;265.627031;1.859810;0.132122;-265.820414;-0.387600;0.404295;ORGANIZING
2026.07.24 19:27:00;EURUSDm;1.13681;0.208968;0.949367;12.333956;0.538273;1.000000;1.000000;0.738965;6.290475;265.675318;1.857793;0.132140;-266.938517;-0.387659;0.404281;ORGANIZING
2026.07.24 19:28:00;EURUSDm;1.13680;0.116074;0.320513;11.347239;0.507385;1.000000;1.000000;0.751353;6.286104;265.723253;1.970889;0.132541;-267.958313;-0.384246;0.405103;ORGANIZING
2026.07.24 19:29:00;EURUSDm;1.13683;0.203733;0.980392;10.439460;0.511036;1.000000;1.000000;0.759174;6.295488;265.771319;1.956811;0.132176;-268.952218;-0.384687;0.404997;ORGANIZING
2026.07.24 19:30:00;EURUSDm;1.13683;0.200487;0.001000;9.604303;0.465534;1.000000;0.991606;0.762973;6.317923;265.819153;2.148072;0.132513;-269.842176;-0.378932;0.406384;ORGANIZING
2026.07.24 19:31:00;EURUSDm;1.13683;0.169238;0.001000;8.835959;0.422307;1.000000;0.983639;0.763242;6.352544;265.866902;2.367945;0.132660;-270.684821;-0.372329;0.407978;ORGANIZING
2026.07.24 19:32:00;EURUSDm;1.13685;0.113800;0.709220;8.129082;0.416653;1.000000;1.000000;0.760424;6.381695;265.914885;2.400080;0.132297;-271.486692;-0.371383;0.408207;ORGANIZING
2026.07.24 19:33:00;EURUSDm;1.13690;0.546558;1.712329;8.539001;0.461437;1.000000;1.000000;0.742898;6.411451;265.963614;2.167145;0.131306;-271.194748;-0.378420;0.406508;ORGANIZING
2026.07.24 19:34:00;EURUSDm;1.13688;0.387163;0.675676;7.855881;0.452148;1.000000;1.000000;0.739909;6.452611;266.012662;2.211663;0.130810;-271.993969;-0.377110;0.406824;ORGANIZING
2026.07.24 19:35:00;EURUSDm;1.13689;0.626014;0.340136;8.325391;0.426548;1.000000;1.000000;0.726389;6.493698;266.061864;2.344403;0.130776;-271.603195;-0.373129;0.407785;ORGANIZING
2026.07.24 19:36:00;EURUSDm;1.13688;0.447363;0.347222;7.659360;0.402582;1.000000;1.000000;0.723372;6.546060;266.111351;2.483969;0.130344;-272.393434;-0.368964;0.408791;ORGANIZING
2026.07.24 19:37:00;EURUSDm;1.13708;0.805656;6.410256;8.263602;0.682965;1.000000;1.000000;0.717415;6.596764;266.164148;1.464203;0.125045;-272.211869;-0.399822;0.401355;ORGANIZING
2026.07.24 19:38:00;EURUSDm;1.13716;0.280610;2.515723;7.602514;0.754603;1.000000;1.000000;0.714599;6.658388;266.218278;1.325200;0.123038;-273.116340;-0.404092;0.400330;ORGANIZING
2026.07.24 19:39:00;EURUSDm;1.13713;0.570690;0.937500;8.030531;0.743748;1.000000;1.000000;0.700270;6.720012;266.272915;1.344541;0.122489;-272.826695;-0.403539;0.400462;ORGANIZING
2026.07.24 19:40:00;EURUSDm;1.13710;0.879516;0.925926;8.690169;0.732857;1.000000;1.000000;0.698238;6.778697;266.328031;1.364523;0.121806;-272.324589;-0.402974;0.400598;ORGANIZING
2026.07.24 19:41:00;EURUSDm;1.13713;0.655307;0.914634;9.181649;0.721946;1.000000;1.000000;0.687900;6.835973;266.383610;1.385146;0.121274;-271.971654;-0.402382;0.400740;ORGANIZING
2026.07.24 19:42:00;EURUSDm;1.13718;0.205552;1.488095;8.447117;0.740253;1.000000;1.000000;0.690232;6.885670;266.439869;1.350889;0.120248;-272.884808;-0.403461;0.400481;ORGANIZING
2026.07.24 19:43:00;EURUSDm;1.13717;0.228254;0.304878;7.771347;0.698485;1.000000;0.999829;0.689509;6.945695;266.496311;1.431671;0.119995;-273.693856;-0.401050;0.401060;ORGANIZING
2026.07.24 19:44:00;EURUSDm;1.13710;0.221662;2.046784;7.149640;0.745899;1.000000;1.000000;0.686119;6.997864;266.553749;1.340663;0.118626;-274.517975;-0.403849;0.400388;ORGANIZING
2026.07.24 19:45:00;EURUSDm;1.13709;0.164983;0.290698;6.577668;0.703139;1.000000;0.999189;0.680411;7.042821;266.611208;1.422193;0.118675;-275.183144;-0.401400;0.400976;ORGANIZING
2026.07.24 19:46:00;EURUSDm;1.13703;0.198909;1.734104;6.051455;0.734688;1.000000;1.000000;0.672701;7.081157;266.669367;1.361123;0.117806;-275.860316;-0.403276;0.400525;ORGANIZING
2026.07.24 19:47:00;EURUSDm;1.13699;0.388183;1.142857;5.567339;0.735096;1.000000;1.000000;0.663272;7.113417;266.727852;1.360366;0.117484;-276.448988;-0.403315;0.400516;ORGANIZING
2026.07.24 19:48:00;EURUSDm;1.13704;0.224817;1.396648;5.121951;0.748174;1.000000;1.000000;0.652378;7.140103;266.786735;1.336588;0.117087;-276.997919;-0.404048;0.400340;ORGANIZING
2026.07.24 19:49:00;EURUSDm;1.13709;0.191922;1.373626;4.712195;0.759446;1.000000;1.000000;0.640247;7.161675;266.845946;1.316749;0.116804;-277.497041;-0.404657;0.400194;ORGANIZING
2026.07.24 19:50:00;EURUSDm;1.13706;0.241737;0.824176;4.335220;0.742683;1.000000;1.000000;0.627083;7.178558;266.905158;1.346470;0.116982;-277.923903;-0.403757;0.400410;ORGANIZING
2026.07.24 19:51:00;EURUSDm;1.13706;0.227441;0.001000;3.988402;0.685599;1.000000;0.986983;0.613070;7.191141;266.963926;1.458579;0.117788;-278.269543;-0.400353;0.401227;ORGANIZING
2026.07.24 19:52:00;EURUSDm;1.13700;0.486672;1.648352;3.669330;0.713736;1.000000;1.000000;0.598370;7.199782;267.023061;1.401078;0.117483;-278.663772;-0.402094;0.400809;ORGANIZING
2026.07.24 19:53:00;EURUSDm;1.13702;0.632978;0.571429;4.144063;0.686621;1.000000;1.000000;0.592188;7.207733;267.082004;1.456408;0.117834;-278.224404;-0.400416;0.401212;ORGANIZING
2026.07.24 19:54:00;EURUSDm;1.13703;0.448693;0.290698;3.812538;0.646825;1.000000;0.995901;0.579155;7.212128;267.140594;1.546014;0.118510;-278.557446;-0.397694;0.401866;ORGANIZING
2026.07.24 19:55:00;EURUSDm;1.13699;0.772940;1.169591;4.392244;0.652963;1.000000;1.000000;0.579183;7.215398;267.199278;1.531480;0.118378;-278.049159;-0.398137;0.401760;ORGANIZING
2026.07.24 19:56:00;EURUSDm;1.13705;0.311732;1.704545;4.040864;0.685542;1.000000;1.000000;0.567792;7.215506;267.258288;1.458699;0.118080;-278.469564;-0.400335;0.401232;ORGANIZING
2026.07.24 19:57:00;EURUSDm;1.13704;0.690459;0.284091;4.558708;0.645470;1.000000;0.994816;0.565295;7.216478;267.316907;1.549260;0.118663;-277.967214;-0.397589;0.401892;ORGANIZING
2026.07.24 19:58:00;EURUSDm;1.13700;0.252462;1.156069;4.194012;0.651000;1.000000;1.000000;0.555265;7.214480;267.375562;1.536099;0.118754;-278.372041;-0.397979;0.401798;ORGANIZING
2026.07.24 19:59:00;EURUSDm;1.13696;0.215124;1.162791;3.858491;0.656589;1.000000;1.000000;0.544278;7.220128;267.434329;1.523022;0.118751;-278.761241;-0.398372;0.401704;ORGANIZING
2026.07.24 20:00:00;EURUSDm;1.13699;0.501411;0.857143;4.234549;0.646617;1.000000;1.000000;0.535867;7.228584;267.493081;1.546511;0.118891;-278.434051;-0.397660;0.401875;ORGANIZING
2026.07.24 20:01:00;EURUSDm;1.13702;0.477657;0.852273;3.895785;0.636900;1.000000;1.000000;0.526012;7.245300;267.551903;1.570106;0.118931;-278.835641;-0.396950;0.402045;ORGANIZING
2026.07.24 20:02:00;EURUSDm;1.13701;0.203632;0.294118;3.584122;0.599761;1.000000;0.993705;0.515294;7.257703;267.610478;1.667332;0.119435;-279.172111;-0.394008;0.402753;ORGANIZING
2026.07.24 20:03:00;EURUSDm;1.13700;0.208182;0.306748;3.297392;0.565110;1.000000;0.987696;0.503866;7.266154;267.668791;1.769567;0.119974;-279.476549;-0.390914;0.403497;ORGANIZING
2026.07.24 20:04:00;EURUSDm;1.13699;0.454981;0.304878;3.033601;0.532098;1.000000;0.981433;0.491862;7.270984;267.726822;1.879352;0.120555;-279.751011;-0.387592;0.404297;ORGANIZING
2026.07.24 20:05:00;EURUSDm;1.13700;0.515905;0.304878;3.420529;0.500737;1.000000;0.974969;0.486616;7.266200;267.784491;1.997055;0.121160;-279.370331;-0.384030;0.405155;ORGANIZING
2026.07.24 20:06:00;EURUSDm;1.13697;0.482183;0.903614;3.146887;0.500881;1.000000;0.989503;0.475967;7.258915;267.842089;1.996481;0.121422;-279.665847;-0.384034;0.405154;ORGANIZING
2026.07.24 20:07:00;EURUSDm;1.13695;0.441180;0.595238;2.895136;0.485599;1.000000;0.992363;0.464756;7.249342;267.899438;2.059312;0.121956;-279.918099;-0.382123;0.405615;ORGANIZING
2026.07.24 20:08:00;EURUSDm;1.13696;0.443640;0.303030;2.663525;0.456471;1.000000;0.984502;0.453099;7.237680;267.956380;2.190722;0.122741;-280.130883;-0.378141;0.406575;ORGANIZING
2026.07.24 20:09:00;EURUSDm;1.13697;0.321344;0.304878;2.450443;0.428891;1.000000;0.976574;0.441098;7.224109;268.012910;2.331595;0.123547;-280.321772;-0.373875;0.407605;ORGANIZING
2026.07.24 20:10:00;EURUSDm;1.13696;0.426371;0.308642;2.254408;0.402879;1.000000;0.968635;0.428845;7.208797;268.069027;2.482138;0.124370;-280.492781;-0.369317;0.408706;ORGANIZING
2026.07.24 20:11:00;EURUSDm;1.13696;0.428981;0.001000;2.074055;0.362785;1.000000;0.949777;0.416420;7.191896;268.124573;2.756457;0.125453;-280.629936;-0.361034;0.410709;ORGANIZING
2026.07.24 20:12:00;EURUSDm;1.13695;0.394100;0.322581;1.908131;0.340774;1.000000;0.942400;0.403896;7.173549;268.179717;2.934493;0.126291;-280.767249;-0.355651;0.412013;ORGANIZING
2026.07.24 20:13:00;EURUSDm;1.13695;0.365105;0.001000;1.755480;0.303786;0.997635;0.923587;0.391333;7.161567;268.234417;3.284010;0.126979;-280.890888;-0.345131;0.414564;ORGANIZING
2026.07.24 20:14:00;EURUSDm;1.13695;0.313619;0.001000;1.615042;0.268694;0.990239;0.904993;0.378789;7.147734;268.288777;3.685381;0.127032;-281.005235;-0.333087;0.417490;ORGANIZING
2026.07.24 20:15:00;EURUSDm;1.13690;0.296943;1.689189;1.485838;0.319914;0.978054;0.945698;0.366309;7.141059;268.343826;3.057242;0.124954;-281.214584;-0.352035;0.412889;ORGANIZING
2026.07.24 20:16:00;EURUSDm;1.13687;0.108902;1.020408;1.366971;0.335377;0.961808;0.961134;0.353937;7.132093;268.399264;2.867838;0.122971;-281.377922;-0.357816;0.411488;ORGANIZING
2026.07.24 20:17:00;EURUSDm;1.13687;0.111147;0.001000;1.257614;0.299422;0.942257;0.939917;0.341708;7.129443;268.454708;3.146916;0.121260;-281.496563;-0.349530;0.413497;ORGANIZING
2026.07.24 20:18:00;EURUSDm;1.13687;0.160847;0.001000;1.157005;0.265656;0.919871;0.919014;0.329653;7.124166;268.510208;3.462640;0.119162;-281.606628;-0.340163;0.415770;ORGANIZING
2026.07.24 20:19:00;EURUSDm;1.13686;0.217993;0.354610;1.064444;0.251706;0.895001;0.910798;0.317799;7.116486;268.565990;3.555736;0.116446;-281.726820;-0.337506;0.416416;ORGANIZING
2026.07.24 20:20:00;EURUSDm;1.13687;0.151384;0.352113;0.979289;0.238827;0.868047;0.902367;0.306166;7.113456;268.622152;3.634631;0.113345;-281.852889;-0.335294;0.416953;ORGANIZING
2026.07.24 20:21:00;EURUSDm;1.13686;0.110381;0.349650;0.900946;0.227007;0.839370;0.893738;0.294775;7.107837;268.678713;3.697554;0.110015;-281.970629;-0.333573;0.417372;ORGANIZING
2026.07.24 20:22:00;EURUSDm;1.13686;0.117810;0.001000;0.828870;0.198919;0.809384;0.872809;0.283640;7.099851;268.735513;4.068909;0.106745;-282.063160;-0.322595;0.420043;ORGANIZING
2026.07.24 20:23:00;EURUSDm;1.13688;0.144894;0.724638;0.762560;0.209017;0.778203;0.877551;0.272774;7.089700;268.792936;3.723149;0.102781;-282.186137;-0.333166;0.417470;ORGANIZING
2026.07.24 20:24:00;EURUSDm;1.13689;0.179194;0.364964;0.701556;0.201251;0.746189;0.869157;0.262185;7.077572;268.850801;3.707762;0.098951;-282.283820;-0.333820;0.417312;ORGANIZING
2026.07.24 20:25:00;EURUSDm;1.13687;0.131022;0.724638;0.645431;0.212496;0.713494;0.873275;0.251882;7.069935;268.909355;3.357681;0.094699;-282.406560;-0.344535;0.414708;ORGANIZING
2026.07.24 20:26:00;EURUSDm;1.13688;0.164963;0.362319;0.593797;0.205717;0.680428;0.864208;0.241870;7.060116;268.968405;3.307583;0.090631;-282.503870;-0.346241;0.414294;ORGANIZING
2026.07.24 20:27:00;EURUSDm;1.13686;0.175802;0.833333;0.546293;0.223490;0.647061;0.871593;0.232152;7.048304;269.028182;2.895260;0.086229;-282.619229;-0.358831;0.411243;ORGANIZING
2026.07.24 20:28:00;EURUSDm;1.13683;0.146064;1.304348;0.502589;0.264591;0.613458;0.894864;0.222729;7.034672;269.088905;2.318512;0.081555;-282.752250;-0.376367;0.407003;ORGANIZING
2026.07.24 20:29:00;EURUSDm;1.13682;0.132437;0.442478;0.462382;0.261217;0.580023;0.886826;0.213603;7.019379;269.150111;2.220467;0.077396;-282.834886;-0.379516;0.406244;ORGANIZING
2026.07.24 20:30:00;EURUSDm;1.13682;0.144541;0.001000;0.425392;0.236605;0.547003;0.863299;0.204772;7.002572;269.211562;2.311881;0.073483;-282.890462;-0.376969;0.406858;ORGANIZING
2026.07.24 20:31:00;EURUSDm;1.13683;0.150448;0.462963;0.391360;0.236983;0.514393;0.856454;0.196235;6.984386;269.273488;2.170589;0.069348;-282.965961;-0.381415;0.405786;ORGANIZING
2026.07.24 20:32:00;EURUSDm;1.13683;0.162387;0.001000;0.360052;0.214896;0.482405;0.833381;0.187989;6.964945;269.335639;2.244831;0.065475;-283.013946;-0.379381;0.406276;ORGANIZING
2026.07.24 20:33:00;EURUSDm;1.13677;0.134487;2.777778;0.331247;0.333392;0.450439;0.908015;0.180030;6.944363;269.399407;1.351080;0.060399;-283.199898;-0.406448;0.399764;ORGANIZING
2026.07.24 20:34:00;EURUSDm;1.13673;0.129095;1.904762;0.304748;0.402952;0.418837;0.949202;0.172353;6.922744;269.464288;1.039421;0.055859;-283.333849;-0.416024;0.397468;ORGANIZING
2026.07.24 20:35:00;EURUSDm;1.13678;0.205815;2.293578;0.280368;0.489106;0.387593;1.000000;0.164955;6.900185;269.530429;0.792452;0.051308;-283.481853;-0.423661;0.395641;ORGANIZING
2026.07.24 20:36:00;EURUSDm;1.13678;0.240585;0.001000;0.257938;0.456949;0.357343;0.970808;0.157828;6.876774;269.596619;0.782020;0.047699;-283.507492;-0.424154;0.395523;ORGANIZING
2026.07.24 20:37:00;EURUSDm;1.13674;0.199697;1.941748;0.237303;0.524042;0.327637;1.000000;0.150969;6.852593;269.663833;0.625211;0.043525;-283.630059;-0.429067;0.394349;ORGANIZING
2026.07.24 20:38:00;EURUSDm;1.13675;0.230810;0.505051;0.218319;0.516540;0.298871;0.987961;0.144369;6.827717;269.731298;0.578602;0.039910;-283.674821;-0.430646;0.393972;ORGANIZING
2026.07.24 20:39:00;EURUSDm;1.13673;0.221517;1.041667;0.200854;0.536819;0.270928;0.994893;0.138024;6.802215;269.799270;0.504692;0.036235;-283.744784;-0.433048;0.393399;ORGANIZING
2026.07.24 20:40:00;EURUSDm;1.13674;0.218679;0.531915;0.184785;0.531155;0.243945;0.983520;0.131926;6.776149;269.867464;0.459273;0.032792;-283.786038;-0.434582;0.393033;ORGANIZING
2026.07.24 20:41:00;EURUSDm;1.13678;0.283491;2.040816;0.170002;0.601759;0.217564;1.000000;0.126069;6.749577;269.936626;0.361546;0.029096;-283.902112;-0.437699;0.392289;ORGANIZING
2026.07.24 20:42:00;EURUSDm;1.13678;0.275431;0.001000;0.156402;0.567370;0.192295;0.969447;0.120446;6.722554;270.005679;0.338923;0.025949;-283.910352;-0.438535;0.392090;ORGANIZING
2026.07.24 20:43:00;EURUSDm;1.13687;0.288889;4.545455;0.143890;0.762428;0.167045;1.000000;0.115049;6.695128;270.076914;0.219096;0.022059;-284.148762;-0.442324;0.391187;AGING
2026.07.24 20:44:00;EURUSDm;1.13683;0.316855;1.960784;0.132379;0.819005;0.142502;1.000000;0.109872;6.667344;270.148927;0.173994;0.018760;-284.247485;-0.443842;0.390826;AGING
2026.07.24 20:45:00;EURUSDm;1.13687;0.322975;1.960784;0.121789;0.873244;0.118676;1.000000;0.104908;6.639244;270.221679;0.135902;0.015580;-284.342762;-0.445144;0.390516;AGING
2026.07.24 20:46:00;EURUSDm;1.13685;0.337170;1.020408;0.112045;0.878229;0.095792;1.000000;0.100150;6.610865;270.294654;0.109074;0.012622;-284.387075;-0.446097;0.390289;AGING
2026.07.24 20:47:00;EURUSDm;1.13684;0.335209;0.510204;0.103082;0.857912;0.073947;0.986362;0.095591;6.582243;270.367576;0.086194;0.009813;-284.404127;-0.446924;0.390092;AGING
2026.07.24 20:48:00;EURUSDm;1.13692;0.333189;3.921569;0.094835;1.000000;0.052357;1.000000;0.091223;6.553409;270.442063;0.052357;0.006849;-284.584136;-0.448087;0.389816;AGING
2026.07.24 20:49:00;EURUSDm;1.13699;0.217412;3.333333;0.087248;1.000000;0.031694;1.000000;0.087042;6.524394;270.516673;0.031694;0.004164;-284.620601;-0.448841;0.389636;AGING
2026.07.24 20:50:00;EURUSDm;1.13704;0.200349;2.336449;0.080269;1.000000;0.011931;1.000000;0.083038;6.495223;270.591387;0.011931;0.001574;-284.655710;-0.449563;0.389465;AGING
2026.07.24 20:51:00;EURUSDm;1.13700;0.253618;1.851852;0.073847;1.000000;0.000000;1.000000;0.079208;6.465922;270.666046;0.000000;0.000000;-284.682458;-0.450000;0.389361;AGING
2026.07.24 20:52:00;EURUSDm;1.13698;0.310970;0.917431;0.067939;0.995872;0.000000;0.999882;0.075543;6.436513;270.740370;0.000000;0.000000;-284.692414;-0.450000;0.389361;AGING
2026.07.24 20:53:00;EURUSDm;1.13697;0.240170;0.458716;0.062504;0.969014;0.000000;0.983586;0.072037;6.407018;270.814130;0.000000;0.000000;-284.678751;-0.450000;0.389361;AGING
2026.07.24 20:54:00;EURUSDm;1.13696;0.228557;0.458716;0.057504;0.943499;0.000000;0.967736;0.068685;6.377456;270.887340;0.000000;0.000000;-284.665617;-0.450000;0.389361;AGING
2026.07.24 20:55:00;EURUSDm;1.13700;0.257381;1.785714;0.052904;0.985610;0.000000;0.998770;0.065481;6.347843;270.960674;0.000000;0.000000;-284.720029;-0.450000;0.389361;AGING
2026.07.24 20:56:00;EURUSDm;1.13702;0.255733;0.900901;0.048671;0.981374;0.000000;0.997636;0.062419;6.318196;271.033670;0.000000;0.000000;-284.727603;-0.450000;0.389361;AGING
2026.07.24 20:57:00;EURUSDm;1.13709;0.200205;3.017241;0.044778;1.000000;0.000000;1.000000;0.059492;6.288531;271.106555;0.000000;0.000000;-284.757824;-0.450000;0.389361;AGING
