timestamp;symbol;price;C_t;K_t;P;F;R;Omega;SI;SD;RDebt;RE;CI;MB;VS_raw;VS;phase
2026.07.21 20:51:00;XAUUSDm;4078.142;0.419692;1.070043;0.000000;0.053502;0.000000;0.037452;0.000000;0.000000;0.000535;0.000000;0.000000;-0.054037;-0.006765;0.498309;SEED
2026.07.21 20:52:00;XAUUSDm;4078.325;0.420218;0.379102;0.000000;0.069782;0.000000;0.049409;0.000000;0.000000;0.001233;0.000000;0.000000;-0.071015;-0.008902;0.497775;SEED
2026.07.21 20:53:00;XAUUSDm;4078.562;0.343522;0.491865;0.000000;0.090886;0.000000;0.064895;0.000000;0.000000;0.002142;0.000000;0.000000;-0.093028;-0.011671;0.497082;SEED
2026.07.21 20:54:00;XAUUSDm;4077.914;0.346047;1.331853;0.000000;0.152935;0.000000;0.109239;0.000000;0.000000;0.003671;0.000000;0.000000;-0.156606;-0.019649;0.495088;SEED
2026.07.21 20:55:00;XAUUSDm;4077.057;0.345701;1.724693;0.000000;0.231523;0.000000;0.165780;0.000000;0.000000;0.005986;0.000000;0.000000;-0.237509;-0.029808;0.492548;SEED
2026.07.21 20:56:00;XAUUSDm;4077.833;0.349236;1.629431;0.000000;0.301418;0.000000;0.217007;0.000000;0.000000;0.009000;0.000000;0.000000;-0.310418;-0.038982;0.490256;SEED
2026.07.21 20:57:00;XAUUSDm;4077.934;0.354010;0.215031;0.000000;0.297099;0.000000;0.216938;0.000000;0.000000;0.011971;0.000000;0.000000;-0.309070;-0.038873;0.490283;SEED
2026.07.21 22:00:00;XAUUSDm;4079.762;0.365563;3.619802;0.000000;0.463234;0.000000;0.336038;0.000000;0.000000;0.016604;0.000000;0.000000;-0.479838;-0.060312;0.484927;SEED
2026.07.21 22:01:00;XAUUSDm;4079.312;0.370195;0.883670;0.000000;0.484256;0.000000;0.355206;0.000000;0.000000;0.021446;0.000000;0.000000;-0.505702;-0.063642;0.484095;SEED
2026.07.21 22:02:00;XAUUSDm;4079.274;0.372759;0.075337;0.000000;0.463810;0.000000;0.345410;0.000000;0.000000;0.026084;0.000000;0.000000;-0.489894;-0.061758;0.484565;SEED
2026.07.21 22:03:00;XAUUSDm;4079.044;0.379155;0.456893;0.000000;0.463464;0.000000;0.349312;0.000000;0.000000;0.030719;0.000000;0.000000;-0.494183;-0.062387;0.484408;SEED
2026.07.21 22:04:00;XAUUSDm;4078.706;0.375913;0.679151;0.000000;0.474248;0.000000;0.360856;0.000000;0.000000;0.035462;0.000000;0.000000;-0.509710;-0.064423;0.483900;SEED
2026.07.21 22:05:00;XAUUSDm;4078.992;0.381020;0.572069;0.000000;0.479139;0.000000;0.368249;0.000000;0.000000;0.040253;0.000000;0.000000;-0.519392;-0.065729;0.483574;SEED
2026.07.21 22:06:00;XAUUSDm;4078.481;0.376447;1.015703;0.000000;0.505967;0.000000;0.390910;0.000000;0.000000;0.045313;0.000000;0.000000;-0.551280;-0.069816;0.482553;SEED
2026.07.21 22:07:00;XAUUSDm;4077.792;0.396640;1.373659;0.000000;0.549352;0.000000;0.425306;0.000000;0.000000;0.050806;0.000000;0.000000;-0.600158;-0.076036;0.481000;SEED
2026.07.21 22:08:00;XAUUSDm;4078.063;0.399542;0.538168;0.000000;0.548793;0.000000;0.429256;0.000000;0.000000;0.056294;0.000000;0.000000;-0.605087;-0.076762;0.480819;SEED
2026.07.21 22:09:00;XAUUSDm;4078.098;0.419189;0.069511;0.000000;0.524829;0.000000;0.416665;0.000000;0.000000;0.061542;0.000000;0.000000;-0.586371;-0.074527;0.481377;SEED
2026.07.21 22:10:00;XAUUSDm;4078.024;0.413616;0.148380;0.000000;0.506006;0.000000;0.407275;0.000000;0.000000;0.066602;0.000000;0.000000;-0.572609;-0.072908;0.481781;SEED
2026.07.21 22:11:00;XAUUSDm;4078.764;0.986904;1.451208;0.740178;0.553266;0.032045;0.443813;0.037009;0.000000;0.071494;0.057919;0.054288;0.073444;0.012203;0.503051;SEED
2026.07.21 22:12:00;XAUUSDm;4078.361;0.444736;0.832094;0.680963;0.566567;0.058175;0.458698;0.038119;0.006810;0.076064;0.102681;0.095136;0.006650;0.000338;0.500084;SEED
2026.07.21 22:13:00;XAUUSDm;4077.877;0.615109;1.005693;1.142295;0.587360;0.102588;0.479177;0.059280;0.018199;0.080068;0.174660;0.154305;0.422498;0.045967;0.511490;SEED
2026.07.21 22:14:00;XAUUSDm;4078.930;0.461484;2.150033;1.050911;0.663442;0.139801;0.539732;0.060885;0.028617;0.084193;0.210721;0.185673;0.264075;0.018314;0.504578;SEED
2026.07.21 22:15:00;XAUUSDm;4079.923;0.398902;1.975176;0.966838;0.726232;0.171269;0.592103;0.062044;0.038142;0.088411;0.235832;0.207243;0.123092;-0.007087;0.498228;SEED
2026.07.21 22:16:00;XAUUSDm;4079.760;0.385613;0.325271;0.889491;0.702759;0.197896;0.584936;0.062809;0.046846;0.091949;0.281598;0.243590;0.073368;-0.018887;0.495278;SEED
2026.07.21 22:17:00;XAUUSDm;4080.228;0.370669;0.922058;0.818332;0.709766;0.220031;0.598933;0.063227;0.054795;0.095194;0.310005;0.265806;-0.002641;-0.034439;0.491391;SEED
2026.07.21 22:18:00;XAUUSDm;4080.485;0.378062;0.504832;0.752866;0.695119;0.238221;0.597853;0.063339;0.062050;0.098002;0.342706;0.290334;-0.052811;-0.045813;0.488549;SEED
2026.07.21 22:19:00;XAUUSDm;4080.261;0.383933;0.440928;0.692636;0.677645;0.252890;0.594577;0.063183;0.068666;0.100407;0.373189;0.312405;-0.096225;-0.055886;0.486032;SEED
2026.07.21 22:20:00;XAUUSDm;4081.015;0.411530;1.456554;0.637225;0.711532;0.264181;0.626958;0.062795;0.074695;0.102986;0.371285;0.311159;-0.188091;-0.073570;0.481616;SEED
2026.07.21 22:21:00;XAUUSDm;4082.003;0.380880;1.838550;0.586247;0.762600;0.272370;0.671561;0.062204;0.080184;0.105966;0.357160;0.300965;-0.294724;-0.093381;0.476672;SEED
2026.07.21 22:22:00;XAUUSDm;4081.600;0.387502;0.789360;0.539348;0.758490;0.278037;0.677861;0.061439;0.085177;0.108842;0.366567;0.307188;-0.343178;-0.103894;0.474050;SEED
2026.07.21 22:23:00;XAUUSDm;4081.741;0.383639;0.279851;0.496200;0.728997;0.281591;0.666081;0.060524;0.089713;0.111397;0.386272;0.320269;-0.363077;-0.109724;0.472597;SEED
2026.07.21 22:24:00;XAUUSDm;4080.832;0.393169;1.831406;0.456504;0.778486;0.282923;0.708986;0.059483;0.093829;0.114462;0.363427;0.303631;-0.460145;-0.127552;0.468155;SEED
2026.07.21 22:25:00;XAUUSDm;4081.533;0.388686;1.447510;0.419983;0.806279;0.282384;0.736916;0.058335;0.097560;0.117853;0.350231;0.293485;-0.533553;-0.141430;0.464701;SEED
2026.07.21 22:26:00;XAUUSDm;4081.931;0.383742;0.828752;0.386385;0.801755;0.280353;0.742172;0.057098;0.100936;0.121272;0.349674;0.292099;-0.572357;-0.148875;0.462850;SEED
2026.07.21 22:27:00;XAUUSDm;4081.910;0.380328;0.044212;0.355474;0.758271;0.277215;0.719742;0.055789;0.103986;0.124351;0.365588;0.301962;-0.569482;-0.147606;0.463165;SEED
2026.07.21 22:28:00;XAUUSDm;4082.183;0.382089;0.576972;0.327036;0.743661;0.273002;0.716698;0.054421;0.106736;0.127395;0.367105;0.301720;-0.593333;-0.150615;0.462417;SEED
2026.07.21 22:29:00;XAUUSDm;4082.642;0.381799;0.977178;0.300873;0.749877;0.267774;0.727719;0.053008;0.109211;0.130630;0.357091;0.293581;-0.636299;-0.156758;0.460891;SEED
2026.07.21 22:30:00;XAUUSDm;4083.360;0.382360;1.487651;0.276803;0.781410;0.261558;0.756172;0.051561;0.111433;0.134327;0.334725;0.276955;-0.703366;-0.166718;0.458417;SEED
2026.07.21 22:31:00;XAUUSDm;4083.950;0.385339;1.231065;0.254659;0.798662;0.254560;0.774598;0.050090;0.115731;0.138380;0.318733;0.263934;-0.759467;-0.174942;0.456376;SEED
2026.07.21 22:32:00;XAUUSDm;4083.863;0.387260;0.181955;0.234286;0.762735;0.247163;0.755609;0.048604;0.119620;0.142260;0.324049;0.265493;-0.759994;-0.174848;0.456399;SEED
2026.07.21 22:33:00;XAUUSDm;4084.290;0.386868;0.895666;0.215543;0.764439;0.239282;0.762212;0.047111;0.128289;0.146402;0.313017;0.254599;-0.806815;-0.181659;0.454710;SEED
2026.07.21 22:34:00;XAUUSDm;4083.865;0.393330;0.879189;0.198300;0.765391;0.231016;0.767955;0.045618;0.136174;0.150797;0.301828;0.243898;-0.850455;-0.188073;0.453120;SEED
2026.07.21 22:35:00;XAUUSDm;4082.986;0.408717;1.756665;0.182436;0.810334;0.222231;0.804157;0.044130;0.143337;0.155889;0.274247;0.222721;-0.936490;-0.200816;0.449964;SEED
2026.07.21 22:36:00;XAUUSDm;4083.979;0.401056;1.914328;0.167841;0.861089;0.212985;0.844557;0.042654;0.149837;0.161739;0.247344;0.202154;-1.026982;-0.214079;0.446684;SEED
2026.07.21 22:37:00;XAUUSDm;4084.332;0.401717;0.719468;0.154414;0.849748;0.203664;0.841672;0.041192;0.155727;0.167720;0.239675;0.194583;-1.053229;-0.218089;0.445693;SEED
2026.07.21 22:38:00;XAUUSDm;4084.606;0.402342;0.556933;0.142061;0.831034;0.194359;0.833148;0.039750;0.161056;0.173754;0.233876;0.188361;-1.069981;-0.220788;0.445026;SEED
2026.07.21 22:39:00;XAUUSDm;4084.690;0.400872;0.172598;0.130696;0.794225;0.185208;0.811420;0.038331;0.165870;0.179651;0.233193;0.185500;-1.066375;-0.220619;0.445068;SEED
2026.07.21 22:40:00;XAUUSDm;4084.369;0.408071;0.651565;0.120240;0.783388;0.176117;0.807166;0.036937;0.170211;0.185665;0.224814;0.177799;-1.086991;-0.223953;0.444245;SEED
2026.07.21 22:41:00;XAUUSDm;4084.514;0.417389;0.298760;0.110621;0.755634;0.167208;0.790665;0.035571;0.174116;0.191618;0.221281;0.173214;-1.088798;-0.224633;0.444077;SEED
2026.07.21 22:42:00;XAUUSDm;4084.811;0.409743;0.632184;0.101771;0.746118;0.158417;0.786363;0.034235;0.177621;0.197687;0.212322;0.165367;-1.107328;-0.227732;0.443312;SEED
2026.07.21 22:43:00;XAUUSDm;4084.409;0.418682;0.859746;0.093630;0.748631;0.149714;0.790130;0.032931;0.180759;0.203987;0.199984;0.155577;-1.136652;-0.232383;0.442164;SEED
2026.07.21 22:44:00;XAUUSDm;4084.096;0.413221;0.665702;0.086139;0.741490;0.141174;0.786927;0.031659;0.183558;0.210414;0.190392;0.147562;-1.155025;-0.235496;0.441396;SEED
2026.07.21 22:45:00;XAUUSDm;4083.291;0.438686;1.671720;0.079248;0.785178;0.132563;0.819003;0.030420;0.186048;0.217475;0.168832;0.132345;-1.223778;-0.245640;0.438897;SEED
2026.07.21 22:46:00;XAUUSDm;4083.012;0.473768;0.588409;0.072908;0.772688;0.124191;0.811997;0.029216;0.188253;0.224600;0.160726;0.125426;-1.235127;-0.247790;0.438368;SEED
2026.07.21 22:47:00;XAUUSDm;4082.461;0.565614;1.177250;0.497119;0.790433;0.136686;0.825803;0.048966;0.188728;0.231658;0.172926;0.132947;-0.863673;-0.200757;0.449979;SEED
2026.07.21 22:48:00;XAUUSDm;4082.167;0.999901;0.641361;1.247045;0.780245;0.180204;0.821062;0.084014;0.196984;0.237826;0.230959;0.169805;-0.152818;-0.108440;0.472917;SEED
2026.07.21 22:49:00;XAUUSDm;4081.240;0.459901;1.951908;1.147281;0.835224;0.215800;0.863582;0.084801;0.204463;0.243907;0.258374;0.191910;-0.294579;-0.124354;0.468952;SEED
2026.07.21 22:50:00;XAUUSDm;4080.830;0.448114;0.918130;1.055499;0.835054;0.245745;0.868459;0.085150;0.211228;0.249455;0.294286;0.217198;-0.376022;-0.132303;0.466972;SEED
2026.07.21 22:51:00;XAUUSDm;4080.580;0.445088;0.564895;0.971059;0.816631;0.270666;0.860815;0.085115;0.217336;0.254381;0.331442;0.241864;-0.434189;-0.137325;0.465723;SEED
2026.07.21 22:52:00;XAUUSDm;4079.327;0.444146;2.683888;0.893374;0.904580;0.290608;0.927601;0.084743;0.222840;0.259843;0.321263;0.239743;-0.595609;-0.158023;0.460576;AGING
2026.07.21 22:53:00;XAUUSDm;4079.416;0.445696;0.191794;0.821904;0.863129;0.306620;0.904814;0.084080;0.227789;0.264620;0.355242;0.260954;-0.622963;-0.159458;0.460220;AGING
2026.07.21 22:54:00;XAUUSDm;4079.803;0.451708;0.832222;0.756152;0.855451;0.318979;0.905216;0.083163;0.232229;0.269117;0.372878;0.272435;-0.680223;-0.165602;0.458694;AGING
2026.07.21 22:55:00;XAUUSDm;4080.953;0.461732;2.384408;0.695660;0.925519;0.327730;0.959899;0.082030;0.236200;0.274180;0.354104;0.263502;-0.812770;-0.183282;0.454307;AGING
2026.07.21 22:56:00;XAUUSDm;4080.861;0.456143;0.194126;0.640007;0.882395;0.333764;0.935968;0.080711;0.239741;0.278726;0.378248;0.277478;-0.828254;-0.183885;0.454158;AGING
2026.07.21 22:57:00;XAUUSDm;4080.547;0.454941;0.673213;0.588806;0.865261;0.337289;0.929596;0.079235;0.242886;0.283062;0.389812;0.284061;-0.866470;-0.188073;0.453120;AGING
2026.07.21 22:58:00;XAUUSDm;4080.585;0.458886;0.082294;0.541702;0.819367;0.338740;0.902714;0.077629;0.245668;0.286937;0.413417;0.296448;-0.872456;-0.187571;0.453244;AGING
2026.07.21 22:59:00;XAUUSDm;4080.520;0.458824;0.140583;0.498366;0.778653;0.338365;0.878756;0.075914;0.248116;0.290438;0.434552;0.306856;-0.880421;-0.187482;0.453266;AGING
2026.07.21 23:00:00;XAUUSDm;4079.747;0.458636;1.622790;0.458496;0.814092;0.336051;0.907454;0.074112;0.250258;0.294360;0.412793;0.295180;-0.962645;-0.199075;0.450395;AGING
2026.07.21 23:01:00;XAUUSDm;4080.594;0.461025;1.770189;0.421817;0.855176;0.332009;0.940244;0.072240;0.252119;0.298793;0.388235;0.281475;-1.048862;-0.211363;0.447355;AGING
2026.07.21 23:02:00;XAUUSDm;4080.322;0.459995;0.571597;0.388071;0.834357;0.326750;0.929870;0.070316;0.253721;0.303139;0.391620;0.282072;-1.070748;-0.214054;0.446690;AGING
2026.07.21 23:03:00;XAUUSDm;4081.071;0.463161;1.556655;0.357026;0.863937;0.320218;0.954268;0.068352;0.255087;0.307925;0.370649;0.269685;-1.141496;-0.224242;0.444173;AGING
2026.07.21 23:04:00;XAUUSDm;4080.608;0.462802;0.986450;0.328464;0.863658;0.312731;0.957787;0.066363;0.256235;0.312869;0.362100;0.263629;-1.180527;-0.229779;0.442807;AGING
2026.07.21 23:05:00;XAUUSDm;4081.318;0.471131;1.531162;0.302187;0.890779;0.304310;0.980178;0.064358;0.257183;0.318262;0.341623;0.251015;-1.245627;-0.239269;0.440466;AGING
2026.07.21 23:06:00;XAUUSDm;4080.866;0.469810;0.962767;0.278012;0.888292;0.295243;0.981821;0.062349;0.257948;0.323820;0.332372;0.244288;-1.279451;-0.244222;0.439246;AGING
2026.07.21 23:07:00;XAUUSDm;4080.516;0.471087;0.749272;0.255771;0.875436;0.285704;0.975864;0.060344;0.259072;0.329451;0.326356;0.239112;-1.302243;-0.247623;0.438409;AGING
2026.07.21 23:08:00;XAUUSDm;4080.947;0.481576;0.915852;0.235309;0.871743;0.275754;0.975876;0.058350;0.267894;0.335332;0.316325;0.230181;-1.348499;-0.254270;0.436773;AGING
2026.07.21 23:09:00;XAUUSDm;4080.989;0.595203;0.089943;0.681711;0.827138;0.287597;0.946910;0.077752;0.271210;0.340564;0.347701;0.244534;-0.896317;-0.196193;0.451108;AGING
2026.07.21 23:10:00;XAUUSDm;4080.930;0.772155;0.130226;1.260827;0.786540;0.322932;0.921048;0.102820;0.271907;0.344690;0.410573;0.278086;-0.296925;-0.117788;0.470587;AGING
2026.07.21 23:11:00;XAUUSDm;4080.965;0.536302;0.080645;1.663054;0.744787;0.371451;0.895232;0.117791;0.277467;0.347483;0.498734;0.325821;0.151718;-0.056732;0.485821;AGING
2026.07.21 23:12:00;XAUUSDm;4081.346;0.462639;0.878771;1.530010;0.744057;0.411862;0.898779;0.118553;0.282447;0.349511;0.553536;0.359687;0.046304;-0.066612;0.483353;ORGANIZING
2026.07.21 23:13:00;XAUUSDm;4081.158;0.464717;0.432681;1.407609;0.720251;0.445505;0.886615;0.118746;0.286891;0.350672;0.618541;0.395692;-0.029084;-0.072308;0.481931;ORGANIZING
2026.07.21 23:14:00;XAUUSDm;4081.226;0.467783;0.162804;1.295000;0.683469;0.473085;0.865437;0.118439;0.290845;0.350954;0.692183;0.432930;-0.084905;-0.075220;0.481204;ORGANIZING
2026.07.21 23:15:00;XAUUSDm;4081.349;0.522977;0.302866;1.687233;0.654977;0.514760;0.849893;0.132129;0.299307;0.350201;0.785921;0.473816;0.333944;-0.017993;0.495502;ORGANIZING
2026.07.21 23:16:00;XAUUSDm;4081.661;0.484393;0.771513;1.552255;0.650508;0.548677;0.851774;0.132271;0.306933;0.348802;0.843458;0.503506;0.223213;-0.028595;0.492852;ORGANIZING
2026.07.21 23:17:00;XAUUSDm;4081.330;0.484300;0.806137;1.428074;0.647316;0.576035;0.854806;0.131867;0.313791;0.346893;0.889882;0.527035;0.118586;-0.039066;0.490235;ORGANIZING
2026.07.21 23:18:00;XAUUSDm;4082.351;0.463343;2.399192;1.313828;0.723389;0.597159;0.913475;0.130986;0.319943;0.345383;0.825502;0.508516;-0.059642;-0.064172;0.483962;ORGANIZING
2026.07.21 23:19:00;XAUUSDm;4082.565;0.461176;0.508724;1.208722;0.700713;0.613058;0.903893;0.129692;0.325447;0.343383;0.874906;0.530395;-0.132593;-0.070675;0.482339;ORGANIZING
2026.07.21 23:20:00;XAUUSDm;4081.828;0.460348;1.750428;1.112024;0.740937;0.624022;0.938061;0.128042;0.330355;0.341616;0.842206;0.520307;-0.263301;-0.088463;0.477899;ORGANIZING
2026.07.21 23:21:00;XAUUSDm;4081.313;0.484196;1.227535;1.023062;0.752787;0.630688;0.952674;0.126088;0.334716;0.339877;0.837804;0.519687;-0.360521;-0.100744;0.474835;ORGANIZING
2026.07.21 23:22:00;XAUUSDm;4081.457;0.469842;0.342303;0.941217;0.719649;0.633726;0.935724;0.123876;0.338574;0.337785;0.880605;0.536103;-0.407388;-0.104456;0.473910;ORGANIZING
2026.07.21 23:23:00;XAUUSDm;4082.314;0.467299;1.996366;0.865920;0.770810;0.633200;0.977182;0.121447;0.341970;0.336248;0.821474;0.513034;-0.534771;-0.123275;0.469220;ORGANIZING
2026.07.21 23:24:00;XAUUSDm;4082.212;0.462240;0.241237;0.796646;0.731668;0.629918;0.955675;0.118838;0.344942;0.334416;0.860934;0.526930;-0.567079;-0.125399;0.468691;ORGANIZING
2026.07.21 23:25:00;XAUUSDm;4081.883;0.490026;0.798893;0.732915;0.722431;0.624106;0.954347;0.116083;0.347524;0.332633;0.863898;0.526211;-0.625258;-0.132582;0.466903;ORGANIZING
2026.07.21 23:26:00;XAUUSDm;4081.855;0.470195;0.071334;0.674282;0.677394;0.616262;0.927504;0.113210;0.349749;0.330580;0.909755;0.540413;-0.643349;-0.132717;0.466869;ORGANIZING
2026.07.21 23:27:00;XAUUSDm;4081.685;0.466679;0.437175;0.620339;0.653057;0.606590;0.914305;0.110247;0.351646;0.328495;0.928847;0.544051;-0.678410;-0.136303;0.465977;ORGANIZING
2026.07.21 23:28:00;XAUUSDm;4081.956;0.469775;0.697016;0.570712;0.643124;0.595298;0.910559;0.107216;0.353242;0.326553;0.925636;0.539424;-0.724582;-0.142364;0.464469;ORGANIZING
2026.07.21 23:29:00;XAUUSDm;4081.263;0.533920;1.728266;0.971152;0.685475;0.602359;0.942931;0.121877;0.354370;0.324904;0.878747;0.518505;-0.389363;-0.102881;0.474302;ORGANIZING
2026.07.21 23:30:00;XAUUSDm;4080.934;0.998985;0.820163;1.720391;0.680162;0.638596;0.942900;0.153245;0.357194;0.322506;0.938888;0.536364;0.335440;-0.009535;0.497616;ORGANIZING
2026.07.21 23:31:00;XAUUSDm;4081.323;0.492402;0.958081;1.582759;0.681286;0.666566;0.948795;0.152465;0.356211;0.319549;0.978394;0.560158;0.231140;-0.020139;0.494965;ORGANIZING
2026.07.21 23:32:00;XAUUSDm;4081.119;0.519723;0.504751;1.972551;0.659128;0.707846;0.938589;0.164331;0.358855;0.315572;1.073913;0.598695;0.659324;0.038256;0.509563;MATURE
2026.07.21 23:33:00;XAUUSDm;4081.091;0.689129;0.070586;2.489398;0.615544;0.764729;0.913961;0.181957;0.367879;0.310112;1.242364;0.656206;1.228801;0.117479;0.529336;MATURE
2026.07.21 23:34:00;XAUUSDm;4080.809;0.481027;0.712013;2.290246;0.605073;0.811468;0.913261;0.182817;0.375992;0.303693;1.341108;0.697209;1.075332;0.103436;0.525836;MATURE
2026.07.21 23:35:00;XAUUSDm;4080.423;0.457376;0.995667;2.107027;0.608373;0.849419;0.922544;0.182837;0.378310;0.296571;1.396213;0.726297;0.929207;0.088421;0.522091;MATURE
2026.07.21 23:36:00;XAUUSDm;4081.282;0.484228;2.151372;1.938465;0.668535;0.879176;0.971952;0.182123;0.380281;0.289476;1.315079;0.714232;0.734823;0.061227;0.515302;MATURE
2026.07.21 23:37:00;XAUUSDm;4081.150;0.534952;0.337682;2.339679;0.634409;0.921783;0.956127;0.193078;0.387495;0.281259;1.452980;0.758681;1.184649;0.123979;0.530955;MATURE
2026.07.21 23:38:00;XAUUSDm;4081.646;0.462230;1.255887;2.152505;0.647047;0.955329;0.973376;0.192782;0.393944;0.272563;1.476446;0.774315;1.014771;0.104404;0.526077;MATURE
2026.07.21 23:39:00;XAUUSDm;4081.905;0.463518;0.678757;1.980304;0.629526;0.981098;0.969812;0.191753;0.399691;0.263233;1.558472;0.803540;0.885756;0.092386;0.523080;MATURE
2026.07.21 23:40:00;XAUUSDm;4081.969;0.563715;0.170822;2.403090;0.586969;1.000000;0.948559;0.203305;0.410603;0.253209;1.703669;0.832725;1.335098;0.154569;0.538566;MATURE
2026.07.21 23:41:00;XAUUSDm;4081.087;0.517451;2.277304;2.791178;0.651485;1.000000;1.000000;0.212544;0.426231;0.243986;1.534954;0.775037;1.618157;0.182190;0.545422;MATURE
2026.07.21 23:42:00;XAUUSDm;4079.887;0.447579;3.106877;2.567884;0.754255;1.000000;1.000000;0.213082;0.440366;0.235932;1.325812;0.710377;1.270801;0.129425;0.532311;MATURE
2026.07.21 23:43:00;XAUUSDm;4079.550;0.442658;0.861452;2.362453;0.739615;1.000000;1.000000;0.212699;0.453130;0.227860;1.352055;0.711519;1.063321;0.104496;0.526100;MATURE
2026.07.21 23:44:00;XAUUSDm;4080.277;0.446066;1.826633;2.173457;0.773966;1.000000;1.000000;0.211514;0.464632;0.220246;1.292047;0.689602;0.826953;0.072206;0.518044;MATURE
2026.07.21 23:45:00;XAUUSDm;4082.437;0.474622;5.164993;1.999580;0.973517;1.000000;1.000000;0.209632;0.474976;0.214730;1.027203;0.603091;0.442117;0.011941;0.502985;MATURE
2026.07.21 23:46:00;XAUUSDm;4080.123;0.448668;5.001729;1.839614;1.000000;1.000000;1.000000;0.207149;0.484254;0.209573;1.000000;0.591225;0.247235;-0.013726;0.496569;ORGANIZING
2026.07.21 23:47:00;XAUUSDm;4081.342;0.503374;2.535674;2.217145;1.000000;1.000000;1.000000;0.215668;0.497801;0.204551;1.000000;0.583611;0.585656;0.028297;0.507074;MATURE
2026.07.21 23:48:00;XAUUSDm;4080.780;0.454776;1.144090;2.039773;0.987205;1.000000;1.000000;0.213753;0.510003;0.199523;1.012961;0.584467;0.405534;0.006313;0.501578;MATURE
2026.07.21 23:49:00;XAUUSDm;4080.937;0.506386;0.318420;2.419563;0.933765;1.000000;0.983626;0.222055;0.521937;0.194080;1.070933;0.596034;0.803734;0.058515;0.514625;MATURE
2026.07.21 23:50:00;XAUUSDm;4080.895;0.889825;0.087785;3.086931;0.871466;1.000000;0.960044;0.244321;0.532993;0.188125;1.147491;0.606509;1.472714;0.145077;0.536206;MATURE
2026.07.21 23:51:00;XAUUSDm;4080.401;0.458127;1.047987;2.839977;0.860292;1.000000;0.971673;0.244452;0.542900;0.182157;1.162396;0.606927;1.222824;0.114428;0.528576;MATURE
2026.07.21 23:52:00;XAUUSDm;4080.750;0.496859;0.737968;2.612779;0.834176;1.000000;0.972049;0.243590;0.546588;0.175964;1.198788;0.615630;1.022284;0.091011;0.522737;MATURE
2026.07.21 23:53:00;XAUUSDm;4080.800;0.515023;0.108947;2.999046;0.777915;1.000000;0.950366;0.250723;0.548951;0.169233;1.285488;0.633879;1.452550;0.148443;0.537043;MATURE
2026.07.21 23:54:00;XAUUSDm;4080.276;0.477538;1.138734;2.759122;0.775956;1.000000;0.965734;0.250183;0.550895;0.162501;1.288734;0.634102;1.218508;0.119431;0.529822;MATURE
2026.07.21 23:55:00;XAUUSDm;4080.688;0.524052;0.907089;3.152162;0.762512;1.000000;0.972438;0.257326;0.558592;0.155712;1.311454;0.633541;1.602101;0.168169;0.541943;MATURE
2026.07.21 23:56:00;XAUUSDm;4080.367;0.457919;0.710838;2.899989;0.739929;1.000000;0.972288;0.257069;0.565414;0.148766;1.351482;0.640036;1.366329;0.140362;0.535033;MATURE
2026.07.21 23:57:00;XAUUSDm;4079.747;0.449337;1.356733;2.667990;0.750769;1.000000;0.994741;0.255815;0.565870;0.141932;1.331968;0.635949;1.131918;0.110408;0.527574;MATURE
2026.07.21 23:58:00;XAUUSDm;4080.270;0.449715;1.139881;2.454551;0.750224;1.000000;1.000000;0.253696;0.566061;0.135095;1.332935;0.636950;0.929716;0.085348;0.521324;MATURE
2026.07.21 23:59:00;XAUUSDm;4080.755;0.453322;1.037034;2.258186;0.744565;1.000000;1.000000;0.250830;0.566010;0.128201;1.343066;0.640449;0.751742;0.063718;0.515924;MATURE
2026.07.22 00:00:00;XAUUSDm;4077.269;0.438390;6.501063;2.077532;1.000000;1.000000;1.000000;0.247321;0.566435;0.123865;1.000000;0.551342;0.326154;-0.004141;0.498965;ORGANIZING
2026.07.22 00:01:00;XAUUSDm;4078.081;0.443256;1.471654;1.911329;1.000000;1.000000;1.000000;0.243265;0.572402;0.119589;1.000000;0.550762;0.160406;-0.024803;0.493800;ORGANIZING
2026.07.22 00:02:00;XAUUSDm;4079.589;0.557151;2.625805;2.329193;1.000000;1.000000;1.000000;0.251995;0.571927;0.115309;1.000000;0.548269;0.566041;0.025862;0.506465;MATURE
2026.07.22 00:03:00;XAUUSDm;4079.673;0.735738;0.146797;2.880996;0.937340;1.000000;0.978958;0.266985;0.574252;0.110424;1.066849;0.562247;1.150756;0.101754;0.525417;MATURE
2026.07.22 00:04:00;XAUUSDm;4082.850;0.444452;5.007881;2.650516;1.000000;1.000000;1.000000;0.265160;0.576152;0.106186;1.000000;0.543091;0.861707;0.062744;0.515681;MATURE
2026.07.22 00:05:00;XAUUSDm;4082.034;0.540244;1.258754;3.055700;0.992938;1.000000;1.000000;0.272161;0.583832;0.101954;1.007113;0.540853;1.248821;0.111320;0.527801;MATURE
2026.07.22 00:06:00;XAUUSDm;4085.910;0.435052;5.386775;2.811244;1.000000;1.000000;1.000000;0.270776;0.590629;0.097860;1.000000;0.537228;0.990573;0.078726;0.519671;MATURE
2026.07.22 00:07:00;XAUUSDm;4088.716;0.434003;3.648705;2.586344;1.000000;1.000000;1.000000;0.268482;0.591368;0.093774;1.000000;0.537678;0.772870;0.051617;0.512901;MATURE
2026.07.22 00:08:00;XAUUSDm;4087.254;0.435777;1.879516;2.379437;1.000000;1.000000;1.000000;0.265403;0.591808;0.089692;1.000000;0.538442;0.575322;0.027044;0.506760;MATURE
2026.07.22 00:09:00;XAUUSDm;4088.163;0.435290;1.148075;2.189082;0.987404;1.000000;1.000000;0.261651;0.591154;0.085477;1.012757;0.543417;0.410591;0.007168;0.501792;MATURE
2026.07.22 00:10:00;XAUUSDm;4089.093;0.434827;1.168900;2.013955;0.976479;1.000000;1.000000;0.257325;0.598928;0.081231;1.024088;0.545634;0.243740;-0.013153;0.496712;ORGANIZING
2026.07.22 00:11:00;XAUUSDm;4090.691;0.433460;1.955266;1.852839;1.000000;1.000000;1.000000;0.252514;0.605805;0.077289;1.000000;0.538121;0.058912;-0.037276;0.490682;ORGANIZING
2026.07.22 00:12:00;XAUUSDm;4091.522;0.433482;0.999976;1.704612;0.979999;1.000000;1.000000;0.247300;0.611857;0.073208;1.020409;0.543728;-0.066909;-0.052029;0.486996;ORGANIZING
2026.07.22 00:13:00;XAUUSDm;4091.687;0.433695;0.201914;1.568243;0.921095;1.000000;0.980722;0.241753;0.623106;0.068650;1.085665;0.559925;-0.151220;-0.059709;0.485077;ORGANIZING
2026.07.22 00:14:00;XAUUSDm;4092.145;0.433375;0.555623;1.442783;0.882821;1.000000;0.974305;0.235939;0.633154;0.063810;1.132732;0.570804;-0.242032;-0.069008;0.482755;ORGANIZING
2026.07.22 00:15:00;XAUUSDm;4093.022;0.433407;1.049972;1.327361;0.871179;0.995630;0.985212;0.229913;0.648236;0.059091;1.142854;0.569150;-0.363577;-0.083886;0.479041;ORGANIZING
2026.07.22 00:16:00;XAUUSDm;4094.326;0.432941;1.514905;1.221172;0.883452;0.987253;1.000000;0.223727;0.661783;0.054799;1.117494;0.558097;-0.500846;-0.102272;0.474454;ORGANIZING
2026.07.22 00:17:00;XAUUSDm;4096.437;0.432317;2.346598;1.123478;0.936865;0.975185;1.000000;0.217425;0.673919;0.051403;1.040902;0.533410;-0.672293;-0.127167;0.468251;ORGANIZING
2026.07.22 00:18:00;XAUUSDm;4094.597;0.433470;1.976412;1.033600;0.969338;0.959972;1.000000;0.211048;0.684759;0.048744;0.990338;0.514690;-0.816124;-0.147546;0.463180;ORGANIZING
2026.07.22 00:19:00;XAUUSDm;4095.325;0.433451;0.781384;0.950912;0.940741;0.942302;0.999735;0.204630;0.694408;0.046250;1.001659;0.512182;-0.891852;-0.156748;0.460893;ORGANIZING
2026.07.22 00:20:00;XAUUSDm;4096.868;0.431544;1.614084;0.874839;0.955562;0.922356;1.000000;0.198202;0.702963;0.044388;0.965250;0.496765;-1.005085;-0.172728;0.456925;ORGANIZING
2026.07.22 00:21:00;XAUUSDm;4094.897;0.432338;1.995747;0.804852;0.989124;0.900397;1.000000;0.191791;0.710513;0.043376;0.910297;0.476041;-1.131860;-0.191239;0.452335;ORGANIZING
2026.07.22 00:22:00;XAUUSDm;4094.852;0.432969;0.045712;0.740464;0.923946;0.877193;0.973313;0.185421;0.722848;0.042300;0.949399;0.478761;-1.165127;-0.194067;0.451635;ORGANIZING
2026.07.22 00:23:00;XAUUSDm;4096.816;0.432297;1.919581;0.681227;0.956184;0.852571;1.000000;0.179112;0.741231;0.042223;0.891639;0.454335;-1.305295;-0.214540;0.446570;ORGANIZING
2026.07.22 00:24:00;XAUUSDm;4096.983;0.433410;0.163591;0.626728;0.899503;0.827206;0.976995;0.172881;0.757763;0.042252;0.919626;0.451989;-1.349107;-0.219295;0.445395;ORGANIZING
2026.07.22 00:25:00;XAUUSDm;4097.305;0.432947;0.315823;0.576590;0.853774;0.801269;0.959904;0.166744;0.778765;0.042552;0.938502;0.445327;-1.409485;-0.226615;0.443587;ORGANIZING
2026.07.22 00:26:00;XAUUSDm;4097.511;0.434937;0.204670;0.530463;0.805294;0.774974;0.939307;0.160713;0.797679;0.043082;0.962349;0.439406;-1.459724;-0.232486;0.442139;ORGANIZING
2026.07.22 00:27:00;XAUUSDm;4097.431;0.437575;0.079566;0.488026;0.753508;0.748511;0.914841;0.154799;0.814674;0.043793;0.993369;0.434428;-1.499711;-0.236817;0.441071;ORGANIZING
2026.07.22 00:28:00;XAUUSDm;4097.447;0.436803;0.016067;0.448984;0.701666;0.722039;0.888802;0.149011;0.829905;0.044668;1.029036;0.429636;-1.533144;-0.240183;0.440241;ORGANIZING
2026.07.22 00:29:00;XAUUSDm;4098.117;0.436918;0.667278;0.413065;0.685505;0.695523;0.886264;0.143357;0.843516;0.046048;1.014613;0.415888;-1.596711;-0.249277;0.438001;ORGANIZING
2026.07.22 00:30:00;XAUUSDm;4097.148;0.439998;0.947974;0.380020;0.684718;0.669015;0.893441;0.137841;0.855637;0.048071;0.977066;0.398651;-1.670713;-0.260556;0.435227;ORGANIZING
2026.07.22 00:31:00;XAUUSDm;4095.577;0.450979;1.516468;0.349618;0.712926;0.642489;0.920072;0.132469;0.866391;0.051015;0.901200;0.375332;-1.769555;-0.276412;0.431334;ORGANIZING
2026.07.22 00:32:00;XAUUSDm;4092.315;0.580079;3.028221;0.784677;0.815841;0.637353;0.998493;0.147599;0.871259;0.055139;0.781222;0.347388;-1.486664;-0.246130;0.438776;ORGANIZING
2026.07.22 00:33:00;XAUUSDm;4091.262;0.703092;0.964710;1.311996;0.810537;0.654356;1.000000;0.166585;0.869465;0.058852;0.807311;0.354360;-0.975136;-0.181132;0.454840;ORGANIZING
2026.07.22 00:34:00;XAUUSDm;4091.580;0.637248;0.293537;1.789933;0.771600;0.688592;0.981104;0.182152;0.868589;0.061482;0.892421;0.377861;-0.456040;-0.112569;0.471887;ORGANIZING
2026.07.22 00:35:00;XAUUSDm;4091.644;0.508988;0.061455;2.171673;0.722321;0.734602;0.955292;0.192132;0.872689;0.062740;1.017002;0.411049;-0.008427;-0.051246;0.487191;ORGANIZING
2026.07.22 00:36:00;XAUUSDm;4092.741;0.494727;1.078578;1.997940;0.725442;0.771731;0.966331;0.191212;0.876094;0.063320;1.063808;0.430474;-0.153703;-0.067041;0.483246;ORGANIZING
2026.07.22 00:37:00;XAUUSDm;4093.914;0.463521;1.154346;1.838104;0.731452;0.801130;0.979604;0.189643;0.878859;0.063401;1.095259;0.445083;-0.292624;-0.082734;0.479328;ORGANIZING
2026.07.22 00:38:00;XAUUSDm;4096.571;0.476074;2.511200;1.691056;0.804417;0.823280;1.000000;0.187513;0.881040;0.063790;1.023449;0.439558;-0.490977;-0.109967;0.472536;ORGANIZING
2026.07.22 00:39:00;XAUUSDm;4094.867;0.671409;1.564738;2.194613;0.825967;0.862809;1.000000;0.203315;0.889071;0.063684;1.044604;0.449765;-0.017004;-0.049573;0.487609;ORGANIZING
2026.07.22 00:40:00;XAUUSDm;4094.028;0.456371;0.759317;2.019044;0.805379;0.893597;0.998692;0.201928;0.896068;0.062827;1.109536;0.469480;-0.151557;-0.063441;0.484145;ORGANIZING
2026.07.22 00:41:00;XAUUSDm;4094.116;0.565645;0.080232;2.443278;0.751249;0.937941;0.973614;0.213043;0.907972;0.060660;1.248508;0.500966;0.327278;0.002200;0.500550;MATURE
2026.07.22 00:42:00;XAUUSDm;4094.621;0.843150;0.459116;3.075641;0.717884;1.000000;0.963063;0.234009;0.926784;0.057107;1.392983;0.532289;0.979063;0.089645;0.522396;MATURE
2026.07.22 00:43:00;XAUUSDm;4092.284;0.434582;2.039837;2.829589;0.763982;1.000000;1.000000;0.234612;0.943634;0.054183;1.308932;0.514873;0.654934;0.045795;0.511447;MATURE
2026.07.22 00:44:00;XAUUSDm;4092.633;0.435525;0.305556;2.603222;0.721060;1.000000;0.983906;0.234199;0.958680;0.050980;1.386846;0.522482;0.445422;0.022388;0.505597;MATURE
2026.07.22 00:45:00;XAUUSDm;4092.792;0.434754;0.139827;2.394965;0.671999;1.000000;0.962560;0.232902;0.972071;0.047421;1.488098;0.532773;0.265599;0.003533;0.500883;MATURE
2026.07.22 00:46:00;XAUUSDm;4092.920;0.434407;0.112948;2.203367;0.624046;1.000000;0.940975;0.230837;0.983939;0.043501;1.602446;0.543826;0.106267;-0.012322;0.496920;ORGANIZING
2026.07.22 00:47:00;XAUUSDm;4093.760;0.440690;0.738358;2.027098;0.609762;1.000000;0.941963;0.228109;0.994411;0.039543;1.639985;0.545768;-0.067245;-0.032708;0.491824;ORGANIZING
2026.07.22 00:48:00;XAUUSDm;4096.474;0.531863;2.297119;2.425996;0.674130;1.000000;0.997377;0.236648;1.009209;0.036376;1.483394;0.520837;0.223777;-0.002212;0.499447;ORGANIZING
2026.07.22 00:49:00;XAUUSDm;4096.461;0.483058;0.011092;2.231916;0.620978;1.000000;0.971140;0.234520;1.022351;0.032809;1.610364;0.532524;0.064388;-0.017671;0.495582;ORGANIZING
2026.07.22 00:50:00;XAUUSDm;4095.127;0.468579;1.181577;2.053363;0.629008;1.000000;0.986713;0.231721;1.033973;0.029439;1.589806;0.527788;-0.136472;-0.043564;0.489111;ORGANIZING
2026.07.22 00:51:00;XAUUSDm;4095.345;0.813501;0.195145;2.663489;0.587314;1.000000;0.967119;0.250642;1.051942;0.025832;1.702665;0.529129;0.445176;0.032667;0.508166;MATURE
2026.07.22 00:52:00;XAUUSDm;4094.245;0.461588;0.991920;2.450410;0.587545;1.000000;0.976759;0.248763;1.063339;0.022340;1.701998;0.526413;0.216319;0.003974;0.500993;MATURE
2026.07.22 00:53:00;XAUUSDm;4094.533;0.438355;0.258751;2.254377;0.551105;1.000000;0.960336;0.246127;1.067446;0.018526;1.814536;0.536286;0.057599;-0.011920;0.497020;ORGANIZING
2026.07.22 00:54:00;XAUUSDm;4093.952;0.449264;0.547535;2.074027;0.530927;1.000000;0.954502;0.242838;1.064950;0.014485;1.883500;0.543858;-0.086961;-0.027462;0.493135;ORGANIZING
2026.07.22 00:55:00;XAUUSDm;4094.684;0.439743;0.690931;1.908105;0.518927;1.000000;0.953776;0.238992;1.062261;0.010297;1.927054;0.549396;-0.223625;-0.042878;0.489282;ORGANIZING
2026.07.22 00:56:00;XAUUSDm;4093.875;0.493862;0.810540;1.755456;0.513507;1.000000;0.957128;0.234675;1.059374;0.006025;1.947391;0.553233;-0.352176;-0.058059;0.485489;ORGANIZING
2026.07.22 00:57:00;XAUUSDm;4095.038;0.493007;1.204882;1.615020;0.528076;1.000000;0.974013;0.229963;1.056308;0.001869;1.893666;0.551162;-0.487469;-0.076603;0.480859;ORGANIZING
2026.07.22 00:58:00;XAUUSDm;4096.509;0.993563;1.523689;2.360192;0.557857;1.000000;1.000000;0.255724;1.057718;0.000000;1.792575;0.534388;0.175451;0.002428;0.500607;MATURE
2026.07.22 00:59:00;XAUUSDm;4097.344;0.438039;0.866236;2.171376;0.553276;1.000000;1.000000;0.252378;1.052662;0.000000;1.807417;0.538122;0.008020;-0.017869;0.495533;ORGANIZING
2026.07.22 01:00:00;XAUUSDm;4107.501;0.413448;8.843863;1.997666;0.947805;1.000000;1.000000;0.248445;1.047612;0.000000;1.055069;0.445660;-0.542253;-0.113847;0.471569;ORGANIZING
2026.07.22 01:01:00;XAUUSDm;4105.004;0.416555;2.140665;1.837853;0.987448;1.000000;1.000000;0.244013;1.048429;0.000359;1.012711;0.438618;-0.734838;-0.139550;0.465169;ORGANIZING
2026.07.22 01:02:00;XAUUSDm;4105.986;0.416649;0.839689;1.690825;0.960060;1.000000;1.000000;0.239164;1.057035;0.000530;1.041601;0.443212;-0.862162;-0.154372;0.461483;ORGANIZING
2026.07.22 01:03:00;XAUUSDm;4108.121;0.414240;1.766098;1.555559;0.980362;1.000000;1.000000;0.233969;1.064490;0.000978;1.020031;0.438823;-1.022699;-0.175315;0.456283;ORGANIZING
2026.07.22 01:04:00;XAUUSDm;4110.781;0.413863;2.123041;1.431114;1.000000;0.999434;1.000000;0.228493;1.070888;0.001698;0.999434;0.434653;-1.169913;-0.194557;0.451513;ORGANIZING
2026.07.22 01:05:00;XAUUSDm;4112.999;0.413642;1.733165;1.316625;1.000000;0.994425;1.000000;0.222793;1.076317;0.002573;0.994425;0.432526;-1.289743;-0.209810;0.447739;ORGANIZING
2026.07.22 01:06:00;XAUUSDm;4115.226;0.413395;1.715452;1.211295;1.000000;0.985504;1.000000;0.216920;1.080857;0.003672;0.985504;0.428895;-1.402425;-0.224367;0.444142;ORGANIZING
2026.07.22 01:07:00;XAUUSDm;4114.387;0.414278;0.659197;1.114391;0.963250;0.973315;0.995664;0.210919;1.084579;0.004684;1.010449;0.430909;-1.471223;-0.232138;0.442225;ORGANIZING
2026.07.22 01:08:00;XAUUSDm;4115.525;0.415299;0.904093;1.025240;0.940826;0.958241;0.999841;0.204830;1.093164;0.005859;1.018511;0.428012;-1.559191;-0.243060;0.439532;ORGANIZING
2026.07.22 01:09:00;XAUUSDm;4115.843;0.415969;0.254294;0.943221;0.887334;0.940830;0.980916;0.198690;1.100585;0.006921;1.060289;0.430269;-1.608754;-0.247911;0.438338;ORGANIZING
2026.07.22 01:10:00;XAUUSDm;4115.785;0.401491;0.047509;0.867763;0.826526;0.921485;0.955201;0.192528;1.106938;0.007826;1.114889;0.433438;-1.644037;-0.250543;0.437690;ORGANIZING
2026.07.22 01:11:00;XAUUSDm;4114.254;0.403533;1.263180;0.798342;0.829929;0.900253;0.972719;0.186373;1.120055;0.009321;1.084735;0.421396;-1.753511;-0.265763;0.433947;ORGANIZING
2026.07.22 01:12:00;XAUUSDm;4117.341;0.402531;2.425247;0.734475;0.891690;0.877180;1.000000;0.180248;1.131614;0.012010;0.983727;0.398075;-1.915769;-0.290296;0.427931;ORGANIZING
2026.07.22 01:13:00;XAUUSDm;4116.970;0.406474;0.298952;0.675717;0.844510;0.853060;0.981772;0.174173;1.141743;0.014812;1.010124;0.394857;-1.962376;-0.295547;0.426646;ORGANIZING
2026.07.22 01:14:00;XAUUSDm;4121.319;0.405440;3.283156;0.621659;0.949381;0.827433;1.000000;0.168167;1.150558;0.019262;0.871550;0.364812;-2.157000;-0.305998;0.424092;ORGANIZING
2026.07.22 01:15:00;XAUUSDm;4118.085;0.407751;2.338598;0.571927;1.000000;0.800801;1.000000;0.162246;1.158167;0.024828;0.800801;0.345112;-2.292925;-0.309217;0.423306;ORGANIZING
2026.07.22 01:16:00;XAUUSDm;4115.781;0.409530;1.617024;0.526173;1.000000;0.773617;1.000000;0.156421;1.164669;0.031002;0.773617;0.333299;-2.373392;-0.310747;0.422933;ORGANIZING
2026.07.22 01:17:00;XAUUSDm;4113.537;0.413790;1.528485;0.484079;1.000000;0.746064;1.000000;0.150705;1.170155;0.037783;0.746064;0.321460;-2.449359;-0.312301;0.422553;ORGANIZING
2026.07.22 01:18:00;XAUUSDm;4112.903;0.416176;0.428239;0.445352;0.956491;0.718515;0.985263;0.145106;1.183452;0.044812;0.751199;0.314442;-2.494551;-0.312638;0.422471;ORGANIZING
2026.07.22 01:19:00;XAUUSDm;4112.907;0.417482;0.002726;0.409724;0.894432;0.691195;0.955953;0.139632;1.195151;0.051884;0.772775;0.310062;-2.514964;-0.312351;0.422541;ORGANIZING
2026.07.22 01:20:00;XAUUSDm;4115.264;0.434825;1.576673;0.376946;0.914720;0.663820;0.982565;0.134289;1.205383;0.059808;0.725708;0.294456;-2.613107;-0.314702;0.421967;ORGANIZING
2026.07.22 01:21:00;XAUUSDm;4114.785;0.427319;0.325169;0.346791;0.871966;0.636814;0.964257;0.129082;1.214267;0.067934;0.730319;0.287460;-2.642995;-0.315076;0.421876;ORGANIZING
2026.07.22 01:22:00;XAUUSDm;4113.834;0.432669;0.666498;0.319047;0.848957;0.610168;0.958353;0.124016;1.221913;0.076440;0.718727;0.277996;-2.688038;-0.316067;0.421635;ORGANIZING
2026.07.22 01:23:00;XAUUSDm;4112.177;0.459928;1.151542;0.293524;0.851883;0.583837;0.969455;0.119091;1.228424;0.085566;0.685349;0.265453;-2.755118;-0.317878;0.421193;ORGANIZING
2026.07.22 01:24:00;XAUUSDm;4112.555;0.527876;0.262474;0.689430;0.810735;0.577963;0.948879;0.132932;1.229699;0.094411;0.712888;0.265930;-2.363013;-0.317205;0.421357;ORGANIZING
2026.07.22 01:25:00;XAUUSDm;4114.004;0.614493;0.987165;1.150300;0.807998;0.591880;0.954872;0.149329;1.225213;0.102906;0.732526;0.271188;-1.917807;-0.306249;0.424031;ORGANIZING
2026.07.22 01:26:00;XAUUSDm;4115.002;0.959091;0.680829;1.869618;0.789802;0.632777;0.950507;0.177828;1.225670;0.110405;0.801185;0.288504;-1.204809;-0.214348;0.446617;ORGANIZING
2026.07.22 01:27:00;XAUUSDm;4115.801;0.530002;0.547868;2.267119;0.765049;0.684911;0.942638;0.188812;1.231069;0.116668;0.895251;0.313470;-0.769449;-0.155983;0.461083;ORGANIZING
2026.07.22 01:28:00;XAUUSDm;4115.719;0.960133;0.058285;2.987219;0.716013;0.757790;0.918294;0.215376;1.244534;0.121118;1.058347;0.348262;-0.011941;-0.054752;0.486316;ORGANIZING
2026.07.22 01:29:00;XAUUSDm;4115.373;0.726735;0.250776;3.532270;0.677595;0.842514;0.902469;0.231860;1.264202;0.123685;1.243388;0.387602;0.581381;0.026881;0.506720;MATURE
2026.07.22 01:30:00;XAUUSDm;4114.697;0.548251;0.491115;3.943459;0.651421;0.933990;0.896187;0.240826;1.288638;0.124406;1.433773;0.428262;1.042694;0.092275;0.523052;MATURE
2026.07.22 01:31:00;XAUUSDm;4113.717;0.696717;0.702862;4.465996;0.635313;1.000000;0.897849;0.254912;1.318871;0.123948;1.574027;0.452674;1.559170;0.162272;0.540479;MATURE
2026.07.22 01:32:00;XAUUSDm;4114.290;0.442553;0.410558;4.108717;0.604075;1.000000;0.889716;0.260030;1.346019;0.123449;1.655422;0.452463;1.169094;0.115954;0.528956;MATURE
2026.07.22 01:33:00;XAUUSDm;4115.125;0.478034;0.611444;3.780019;0.584444;1.000000;0.889078;0.263464;1.370332;0.122997;1.711028;0.450808;0.804988;0.072035;0.518001;MATURE
2026.07.22 01:34:00;XAUUSDm;4116.623;0.421772;1.078784;3.477618;0.589161;1.000000;0.904939;0.265411;1.392040;0.122809;1.697329;0.445115;0.450747;0.027063;0.506765;MATURE
2026.07.22 01:35:00;XAUUSDm;4117.523;0.655782;0.641291;3.969454;0.571767;1.000000;0.905000;0.276732;1.419055;0.122717;1.748963;0.441004;0.883397;0.082489;0.520611;MATURE
2026.07.22 01:36:00;XAUUSDm;4115.887;0.990197;1.141199;4.712102;0.580239;1.000000;0.922953;0.300028;1.453819;0.123057;1.723428;0.428433;1.501113;0.158302;0.539493;MATURE
2026.07.22 01:37:00;XAUUSDm;4116.547;0.431930;0.461545;4.335134;0.554304;1.000000;0.917305;0.303875;1.485060;0.123451;1.804063;0.426760;1.079508;0.107929;0.526956;MATURE
2026.07.22 01:38:00;XAUUSDm;4117.580;0.417104;0.739781;3.988323;0.543578;1.000000;0.921727;0.306021;1.513065;0.124017;1.839662;0.423251;0.682555;0.059191;0.514794;MATURE
2026.07.22 01:39:00;XAUUSDm;4119.448;0.410218;1.303141;3.669257;0.561556;1.000000;0.945787;0.306674;1.538095;0.125014;1.780766;0.415571;0.293150;0.008345;0.502086;MATURE
2026.07.22 01:40:00;XAUUSDm;4118.801;0.428303;0.455724;3.375717;0.536265;1.000000;0.939368;0.306017;1.560392;0.125981;1.864751;0.416203;-0.019347;-0.028185;0.492954;ORGANIZING
2026.07.22 01:41:00;XAUUSDm;4119.090;0.420565;0.203358;3.105660;0.499619;1.000000;0.924319;0.304219;1.580179;0.126779;2.001524;0.419460;-0.289534;-0.057709;0.485577;ORGANIZING
2026.07.22 01:42:00;XAUUSDm;4121.613;0.408027;1.740480;2.857207;0.541662;1.000000;0.963532;0.301431;1.597660;0.128172;1.846169;0.409710;-0.610808;-0.103044;0.474262;ORGANIZING
2026.07.22 01:43:00;XAUUSDm;4122.209;0.407809;0.409408;2.628630;0.515050;1.000000;0.954688;0.297788;1.613022;0.129452;1.941561;0.412225;-0.837493;-0.128418;0.467940;ORGANIZING
2026.07.22 01:44:00;XAUUSDm;4121.556;0.409536;0.448120;2.418340;0.491703;1.000000;0.947380;0.293413;1.622246;0.130592;2.033748;0.415392;-1.035274;-0.150239;0.462511;ORGANIZING
2026.07.22 01:45:00;XAUUSDm;4122.279;0.412413;0.496218;2.224873;0.471929;1.000000;0.941859;0.288416;1.624881;0.131560;2.118963;0.419248;-1.205210;-0.168751;0.457912;ORGANIZING
2026.07.22 01:46:00;XAUUSDm;4122.510;0.413915;0.159811;2.046883;0.436323;1.000000;0.924582;0.282895;1.618529;0.132109;2.291880;0.427762;-1.324396;-0.178047;0.455605;ORGANIZING
2026.07.22 01:47:00;XAUUSDm;4123.447;0.413235;0.650270;1.883132;0.427020;1.000000;0.924882;0.276937;1.614276;0.132522;2.341809;0.431363;-1.458837;-0.193183;0.451854;ORGANIZING
2026.07.22 01:48:00;XAUUSDm;4121.375;0.419507;1.426054;1.732482;0.456972;1.000000;0.952116;0.270623;1.618752;0.133279;2.188318;0.426194;-1.636520;-0.220271;0.445154;ORGANIZING
2026.07.22 01:49:00;XAUUSDm;4119.848;0.426281;1.041042;1.593883;0.466176;1.000000;0.964701;0.264022;1.630042;0.134241;2.145115;0.423686;-1.794662;-0.241480;0.439922;ORGANIZING
2026.07.22 01:50:00;XAUUSDm;4118.798;0.428653;0.817337;1.466372;0.463734;1.000000;0.968784;0.257196;1.646663;0.135345;2.156411;0.422370;-1.940425;-0.259449;0.435499;ORGANIZING
2026.07.22 01:51:00;XAUUSDm;4119.665;0.417381;0.692459;1.349063;0.455170;0.997356;0.968114;0.250202;1.669599;0.136645;2.191174;0.419945;-2.084998;-0.266000;0.433889;ORGANIZING
2026.07.22 01:52:00;XAUUSDm;4120.737;0.415350;0.854960;1.241138;0.455212;0.990670;0.972911;0.243088;1.689927;0.138283;2.176283;0.414814;-2.227717;-0.266736;0.433708;ORGANIZING
2026.07.22 01:53:00;XAUUSDm;4119.171;0.427275;1.260382;1.141847;0.475657;0.980352;0.991480;0.235898;1.707859;0.140512;2.061047;0.405202;-2.381484;-0.270719;0.432731;ORGANIZING
2026.07.22 01:54:00;XAUUSDm;4119.588;0.438404;0.348191;1.050499;0.449677;0.967060;0.977222;0.228671;1.723591;0.142903;2.150566;0.402617;-2.479544;-0.268210;0.433347;ORGANIZING
2026.07.22 01:55:00;XAUUSDm;4117.584;0.998209;1.679320;1.799156;0.491818;0.984723;1.000000;0.254670;1.736676;0.145494;2.002211;0.396560;-1.836124;-0.252531;0.437201;ORGANIZING
2026.07.22 01:56:00;XAUUSDm;4119.517;0.428225;1.627844;1.655223;0.528925;0.994862;1.000000;0.249133;1.758561;0.148471;1.880914;0.392200;-2.042699;-0.276932;0.431206;ORGANIZING
2026.07.22 01:57:00;XAUUSDm;4120.958;0.422738;1.201334;1.522806;0.542648;0.999457;1.000000;0.243297;1.777892;0.151687;1.841814;0.389828;-2.214452;-0.278288;0.430874;ORGANIZING
2026.07.22 01:58:00;XAUUSDm;4120.541;0.432429;0.351875;1.400981;0.513120;0.999286;0.985831;0.237224;1.794876;0.154782;1.947469;0.392613;-2.331834;-0.275041;0.431670;ORGANIZING
2026.07.22 01:59:00;XAUUSDm;4122.107;0.433366;1.294172;1.288903;0.532187;0.994706;1.000000;0.230966;1.809705;0.158306;1.869090;0.386615;-2.488228;-0.277763;0.431002;ORGANIZING
2026.07.22 02:00:00;XAUUSDm;4121.514;0.432199;0.485771;1.185790;0.509972;0.986409;0.990086;0.224574;1.822556;0.161904;1.934241;0.385753;-2.593935;-0.275923;0.431454;ORGANIZING
2026.07.22 02:01:00;XAUUSDm;4121.489;0.435892;0.020997;1.090927;0.465795;0.974965;0.964028;0.218088;1.833590;0.165398;2.093119;0.387279;-2.668658;-0.271150;0.432625;ORGANIZING
2026.07.22 02:02:00;XAUUSDm;4121.660;0.996947;0.151020;1.838638;0.430557;0.994338;0.943206;0.244569;1.834608;0.168163;2.309422;0.396193;-1.924099;-0.254783;0.436647;ORGANIZING
2026.07.22 02:03:00;XAUUSDm;4119.659;0.429538;1.717744;1.691547;0.475030;1.000000;0.978874;0.239695;1.834806;0.171261;2.105131;0.392229;-2.103747;-0.270660;0.432745;ORGANIZING
2026.07.22 02:04:00;XAUUSDm;4121.721;0.782776;1.842453;2.278629;0.523401;1.000000;1.000000;0.257065;1.827029;0.174766;1.910581;0.383510;-1.587725;-0.225468;0.443871;ORGANIZING
2026.07.22 02:05:00;XAUUSDm;4119.854;0.426775;1.709989;2.096338;0.562730;1.000000;1.000000;0.253326;1.819179;0.178585;1.777050;0.379473;-1.789987;-0.255035;0.436585;ORGANIZING
2026.07.22 02:06:00;XAUUSDm;4119.827;0.423665;0.025806;1.928631;0.515884;1.000000;0.974770;0.249045;1.811266;0.181856;1.938420;0.388169;-1.889730;-0.262292;0.434800;ORGANIZING
2026.07.22 02:07:00;XAUUSDm;4120.522;0.421840;0.684527;1.774341;0.504316;1.000000;0.973328;0.244307;1.803297;0.184932;1.982883;0.391862;-2.010117;-0.274619;0.431773;ORGANIZING
2026.07.22 02:08:00;XAUUSDm;4120.142;0.452746;0.376156;1.632393;0.477908;1.000000;0.960977;0.239189;1.795282;0.187664;2.092452;0.398029;-2.102121;-0.271078;0.432642;ORGANIZING
2026.07.22 02:09:00;XAUUSDm;4121.378;0.440809;1.194364;1.501802;0.493731;1.000000;0.977518;0.233759;1.787226;0.190474;2.025394;0.397659;-2.224374;-0.273165;0.432130;ORGANIZING
2026.07.22 02:10:00;XAUUSDm;4122.042;0.417627;0.663337;1.381658;0.482211;0.999529;0.974703;0.228079;1.779137;0.193097;2.072802;0.401510;-2.308553;-0.271602;0.432514;ORGANIZING
2026.07.22 02:11:00;XAUUSDm;4122.390;0.421367;0.348565;1.271125;0.455538;0.994895;0.960771;0.222201;1.771021;0.195464;2.183999;0.406285;-2.371427;-0.268075;0.433380;ORGANIZING
2026.07.22 02:12:00;XAUUSDm;4121.167;0.549323;1.218346;1.683117;0.473781;1.000000;0.977563;0.231691;1.766585;0.197868;2.110680;0.404521;-1.985084;-0.268546;0.433264;ORGANIZING
2026.07.22 02:13:00;XAUUSDm;4122.004;0.421167;0.847664;1.548468;0.472475;1.000000;0.981126;0.226839;1.761819;0.200211;2.116514;0.406317;-2.101533;-0.270193;0.432860;ORGANIZING
2026.07.22 02:14:00;XAUUSDm;4121.959;0.426550;0.045883;1.424590;0.431145;1.000000;0.956332;0.221691;1.756750;0.202090;2.319403;0.415009;-2.165527;-0.263709;0.434452;ORGANIZING
2026.07.22 02:15:00;XAUUSDm;4122.208;0.413776;0.260253;1.310623;0.402601;0.997449;0.939728;0.216305;1.752852;0.203696;2.477513;0.420553;-2.236538;-0.258721;0.435678;ORGANIZING
2026.07.22 02:16:00;XAUUSDm;4123.160;0.417176;0.995983;1.205773;0.412321;0.990873;0.949268;0.210732;1.748582;0.205487;2.403160;0.417802;-2.339790;-0.261125;0.435087;ORGANIZING
2026.07.22 02:17:00;XAUUSDm;4121.318;0.567906;1.885942;1.631703;0.466185;1.000000;0.989427;0.221492;1.740928;0.207558;2.145073;0.411759;-1.966880;-0.265071;0.434118;ORGANIZING
2026.07.22 02:18:00;XAUUSDm;4121.007;0.527052;0.316933;2.026992;0.438722;1.000000;0.973642;0.230182;1.738484;0.209330;2.279348;0.415388;-1.558391;-0.209836;0.447733;ORGANIZING
2026.07.22 02:19:00;XAUUSDm;4120.510;0.437145;0.504927;1.864832;0.422032;1.000000;0.965293;0.226780;1.735551;0.210906;2.369487;0.419399;-1.692768;-0.223760;0.444292;ORGANIZING
2026.07.22 02:20:00;XAUUSDm;4121.785;0.610354;1.279761;2.322598;0.444919;1.000000;0.984237;0.238330;1.738241;0.212738;2.247602;0.412969;-1.288200;-0.177203;0.455815;ORGANIZING
2026.07.22 02:21:00;XAUUSDm;4123.536;0.426014;1.730750;2.136790;0.489210;1.000000;1.000000;0.235704;1.740008;0.215030;2.044111;0.405692;-1.518874;-0.212552;0.447061;ORGANIZING
2026.07.22 02:22:00;XAUUSDm;4125.225;0.417086;1.633431;1.965847;0.526421;1.000000;1.000000;0.232466;1.732581;0.217620;1.899619;0.401370;-1.708287;-0.240831;0.440082;ORGANIZING
2026.07.22 02:23:00;XAUUSDm;4124.687;0.412753;0.523306;1.808579;0.506265;1.000000;0.991452;0.228706;1.725088;0.219933;1.975248;0.406494;-1.825207;-0.252967;0.437093;ORGANIZING
2026.07.22 02:24:00;XAUUSDm;4124.917;0.418635;0.229376;1.663893;0.472421;1.000000;0.972784;0.224505;1.722610;0.221884;2.116756;0.413302;-1.924641;-0.260850;0.435155;ORGANIZING
2026.07.22 02:25:00;XAUUSDm;4124.862;0.412569;0.055791;1.530781;0.431589;1.000000;0.948547;0.219935;1.719652;0.223396;2.317017;0.421731;-2.003379;-0.263871;0.434412;ORGANIZING
2026.07.22 02:26:00;XAUUSDm;4124.846;0.412581;0.016782;1.408319;0.390849;1.000000;0.923633;0.215061;1.716257;0.224467;2.558532;0.430632;-2.069635;-0.256202;0.436298;ORGANIZING
2026.07.22 02:27:00;XAUUSDm;4125.392;0.412749;0.574048;1.295653;0.380009;0.997199;0.918925;0.209942;1.712463;0.225448;2.624144;0.433110;-2.157414;-0.254129;0.436807;ORGANIZING
2026.07.22 02:28:00;XAUUSDm;4125.581;0.412381;0.202299;1.192001;0.351180;0.990581;0.901191;0.204627;1.708304;0.226231;2.820724;0.437514;-2.220692;-0.248027;0.438309;ORGANIZING
2026.07.22 02:29:00;XAUUSDm;4124.299;0.420284;1.389642;1.096641;0.383291;0.980369;0.925448;0.199164;1.703815;0.227495;2.557766;0.428807;-2.339733;-0.256377;0.436255;ORGANIZING
2026.07.22 02:30:00;XAUUSDm;4124.238;0.427114;0.066973;1.008910;0.347868;0.967302;0.902372;0.193592;1.699023;0.228618;2.780659;0.431738;-2.385504;-0.249566;0.437930;ORGANIZING
2026.07.22 02:31:00;XAUUSDm;4125.237;0.424902;1.079977;0.928197;0.365127;0.951554;0.915364;0.187948;1.693957;0.230178;2.606088;0.423471;-2.479365;-0.255247;0.436532;ORGANIZING
2026.07.22 02:32:00;XAUUSDm;4128.957;0.413826;3.920081;0.853941;0.523844;0.932872;1.000000;0.182264;1.693779;0.233696;1.780822;0.388715;-2.722812;-0.281814;0.430009;ORGANIZING
2026.07.22 02:33:00;XAUUSDm;4128.696;0.415446;0.276994;0.785626;0.492844;0.912468;0.981074;0.176566;1.692939;0.237305;1.851434;0.386255;-2.771065;-0.279890;0.430481;ORGANIZING
2026.07.22 02:34:00;XAUUSDm;4130.178;0.414385;1.545618;0.722776;0.527233;0.890348;1.000000;0.170880;1.691492;0.241685;1.688717;0.372592;-2.880540;-0.285543;0.429095;ORGANIZING
2026.07.22 02:35:00;XAUUSDm;4127.308;0.419447;2.864900;0.664954;0.626310;0.866499;1.000000;0.165227;1.689491;0.247513;1.383499;0.349250;-3.051807;-0.295983;0.426540;ORGANIZING
2026.07.22 02:36:00;XAUUSDm;4127.700;0.421900;0.390050;0.611757;0.597167;0.841783;0.984435;0.159626;1.686984;0.253519;1.409628;0.344460;-3.090365;-0.295559;0.426644;ORGANIZING
2026.07.22 02:37:00;XAUUSDm;4126.360;0.420893;1.322725;0.562817;0.616609;0.816195;1.000000;0.154092;1.689238;0.260254;1.323683;0.331795;-3.184510;-0.298905;0.425825;ORGANIZING
2026.07.22 02:38:00;XAUUSDm;4124.995;0.429133;1.366476;0.517792;0.637778;0.789932;1.000000;0.148638;1.695884;0.267792;1.238568;0.318226;-3.286891;-0.302287;0.424998;ORGANIZING
2026.07.22 02:39:00;XAUUSDm;4124.633;0.428812;0.371046;0.476368;0.608643;0.763419;0.983189;0.143278;1.701289;0.275623;1.254297;0.311192;-3.333611;-0.302324;0.424989;ORGANIZING
2026.07.22 02:40:00;XAUUSDm;4127.083;0.425129;2.441163;0.438259;0.685001;0.736308;1.000000;0.138019;1.711626;0.284863;1.074901;0.290497;-3.494586;-0.308925;0.423377;ORGANIZING
2026.07.22 02:41:00;XAUUSDm;4127.332;0.430918;0.251195;0.403198;0.648584;0.709298;0.978623;0.132871;1.720404;0.294367;1.093610;0.283509;-3.537004;-0.308904;0.423382;ORGANIZING
2026.07.22 02:42:00;XAUUSDm;4126.611;0.465107;0.732545;0.370942;0.638596;0.682381;0.974660;0.127840;1.727751;0.304382;1.068564;0.273588;-3.600838;-0.310351;0.423029;ORGANIZING
2026.07.22 02:43:00;XAUUSDm;4126.524;0.451641;0.091132;0.341267;0.597576;0.655814;0.948211;0.122932;1.733785;0.314580;1.097458;0.267211;-3.628509;-0.310007;0.423113;ORGANIZING
2026.07.22 02:44:00;XAUUSDm;4128.116;0.434053;1.627546;0.313965;0.635958;0.629300;0.976291;0.118151;1.738615;0.325739;0.989531;0.252455;-3.731964;-0.314206;0.422088;ORGANIZING
2026.07.22 02:45:00;XAUUSDm;4128.253;0.433035;0.145618;0.288848;0.598855;0.603299;0.951352;0.113499;1.742342;0.337085;1.007421;0.245773;-3.755475;-0.314230;0.422082;ORGANIZING
2026.07.22 02:46:00;XAUUSDm;4129.084;0.428818;0.904460;0.265740;0.602069;0.577677;0.953684;0.108979;1.745056;0.349003;0.959486;0.235201;-3.815725;-0.316435;0.421545;ORGANIZING
2026.07.22 02:47:00;XAUUSDm;4127.732;0.444224;1.474373;0.244481;0.634131;0.552355;0.975722;0.104593;1.746842;0.361766;0.871042;0.222225;-3.901932;-0.319993;0.420678;ORGANIZING
2026.07.22 02:48:00;XAUUSDm;4128.697;0.435854;1.039916;0.224923;0.643373;0.527503;0.981629;0.100342;1.747779;0.375127;0.819902;0.211722;-3.962315;-0.322319;0.420111;ORGANIZING
2026.07.22 02:49:00;XAUUSDm;4128.228;0.430323;0.517649;0.206929;0.626537;0.503296;0.968902;0.096224;1.747937;0.388806;0.803299;0.203706;-3.993440;-0.323492;0.419825;ORGANIZING
2026.07.22 02:50:00;XAUUSDm;4127.432;0.433605;0.874648;0.190375;0.628876;0.479670;0.968971;0.092241;1.747383;0.402975;0.762742;0.194317;-4.041053;-0.325461;0.419345;ORGANIZING
2026.07.22 02:51:00;XAUUSDm;4126.940;0.454809;0.535120;0.175145;0.614595;0.456737;0.957015;0.088390;1.746176;0.417448;0.743151;0.186487;-4.069295;-0.326730;0.419036;ORGANIZING
2026.07.22 02:52:00;XAUUSDm;4127.201;0.451124;0.283320;0.161133;0.588897;0.434571;0.936529;0.084671;1.744373;0.432089;0.737941;0.179728;-4.083372;-0.327517;0.418845;ORGANIZING
2026.07.22 02:53:00;XAUUSDm;4127.975;0.510634;0.863184;0.544108;0.593919;0.432055;0.936925;0.099587;1.738067;0.446768;0.727464;0.177685;-3.739831;-0.328227;0.418672;ORGANIZING
2026.07.22 02:54:00;XAUUSDm;4128.098;0.441713;0.143373;0.500580;0.562751;0.427093;0.912637;0.096784;1.731598;0.461170;0.758938;0.178615;-3.753012;-0.327524;0.418843;ORGANIZING
2026.07.22 02:55:00;XAUUSDm;4127.672;0.599680;0.513823;0.950340;0.551763;0.442686;0.902066;0.114432;1.725794;0.475092;0.802313;0.185070;-3.314282;-0.326179;0.419171;ORGANIZING
2026.07.22 02:56:00;XAUUSDm;4126.965;0.497897;0.838990;0.874313;0.557270;0.453423;0.903863;0.112512;1.719791;0.488794;0.813649;0.189750;-3.382935;-0.325879;0.419244;ORGANIZING
2026.07.22 02:57:00;XAUUSDm;4127.362;0.470970;0.474472;0.804368;0.544062;0.460693;0.892772;0.110384;1.713607;0.502157;0.846765;0.194545;-3.429141;-0.324913;0.419479;ORGANIZING
2026.07.22 02:58:00;XAUUSDm;4129.139;0.419390;2.055143;0.740018;0.610402;0.464536;0.937319;0.108082;1.707262;0.516043;0.761032;0.191502;-3.552579;-0.327915;0.418748;ORGANIZING
2026.07.22 02:59:00;XAUUSDm;4130.278;0.415126;1.320243;0.680817;0.636604;0.465506;0.954504;0.105638;1.700770;0.530106;0.731234;0.190546;-3.633203;-0.329138;0.418450;ORGANIZING
2026.07.22 03:00:00;XAUUSDm;4130.374;0.423553;0.112761;0.626351;0.601101;0.464223;0.928740;0.103079;1.694147;0.543774;0.772287;0.193561;-3.648754;-0.328029;0.418720;ORGANIZING
2026.07.22 03:01:00;XAUUSDm;4130.568;0.423549;0.228698;0.576243;0.573197;0.460949;0.907847;0.100431;1.687407;0.557161;0.804172;0.195232;-3.668841;-0.327256;0.418908;ORGANIZING
2026.07.22 03:02:00;XAUUSDm;4131.831;0.416197;1.487492;0.530144;0.609692;0.455657;0.931649;0.097714;1.680562;0.570951;0.747355;0.190814;-3.751394;-0.329458;0.418373;ORGANIZING
2026.07.22 03:03:00;XAUUSDm;4132.460;0.414962;0.744449;0.487732;0.607317;0.448787;0.928517;0.094949;1.673623;0.584784;0.738966;0.188892;-3.792728;-0.330082;0.418221;ORGANIZING
2026.07.22 03:04:00;XAUUSDm;4133.473;0.416822;1.172074;0.448714;0.626579;0.440463;0.940365;0.092153;1.666603;0.598907;0.702965;0.184655;-3.853820;-0.331656;0.417838;ORGANIZING
2026.07.22 03:05:00;XAUUSDm;4134.309;0.416580;0.954316;0.412817;0.634157;0.430952;0.944079;0.089340;1.659510;0.613225;0.679566;0.180844;-3.901312;-0.332835;0.417551;ORGANIZING
2026.07.22 03:06:00;XAUUSDm;4136.912;0.418145;2.863460;0.379791;0.737003;0.419982;1.000000;0.086524;1.652352;0.628719;0.569851;0.169629;-4.043701;-0.336997;0.416539;ORGANIZING
2026.07.22 03:07:00;XAUUSDm;4140.039;0.416183;3.345315;0.349408;0.859019;0.407648;1.000000;0.083717;1.645140;0.645607;0.474551;0.157522;-4.205284;-0.340800;0.415615;AGING
2026.07.22 03:08:00;XAUUSDm;4138.186;0.422173;1.919054;0.321455;0.903868;0.394495;1.000000;0.080929;1.637880;0.663135;0.436452;0.150417;-4.288669;-0.342648;0.415166;AGING
2026.07.22 03:09:00;XAUUSDm;4137.510;0.424606;0.697511;0.295739;0.885660;0.380971;0.992245;0.078168;1.630578;0.680678;0.430155;0.146843;-4.307121;-0.343367;0.414992;AGING
2026.07.22 03:10:00;XAUUSDm;4137.627;0.424853;0.123679;0.272080;0.839942;0.367325;0.964581;0.075443;1.623242;0.697963;0.437323;0.144695;-4.295870;-0.343605;0.414934;AGING
2026.07.22 03:11:00;XAUUSDm;4136.667;0.427000;1.032058;0.250313;0.842201;0.353417;0.969584;0.072759;1.615878;0.715475;0.419635;0.139644;-4.331220;-0.344738;0.414659;AGING
2026.07.22 03:12:00;XAUUSDm;4135.972;0.428164;0.763485;0.230288;0.831197;0.339404;0.964917;0.070122;1.608490;0.733084;0.408331;0.135231;-4.351814;-0.345650;0.414438;AGING
2026.07.22 03:13:00;XAUUSDm;4137.607;0.427753;1.753840;0.211865;0.870541;0.325117;0.994983;0.067537;1.603770;0.751325;0.373465;0.127906;-4.427499;-0.347427;0.414006;AGING
2026.07.22 03:14:00;XAUUSDm;4137.369;0.428036;0.255255;0.194916;0.833274;0.311017;0.971457;0.065008;1.598808;0.769426;0.373246;0.124552;-4.424399;-0.347964;0.413876;AGING
2026.07.22 03:15:00;XAUUSDm;4139.145;0.428267;1.836950;0.179323;0.877238;0.296754;1.000000;0.062537;1.598524;0.788248;0.338282;0.116910;-4.511532;-0.349771;0.413438;AGING
2026.07.22 03:16:00;XAUUSDm;4138.404;0.433503;0.755105;0.164977;0.865196;0.282671;0.993617;0.060128;1.597625;0.807223;0.326714;0.112040;-4.540275;-0.350741;0.413203;AGING
2026.07.22 03:17:00;XAUUSDm;4138.918;0.433727;0.524126;0.151779;0.842489;0.268867;0.979290;0.057781;1.596163;0.826232;0.319134;0.107701;-4.555962;-0.351566;0.413003;AGING
2026.07.22 03:18:00;XAUUSDm;4138.103;0.435959;0.820580;0.139637;0.836016;0.255295;0.975757;0.055499;1.594186;0.845428;0.305371;0.102706;-4.585882;-0.352612;0.412749;AGING
2026.07.22 03:19:00;XAUUSDm;4138.931;0.436177;0.841361;0.128466;0.831178;0.241981;0.972996;0.053283;1.591738;0.864818;0.291131;0.097723;-4.615590;-0.353676;0.412491;AGING
2026.07.22 03:20:00;XAUUSDm;4140.240;0.435019;1.297221;0.118188;0.849640;0.228838;0.986209;0.051133;1.588861;0.884626;0.269336;0.091916;-4.667227;-0.355017;0.412166;AGING
2026.07.22 03:21:00;XAUUSDm;4140.139;0.435355;0.101905;0.108733;0.807677;0.216197;0.957048;0.049049;1.585592;0.904235;0.267677;0.088521;-4.656262;-0.355628;0.412018;AGING
2026.07.22 03:22:00;XAUUSDm;4140.129;0.436435;0.010906;0.100035;0.763514;0.204077;0.925649;0.047031;1.581965;0.923608;0.267286;0.085298;-4.641003;-0.356189;0.411882;AGING
2026.07.22 03:23:00;XAUUSDm;4140.764;0.436408;0.686932;0.092032;0.755604;0.192304;0.918940;0.045080;1.578012;0.943098;0.254504;0.080844;-4.660550;-0.357185;0.411641;AGING
2026.07.22 03:24:00;XAUUSDm;4139.040;0.440633;1.855280;0.084669;0.806741;0.180596;0.953290;0.043194;1.573763;0.963291;0.223859;0.074513;-4.738680;-0.358824;0.411244;AGING
2026.07.22 03:25:00;XAUUSDm;4138.968;0.442870;0.082448;0.077896;0.766915;0.169428;0.924322;0.041373;1.569243;0.983264;0.220921;0.071262;-4.724087;-0.359475;0.411087;AGING
2026.07.22 03:26:00;XAUUSDm;4139.136;0.458175;0.193370;0.071664;0.734849;0.158757;0.900187;0.039616;1.564478;1.003082;0.216041;0.067876;-4.715697;-0.360187;0.410914;AGING
2026.07.22 03:27:00;XAUUSDm;4138.619;0.471693;0.606565;0.065931;0.725260;0.148470;0.891297;0.037922;1.559490;1.022960;0.204713;0.063922;-4.728643;-0.361122;0.410688;AGING
2026.07.22 03:28:00;XAUUSDm;4137.225;0.490129;1.634385;0.060656;0.767746;0.138308;0.918632;0.036289;1.554301;1.043415;0.180148;0.058647;-4.793377;-0.362532;0.410347;AGING
2026.07.22 03:29:00;XAUUSDm;4138.016;0.545036;0.918166;0.469433;0.772501;0.148527;0.919886;0.054914;1.548266;1.063652;0.192268;0.062520;-4.424552;-0.362379;0.410384;AGING
2026.07.22 03:30:00;XAUUSDm;4137.097;0.538382;1.106056;0.873220;0.786208;0.175492;0.928324;0.072357;1.546536;1.083469;0.223213;0.072966;-4.058753;-0.361325;0.410639;AGING
2026.07.22 03:31:00;XAUUSDm;4136.480;0.724932;0.736066;1.416919;0.780192;0.222883;0.924127;0.095924;1.550470;1.102318;0.285677;0.091850;-3.535496;-0.358884;0.411230;AGING
2026.07.22 03:32:00;XAUUSDm;4135.305;0.511832;1.386725;1.800794;0.806061;0.281563;0.943676;0.110322;1.558423;1.120332;0.349307;0.113772;-3.181525;-0.356239;0.411870;AGING
2026.07.22 03:33:00;XAUUSDm;4135.049;0.444505;0.300929;1.656730;0.775173;0.331480;0.925041;0.112009;1.565079;1.137105;0.427621;0.135173;-3.278243;-0.353155;0.412618;AGING
2026.07.22 03:34:00;XAUUSDm;4134.999;0.446468;0.060986;1.524192;0.732834;0.373902;0.898719;0.113035;1.570546;1.152661;0.510214;0.154734;-3.354564;-0.350010;0.413380;ORGANIZING
2026.07.22 03:35:00;XAUUSDm;4133.879;0.433822;1.334096;1.402256;0.755419;0.409277;0.917914;0.113480;1.574923;1.167778;0.541788;0.167474;-3.488471;-0.348728;0.413691;ORGANIZING
2026.07.22 03:36:00;XAUUSDm;4133.340;0.434007;0.646531;1.290076;0.741789;0.438414;0.912387;0.113415;1.578299;1.182211;0.591022;0.180157;-3.578940;-0.346906;0.414133;ORGANIZING
2026.07.22 03:37:00;XAUUSDm;4134.165;0.434845;1.002260;1.186870;0.746044;0.461851;0.919502;0.112905;1.580759;1.196242;0.619067;0.189306;-3.680893;-0.345888;0.414380;ORGANIZING
2026.07.22 03:38:00;XAUUSDm;4135.508;0.446727;1.616709;1.091920;0.780340;0.480034;0.947856;0.112007;1.582378;1.210269;0.615160;0.193975;-3.807425;-0.346052;0.414340;ORGANIZING
2026.07.22 03:39:00;XAUUSDm;4133.681;0.433746;2.129718;1.004567;0.838209;0.493392;0.993141;0.110775;1.583227;1.224615;0.588626;0.194846;-3.952868;-0.347091;0.414088;ORGANIZING
2026.07.22 03:40:00;XAUUSDm;4133.264;0.430743;0.490427;0.924201;0.810952;0.502787;0.979424;0.109254;1.583371;1.238503;0.619996;0.200827;-4.007716;-0.346129;0.414321;ORGANIZING
2026.07.22 03:41:00;XAUUSDm;4133.502;0.431590;0.281590;0.850265;0.774428;0.508707;0.958823;0.107488;1.582869;1.251901;0.656881;0.206390;-4.048072;-0.345012;0.414592;ORGANIZING
2026.07.22 03:42:00;XAUUSDm;4133.298;0.379782;0.241689;0.782244;0.737617;0.511562;0.937486;0.105515;1.581777;1.264864;0.693534;0.210961;-4.083259;-0.343943;0.414852;ORGANIZING
2026.07.22 03:43:00;XAUUSDm;4133.618;0.379325;0.383243;0.719664;0.709667;0.511687;0.921780;0.103368;1.580145;1.277529;0.721024;0.213811;-4.122869;-0.343229;0.415025;ORGANIZING
2026.07.22 03:44:00;XAUUSDm;4133.627;0.373098;0.010808;0.662091;0.664490;0.509503;0.893514;0.101078;1.578018;1.289764;0.766758;0.217403;-4.140852;-0.341922;0.415343;ORGANIZING
2026.07.22 03:45:00;XAUUSDm;4133.236;0.371490;0.469952;0.609124;0.644573;0.505206;0.882227;0.098673;1.575440;1.301860;0.783785;0.217885;-4.180328;-0.341629;0.415414;ORGANIZING
2026.07.22 03:46:00;XAUUSDm;4132.980;0.369747;0.311065;0.560394;0.617794;0.499114;0.865690;0.096176;1.572450;1.313780;0.807898;0.218295;-4.209317;-0.341124;0.415536;ORGANIZING
2026.07.22 03:47:00;XAUUSDm;4134.090;0.382372;1.325785;0.515563;0.643211;0.491242;0.885159;0.093608;1.569084;1.326078;0.763733;0.213036;-4.287870;-0.342958;0.415091;ORGANIZING
2026.07.22 03:48:00;XAUUSDm;4132.957;0.386962;1.374400;0.474318;0.669945;0.481826;0.905559;0.090990;1.565376;1.338795;0.719202;0.207120;-4.365328;-0.344844;0.414633;ORGANIZING
2026.07.22 03:49:00;XAUUSDm;4132.881;0.379685;0.094633;0.436372;0.631543;0.471395;0.880361;0.088338;1.557879;1.351261;0.746418;0.206956;-4.367472;-0.344285;0.414769;ORGANIZING
2026.07.22 03:50:00;XAUUSDm;4132.341;0.382692;0.665041;0.401462;0.623790;0.459992;0.875917;0.085667;1.554808;1.363847;0.737414;0.203153;-4.407132;-0.344997;0.414596;ORGANIZING
2026.07.22 03:51:00;XAUUSDm;4132.009;0.385502;0.407492;0.369345;0.603776;0.447848;0.862520;0.082989;1.557509;1.376503;0.741746;0.199551;-4.444082;-0.345300;0.414523;ORGANIZING
2026.07.22 03:52:00;XAUUSDm;4131.401;0.393934;0.758445;0.339798;0.602552;0.435028;0.861782;0.080317;1.564332;1.389471;0.721975;0.193586;-4.506495;-0.346451;0.414243;ORGANIZING
2026.07.22 03:53:00;XAUUSDm;4131.100;0.394506;0.378578;0.312614;0.582653;0.421762;0.847681;0.077660;1.569951;1.402562;0.723865;0.189108;-4.546062;-0.346880;0.414139;ORGANIZING
2026.07.22 03:54:00;XAUUSDm;4131.261;0.398144;0.206930;0.287605;0.555431;0.408209;0.827973;0.075028;1.574467;1.415697;0.734939;0.185135;-4.574305;-0.347009;0.414108;ORGANIZING
2026.07.22 03:55:00;XAUUSDm;4131.239;0.420040;0.028880;0.264596;0.520940;0.394510;0.802631;0.072427;1.577972;1.428796;0.757304;0.181690;-4.591426;-0.346772;0.414165;ORGANIZING
2026.07.22 03:56:00;XAUUSDm;4130.715;0.420882;0.727596;0.243429;0.523382;0.380578;0.802540;0.069864;1.580548;1.442223;0.727151;0.175075;-4.642423;-0.348276;0.413801;ORGANIZING
2026.07.22 03:57:00;XAUUSDm;4131.249;0.417317;0.799018;0.223954;0.529553;0.366485;0.804862;0.067344;1.582275;1.456012;0.692065;0.168176;-4.694364;-0.349949;0.413395;ORGANIZING
2026.07.22 03:58:00;XAUUSDm;4131.404;0.399979;0.244341;0.206038;0.507962;0.352445;0.787600;0.064873;1.583222;1.469875;0.693842;0.163468;-4.715544;-0.350409;0.413283;ORGANIZING
2026.07.22 03:59:00;XAUUSDm;4130.926;0.426265;0.758249;0.189555;0.513428;0.338391;0.788844;0.062454;1.583456;1.484076;0.659082;0.156711;-4.761377;-0.352074;0.412880;ORGANIZING
2026.07.22 04:00:00;XAUUSDm;4130.087;0.420516;1.301098;0.174391;0.546043;0.324248;0.808959;0.060089;1.583037;1.498882;0.593814;0.148115;-4.832538;-0.354757;0.412229;ORGANIZING
2026.07.22 04:01:00;XAUUSDm;4130.662;0.430281;0.902470;0.160439;0.557380;0.310182;0.814335;0.057782;1.582020;1.514072;0.556501;0.141173;-4.880434;-0.356528;0.411800;ORGANIZING
2026.07.22 04:02:00;XAUUSDm;4129.060;0.404242;2.444756;0.147604;0.645545;0.295858;0.873422;0.055535;1.580456;1.530415;0.458307;0.129675;-5.004480;-0.360375;0.410869;ORGANIZING
2026.07.22 04:03:00;XAUUSDm;4127.400;0.386492;2.531337;0.135796;0.733917;0.281332;0.933392;0.053348;1.578393;1.547911;0.383329;0.118923;-5.128183;-0.363512;0.410110;AGING
2026.07.22 04:04:00;XAUUSDm;4128.196;0.395418;1.193511;0.124932;0.751270;0.267011;0.944364;0.051224;1.575872;1.565843;0.355413;0.112267;-5.179363;-0.365041;0.409740;AGING
2026.07.22 04:05:00;XAUUSDm;4129.573;0.419641;2.089656;0.114938;0.812850;0.252705;0.986242;0.049163;1.572935;1.584646;0.310888;0.103783;-5.274048;-0.367177;0.409223;AGING
2026.07.22 04:06:00;XAUUSDm;4130.193;0.442774;0.944345;0.105743;0.814370;0.238751;0.986496;0.047164;1.569617;1.603711;0.293173;0.098205;-5.307149;-0.368369;0.408935;AGING
2026.07.22 04:07:00;XAUUSDm;4129.191;0.399480;1.503827;0.097283;0.844068;0.225026;1.000000;0.045229;1.565951;1.623311;0.266597;0.091651;-5.367431;-0.369886;0.408569;AGING
2026.07.22 04:08:00;XAUUSDm;4128.507;0.405167;1.030617;0.089501;0.848895;0.211671;1.000000;0.043357;1.561970;1.643186;0.249349;0.086248;-5.401562;-0.371071;0.408282;AGING
2026.07.22 04:09:00;XAUUSDm;4128.179;0.402691;0.501775;0.082341;0.827305;0.198828;0.984080;0.041547;1.557700;1.663060;0.240333;0.081939;-5.407691;-0.371954;0.408069;AGING
2026.07.22 04:10:00;XAUUSDm;4127.832;0.406945;0.546939;0.075753;0.809311;0.186479;0.970234;0.039799;1.553169;1.682955;0.230417;0.077626;-5.415968;-0.372865;0.407849;AGING
2026.07.22 04:11:00;XAUUSDm;4127.078;0.402320;1.164479;0.069693;0.823339;0.174464;0.978425;0.038112;1.548399;1.703183;0.211898;0.072396;-5.455389;-0.374087;0.407554;AGING
2026.07.22 04:12:00;XAUUSDm;4126.458;0.402288;0.939821;0.064118;0.825674;0.162844;0.978408;0.036485;1.543414;1.723617;0.197226;0.067695;-5.482128;-0.375171;0.407292;AGING
2026.07.22 04:13:00;XAUUSDm;4127.671;0.427173;1.807049;0.058988;0.871486;0.151405;1.000000;0.034917;1.538233;1.744686;0.173732;0.061934;-5.552080;-0.376585;0.406951;AGING
2026.07.22 04:14:00;XAUUSDm;4127.092;0.413184;0.893022;0.054269;0.869535;0.140392;0.997478;0.033408;1.532876;1.765902;0.161456;0.057636;-5.573343;-0.377593;0.406708;AGING
2026.07.22 04:15:00;XAUUSDm;4128.331;0.441971;1.844573;0.049928;0.915479;0.129562;1.000000;0.031954;1.527358;1.787739;0.141523;0.052353;-5.642353;-0.378891;0.406394;AGING
2026.07.22 04:16:00;XAUUSDm;4128.700;0.487051;0.546084;0.045933;0.894418;0.119251;0.985231;0.030556;1.521696;1.809516;0.133328;0.048740;-5.643254;-0.379753;0.406186;AGING
2026.07.22 04:17:00;XAUUSDm;4128.328;0.441671;0.552897;0.042259;0.874957;0.109438;0.971169;0.029212;1.515905;1.831235;0.125078;0.045221;-5.644729;-0.380611;0.405979;AGING
2026.07.22 04:18:00;XAUUSDm;4128.794;0.453095;0.712255;0.038878;0.864633;0.100065;0.963130;0.027921;1.509997;1.852980;0.115731;0.041650;-5.654505;-0.381505;0.405764;AGING
2026.07.22 04:19:00;XAUUSDm;4127.922;0.438774;1.329511;0.035768;0.885876;0.090966;0.976930;0.026680;1.503985;1.875060;0.102685;0.037643;-5.695531;-0.382538;0.405515;AGING
2026.07.22 04:20:00;XAUUSDm;4128.296;0.498087;0.579863;0.032906;0.868756;0.082325;0.963967;0.025489;1.497879;1.897080;0.094762;0.034415;-5.697341;-0.383378;0.405312;AGING
2026.07.22 04:21:00;XAUUSDm;4128.574;0.475425;0.435600;0.030274;0.845451;0.074159;0.946366;0.024346;1.491692;1.918968;0.087716;0.031404;-5.692062;-0.384178;0.405120;AGING
2026.07.22 04:22:00;XAUUSDm;4129.086;0.999936;0.819279;0.780226;0.842660;0.101834;0.942770;0.060627;1.490559;1.940263;0.120849;0.042540;-5.003235;-0.383053;0.405391;AGING
2026.07.22 04:23:00;XAUUSDm;4129.230;0.471053;0.231251;0.717808;0.810052;0.123895;0.919989;0.060716;1.488927;1.960775;0.152947;0.052505;-5.028411;-0.382002;0.405644;AGING
2026.07.22 04:24:00;XAUUSDm;4128.904;0.519208;0.518926;1.107213;0.793018;0.161714;0.908077;0.077151;1.491305;1.980384;0.203922;0.068480;-4.641387;-0.380066;0.406111;AGING
2026.07.22 04:25:00;XAUUSDm;4128.327;0.483416;0.934625;1.018636;0.796864;0.193215;0.911706;0.077722;1.492885;1.999417;0.242470;0.081613;-4.725645;-0.378634;0.406456;AGING
2026.07.22 04:26:00;XAUUSDm;4128.126;0.465003;0.329184;0.937145;0.769616;0.219753;0.894038;0.077910;1.493735;2.017656;0.285535;0.093861;-4.773665;-0.377094;0.406828;AGING
2026.07.22 04:27:00;XAUUSDm;4128.042;0.487323;0.140992;0.862174;0.733790;0.241862;0.870408;0.077763;1.493915;2.035096;0.329607;0.104908;-4.808207;-0.375568;0.407196;AGING
2026.07.22 04:28:00;XAUUSDm;4128.328;0.732155;0.497703;1.411290;0.717148;0.285710;0.860085;0.101331;1.499664;2.051550;0.398398;0.123250;-4.273687;-0.372917;0.407836;AGING
2026.07.22 04:29:00;XAUUSDm;4128.659;0.550898;0.607652;1.824464;0.705959;0.342258;0.854797;0.116923;1.509587;2.066860;0.484813;0.146736;-3.859116;-0.369456;0.408672;AGING
2026.07.22 04:30:00;XAUUSDm;4128.131;0.618556;0.965371;2.288381;0.712085;0.411860;0.862759;0.134273;1.524165;2.080985;0.578387;0.173742;-3.409704;-0.365581;0.409609;ORGANIZING
2026.07.22 04:31:00;XAUUSDm;4128.500;0.472593;0.671446;2.105310;0.701815;0.471056;0.860763;0.136713;1.536900;2.093951;0.671196;0.198304;-3.566626;-0.361828;0.410517;ORGANIZING
2026.07.22 04:32:00;XAUUSDm;4127.035;0.528950;2.548801;2.502023;0.784744;0.540494;0.924629;0.149713;1.553595;2.106525;0.688752;0.217236;-3.255366;-0.360606;0.410813;ORGANIZING
2026.07.22 04:33:00;XAUUSDm;4126.581;0.484452;0.786202;2.301861;0.774007;0.599310;0.925024;0.152235;1.568256;2.117961;0.774295;0.240253;-3.431778;-0.357118;0.411657;ORGANIZING
2026.07.22 04:34:00;XAUUSDm;4126.896;0.706069;0.539772;2.831413;0.750309;0.672583;0.916868;0.171101;1.588186;2.127894;0.896408;0.268004;-2.892781;-0.352265;0.412833;ORGANIZING
2026.07.22 04:35:00;XAUUSDm;4126.314;0.462680;0.990807;2.604900;0.748882;0.734318;0.925445;0.173872;1.605794;2.136755;0.980552;0.290411;-3.105752;-0.348798;0.413674;ORGANIZING
2026.07.22 04:36:00;XAUUSDm;4126.276;0.458782;0.065176;2.396508;0.700010;0.786096;0.901421;0.175598;1.621271;2.144246;1.122978;0.314831;-3.255390;-0.343454;0.414971;ORGANIZING
2026.07.22 04:37:00;XAUUSDm;4125.486;0.456394;1.370006;2.204787;0.717788;0.828565;0.923967;0.176404;1.634790;2.151200;1.154331;0.327628;-3.458024;-0.342013;0.415321;ORGANIZING
2026.07.22 04:38:00;XAUUSDm;4126.369;0.460307;1.544678;2.028404;0.742561;0.862530;0.951866;0.176403;1.646511;2.157840;1.161561;0.336207;-3.655296;-0.341500;0.415445;ORGANIZING
2026.07.22 04:39:00;XAUUSDm;4126.178;0.469733;0.332787;1.866132;0.704822;0.889003;0.936373;0.175696;1.656583;2.163674;1.261316;0.350401;-3.777919;-0.337914;0.416316;ORGANIZING
2026.07.22 04:40:00;XAUUSDm;4126.423;0.467580;0.431308;1.716841;0.673366;0.908696;0.924845;0.174376;1.665139;2.168885;1.349482;0.361615;-3.895745;-0.334812;0.417070;ORGANIZING
2026.07.22 04:41:00;XAUUSDm;4127.097;0.475618;1.172419;1.579494;0.680145;0.922147;0.939613;0.172525;1.672305;2.173967;1.355809;0.365210;-4.042131;-0.334545;0.417135;ORGANIZING
2026.07.22 04:42:00;XAUUSDm;4126.853;0.462343;0.429880;1.453134;0.649189;0.930149;0.927811;0.170216;1.670673;2.178563;1.432787;0.373542;-4.126247;-0.331911;0.417776;ORGANIZING
2026.07.22 04:43:00;XAUUSDm;4126.540;0.458076;0.551212;1.336884;0.625687;0.933269;0.920587;0.167518;1.668510;2.182839;1.491591;0.379113;-4.210430;-0.329953;0.418252;ORGANIZING
2026.07.22 04:44:00;XAUUSDm;4127.155;0.469917;1.066006;1.229933;0.629038;0.931950;0.931540;0.164490;1.661395;2.187105;1.481549;0.379625;-4.306029;-0.330314;0.418164;ORGANIZING
2026.07.22 04:45:00;XAUUSDm;4127.409;0.500035;0.436756;1.604959;0.600784;0.945916;0.919980;0.175016;1.658951;2.190784;1.574467;0.388506;-3.908629;-0.327156;0.418933;ORGANIZING
2026.07.22 04:46:00;XAUUSDm;4126.573;0.473477;1.422252;1.476563;0.622940;0.953664;0.943685;0.172685;1.656051;2.194500;1.530909;0.388984;-4.044686;-0.328514;0.418602;ORGANIZING
2026.07.22 04:47:00;XAUUSDm;4125.863;0.462474;1.200704;1.358438;0.632754;0.956351;0.958725;0.169957;1.652733;2.198228;1.511410;0.389482;-4.161575;-0.329148;0.418448;ORGANIZING
2026.07.22 04:48:00;XAUUSDm;4126.128;0.462158;0.446489;1.249763;0.604314;0.954697;0.946745;0.166893;1.646085;2.201638;1.579803;0.394945;-4.227449;-0.326891;0.418997;ORGANIZING
2026.07.22 04:49:00;XAUUSDm;4126.406;0.461321;0.471570;1.149782;0.578583;0.949205;0.935955;0.163548;1.644601;2.204886;1.640569;0.397701;-4.300780;-0.324996;0.419459;ORGANIZING
2026.07.22 04:50:00;XAUUSDm;4126.499;0.470172;0.161852;1.057799;0.538762;0.940413;0.914586;0.159969;1.648684;2.207952;1.745505;0.400616;-4.365810;-0.321763;0.420246;ORGANIZING
2026.07.22 04:51:00;XAUUSDm;4125.863;0.456552;1.104512;0.973175;0.548242;0.928543;0.926832;0.156202;1.651762;2.211381;1.693674;0.394084;-4.473833;-0.323713;0.419771;ORGANIZING
2026.07.22 04:52:00;XAUUSDm;4125.882;0.484651;0.034916;0.895321;0.504004;0.914236;0.901082;0.152285;1.659570;2.214732;1.813944;0.394772;-4.532890;-0.320138;0.420642;ORGANIZING
2026.07.22 04:53:00;XAUUSDm;4125.659;0.496413;0.432657;0.823695;0.482152;0.897758;0.890017;0.148252;1.666054;2.218259;1.861979;0.390931;-4.607570;-0.318959;0.420929;ORGANIZING
2026.07.22 04:54:00;XAUUSDm;4126.124;0.504627;0.913915;1.202166;0.485785;0.898453;0.896042;0.159763;1.674016;2.221888;1.849486;0.387337;-4.274612;-0.319586;0.420777;ORGANIZING
2026.07.22 04:55:00;XAUUSDm;4125.877;0.555792;0.508021;1.619010;0.468928;0.915323;0.888053;0.172617;1.675505;2.225026;1.951948;0.395038;-3.855864;-0.316190;0.421605;ORGANIZING
2026.07.22 04:56:00;XAUUSDm;4126.224;0.973038;0.721804;2.348789;0.463265;0.957275;0.888276;0.200475;1.667605;2.227189;2.066365;0.410611;-3.120550;-0.312022;0.422621;ORGANIZING
2026.07.22 04:57:00;XAUUSDm;4126.669;0.468648;0.947615;2.160885;0.468337;0.989644;0.897370;0.199846;1.659706;2.228677;2.113100;0.425125;-3.265589;-0.309924;0.423133;ORGANIZING
2026.07.22 04:58:00;XAUUSDm;4126.759;0.548755;0.196627;2.572452;0.434959;1.000000;0.879838;0.210432;1.656848;2.229595;2.299067;0.434360;-2.826661;-0.303902;0.424604;ORGANIZING
2026.07.22 04:59:00;XAUUSDm;4126.874;0.493425;0.253606;2.366656;0.405891;1.000000;0.865285;0.210201;1.653569;2.230189;2.463714;0.440595;-2.996963;-0.298663;0.425884;ORGANIZING
2026.07.22 05:00:00;XAUUSDm;4126.428;0.999849;0.979273;3.116542;0.414560;1.000000;0.876632;0.237185;1.659298;2.230928;2.412194;0.432705;-2.321911;-0.300617;0.425407;ORGANIZING
2026.07.22 05:01:00;XAUUSDm;4127.527;0.494990;2.377039;2.867219;0.492684;1.000000;0.937447;0.237792;1.663878;2.232494;2.029697;0.417649;-2.661299;-0.312876;0.422413;ORGANIZING
2026.07.22 05:02:00;XAUUSDm;4127.768;0.466738;0.529950;2.637842;0.474548;1.000000;0.931508;0.237371;1.667406;2.233913;2.107270;0.420287;-2.880174;-0.310446;0.423006;ORGANIZING
2026.07.22 05:03:00;XAUUSDm;4128.089;0.456826;0.734688;2.426814;0.467555;1.000000;0.932927;0.236054;1.669968;2.235288;2.138788;0.421305;-3.088073;-0.309477;0.423242;ORGANIZING
2026.07.22 05:04:00;XAUUSDm;4128.291;0.462344;0.470446;2.232669;0.447699;1.000000;0.925002;0.233958;1.671646;2.236482;2.233643;0.424935;-3.262721;-0.306474;0.423976;ORGANIZING
2026.07.22 05:05:00;XAUUSDm;4128.311;0.467610;0.049383;2.054056;0.407783;1.000000;0.902544;0.231191;1.667779;2.237237;2.452283;0.433510;-3.388905;-0.299501;0.425680;ORGANIZING
2026.07.22 05:06:00;XAUUSDm;4128.597;0.453228;0.709079;1.889731;0.402848;1.000000;0.903864;0.227848;1.663571;2.237902;2.482325;0.435869;-3.533857;-0.298495;0.425925;ORGANIZING
2026.07.22 05:07:00;XAUUSDm;4128.794;0.449908;0.492697;1.738553;0.387341;1.000000;0.897448;0.224014;1.659055;2.238366;2.581707;0.440449;-3.653292;-0.295294;0.426708;ORGANIZING
2026.07.22 05:08:00;XAUUSDm;4128.148;0.454057;1.601229;1.599468;0.428035;1.000000;0.929921;0.219768;1.654257;2.239189;2.336257;0.434394;-3.815804;-0.302976;0.424830;ORGANIZING
2026.07.22 05:09:00;XAUUSDm;4127.100;0.478502;2.575192;1.471511;0.515393;1.000000;0.995197;0.215177;1.649203;2.240834;1.940268;0.420208;-4.013476;-0.315598;0.421749;ORGANIZING
2026.07.22 05:10:00;XAUUSDm;4128.833;0.454028;3.991800;1.353790;0.669213;0.998306;1.000000;0.210305;1.643916;2.244000;1.491761;0.395614;-4.269558;-0.330346;0.418156;ORGANIZING
2026.07.22 05:11:00;XAUUSDm;4128.651;0.454121;0.421082;1.245487;0.636841;0.992572;0.987099;0.205204;1.638420;2.246901;1.558587;0.400155;-4.332932;-0.328173;0.418685;ORGANIZING
2026.07.22 05:12:00;XAUUSDm;4128.243;0.456264;0.948528;1.145848;0.632573;0.983179;0.992931;0.199926;1.632733;2.249890;1.554252;0.398818;-4.418756;-0.328429;0.418623;ORGANIZING
2026.07.22 05:13:00;XAUUSDm;4128.036;0.456270;0.479833;1.054180;0.605273;0.970691;0.981970;0.194513;1.626874;2.252798;1.603725;0.400011;-4.475975;-0.326944;0.418984;ORGANIZING
2026.07.22 05:14:00;XAUUSDm;4128.469;0.456522;0.998754;0.969846;0.605533;0.955413;0.989365;0.189004;1.621063;2.255956;1.577805;0.395518;-4.556365;-0.328009;0.418725;ORGANIZING
2026.07.22 05:15:00;XAUUSDm;4127.578;0.460931;2.025829;0.892258;0.657440;0.937508;1.000000;0.183433;1.620225;2.259982;1.425999;0.380931;-4.694973;-0.333373;0.417420;ORGANIZING
2026.07.22 05:16:00;XAUUSDm;4124.091;0.458613;6.897575;0.820877;0.950696;0.916255;1.000000;0.177831;1.627403;2.267438;0.963772;0.332467;-5.091471;-0.349812;0.413428;ORGANIZING
2026.07.22 05:17:00;XAUUSDm;4124.409;0.458386;0.623261;0.755207;0.915999;0.893502;0.993038;0.172223;1.633323;2.275061;0.975440;0.328307;-5.153443;-0.349823;0.413425;ORGANIZING
2026.07.22 05:18:00;XAUUSDm;4124.004;0.456292;0.790090;0.694791;0.891834;0.869492;0.991963;0.166632;1.643933;2.283029;0.974948;0.321748;-5.231712;-0.350325;0.413304;ORGANIZING
2026.07.22 05:19:00;XAUUSDm;4123.919;0.455659;0.167428;0.639207;0.838224;0.844622;0.968936;0.161080;1.652988;2.291049;1.007633;0.318450;-5.273579;-0.349670;0.413463;ORGANIZING
2026.07.22 05:20:00;XAUUSDm;4123.760;0.456743;0.317809;0.588071;0.795311;0.819073;0.951785;0.155583;1.670008;2.299320;1.029878;0.312516;-5.338668;-0.349464;0.413512;ORGANIZING
2026.07.22 05:21:00;XAUUSDm;4124.175;0.454259;0.827980;0.541025;0.780563;0.792922;0.952897;0.150156;1.684920;2.308117;1.015834;0.303147;-5.424883;-0.350530;0.413254;ORGANIZING
2026.07.22 05:22:00;XAUUSDm;4124.443;0.454256;0.561515;0.497743;0.753752;0.766417;0.944454;0.144812;1.697896;2.317305;1.016802;0.295178;-5.492314;-0.351083;0.413120;ORGANIZING
2026.07.22 05:23:00;XAUUSDm;4124.425;0.453240;0.038416;0.457924;0.702657;0.739840;0.917811;0.139563;1.709095;2.326626;1.052918;0.289984;-5.528835;-0.350446;0.413274;ORGANIZING
2026.07.22 05:24:00;XAUUSDm;4124.445;0.452680;0.043228;0.421290;0.654888;0.713319;0.892085;0.134416;1.718664;2.336095;1.089223;0.284421;-5.562534;-0.349824;0.413425;ORGANIZING
2026.07.22 05:25:00;XAUUSDm;4124.594;0.452938;0.328194;0.387587;0.624287;0.686899;0.877054;0.129381;1.726735;2.345867;1.100294;0.276931;-5.607900;-0.350062;0.413367;ORGANIZING
2026.07.22 05:26:00;XAUUSDm;4125.566;0.454893;2.056359;0.356580;0.682153;0.660266;0.922858;0.124462;1.733433;2.356818;0.967914;0.259942;-5.737915;-0.355102;0.412146;ORGANIZING
2026.07.22 05:27:00;XAUUSDm;4124.694;0.452214;1.838421;0.328053;0.726761;0.633599;0.959259;0.119665;1.738871;2.368802;0.871812;0.245078;-5.850983;-0.358968;0.411209;ORGANIZING
2026.07.22 05:28:00;XAUUSDm;4123.874;0.451979;1.733395;0.301809;0.764421;0.607033;0.990542;0.114994;1.743153;2.381737;0.794108;0.231465;-5.953610;-0.362238;0.410418;ORGANIZING
2026.07.22 05:29:00;XAUUSDm;4123.553;0.453353;0.674852;0.277664;0.747802;0.580920;0.983517;0.110452;1.746376;2.395060;0.776837;0.223034;-5.997932;-0.363444;0.410126;ORGANIZING
2026.07.22 05:30:00;XAUUSDm;4127.005;0.463786;6.394961;0.255451;1.000000;0.553995;1.000000;0.106040;1.748627;2.411467;0.553995;0.194067;-6.311354;-0.371906;0.408081;ORGANIZING
2026.07.22 05:31:00;XAUUSDm;4127.997;0.502286;1.816318;0.632166;1.000000;0.546620;1.000000;0.119573;1.746017;2.427995;0.546620;0.190753;-5.980390;-0.372624;0.407907;ORGANIZING
2026.07.22 05:32:00;XAUUSDm;4127.587;0.503640;0.746160;1.009895;0.976376;0.555908;0.995301;0.132481;1.738647;2.444027;0.569359;0.195226;-5.596855;-0.372038;0.408049;ORGANIZING
2026.07.22 05:33:00;XAUUSDm;4126.816;0.476848;1.380137;0.929104;0.985446;0.560632;1.000000;0.129897;1.731204;2.459980;0.568912;0.196952;-5.677892;-0.372285;0.407989;ORGANIZING
2026.07.22 05:34:00;XAUUSDm;4127.488;0.486951;1.200472;0.854775;0.984984;0.561964;1.000000;0.127118;1.723699;2.475828;0.570531;0.198168;-5.745707;-0.372492;0.407939;ORGANIZING
2026.07.22 05:35:00;XAUUSDm;4128.604;0.486527;1.934075;0.786393;1.000000;0.560238;1.000000;0.124182;1.716139;2.491785;0.560238;0.197245;-5.825795;-0.373166;0.407776;ORGANIZING
2026.07.22 05:36:00;XAUUSDm;4129.497;0.450675;1.544555;0.723482;1.000000;0.555891;1.000000;0.121118;1.708532;2.507752;0.555891;0.196452;-5.887680;-0.373656;0.407658;ORGANIZING
2026.07.22 05:37:00;XAUUSDm;4131.406;0.448866;3.170359;0.665603;1.000000;0.549260;1.000000;0.117956;1.700886;2.523776;0.549260;0.194853;-5.946596;-0.374255;0.407513;ORGANIZING
2026.07.22 05:38:00;XAUUSDm;4132.258;0.448139;1.387893;0.612355;1.000000;0.540652;1.000000;0.114721;1.693206;2.539895;0.540652;0.192545;-6.002741;-0.374951;0.407345;ORGANIZING
2026.07.22 05:39:00;XAUUSDm;4132.512;0.448061;0.414085;0.563367;0.959891;0.530533;0.983508;0.111434;1.685498;2.555738;0.552701;0.192443;-6.015594;-0.374912;0.407355;ORGANIZING
2026.07.22 05:40:00;XAUUSDm;4131.650;0.448663;1.370909;0.518297;0.969831;0.518914;1.000000;0.108116;1.677768;2.571836;0.535056;0.188305;-6.076224;-0.375970;0.407099;ORGANIZING
2026.07.22 05:41:00;XAUUSDm;4131.488;0.449358;0.261586;0.476834;0.924041;0.506291;0.977940;0.104783;1.670021;2.587651;0.547910;0.187595;-6.078176;-0.375936;0.407107;ORGANIZING
2026.07.22 05:42:00;XAUUSDm;4132.064;0.449256;0.913648;0.438687;0.913395;0.492694;0.979357;0.101451;1.662262;2.603553;0.539409;0.184040;-6.112994;-0.376687;0.406926;ORGANIZING
2026.07.22 05:43:00;XAUUSDm;4132.003;0.449354;0.097258;0.403592;0.862735;0.478500;0.952034;0.098134;1.654494;2.619156;0.554631;0.182957;-6.105053;-0.376596;0.406948;ORGANIZING
2026.07.22 05:44:00;XAUUSDm;4132.411;0.449204;0.651695;0.371305;0.842613;0.463719;0.944957;0.094841;1.646721;2.634775;0.550335;0.179446;-6.125489;-0.377213;0.406799;ORGANIZING
2026.07.22 05:45:00;XAUUSDm;4131.548;0.450385;1.351859;0.341600;0.858801;0.448322;0.962518;0.091584;1.638947;2.650786;0.522033;0.173142;-6.180728;-0.378698;0.406441;ORGANIZING
2026.07.22 05:46:00;XAUUSDm;4132.030;0.451062;0.751856;0.314272;0.844487;0.432595;0.958350;0.088372;1.631176;2.666890;0.512257;0.168716;-6.203605;-0.379534;0.406239;ORGANIZING
2026.07.22 05:47:00;XAUUSDm;4132.051;0.450169;0.033196;0.289130;0.795271;0.416824;0.929063;0.085210;1.623409;2.682741;0.524128;0.166470;-6.189296;-0.379607;0.406222;ORGANIZING
2026.07.22 05:48:00;XAUUSDm;4132.094;0.449445;0.068075;0.266000;0.750574;0.401082;0.901911;0.082106;1.615650;2.698381;0.534367;0.163819;-6.177386;-0.379746;0.406188;ORGANIZING
2026.07.22 05:49:00;XAUUSDm;4132.069;0.449305;0.039691;0.244720;0.707008;0.385450;0.874607;0.079065;1.607901;2.713821;0.545184;0.161008;-6.164593;-0.379871;0.406158;ORGANIZING
2026.07.22 05:50:00;XAUUSDm;4132.201;0.452691;0.211681;0.225142;0.674533;0.369944;0.854171;0.076090;1.600165;2.729169;0.548444;0.157370;-6.161127;-0.380262;0.406064;ORGANIZING
2026.07.22 05:51:00;XAUUSDm;4131.953;0.455277;0.408863;0.207131;0.653851;0.354573;0.841249;0.073186;1.596415;2.744581;0.542285;0.152606;-6.175929;-0.380993;0.405887;ORGANIZING
2026.07.22 05:52:00;XAUUSDm;4132.549;0.452504;0.971222;0.190561;0.662628;0.339251;0.848359;0.070356;1.596626;2.760388;0.511979;0.145626;-6.227167;-0.382567;0.405508;ORGANIZING
2026.07.22 05:53:00;XAUUSDm;4131.830;0.452143;1.156655;0.175316;0.680544;0.323990;0.861612;0.067600;1.596181;2.776676;0.476075;0.138202;-6.285475;-0.384341;0.405080;ORGANIZING
2026.07.22 05:54:00;XAUUSDm;4129.693;0.463836;3.236310;0.161290;0.801853;0.308327;0.947093;0.064921;1.595134;2.794479;0.384518;0.125239;-6.446826;-0.388092;0.404177;AGING
2026.07.22 05:55:00;XAUUSDm;4129.004;0.557329;1.022710;0.579287;0.806729;0.313565;0.952012;0.082575;1.589230;2.812167;0.388687;0.126512;-6.069654;-0.388257;0.404137;AGING
2026.07.22 05:56:00;XAUUSDm;4129.025;0.539044;0.031418;0.983570;0.761692;0.335866;0.922681;0.098661;1.583885;2.828906;0.440947;0.137411;-5.636252;-0.386479;0.404565;AGING
2026.07.22 05:57:00;XAUUSDm;4128.949;0.458760;0.114118;0.904885;0.722596;0.353139;0.897834;0.097662;1.578358;2.844852;0.488708;0.147226;-5.661465;-0.384875;0.404952;AGING
2026.07.22 05:58:00;XAUUSDm;4130.191;0.461377;1.832129;0.832494;0.771010;0.366213;0.933953;0.096398;1.572668;2.860965;0.474979;0.150083;-5.771399;-0.385466;0.404809;AGING
2026.07.22 05:59:00;XAUUSDm;4130.840;0.465620;0.968772;0.765894;0.773574;0.375727;0.938545;0.094908;1.566830;2.876854;0.485703;0.154283;-5.832283;-0.385252;0.404861;AGING
2026.07.22 06:00:00;XAUUSDm;4133.705;0.460646;4.136826;0.704623;0.934222;0.381358;1.000000;0.093226;1.560859;2.894178;0.408209;0.147339;-6.050590;-0.388270;0.404134;AGING
2026.07.22 06:01:00;XAUUSDm;4132.813;0.470874;1.262097;0.648253;0.942988;0.384179;1.000000;0.091384;1.554769;2.911472;0.407406;0.148381;-6.114333;-0.388588;0.404057;AGING
2026.07.22 06:02:00;XAUUSDm;4133.121;0.486910;0.437028;0.596393;0.910007;0.384714;0.983494;0.089407;1.548572;2.928364;0.422759;0.150987;-6.133223;-0.388335;0.404118;AGING
2026.07.22 06:03:00;XAUUSDm;4134.375;0.464110;1.727987;0.548681;0.943212;0.382947;1.000000;0.087323;1.542280;2.945560;0.406003;0.148844;-6.216348;-0.389289;0.403888;AGING
2026.07.22 06:04:00;XAUUSDm;4134.342;0.468414;0.045980;0.504787;0.890691;0.379559;0.969666;0.085151;1.535903;2.962234;0.426140;0.151114;-6.210689;-0.388905;0.403981;AGING
2026.07.22 06:05:00;XAUUSDm;4132.890;0.478001;1.991988;0.464404;0.938165;0.374317;1.000000;0.082913;1.529452;2.979424;0.398988;0.146760;-6.303598;-0.390281;0.403650;AGING
2026.07.22 06:06:00;XAUUSDm;4131.559;0.537938;1.940799;0.867857;0.980810;0.387606;1.000000;0.098940;1.527340;2.996754;0.395190;0.148674;-5.974661;-0.390646;0.403562;AGING
2026.07.22 06:07:00;XAUUSDm;4131.978;0.887121;0.609171;1.533198;0.954476;0.427146;0.989784;0.127260;1.532144;3.013077;0.447519;0.163415;-5.326017;-0.388665;0.404039;AGING
2026.07.22 06:08:00;XAUUSDm;4131.419;0.503111;0.809090;1.910532;0.938664;0.477941;0.987914;0.139764;1.540929;3.028314;0.509171;0.182465;-4.939891;-0.386168;0.404640;ORGANIZING
2026.07.22 06:09:00;XAUUSDm;4130.729;0.472150;0.981508;1.757689;0.931247;0.520083;0.992581;0.140418;1.548354;3.042708;0.558480;0.198503;-5.073727;-0.384175;0.405120;ORGANIZING
2026.07.22 06:10:00;XAUUSDm;4131.233;0.484511;0.709959;1.617074;0.909781;0.554813;0.987604;0.140427;1.554531;3.056255;0.609831;0.213001;-5.184067;-0.382180;0.405601;ORGANIZING
2026.07.22 06:11:00;XAUUSDm;4131.635;0.568635;0.566484;2.043550;0.881520;0.603771;0.977780;0.154730;1.565123;3.068646;0.684920;0.232097;-4.742551;-0.379220;0.406315;ORGANIZING
2026.07.22 06:12:00;XAUUSDm;4131.485;0.478723;0.212080;1.880066;0.835973;0.643980;0.956396;0.155168;1.574192;3.079868;0.770336;0.251032;-4.850515;-0.375936;0.407108;ORGANIZING
2026.07.22 06:13:00;XAUUSDm;4129.973;0.462773;2.051115;1.729661;0.883850;0.676356;1.000000;0.154929;1.581865;3.090998;0.765238;0.258088;-5.042421;-0.375958;0.407102;ORGANIZING
2026.07.22 06:14:00;XAUUSDm;4129.701;0.999781;0.366478;2.479497;0.844454;0.733942;0.983249;0.184675;1.597138;3.100735;0.869132;0.279462;-4.295376;-0.371968;0.408066;ORGANIZING
2026.07.22 06:15:00;XAUUSDm;4129.962;0.469581;0.350599;2.281137;0.805083;0.781024;0.967570;0.185359;1.606171;3.109227;0.970117;0.300786;-4.435208;-0.368042;0.409014;ORGANIZING
2026.07.22 06:16:00;XAUUSDm;4130.069;0.467634;0.147152;2.098646;0.756566;0.819480;0.945343;0.185216;1.609290;3.116496;1.083158;0.321230;-4.543948;-0.363774;0.410046;ORGANIZING
2026.07.22 06:17:00;XAUUSDm;4130.959;0.457887;1.223368;1.930754;0.763516;0.849913;0.961556;0.184349;1.611503;3.123248;1.113156;0.332079;-4.697801;-0.362466;0.410363;ORGANIZING
2026.07.22 06:18:00;XAUUSDm;4131.705;0.460959;1.027520;1.776294;0.759718;0.873120;0.970317;0.182855;1.612883;3.129512;1.149268;0.341669;-4.831292;-0.361029;0.410711;ORGANIZING
2026.07.22 06:19:00;XAUUSDm;4130.294;0.486176;1.886818;1.634191;0.798611;0.889646;1.000000;0.180817;1.613502;3.135840;1.113992;0.343105;-4.999252;-0.362142;0.410441;ORGANIZING
2026.07.22 06:20:00;XAUUSDm;4129.837;0.452583;0.664321;1.503455;0.774103;0.900407;0.994580;0.178313;1.613423;3.141707;1.163161;0.350921;-5.095420;-0.360393;0.410864;ORGANIZING
2026.07.22 06:21:00;XAUUSDm;4129.367;0.453355;0.693747;1.383179;0.752077;0.906009;0.990292;0.175411;1.612705;3.147235;1.204676;0.356669;-5.186356;-0.358971;0.411209;ORGANIZING
2026.07.22 06:22:00;XAUUSDm;4129.865;0.453791;0.733172;1.272525;0.733012;0.907016;0.987432;0.172174;1.611402;3.152539;1.237382;0.360415;-5.273162;-0.357909;0.411466;ORGANIZING
2026.07.22 06:23:00;XAUUSDm;4126.057;0.449831;5.146085;1.170723;0.935525;0.903027;1.000000;0.168655;1.609566;3.159929;0.965262;0.332760;-5.578147;-0.367603;0.409120;ORGANIZING
2026.07.22 06:24:00;XAUUSDm;4125.212;0.449688;1.136608;1.077065;0.927519;0.895448;1.000000;0.164905;1.607241;3.167368;0.965423;0.331689;-5.666666;-0.367800;0.409073;ORGANIZING
2026.07.22 06:25:00;XAUUSDm;4122.253;0.449572;3.792131;0.990900;1.000000;0.884381;1.000000;0.160968;1.604470;3.175725;0.884381;0.319798;-5.831320;-0.370993;0.408301;ORGANIZING
2026.07.22 06:26:00;XAUUSDm;4117.120;0.449146;5.933418;0.911628;1.000000;0.870567;1.000000;0.156883;1.596885;3.184282;0.870567;0.316137;-5.909624;-0.371762;0.408115;ORGANIZING
2026.07.22 06:27:00;XAUUSDm;4116.798;0.449249;0.386388;0.838697;0.951908;0.854602;0.984014;0.152686;1.595845;3.192668;0.897778;0.316468;-5.948338;-0.371097;0.408276;ORGANIZING
2026.07.22 06:28:00;XAUUSDm;4116.665;0.449449;0.162397;0.771602;0.895340;0.836867;0.960602;0.148406;1.599256;3.200876;0.934691;0.316635;-5.983072;-0.370145;0.408506;ORGANIZING
2026.07.22 06:29:00;XAUUSDm;4117.538;0.449799;1.050087;0.709874;0.886340;0.817452;0.968928;0.144072;1.601737;3.209408;0.922277;0.310564;-6.060043;-0.370992;0.408301;ORGANIZING
2026.07.22 06:30:00;XAUUSDm;4115.871;0.449637;1.967054;0.653084;0.924027;0.796428;1.000000;0.139708;1.603369;3.218754;0.861910;0.298612;-6.179422;-0.373587;0.407675;ORGANIZING
2026.07.22 06:31:00;XAUUSDm;4116.513;0.449767;0.749072;0.600837;0.899351;0.774353;0.996107;0.135335;1.609779;3.228358;0.861013;0.292820;-6.242747;-0.374096;0.407552;ORGANIZING
2026.07.22 06:32:00;XAUUSDm;4116.887;0.450031;0.438442;0.552770;0.860818;0.751520;0.981326;0.130972;1.615003;3.238086;0.873030;0.288293;-6.286563;-0.374156;0.407537;ORGANIZING
2026.07.22 06:33:00;XAUUSDm;4117.047;0.450493;0.187135;0.508548;0.812104;0.728183;0.958113;0.126634;1.619139;3.247834;0.896663;0.284683;-6.314753;-0.373823;0.407618;ORGANIZING
2026.07.22 06:34:00;XAUUSDm;4119.207;0.451296;2.426857;0.467865;0.878278;0.703976;1.000000;0.122337;1.631160;3.258849;0.801542;0.267491;-6.472279;-0.377756;0.406668;ORGANIZING
2026.07.22 06:35:00;XAUUSDm;4119.494;0.451663;0.326686;0.430435;0.836619;0.679597;0.980716;0.118091;1.641511;3.270039;0.812314;0.261764;-6.515829;-0.377943;0.406623;ORGANIZING
2026.07.22 06:36:00;XAUUSDm;4119.825;0.454140;0.378070;0.396001;0.800099;0.655163;0.963756;0.113908;1.650330;3.281440;0.818852;0.255490;-6.558852;-0.378289;0.406540;ORGANIZING
2026.07.22 06:37:00;XAUUSDm;4117.302;0.453419;2.725976;0.364320;0.883290;0.630221;1.000000;0.109797;1.657743;3.294246;0.713493;0.237745;-6.718073;-0.382593;0.405502;ORGANIZING
2026.07.22 06:38:00;XAUUSDm;4116.919;0.453584;0.410794;0.335175;0.847061;0.605486;0.983221;0.105764;1.663865;3.307245;0.714808;0.231394;-6.752904;-0.383131;0.405372;ORGANIZING
2026.07.22 06:39:00;XAUUSDm;4117.250;0.454047;0.352705;0.308361;0.810233;0.581055;0.964854;0.101817;1.668804;3.320414;0.717146;0.225141;-6.782473;-0.383637;0.405250;ORGANIZING
2026.07.22 06:40:00;XAUUSDm;4118.271;0.462159;1.067724;0.283692;0.811487;0.556826;0.972018;0.097960;1.672658;3.334119;0.686180;0.215648;-6.846322;-0.385315;0.404846;ORGANIZING
2026.07.22 06:41:00;XAUUSDm;4118.434;0.462700;0.170763;0.260997;0.768314;0.533094;0.947403;0.094196;1.675516;3.347896;0.693850;0.210043;-6.861544;-0.385640;0.404767;ORGANIZING
2026.07.22 06:42:00;XAUUSDm;4118.055;0.462559;0.398863;0.240117;0.739179;0.509849;0.931501;0.090531;1.677463;3.361865;0.689750;0.203356;-6.887065;-0.386377;0.404590;ORGANIZING
2026.07.22 06:43:00;XAUUSDm;4119.967;0.465780;1.962918;0.220908;0.790169;0.486745;0.970769;0.086964;1.678573;3.376818;0.616001;0.190454;-6.990411;-0.389534;0.403830;ORGANIZING
2026.07.22 06:44:00;XAUUSDm;4118.859;0.465466;1.162059;0.203235;0.799029;0.464052;0.980508;0.083500;1.678919;3.392316;0.580770;0.181168;-7.048896;-0.391365;0.403389;ORGANIZING
2026.07.22 06:45:00;XAUUSDm;4120.195;0.478119;1.382422;0.186976;0.818918;0.441757;0.997498;0.080138;1.678564;3.408456;0.539440;0.171382;-7.116043;-0.393417;0.402895;ORGANIZING
2026.07.22 06:46:00;XAUUSDm;4119.385;0.475479;0.824679;0.172018;0.810371;0.420041;0.994254;0.076879;1.677567;3.424934;0.518332;0.163770;-7.152137;-0.394760;0.402572;ORGANIZING
2026.07.22 06:47:00;XAUUSDm;4119.432;0.472534;0.047880;0.158257;0.763845;0.399117;0.963821;0.073723;1.675983;3.441350;0.522510;0.158786;-7.147235;-0.395212;0.402463;ORGANIZING
2026.07.22 06:48:00;XAUUSDm;4118.650;0.475935;0.804179;0.145596;0.757880;0.378794;0.960814;0.070670;1.673864;3.458092;0.499807;0.151371;-7.180648;-0.396599;0.402130;AGING
2026.07.22 06:49:00;XAUUSDm;4117.708;0.647559;0.962915;0.631265;0.760555;0.382804;0.963361;0.091420;1.666280;3.474704;0.503322;0.152012;-6.736590;-0.396794;0.402083;ORGANIZING
2026.07.22 06:50:00;XAUUSDm;4116.030;0.652794;1.757915;1.120861;0.802767;0.406863;0.994370;0.111329;1.662627;3.491221;0.506826;0.157899;-6.314175;-0.396725;0.402100;ORGANIZING
2026.07.22 06:51:00;XAUUSDm;4115.350;0.482125;0.715564;1.031192;0.790270;0.425152;0.988509;0.110246;1.658617;3.507207;0.537984;0.166131;-6.378858;-0.395698;0.402346;ORGANIZING
2026.07.22 06:52:00;XAUUSDm;4116.418;0.519424;1.106163;1.420760;0.797561;0.458550;0.996485;0.124212;1.659004;3.522601;0.574940;0.177679;-6.007285;-0.394320;0.402678;ORGANIZING
2026.07.22 06:53:00;XAUUSDm;4116.524;0.510950;0.112462;1.803972;0.754136;0.504618;0.969892;0.137162;1.663663;3.536687;0.669135;0.197505;-5.583881;-0.390784;0.403528;ORGANIZING
2026.07.22 06:54:00;XAUUSDm;4116.260;0.463812;0.278728;1.659655;0.720273;0.542589;0.950502;0.137520;1.667263;3.549710;0.753310;0.214882;-5.677304;-0.387651;0.404283;ORGANIZING
2026.07.22 06:55:00;XAUUSDm;4116.543;0.463816;0.306350;1.526882;0.688725;0.573644;0.932769;0.137282;1.669891;3.561824;0.832907;0.229835;-5.764368;-0.384758;0.404980;ORGANIZING
2026.07.22 06:56:00;XAUUSDm;4116.089;0.461613;0.500971;1.404732;0.667864;0.598418;0.922461;0.136526;1.671629;3.573250;0.896017;0.241685;-5.854274;-0.382500;0.405524;ORGANIZING
2026.07.22 06:57:00;XAUUSDm;4114.888;0.465732;1.302773;1.292353;0.687641;0.617375;0.940551;0.135318;1.672551;3.584505;0.897816;0.247394;-5.978156;-0.382386;0.405552;ORGANIZING
2026.07.22 06:58:00;XAUUSDm;4115.276;0.470882;0.422446;1.188965;0.662034;0.631293;0.927153;0.133722;1.672726;3.595226;0.953566;0.255741;-6.049898;-0.380510;0.406004;ORGANIZING
2026.07.22 06:59:00;XAUUSDm;4116.393;0.486150;1.204962;1.093848;0.676555;0.640544;0.941557;0.131792;1.672217;3.605903;0.946774;0.258225;-6.156084;-0.380804;0.405933;ORGANIZING
2026.07.22 07:00:00;XAUUSDm;4116.153;0.467182;0.260383;1.006340;0.642935;0.645839;0.922328;0.129577;1.671083;3.616127;1.004516;0.264299;-6.208203;-0.378972;0.406375;ORGANIZING
2026.07.22 07:01:00;XAUUSDm;4114.491;0.460982;1.755164;0.925833;0.685630;0.647306;0.956013;0.127124;1.669376;3.626731;0.944105;0.260787;-6.332220;-0.381172;0.405844;ORGANIZING
2026.07.22 07:02:00;XAUUSDm;4114.637;0.462120;0.154197;0.851766;0.646112;0.645740;0.932399;0.124471;1.667145;3.636948;0.999424;0.264894;-6.368787;-0.379512;0.406245;ORGANIZING
2026.07.22 07:03:00;XAUUSDm;4114.444;0.458779;0.209678;0.783625;0.611376;0.641504;0.911460;0.121654;1.664437;3.646876;1.049280;0.267576;-6.405305;-0.378080;0.406590;ORGANIZING
2026.07.22 07:04:00;XAUUSDm;4112.789;0.458431;1.745560;0.720935;0.655255;0.634600;0.944911;0.118706;1.661292;3.657350;0.968479;0.260589;-6.517065;-0.381063;0.405870;ORGANIZING
2026.07.22 07:05:00;XAUUSDm;4113.311;0.457901;0.547549;0.663260;0.637177;0.625642;0.935158;0.115655;1.657748;3.667786;0.981897;0.259540;-6.562866;-0.380922;0.405905;ORGANIZING
2026.07.22 07:06:00;XAUUSDm;4113.949;0.459206;0.661853;0.610199;0.625898;0.614895;0.929641;0.112525;1.653841;3.678286;0.982420;0.257035;-6.611822;-0.381241;0.405828;ORGANIZING
2026.07.22 07:07:00;XAUUSDm;4115.370;0.460971;1.458064;0.561383;0.655209;0.602439;0.952074;0.109340;1.649603;3.689285;0.919461;0.249545;-6.698557;-0.383725;0.405229;ORGANIZING
2026.07.22 07:08:00;XAUUSDm;4113.366;0.459289;2.004521;0.516473;0.710626;0.588401;0.992736;0.106118;1.645064;3.701074;0.828005;0.239012;-6.809189;-0.387231;0.404384;ORGANIZING
2026.07.22 07:09:00;XAUUSDm;4113.539;0.460799;0.177440;0.475155;0.672198;0.573456;0.967915;0.102878;1.638400;3.712711;0.853105;0.237606;-6.818854;-0.386781;0.404493;ORGANIZING
2026.07.22 07:10:00;XAUUSDm;4113.945;0.467800;0.416855;0.437142;0.647962;0.557727;0.952229;0.099635;1.637045;3.724406;0.860740;0.233883;-6.850858;-0.386972;0.404446;ORGANIZING
2026.07.22 07:11:00;XAUUSDm;4113.276;0.468075;0.684091;0.402171;0.638614;0.541318;0.946331;0.096402;1.635150;3.736318;0.847646;0.228388;-6.894545;-0.387878;0.404228;ORGANIZING
2026.07.22 07:12:00;XAUUSDm;4115.903;0.512833;2.574178;0.786796;0.724566;0.543185;1.000000;0.110813;1.633314;3.749033;0.749670;0.220030;-6.631870;-0.391489;0.403359;ORGANIZING
2026.07.22 07:13:00;XAUUSDm;4115.206;0.476761;0.727330;0.723852;0.713840;0.541548;0.994335;0.108419;1.635948;3.761700;0.758641;0.220302;-6.698874;-0.391460;0.403366;ORGANIZING
2026.07.22 07:14:00;XAUUSDm;4116.231;0.976131;1.065599;1.455950;0.720597;0.570883;1.000000;0.139603;1.629806;3.773786;0.792235;0.229270;-6.006368;-0.390245;0.403658;ORGANIZING
2026.07.22 07:15:00;XAUUSDm;4116.655;0.683595;0.465320;1.968646;0.696416;0.617010;0.986172;0.158258;1.626074;3.784671;0.885980;0.248719;-5.464094;-0.386678;0.404517;ORGANIZING
2026.07.22 07:16:00;XAUUSDm;4116.916;0.478698;0.320733;1.811154;0.665291;0.654477;0.968421;0.158220;1.622008;3.794454;0.983745;0.267623;-5.554569;-0.382996;0.405405;ORGANIZING
2026.07.22 07:17:00;XAUUSDm;4118.096;0.453597;1.420113;1.666262;0.689943;0.684509;0.989768;0.157553;1.617637;3.803840;0.992124;0.277676;-5.693392;-0.382429;0.405541;ORGANIZING
2026.07.22 07:18:00;XAUUSDm;4118.872;0.452631;0.919671;1.532961;0.687739;0.707916;0.992829;0.156341;1.612989;3.812689;1.029339;0.288114;-5.798209;-0.380968;0.405893;ORGANIZING
2026.07.22 07:19:00;XAUUSDm;4118.778;0.456269;0.113499;1.410324;0.644869;0.725521;0.967524;0.154655;1.608089;3.820708;1.125067;0.301344;-5.855220;-0.377595;0.406707;ORGANIZING
2026.07.22 07:20:00;XAUUSDm;4119.304;0.453115;0.653108;1.297498;0.630770;0.737816;0.961933;0.152564;1.602960;3.828289;1.169706;0.309189;-5.934793;-0.376015;0.407088;ORGANIZING
2026.07.22 07:21:00;XAUUSDm;4120.878;0.449001;1.910148;1.193698;0.679983;0.745108;1.000000;0.150126;1.597624;3.836163;1.095774;0.306915;-6.072838;-0.378504;0.406488;ORGANIZING
2026.07.22 07:22:00;XAUUSDm;4119.914;0.449767;1.153358;1.098203;0.688749;0.748098;1.000000;0.147394;1.592100;3.844009;1.086168;0.308082;-6.165447;-0.378891;0.406394;ORGANIZING
2026.07.22 07:23:00;XAUUSDm;4119.308;0.450133;0.717380;1.010346;0.675219;0.747369;0.995267;0.144417;1.586407;3.851678;1.106854;0.310622;-6.230830;-0.378297;0.406538;ORGANIZING
2026.07.22 07:24:00;XAUUSDm;4117.966;0.449686;1.620029;0.929519;0.707512;0.743169;1.000000;0.141238;1.580560;3.859696;1.050397;0.305918;-6.338117;-0.380386;0.406034;ORGANIZING
2026.07.22 07:25:00;XAUUSDm;4118.880;0.449293;1.086905;0.855157;0.711618;0.736037;1.000000;0.137894;1.574577;3.867837;1.034314;0.303634;-6.413203;-0.381146;0.405851;ORGANIZING
2026.07.22 07:26:00;XAUUSDm;4119.076;0.449532;0.233829;0.786745;0.673008;0.726542;0.978010;0.134420;1.568469;3.875721;1.079543;0.305797;-6.441221;-0.379838;0.406166;ORGANIZING
2026.07.22 07:27:00;XAUUSDm;4119.372;0.450708;0.372946;0.723805;0.643474;0.714982;0.961538;0.130846;1.562251;3.883478;1.111127;0.305996;-6.474360;-0.379036;0.406359;ORGANIZING
2026.07.22 07:28:00;XAUUSDm;4119.335;0.448723;0.047028;0.665901;0.599352;0.701734;0.934110;0.127199;1.555934;3.890997;1.170821;0.307443;-6.488980;-0.377323;0.406773;ORGANIZING
2026.07.22 07:29:00;XAUUSDm;4119.580;0.448590;0.312086;0.612629;0.570954;0.687006;0.916791;0.123503;1.549529;3.898461;1.203258;0.306154;-6.515845;-0.376564;0.406956;ORGANIZING
2026.07.22 07:30:00;XAUUSDm;4120.217;0.448763;0.819440;0.563618;0.569639;0.670925;0.917706;0.119778;1.543046;3.906170;1.177808;0.300531;-6.566913;-0.377763;0.406667;ORGANIZING
2026.07.22 07:31:00;XAUUSDm;4120.018;0.448557;0.255758;0.518529;0.540526;0.653857;0.898730;0.116043;1.536495;3.913863;1.209668;0.298148;-6.587079;-0.377080;0.406831;ORGANIZING
2026.07.22 07:32:00;XAUUSDm;4119.265;0.451891;0.958552;0.477046;0.548350;0.635833;0.904885;0.112315;1.531910;3.921949;1.159539;0.289994;-6.645869;-0.379153;0.406331;ORGANIZING
2026.07.22 07:33:00;XAUUSDm;4118.751;0.451464;0.678458;0.438883;0.542139;0.617112;0.900891;0.108608;1.527100;3.930299;1.138292;0.283359;-6.687858;-0.380289;0.406057;ORGANIZING
2026.07.22 07:34:00;XAUUSDm;4118.272;0.456314;0.642936;0.403772;0.534837;0.597868;0.895664;0.104933;1.529986;3.938990;1.117852;0.275546;-6.742024;-0.381467;0.405773;ORGANIZING
2026.07.22 07:35:00;XAUUSDm;4117.476;0.473755;1.084144;0.371470;0.550345;0.578142;0.905934;0.101301;1.538308;3.948313;1.050509;0.263997;-6.828264;-0.384251;0.405102;ORGANIZING
2026.07.22 07:36:00;XAUUSDm;4117.118;0.559953;0.493671;0.791435;0.535948;0.578983;0.895050;0.117235;1.540814;3.957501;1.080296;0.263894;-6.439128;-0.383546;0.405272;ORGANIZING
2026.07.22 07:37:00;XAUUSDm;4117.381;0.477235;0.360521;0.728120;0.515597;0.576341;0.880445;0.114539;1.542491;3.966555;1.117813;0.265274;-6.491750;-0.382533;0.405516;ORGANIZING
2026.07.22 07:38:00;XAUUSDm;4116.204;0.453381;1.596149;0.669870;0.558098;0.571132;0.909503;0.111724;1.543409;3.976148;1.023354;0.258053;-6.603510;-0.385920;0.404700;ORGANIZING
2026.07.22 07:39:00;XAUUSDm;4114.826;0.450754;1.846888;0.616281;0.611115;0.563624;0.946222;0.108817;1.543633;3.986423;0.922288;0.248998;-6.722533;-0.389610;0.403811;ORGANIZING
2026.07.22 07:40:00;XAUUSDm;4113.587;0.449064;1.680365;0.566978;0.653305;0.554157;0.975726;0.105842;1.543220;3.997305;0.848237;0.240690;-6.827597;-0.392464;0.403124;ORGANIZING
2026.07.22 07:41:00;XAUUSDm;4111.899;0.447694;2.228383;0.521620;0.720975;0.542875;1.000000;0.102818;1.542224;4.009079;0.752973;0.229447;-6.955643;-0.396120;0.402245;ORGANIZING
2026.07.22 07:42:00;XAUUSDm;4111.307;0.448088;0.791465;0.479890;0.713642;0.530375;0.996300;0.099763;1.540696;4.021015;0.743194;0.225298;-7.005312;-0.396860;0.402067;ORGANIZING
2026.07.22 07:43:00;XAUUSDm;4113.221;0.449422;2.440891;0.441499;0.789397;0.516468;1.000000;0.096695;1.538681;4.033967;0.654257;0.212997;-7.136148;-0.400402;0.401216;ORGANIZING
2026.07.22 07:44:00;XAUUSDm;4112.190;0.449782;1.289588;0.406179;0.804077;0.501649;1.000000;0.093626;1.536221;4.047337;0.623882;0.206107;-7.203280;-0.401925;0.400850;ORGANIZING
2026.07.22 07:45:00;XAUUSDm;4112.240;0.449441;0.062907;0.373685;0.756986;0.486386;0.970479;0.090569;1.533355;4.060512;0.642530;0.204286;-7.205276;-0.401720;0.400899;ORGANIZING
2026.07.22 07:46:00;XAUUSDm;4110.958;0.449287;1.580024;0.343790;0.788410;0.470440;0.994983;0.087535;1.530118;4.074289;0.596694;0.195523;-7.283775;-0.403809;0.400398;ORGANIZING
2026.07.22 07:47:00;XAUUSDm;4110.822;0.452100;0.172134;0.316287;0.748188;0.454300;0.969247;0.084534;1.526542;4.087950;0.607201;0.192560;-7.287703;-0.403915;0.400372;ORGANIZING
2026.07.22 07:48:00;XAUUSDm;4111.495;0.452873;0.845711;0.290984;0.743978;0.437903;0.967882;0.081572;1.522659;4.101858;0.588596;0.186484;-7.325412;-0.405055;0.400098;ORGANIZING
2026.07.22 07:49:00;XAUUSDm;4110.258;0.452494;1.549776;0.267705;0.775510;0.421177;0.991103;0.078658;1.518495;4.116375;0.543098;0.177513;-7.397307;-0.407159;0.399594;ORGANIZING
2026.07.22 07:50:00;XAUUSDm;4110.477;0.452387;0.274519;0.246289;0.742037;0.404545;0.968776;0.075796;1.514076;4.130845;0.545182;0.173482;-7.401791;-0.407587;0.399491;ORGANIZING
2026.07.22 07:51:00;XAUUSDm;4111.043;0.453299;0.729532;0.226586;0.733320;0.387957;0.963055;0.072991;1.509425;4.145513;0.529042;0.167531;-7.429122;-0.408662;0.399233;ORGANIZING
2026.07.22 07:52:00;XAUUSDm;4110.686;0.453643;0.457657;0.208459;0.711778;0.371548;0.947921;0.070248;1.504563;4.160246;0.522000;0.162490;-7.441639;-0.409420;0.399051;ORGANIZING
2026.07.22 07:53:00;XAUUSDm;4113.195;0.455485;3.036133;0.191782;0.820565;0.354731;1.000000;0.067569;1.499512;4.176352;0.432301;0.148569;-7.584566;-0.413130;0.398162;AGING
2026.07.22 07:54:00;XAUUSDm;4113.949;0.451225;0.932753;0.176440;0.819080;0.338131;1.000000;0.064958;1.494287;4.192723;0.412818;0.142172;-7.615723;-0.414361;0.397867;AGING
2026.07.22 07:55:00;XAUUSDm;4112.829;0.450654;1.365321;0.162324;0.839629;0.321684;1.000000;0.062416;1.488907;4.209575;0.383127;0.134542;-7.667841;-0.415971;0.397481;AGING
2026.07.22 07:56:00;XAUUSDm;4113.176;0.453464;0.426028;0.149338;0.812515;0.305673;0.982096;0.059944;1.487884;4.226465;0.376206;0.129504;-7.679625;-0.416768;0.397290;AGING
2026.07.22 07:57:00;XAUUSDm;4112.806;0.451172;0.466300;0.137391;0.789091;0.290105;0.966141;0.057544;1.486352;4.243418;0.367645;0.124349;-7.692804;-0.417622;0.397086;AGING
2026.07.22 07:58:00;XAUUSDm;4109.798;0.447521;3.697330;0.126400;0.928701;0.274191;1.000000;0.055217;1.484355;4.262064;0.295242;0.111086;-7.869317;-0.420830;0.396318;AGING
2026.07.22 07:59:00;XAUUSDm;4110.524;0.453448;0.880406;0.116288;0.920802;0.258724;0.997747;0.052962;1.481933;4.280917;0.280977;0.105357;-7.896496;-0.421921;0.396057;AGING
2026.07.22 08:00:00;XAUUSDm;4113.382;0.748187;3.271295;0.677428;1.000000;0.270511;1.000000;0.078370;1.475628;4.300263;0.270511;0.105917;-7.460320;-0.422594;0.395896;AGING
2026.07.22 08:01:00;XAUUSDm;4112.167;0.680874;1.373533;1.188084;1.000000;0.302664;1.000000;0.099985;1.474914;4.318959;0.302664;0.117544;-6.978009;-0.421422;0.396177;AGING
2026.07.22 08:02:00;XAUUSDm;4111.754;0.583469;0.491491;1.625686;0.968521;0.349876;0.985702;0.116866;1.478997;4.336437;0.361248;0.136437;-6.521122;-0.419069;0.396739;AGING
2026.07.22 08:03:00;XAUUSDm;4112.942;0.667326;1.397450;2.126181;0.982970;0.412450;1.000000;0.136047;1.488449;4.352902;0.419595;0.158180;-6.046235;-0.416561;0.397340;AGING
2026.07.22 08:04:00;XAUUSDm;4114.928;0.454063;2.284492;1.956086;1.000000;0.465049;1.000000;0.137749;1.496506;4.368566;0.465049;0.176539;-6.215942;-0.414593;0.397811;AGING
2026.07.22 08:05:00;XAUUSDm;4114.568;0.457580;0.414718;1.799599;0.961435;0.509321;0.984336;0.138686;1.503283;4.383027;0.529751;0.195636;-6.319480;-0.411986;0.398436;ORGANIZING
2026.07.22 08:06:00;XAUUSDm;4113.546;0.454108;1.157051;1.655631;0.961029;0.545891;0.995235;0.138950;1.508885;4.396808;0.568027;0.209245;-6.451986;-0.410433;0.398808;ORGANIZING
2026.07.22 08:07:00;XAUUSDm;4114.853;0.444740;1.475469;1.523181;0.975833;0.575422;1.000000;0.138625;1.513409;4.410192;0.589672;0.218969;-6.591492;-0.409565;0.399016;ORGANIZING
2026.07.22 08:08:00;XAUUSDm;4115.404;0.444553;0.625199;1.401326;0.946793;0.598767;0.991734;0.137787;1.516946;4.422854;0.632416;0.230160;-6.679019;-0.407977;0.399397;ORGANIZING
2026.07.22 08:09:00;XAUUSDm;4114.352;0.443920;1.168266;1.289220;0.945892;0.616439;1.000000;0.136503;1.519576;4.435180;0.651702;0.236912;-6.787570;-0.407307;0.399558;ORGANIZING
2026.07.22 08:10:00;XAUUSDm;4112.845;0.455075;1.637865;1.186083;0.968161;0.628927;1.000000;0.134835;1.521376;4.447497;0.649609;0.239648;-6.913071;-0.407479;0.399517;ORGANIZING
2026.07.22 08:11:00;XAUUSDm;4112.893;0.461926;0.053958;1.091196;0.909873;0.637114;0.971608;0.132837;1.522415;4.459078;0.700224;0.248376;-6.951145;-0.405756;0.399930;ORGANIZING
2026.07.22 08:12:00;XAUUSDm;4114.063;0.446330;1.309164;1.003900;0.917095;0.641217;0.988072;0.130560;1.522758;4.470652;0.699183;0.249461;-7.049265;-0.405965;0.399880;ORGANIZING
2026.07.22 08:13:00;XAUUSDm;4115.137;0.459347;1.189290;0.923588;0.917880;0.641725;0.999684;0.128048;1.522462;4.482221;0.699138;0.249855;-7.135807;-0.406178;0.399829;ORGANIZING
2026.07.22 08:14:00;XAUUSDm;4114.602;0.521294;0.603211;1.314559;0.889312;0.658908;0.990289;0.141194;1.526231;4.493198;0.740919;0.257715;-6.743893;-0.404751;0.400171;ORGANIZING
2026.07.22 08:15:00;XAUUSDm;4114.697;0.459428;0.109128;1.209394;0.837125;0.670589;0.964390;0.139392;1.529070;4.503448;0.801062;0.267638;-6.797515;-0.402655;0.400675;ORGANIZING
2026.07.22 08:16:00;XAUUSDm;4114.499;0.472777;0.227435;1.112642;0.793229;0.677899;0.943475;0.137260;1.531058;4.513133;0.854607;0.275395;-6.852457;-0.400855;0.401107;ORGANIZING
2026.07.22 08:17:00;XAUUSDm;4114.378;0.465298;0.139549;1.023631;0.746987;0.681347;0.920142;0.134848;1.532265;4.522299;0.912128;0.282237;-6.898533;-0.398970;0.401560;ORGANIZING
2026.07.22 08:18:00;XAUUSDm;4115.476;0.436601;1.236069;0.941741;0.757814;0.681149;0.935919;0.132200;1.532757;4.531581;0.898834;0.281144;-6.996420;-0.399609;0.401406;ORGANIZING
2026.07.22 08:19:00;XAUUSDm;4114.770;0.440002;0.786612;0.866401;0.745631;0.677833;0.935320;0.129357;1.532595;4.540807;0.909073;0.281541;-7.066107;-0.399467;0.401440;ORGANIZING
2026.07.22 08:20:00;XAUUSDm;4115.717;0.450222;1.047891;0.797089;0.747187;0.671729;0.943788;0.126355;1.526128;4.550105;0.899011;0.279926;-7.133440;-0.400035;0.401304;ORGANIZING
2026.07.22 08:21:00;XAUUSDm;4116.729;0.437831;1.100024;0.733322;0.751394;0.663186;0.953679;0.123225;1.523045;4.559586;0.882607;0.276597;-7.207013;-0.400884;0.401100;ORGANIZING
2026.07.22 08:22:00;XAUUSDm;4117.112;0.435859;0.419689;0.674656;0.721545;0.652687;0.939302;0.119997;1.524940;4.568997;0.904568;0.275805;-7.253074;-0.400453;0.401204;ORGANIZING
2026.07.22 08:23:00;XAUUSDm;4117.380;0.437688;0.295265;0.620684;0.687178;0.640547;0.920960;0.116696;1.532371;4.578382;0.932142;0.274178;-7.302462;-0.399894;0.401338;ORGANIZING
2026.07.22 08:24:00;XAUUSDm;4116.772;0.454316;0.667956;0.571029;0.673406;0.626936;0.916190;0.113344;1.538559;4.587963;0.930993;0.269614;-7.367210;-0.400349;0.401229;ORGANIZING
2026.07.22 08:25:00;XAUUSDm;4117.433;0.443980;0.728343;0.525347;0.663614;0.612079;0.913582;0.109961;1.543609;4.597793;0.922343;0.264148;-7.431121;-0.401078;0.401053;ORGANIZING
2026.07.22 08:26:00;XAUUSDm;4116.383;0.444287;1.139595;0.483319;0.675171;0.596097;0.925341;0.106564;1.547614;4.608099;0.882883;0.255907;-7.512211;-0.402880;0.400621;ORGANIZING
2026.07.22 08:27:00;XAUUSDm;4115.757;0.484680;0.674104;0.444654;0.663196;0.579303;0.920278;0.103169;1.550661;4.618652;0.873502;0.250020;-7.565553;-0.403667;0.400432;ORGANIZING
2026.07.22 08:28:00;XAUUSDm;4116.814;0.463278;1.141173;0.409081;0.675509;0.561758;0.931620;0.099789;1.552830;4.629700;0.831607;0.241292;-7.639610;-0.405581;0.399972;ORGANIZING
2026.07.22 08:29:00;XAUUSDm;4117.301;0.446967;0.536096;0.376355;0.657303;0.543772;0.921269;0.096436;1.554195;4.640940;0.827277;0.235610;-7.679378;-0.406220;0.399819;ORGANIZING
2026.07.22 08:30:00;XAUUSDm;4117.682;0.443748;0.427485;0.346246;0.634937;0.525505;0.907362;0.093120;1.554822;4.652327;0.827650;0.230194;-7.711397;-0.406707;0.399702;ORGANIZING
2026.07.22 08:31:00;XAUUSDm;4118.889;0.442243;1.369040;0.318547;0.661132;0.506845;0.926780;0.089849;1.554775;4.664349;0.766633;0.219817;-7.789336;-0.409297;0.399081;ORGANIZING
2026.07.22 08:32:00;XAUUSDm;4117.527;0.450294;1.518327;0.293063;0.693854;0.487879;0.950629;0.086631;1.554109;4.677071;0.703143;0.208978;-7.871464;-0.411998;0.398433;ORGANIZING
2026.07.22 08:33:00;XAUUSDm;4118.080;0.454081;0.635764;0.269618;0.681192;0.468934;0.942640;0.083471;1.552878;4.690033;0.688402;0.202341;-7.905373;-0.413032;0.398185;ORGANIZING
2026.07.22 08:34:00;XAUUSDm;4118.128;0.451250;0.056460;0.248048;0.640577;0.450233;0.914546;0.080376;1.555779;4.702992;0.702856;0.197754;-7.917598;-0.413086;0.398172;ORGANIZING
2026.07.22 08:35:00;XAUUSDm;4118.016;0.452133;0.131548;0.228205;0.606121;0.431814;0.889954;0.077350;1.557812;4.715995;0.712422;0.192664;-7.932421;-0.413314;0.398118;ORGANIZING
2026.07.22 08:36:00;XAUUSDm;4118.296;0.450047;0.336798;0.209948;0.584019;0.413673;0.873301;0.074395;1.559050;4.729152;0.708322;0.186552;-7.956440;-0.414006;0.397952;ORGANIZING
2026.07.22 08:37:00;XAUUSDm;4117.654;0.452273;0.762941;0.193152;0.584691;0.395752;0.872042;0.071515;1.559559;4.742680;0.676856;0.178607;-8.000616;-0.415618;0.397566;ORGANIZING
2026.07.22 08:38:00;XAUUSDm;4117.142;0.467933;0.610789;0.177700;0.578081;0.378137;0.865401;0.068712;1.559402;4.756492;0.654124;0.171398;-8.034964;-0.416936;0.397250;ORGANIZING
2026.07.22 08:39:00;XAUUSDm;4116.837;0.462465;0.372124;0.163484;0.560220;0.360924;0.850541;0.065987;1.558634;4.770462;0.644253;0.165194;-8.055517;-0.417822;0.397038;ORGANIZING
2026.07.22 08:40:00;XAUUSDm;4116.793;0.486810;0.053914;0.150405;0.527687;0.344218;0.824969;0.063342;1.557308;4.784428;0.652315;0.160225;-8.058790;-0.418108;0.396970;ORGANIZING
2026.07.22 08:41:00;XAUUSDm;4116.609;0.822508;0.227588;0.767287;0.505797;0.357461;0.806277;0.091019;1.549861;4.797835;0.706728;0.166518;-7.460644;-0.416429;0.397372;ORGANIZING
2026.07.22 08:42:00;XAUUSDm;4116.191;0.491204;0.516241;0.705904;0.499170;0.366111;0.799312;0.089537;1.542424;4.810929;0.733438;0.171792;-7.502007;-0.415626;0.397564;ORGANIZING
2026.07.22 08:43:00;XAUUSDm;4115.502;0.460929;0.890987;0.649431;0.511439;0.371793;0.805654;0.087884;1.535000;4.823957;0.726955;0.174197;-7.559938;-0.415961;0.397484;ORGANIZING
2026.07.22 08:44:00;XAUUSDm;4114.698;0.457966;1.038357;0.597477;0.530349;0.374814;0.816875;0.086087;1.527589;4.837040;0.706731;0.174818;-7.622451;-0.416798;0.397283;ORGANIZING
2026.07.22 08:45:00;XAUUSDm;4115.637;0.461822;1.218405;0.549679;0.557255;0.375444;0.833941;0.084173;1.520194;4.850306;0.673738;0.173686;-7.691173;-0.418110;0.396969;ORGANIZING
2026.07.22 08:46:00;XAUUSDm;4114.018;0.454425;2.033613;0.505704;0.623564;0.373782;0.878876;0.082163;1.512817;4.864194;0.599428;0.168481;-7.798232;-0.420877;0.396307;ORGANIZING
2026.07.22 08:47:00;XAUUSDm;4113.849;0.459654;0.213357;0.465248;0.595578;0.370534;0.858458;0.080078;1.505459;4.877794;0.622141;0.169883;-7.808664;-0.420398;0.396422;ORGANIZING
2026.07.22 08:48:00;XAUUSDm;4113.795;0.448779;0.073668;0.428028;0.562072;0.365951;0.833794;0.077935;1.498121;4.891077;0.651074;0.171155;-7.811282;-0.419732;0.396581;ORGANIZING
2026.07.22 08:49:00;XAUUSDm;4114.735;0.451561;1.274922;0.393786;0.590396;0.359940;0.851961;0.075750;1.490805;4.904690;0.609658;0.166874;-7.874470;-0.421460;0.396167;ORGANIZING
2026.07.22 08:50:00;XAUUSDm;4114.399;0.446870;0.489183;0.362283;0.578136;0.352888;0.841915;0.073538;1.483511;4.918249;0.610390;0.165273;-7.895312;-0.421790;0.396089;ORGANIZING
2026.07.22 08:51:00;XAUUSDm;4114.570;0.443229;0.256764;0.333300;0.555010;0.345016;0.824008;0.071310;1.476241;4.931661;0.621640;0.164093;-7.903457;-0.421779;0.396091;ORGANIZING
2026.07.22 08:52:00;XAUUSDm;4115.547;0.458193;1.442577;0.306636;0.592488;0.336179;0.848154;0.069078;1.468996;4.945552;0.567402;0.157789;-7.971372;-0.424000;0.395560;ORGANIZING
2026.07.22 08:53:00;XAUUSDm;4117.453;0.514904;2.755849;0.692814;0.693932;0.345409;0.917341;0.084933;1.465883;4.960242;0.497756;0.153874;-7.717582;-0.426578;0.394944;ORGANIZING
2026.07.22 08:54:00;XAUUSDm;4117.397;0.569813;0.085755;1.120174;0.656615;0.372126;0.891208;0.102054;1.467275;4.974039;0.566734;0.167177;-7.277011;-0.424120;0.395531;ORGANIZING
2026.07.22 08:55:00;XAUUSDm;4118.156;0.985575;1.148260;1.859356;0.673755;0.425619;0.903777;0.133910;1.476250;4.987026;0.631712;0.186355;-6.596127;-0.421471;0.396165;ORGANIZING
2026.07.22 08:56:00;XAUUSDm;4118.843;0.660944;1.049977;2.355063;0.684054;0.492740;0.913581;0.152000;1.490320;4.998915;0.720323;0.211806;-6.119806;-0.417778;0.397049;ORGANIZING
2026.07.22 08:57:00;XAUUSDm;4118.427;0.574503;0.653595;2.785940;0.672676;0.570067;0.909801;0.165944;1.508796;5.009329;0.847461;0.242849;-5.675478;-0.412434;0.398329;ORGANIZING
2026.07.22 08:58:00;XAUUSDm;4118.588;0.473012;0.256092;2.563065;0.640446;0.635985;0.892730;0.168791;1.525106;5.018264;0.993035;0.272447;-5.847452;-0.406587;0.399731;ORGANIZING
2026.07.22 08:59:00;XAUUSDm;4118.214;0.475703;0.608011;2.358020;0.626104;0.691699;0.888672;0.170603;1.539426;5.026086;1.104767;0.296087;-6.022529;-0.402053;0.400819;ORGANIZING
2026.07.22 09:00:00;XAUUSDm;4119.044;0.431295;1.379700;2.169378;0.649950;0.737959;0.911829;0.171505;1.551918;5.033345;1.135408;0.310932;-6.222805;-0.400391;0.401218;ORGANIZING
2026.07.22 09:01:00;XAUUSDm;4119.192;0.422349;0.245204;1.995828;0.614953;0.775811;0.894500;0.171608;1.556444;5.039543;1.261577;0.331118;-6.338960;-0.395597;0.402371;ORGANIZING
2026.07.22 09:02:00;XAUUSDm;4119.366;0.410387;0.298119;1.836162;0.583595;0.806029;0.879633;0.171010;1.559964;5.044858;1.381143;0.348241;-6.448212;-0.391154;0.403440;ORGANIZING
2026.07.22 09:03:00;XAUUSDm;4119.872;0.397306;0.884152;1.689269;0.582503;0.829235;0.885776;0.169805;1.562563;5.049724;1.423573;0.358221;-6.578457;-0.389382;0.403866;ORGANIZING
2026.07.22 09:04:00;XAUUSDm;4119.757;0.392725;0.203937;1.554127;0.546990;0.846256;0.867855;0.168071;1.564317;5.053912;1.547115;0.371266;-6.665294;-0.385023;0.404916;ORGANIZING
2026.07.22 09:05:00;XAUUSDm;4119.400;0.404178;0.627262;1.429797;0.534078;0.857645;0.865317;0.165884;1.565296;5.057753;1.605841;0.378608;-6.766750;-0.382894;0.405429;ORGANIZING
2026.07.22 09:06:00;XAUUSDm;4118.792;0.394952;1.053106;1.315413;0.542877;0.863913;0.877695;0.163309;1.565567;5.061559;1.591362;0.380285;-6.882861;-0.383245;0.405345;ORGANIZING
2026.07.22 09:07:00;XAUUSDm;4121.501;0.383052;4.306152;1.210180;0.713762;0.864947;1.000000;0.160406;1.565188;5.067049;1.211814;0.354580;-7.156872;-0.395917;0.402294;ORGANIZING
2026.07.22 09:08:00;XAUUSDm;4120.489;0.386465;1.613057;1.113366;0.741428;0.861877;1.000000;0.157226;1.564216;5.072868;1.162455;0.349948;-7.281937;-0.397629;0.401882;ORGANIZING
2026.07.22 09:09:00;XAUUSDm;4120.153;0.392070;0.541953;1.024297;0.714217;0.855416;0.989471;0.153818;1.562700;5.078529;1.197697;0.351916;-7.346069;-0.396473;0.402160;ORGANIZING
2026.07.22 09:10:00;XAUUSDm;4120.590;0.388240;0.716652;0.942353;0.697230;0.845954;0.985306;0.150224;1.560687;5.084189;1.213307;0.351289;-7.414935;-0.396036;0.402265;ORGANIZING
2026.07.22 09:11:00;XAUUSDm;4121.480;0.385494;1.465407;0.866965;0.718720;0.833722;1.000000;0.146483;1.558220;5.090284;1.160010;0.344027;-7.517723;-0.397998;0.401793;ORGANIZING
2026.07.22 09:12:00;XAUUSDm;4121.004;0.392049;0.781353;0.797608;0.705177;0.819246;0.997474;0.142626;1.555339;5.096505;1.161759;0.340906;-7.580758;-0.398102;0.401768;ORGANIZING
2026.07.22 09:13:00;XAUUSDm;4121.366;0.403595;0.592394;0.733799;0.683153;0.802897;0.988288;0.138685;1.547972;5.102758;1.175282;0.338802;-7.622529;-0.397801;0.401841;ORGANIZING
2026.07.22 09:14:00;XAUUSDm;4121.604;0.400758;0.394249;0.675095;0.652650;0.785017;0.972351;0.134686;1.544683;5.109031;1.202815;0.336625;-7.660307;-0.397084;0.402013;ORGANIZING
2026.07.22 09:15:00;XAUUSDm;4120.278;0.440184;2.149178;0.621087;0.711776;0.765464;1.000000;0.130652;1.549342;5.116333;1.075428;0.320041;-7.801546;-0.401735;0.400896;ORGANIZING
2026.07.22 09:16:00;XAUUSDm;4120.300;0.482056;0.036887;0.571400;0.662722;0.745001;0.970864;0.126604;1.559432;5.123654;1.124152;0.317189;-7.842048;-0.400416;0.401212;ORGANIZING
2026.07.22 09:17:00;XAUUSDm;4120.337;0.454755;0.063287;0.525688;0.617850;0.723826;0.943530;0.122560;1.574237;5.131099;1.171522;0.312715;-7.893029;-0.399219;0.401500;ORGANIZING
2026.07.22 09:18:00;XAUUSDm;4121.326;0.428459;1.695584;0.483633;0.657261;0.701736;0.974141;0.118534;1.587160;5.139508;1.067668;0.296974;-8.022789;-0.403121;0.400563;ORGANIZING
2026.07.22 09:19:00;XAUUSDm;4122.100;0.410304;1.314047;0.444943;0.676065;0.679018;0.990187;0.114542;1.598355;5.148672;1.004368;0.284231;-8.126571;-0.405657;0.399954;ORGANIZING
2026.07.22 09:20:00;XAUUSDm;4121.905;0.424876;0.333162;0.409347;0.645340;0.656076;0.971200;0.110595;1.607964;5.158083;1.016636;0.277540;-8.175118;-0.405624;0.399962;ORGANIZING
2026.07.22 09:21:00;XAUUSDm;4119.589;0.767783;3.812471;0.985184;0.790575;0.659896;1.000000;0.133857;1.610031;5.168892;0.834704;0.260369;-7.802161;-0.411940;0.398447;ORGANIZING
2026.07.22 09:22:00;XAUUSDm;4120.955;0.467766;2.248338;0.906370;0.850265;0.658838;1.000000;0.131105;1.611278;5.180330;0.774862;0.254118;-7.950154;-0.414048;0.397942;ORGANIZING
2026.07.22 09:23:00;XAUUSDm;4120.447;0.646413;0.837372;1.391179;0.836444;0.678319;0.998897;0.148790;1.606203;5.191190;0.810956;0.261754;-7.468122;-0.412584;0.398293;ORGANIZING
2026.07.22 09:24:00;XAUUSDm;4120.809;0.514978;0.590596;1.777413;0.810585;0.711216;0.989814;0.160662;1.600405;5.201076;0.877411;0.276560;-7.045166;-0.409850;0.398948;ORGANIZING
2026.07.22 09:25:00;XAUUSDm;4120.723;0.478128;0.140427;1.635220;0.762853;0.736792;0.965708;0.159739;1.594457;5.209913;0.965838;0.292721;-7.109145;-0.406389;0.399778;ORGANIZING
2026.07.22 09:26:00;XAUUSDm;4120.070;0.479400;1.053430;1.504402;0.762646;0.756029;0.974370;0.158293;1.588375;5.218303;0.991324;0.301289;-7.213852;-0.405196;0.400065;ORGANIZING
2026.07.22 09:27:00;XAUUSDm;4120.117;0.464611;0.077305;1.384050;0.713258;0.769765;0.948513;0.156396;1.582171;5.225862;1.079224;0.313956;-7.262439;-0.401925;0.400850;ORGANIZING
2026.07.22 09:28:00;XAUUSDm;4119.963;0.642068;0.256316;1.865601;0.675016;0.801593;0.929760;0.172653;1.581783;5.232398;1.187518;0.329948;-6.749092;-0.397877;0.401823;ORGANIZING
2026.07.22 09:29:00;XAUUSDm;4118.620;0.452815;2.160623;1.716353;0.733264;0.825409;0.978883;0.171483;1.580794;5.239030;1.125664;0.332084;-6.935088;-0.399626;0.401402;ORGANIZING
2026.07.22 09:30:00;XAUUSDm;4118.071;0.416991;0.869111;1.579045;0.723548;0.842831;0.981043;0.169774;1.579257;5.245202;1.164858;0.340871;-7.044938;-0.398011;0.401790;ORGANIZING
2026.07.22 09:31:00;XAUUSDm;4118.123;0.400439;0.082666;1.452721;0.674648;0.854669;0.955541;0.167602;1.577219;5.250627;1.266837;0.353247;-7.107526;-0.394333;0.402675;ORGANIZING
2026.07.22 09:32:00;XAUUSDm;4118.046;0.406494;0.123750;1.336503;0.630009;0.861511;0.932295;0.165033;1.574722;5.255444;1.367458;0.363543;-7.166947;-0.390799;0.403525;ORGANIZING
2026.07.22 09:33:00;XAUUSDm;4117.762;0.396753;0.462450;1.229583;0.604401;0.863843;0.921626;0.162127;1.571806;5.259929;1.429254;0.369427;-7.238770;-0.388651;0.404042;ORGANIZING
2026.07.22 09:34:00;XAUUSDm;4117.247;0.390338;0.846566;1.131217;0.599233;0.862099;0.924674;0.158939;1.568508;5.264365;1.438673;0.370528;-7.325175;-0.388313;0.404123;ORGANIZING
2026.07.22 09:35:00;XAUUSDm;4117.355;0.409329;0.182519;1.040719;0.561155;0.856904;0.904261;0.155517;1.564862;5.268487;1.527037;0.375583;-7.372776;-0.385410;0.404823;ORGANIZING
2026.07.22 09:36:00;XAUUSDm;4117.872;0.422766;0.907527;0.957462;0.561335;0.848533;0.909819;0.151904;1.560898;5.272738;1.511634;0.373123;-7.453683;-0.385995;0.404682;ORGANIZING
2026.07.22 09:37:00;XAUUSDm;4117.005;0.405069;1.485505;0.880865;0.590573;0.837267;0.935284;0.148139;1.556645;5.277465;1.417720;0.364766;-7.559475;-0.389230;0.403903;ORGANIZING
2026.07.22 09:38:00;XAUUSDm;4115.963;0.384524;1.726881;0.810396;0.630643;0.823435;0.968175;0.144255;1.552130;5.282824;1.305706;0.353857;-7.672407;-0.393136;0.402963;ORGANIZING
2026.07.22 09:39:00;XAUUSDm;4114.600;0.375762;2.227634;0.745564;0.694024;0.807277;1.000000;0.140284;1.547375;5.289093;1.163183;0.338952;-7.805595;-0.398157;0.401755;ORGANIZING
2026.07.22 09:40:00;XAUUSDm;4116.745;0.388313;3.309981;0.685919;0.808676;0.788878;1.000000;0.136252;1.542404;5.296826;0.975517;0.317158;-7.988018;-0.404877;0.400141;ORGANIZING
2026.07.22 09:41:00;XAUUSDm;4117.751;0.464635;1.513374;0.631045;0.828134;0.768973;1.000000;0.132183;1.538234;5.305110;0.928562;0.307768;-8.074059;-0.406755;0.399691;ORGANIZING
2026.07.22 09:42:00;XAUUSDm;4117.889;0.421755;0.212976;0.580562;0.781996;0.748126;0.977081;0.128098;1.533800;5.313306;0.956688;0.306120;-8.090411;-0.405993;0.399873;ORGANIZING
2026.07.22 09:43:00;XAUUSDm;4117.975;0.445905;0.140624;0.534117;0.734965;0.726562;0.952288;0.124015;1.534702;5.321471;0.988567;0.303533;-8.113193;-0.405166;0.400072;ORGANIZING
2026.07.22 09:44:00;XAUUSDm;4116.067;0.401398;2.941721;0.491387;0.830772;0.703804;1.000000;0.119951;1.539889;5.331102;0.847169;0.282583;-8.286362;-0.410456;0.398803;ORGANIZING
2026.07.22 09:45:00;XAUUSDm;4115.943;0.402283;0.194999;0.452076;0.784907;0.680728;0.976023;0.115919;1.544021;5.340776;0.867272;0.278434;-8.312759;-0.410060;0.398898;ORGANIZING
2026.07.22 09:46:00;XAUUSDm;4116.512;0.419450;0.898128;0.415910;0.776953;0.657309;0.977354;0.111932;1.547186;5.350872;0.846008;0.269824;-8.372840;-0.411129;0.398642;ORGANIZING
2026.07.22 09:47:00;XAUUSDm;4117.573;0.445294;1.641297;0.382637;0.807024;0.633509;1.000000;0.107999;1.549464;5.361766;0.784993;0.257055;-8.467569;-0.413597;0.398050;ORGANIZING
2026.07.22 09:48:00;XAUUSDm;4116.588;0.421176;1.485850;0.352026;0.828296;0.609506;1.000000;0.104129;1.556852;5.373428;0.735855;0.244853;-8.562154;-0.415682;0.397551;ORGANIZING
2026.07.22 09:49:00;XAUUSDm;4116.989;0.491239;0.604407;0.323864;0.804911;0.585636;0.989799;0.100331;1.562993;5.385394;0.727578;0.237269;-8.607453;-0.416309;0.397400;ORGANIZING
2026.07.22 09:50:00;XAUUSDm;4117.052;0.559652;0.097204;0.743603;0.757813;0.582963;0.962070;0.116301;1.563532;5.396948;0.769271;0.239150;-8.187862;-0.414964;0.397722;ORGANIZING
2026.07.22 09:51:00;XAUUSDm;4116.065;0.453571;1.484434;0.684115;0.782485;0.576906;0.984423;0.113461;1.563401;5.408869;0.737274;0.234577;-8.284056;-0.416153;0.397438;ORGANIZING
2026.07.22 09:52:00;XAUUSDm;4115.843;0.446763;0.333403;0.629386;0.748493;0.568934;0.965608;0.110524;1.562655;5.420602;0.760107;0.234935;-8.317132;-0.415450;0.397606;ORGANIZING
2026.07.22 09:53:00;XAUUSDm;4113.522;0.401854;3.305514;0.579035;0.864965;0.558634;1.000000;0.107515;1.561347;5.433692;0.645846;0.220470;-8.498713;-0.419601;0.396612;ORGANIZING
2026.07.22 09:54:00;XAUUSDm;4115.069;0.449494;2.116858;0.532712;0.916387;0.546587;1.000000;0.104456;1.559525;5.447520;0.596459;0.211825;-8.612570;-0.421515;0.396154;ORGANIZING
2026.07.22 09:55:00;XAUUSDm;4116.808;0.715531;2.292864;1.069360;0.974279;0.558939;1.000000;0.126065;1.552014;5.461604;0.573695;0.210733;-8.163743;-0.422253;0.395978;ORGANIZING
2026.07.22 09:56:00;XAUUSDm;4117.309;0.697801;0.662436;1.592711;0.947508;0.591100;0.992598;0.145930;1.550607;5.474763;0.623847;0.223559;-7.631533;-0.420107;0.396491;ORGANIZING
2026.07.22 09:57:00;XAUUSDm;4115.097;0.454616;2.963717;1.465294;1.000000;0.615669;1.000000;0.145004;1.548698;5.487936;0.615669;0.228559;-7.794377;-0.420102;0.396492;ORGANIZING
2026.07.22 09:58:00;XAUUSDm;4114.924;0.539362;0.237123;1.869815;0.949543;0.654755;0.978374;0.157980;1.551549;5.499852;0.689548;0.246234;-7.343882;-0.417002;0.397234;ORGANIZING
2026.07.22 09:59:00;XAUUSDm;4115.158;0.683914;0.321632;2.382751;0.905052;0.709774;0.960918;0.175728;1.560163;5.510309;0.784236;0.268758;-6.794617;-0.413035;0.398185;ORGANIZING
2026.07.22 10:00:00;XAUUSDm;4117.010;0.903177;2.450254;3.060133;0.968117;0.783113;1.000000;0.200810;1.576104;5.520089;0.808903;0.285284;-6.198788;-0.411469;0.398560;ORGANIZING
2026.07.22 10:01:00;XAUUSDm;4117.117;0.635759;0.144559;3.536952;0.911277;0.866299;0.977088;0.214611;1.597283;5.527848;0.950644;0.318122;-5.659660;-0.405575;0.399974;ORGANIZING
2026.07.22 10:02:00;XAUUSDm;4118.837;0.543099;2.248190;3.944277;0.960796;0.956094;1.000000;0.224246;1.622933;5.534564;0.995106;0.340492;-5.289349;-0.403122;0.400562;ORGANIZING
2026.07.22 10:03:00;XAUUSDm;4116.789;0.503258;2.563910;4.321720;1.000000;1.000000;1.000000;0.231906;1.652695;5.541091;1.000000;0.346668;-4.988573;-0.402667;0.400672;ORGANIZING
2026.07.22 10:04:00;XAUUSDm;4116.225;0.978576;0.700360;5.055652;0.965018;1.000000;0.997629;0.257008;1.690074;5.547642;1.036250;0.343395;-4.351171;-0.401743;0.400894;ORGANIZING
2026.07.22 10:05:00;XAUUSDm;4117.148;0.485938;1.157744;4.651200;0.954654;1.000000;1.000000;0.264380;1.723615;5.554424;1.047500;0.339830;-4.833868;-0.401584;0.400932;ORGANIZING
2026.07.22 10:06:00;XAUUSDm;4117.018;0.681157;0.162622;5.162068;0.895053;1.000000;0.979945;0.276704;1.762458;5.561000;1.117253;0.340807;-4.372309;-0.399442;0.401446;ORGANIZING
2026.07.22 10:07:00;XAUUSDm;4117.004;0.650799;0.017523;5.650167;0.831176;1.000000;0.955945;0.287274;1.806321;5.567375;1.203114;0.341907;-3.935574;-0.396811;0.402079;ORGANIZING
2026.07.22 10:08:00;XAUUSDm;4116.604;0.999940;0.508156;6.400122;0.795025;1.000000;0.950327;0.310408;1.857771;5.573902;1.257822;0.337473;-3.305163;-0.395392;0.402420;ORGANIZING
2026.07.22 10:09:00;XAUUSDm;4116.240;0.492894;0.467290;5.888112;0.758638;1.000000;0.944285;0.320488;1.904124;5.580530;1.318151;0.335205;-3.900281;-0.393695;0.402828;ORGANIZING
2026.07.22 10:10:00;XAUUSDm;4116.972;0.847987;0.926934;6.524103;0.747053;1.000000;0.954895;0.336263;1.952409;5.587525;1.338593;0.329411;-3.387819;-0.393372;0.402906;ORGANIZING
2026.07.22 10:11:00;XAUUSDm;4117.412;0.464803;0.584966;6.002174;0.718949;1.000000;0.953716;0.345546;1.995827;5.594672;1.390919;0.326763;-3.994194;-0.391934;0.403252;ORGANIZING
2026.07.22 10:12:00;XAUUSDm;4117.041;0.467790;0.506637;5.522001;0.688333;1.000000;0.950163;0.352278;2.034774;5.601904;1.452785;0.325163;-4.542340;-0.390158;0.403679;ORGANIZING
2026.07.22 10:13:00;XAUUSDm;4117.715;0.444847;0.916259;5.080240;0.679730;1.000000;0.961306;0.356752;2.069612;5.609397;1.471173;0.321948;-5.061615;-0.389767;0.403773;ORGANIZING
2026.07.22 10:14:00;XAUUSDm;4117.588;0.450659;0.173758;4.673821;0.634431;1.000000;0.946228;0.359235;2.100675;5.616748;1.576216;0.323171;-5.497179;-0.386555;0.404547;ORGANIZING
2026.07.22 10:15:00;XAUUSDm;4118.297;0.460825;0.953777;4.299916;0.630398;1.000000;0.959065;0.359969;2.122478;5.624277;1.586299;0.321250;-5.919652;-0.386349;0.404597;ORGANIZING
2026.07.22 10:16:00;XAUUSDm;4117.161;0.683029;1.508592;4.812188;0.654308;1.000000;0.990898;0.367584;2.144060;5.632260;1.528332;0.315861;-5.497669;-0.388357;0.404113;ORGANIZING
2026.07.22 10:17:00;XAUUSDm;4117.947;0.446537;1.023704;4.427213;0.652778;1.000000;1.000000;0.368454;2.162959;5.640418;1.531915;0.314052;-5.928808;-0.388340;0.404117;ORGANIZING
2026.07.22 10:18:00;XAUUSDm;4118.962;0.442973;1.292961;4.073036;0.664787;1.000000;1.000000;0.367740;2.174176;5.648807;1.504241;0.311847;-6.324391;-0.389280;0.403891;ORGANIZING
2026.07.22 10:19:00;XAUUSDm;4117.705;0.448570;1.604749;3.747193;0.691785;1.000000;1.000000;0.365645;2.176950;5.657495;1.445536;0.309178;-6.687276;-0.391175;0.403434;ORGANIZING
2026.07.22 10:20:00;XAUUSDm;4119.708;0.448526;2.465595;3.447417;0.760476;1.000000;1.000000;0.362351;2.169938;5.666799;1.314967;0.303696;-7.044436;-0.395366;0.402426;ORGANIZING
2026.07.22 10:21:00;XAUUSDm;4119.635;0.452840;0.089813;3.171624;0.706942;1.000000;0.980826;0.358024;2.162741;5.675496;1.414542;0.309817;-7.252344;-0.392073;0.403218;ORGANIZING
2026.07.22 10:22:00;XAUUSDm;4119.688;0.483487;0.065245;2.917894;0.654858;1.000000;0.961311;0.352809;2.162192;5.683666;1.527050;0.315472;-7.450631;-0.388415;0.404099;ORGANIZING
2026.07.22 10:23:00;XAUUSDm;4119.503;0.451152;0.228299;2.684463;0.613530;1.000000;0.948004;0.346840;2.167753;5.691479;1.629913;0.319681;-7.649733;-0.385119;0.404893;ORGANIZING
2026.07.22 10:24:00;XAUUSDm;4121.249;0.445059;2.091118;2.469706;0.667409;1.000000;1.000000;0.340236;2.182774;5.699981;1.498331;0.313438;-7.943704;-0.389378;0.403867;ORGANIZING
2026.07.22 10:25:00;XAUUSDm;4120.758;0.448288;0.582706;2.272129;0.643174;1.000000;0.997303;0.333103;2.195651;5.708369;1.554789;0.315266;-8.136921;-0.387593;0.404297;ORGANIZING
2026.07.22 10:26:00;XAUUSDm;4120.389;0.449117;0.439464;2.090359;0.612988;1.000000;0.989437;0.325536;2.215390;5.716653;1.631352;0.317066;-8.321134;-0.385206;0.404872;ORGANIZING
2026.07.22 10:27:00;XAUUSDm;4120.243;0.449502;0.176918;1.923130;0.571185;1.000000;0.972393;0.317621;2.241583;5.724781;1.750747;0.319449;-8.491243;-0.381505;0.405764;ORGANIZING
2026.07.22 10:28:00;XAUUSDm;4119.259;0.452087;1.194059;1.769280;0.582329;1.000000;0.991268;0.309432;2.276683;5.733371;1.717243;0.315612;-8.718651;-0.382702;0.405475;ORGANIZING
2026.07.22 10:29:00;XAUUSDm;4119.409;0.449846;0.187542;1.627737;0.542589;1.000000;0.973968;0.301038;2.307904;5.741876;1.843015;0.317306;-8.874611;-0.378844;0.406406;ORGANIZING
2026.07.22 10:30:00;XAUUSDm;4119.207;0.454749;0.265454;1.497518;0.508733;1.000000;0.959706;0.292497;2.346630;5.750429;1.965669;0.317676;-9.039898;-0.375146;0.407298;ORGANIZING
2026.07.22 10:31:00;XAUUSDm;4118.752;0.466023;0.606715;1.377717;0.493632;0.996695;0.957589;0.283862;2.381142;5.759243;2.019107;0.315546;-9.208470;-0.373649;0.407659;ORGANIZING
2026.07.22 10:32:00;XAUUSDm;4118.604;0.462052;0.197297;1.267499;0.458881;0.989487;0.940914;0.275180;2.411781;5.768160;2.156305;0.314538;-9.343976;-0.369584;0.408642;ORGANIZING
2026.07.22 10:33:00;XAUUSDm;4118.967;0.468013;0.480362;1.166100;0.440165;0.978807;0.934426;0.266491;2.438863;5.777374;2.223725;0.311175;-9.483342;-0.367730;0.409090;ORGANIZING
2026.07.22 10:34:00;XAUUSDm;4118.962;0.465775;0.006967;1.072812;0.398929;0.965210;0.911292;0.257831;2.462679;5.786686;2.419502;0.309418;-9.588613;-0.361944;0.410489;ORGANIZING
2026.07.22 10:35:00;XAUUSDm;4117.676;0.503294;1.735821;1.450282;0.446470;0.968198;0.949174;0.263813;2.478862;5.796575;2.168564;0.303592;-9.309914;-0.369763;0.408598;ORGANIZING
2026.07.22 10:36:00;XAUUSDm;4117.803;0.500550;0.173493;1.825694;0.413457;0.985562;0.931259;0.269393;2.496333;5.805962;2.383712;0.310005;-8.939613;-0.362988;0.410236;ORGANIZING
2026.07.22 10:37:00;XAUUSDm;4118.239;0.569838;0.605960;2.253073;0.403371;1.000000;0.929302;0.277292;2.505592;5.815052;2.479109;0.313848;-8.531118;-0.359934;0.410975;ORGANIZING
2026.07.22 10:38:00;XAUUSDm;4117.742;0.470208;0.700237;2.072827;0.398214;1.000000;0.930990;0.272440;2.513067;5.824165;2.511212;0.314098;-8.720564;-0.358959;0.411212;ORGANIZING
2026.07.22 10:39:00;XAUUSDm;4117.198;0.513092;0.763380;2.457646;0.396472;1.000000;0.934659;0.278059;2.513397;5.833263;2.522244;0.313683;-8.355000;-0.358649;0.411287;ORGANIZING
2026.07.22 10:40:00;XAUUSDm;4117.480;0.454784;0.393305;2.261034;0.376314;1.000000;0.925444;0.273986;2.512694;5.842153;2.657355;0.316156;-8.530793;-0.354472;0.412299;ORGANIZING
2026.07.22 10:41:00;XAUUSDm;4116.638;0.450630;1.179107;2.080152;0.396454;1.000000;0.943912;0.269331;2.511045;5.851228;2.522363;0.314779;-8.728282;-0.358590;0.411301;ORGANIZING
2026.07.22 10:42:00;XAUUSDm;4116.598;0.450134;0.056302;1.913739;0.359446;1.000000;0.922272;0.264185;2.508531;5.859908;2.782059;0.319268;-8.851047;-0.350575;0.413243;ORGANIZING
2026.07.22 10:43:00;XAUUSDm;4117.054;0.452956;0.677402;1.760640;0.355344;1.000000;0.922948;0.258631;2.505227;5.868514;2.814176;0.320595;-8.990932;-0.349545;0.413493;ORGANIZING
2026.07.22 10:44:00;XAUUSDm;4117.126;0.446992;0.111860;1.619789;0.323170;1.000000;0.903612;0.252742;2.501200;5.876757;3.094350;0.324980;-9.088021;-0.340920;0.415586;ORGANIZING
2026.07.22 10:45:00;XAUUSDm;4117.317;0.448587;0.311735;1.490206;0.302598;1.000000;0.891742;0.246584;2.496513;5.884749;3.304716;0.328332;-9.183334;-0.334442;0.417160;ORGANIZING
2026.07.22 10:46:00;XAUUSDm;4117.030;0.448724;0.471714;1.370989;0.291054;0.999120;0.885672;0.240216;2.491224;5.892589;3.432767;0.330561;-9.276413;-0.330489;0.418122;ORGANIZING
2026.07.22 10:47:00;XAUUSDm;4117.047;0.449084;0.030114;1.261310;0.258024;0.994180;0.864135;0.233689;2.485386;5.900139;3.853047;0.333942;-9.340824;-0.317711;0.421234;ORGANIZING
2026.07.22 10:48:00;XAUUSDm;4117.890;0.462174;1.458679;1.160405;0.298173;0.985376;0.893123;0.227050;2.479048;5.908204;3.304707;0.327992;-9.472791;-0.334459;0.417156;ORGANIZING
2026.07.22 10:49:00;XAUUSDm;4118.766;0.488267;1.482836;1.067573;0.337699;0.973181;0.921709;0.220339;2.472254;5.916840;2.881798;0.321151;-9.598972;-0.347489;0.413992;ORGANIZING
2026.07.22 10:50:00;XAUUSDm;4119.868;0.486570;1.913992;0.982167;0.397050;0.957938;0.964151;0.213592;2.465047;5.926302;2.412639;0.311455;-9.740524;-0.362048;0.410464;ORGANIZING
2026.07.22 10:51:00;XAUUSDm;4119.321;0.493529;0.935747;0.903594;0.404826;0.940275;0.970633;0.206841;2.457463;5.936120;2.322665;0.306365;-9.825684;-0.365002;0.409749;ORGANIZING
2026.07.22 10:52:00;XAUUSDm;4119.242;0.486561;0.143183;0.831306;0.372939;0.920727;0.948911;0.200113;2.449537;5.945930;2.468844;0.304615;-9.866136;-0.360704;0.410789;ORGANIZING
2026.07.22 10:53:00;XAUUSDm;4118.162;0.475886;2.028626;0.764802;0.437308;0.899180;0.993705;0.193433;2.441303;5.956732;2.056169;0.292698;-9.999530;-0.373680;0.407652;ORGANIZING
2026.07.22 10:54:00;XAUUSDm;4118.109;0.473130;0.101501;0.703618;0.402534;0.876391;0.969248;0.186821;2.432788;5.967558;2.177183;0.289990;-10.029300;-0.370185;0.408496;ORGANIZING
2026.07.22 10:55:00;XAUUSDm;4117.325;0.522558;1.509492;1.095536;0.440354;0.872112;0.994696;0.197075;2.424171;5.978761;1.980477;0.284855;-9.693961;-0.376343;0.407009;ORGANIZING
2026.07.22 10:56:00;XAUUSDm;4117.436;0.516813;0.213873;1.483146;0.411588;0.883624;0.974265;0.206602;2.415476;5.989359;2.146865;0.291273;-9.278333;-0.371030;0.408292;ORGANIZING
2026.07.22 10:57:00;XAUUSDm;4116.852;0.456796;1.101056;1.364495;0.428389;0.889360;0.985933;0.202205;2.412284;5.999978;2.076057;0.292276;-9.403491;-0.373105;0.407791;ORGANIZING
2026.07.22 10:58:00;XAUUSDm;4117.247;0.494856;0.744861;1.255335;0.426425;0.890532;0.984573;0.197552;2.408398;6.010516;2.088365;0.293675;-9.502975;-0.372665;0.407897;ORGANIZING
2026.07.22 10:59:00;XAUUSDm;4117.411;0.570650;0.311609;1.683323;0.402874;0.908922;0.967934;0.209074;2.404099;6.020407;2.256095;0.301362;-9.057383;-0.367249;0.409206;ORGANIZING
2026.07.22 11:00:00;XAUUSDm;4116.864;0.481919;1.046690;1.548657;0.416886;0.920680;0.978008;0.205354;2.399202;6.030155;2.208467;0.304715;-9.186817;-0.368510;0.408901;ORGANIZING
2026.07.22 11:01:00;XAUUSDm;4116.506;0.659429;0.687193;2.043229;0.411988;0.950581;0.975016;0.219815;2.387576;6.039139;2.307302;0.314827;-8.672098;-0.365040;0.409740;ORGANIZING
2026.07.22 11:02:00;XAUUSDm;4116.108;0.496052;0.763183;1.879770;0.410536;0.972495;0.975296;0.216997;2.375978;6.047554;2.368840;0.323786;-8.791774;-0.362745;0.410295;ORGANIZING
2026.07.22 11:03:00;XAUUSDm;4117.449;0.512829;2.507292;2.264392;0.495924;1.000000;1.000000;0.225378;2.369135;6.056205;2.016438;0.323579;-8.476763;-0.373328;0.407737;ORGANIZING
2026.07.22 11:04:00;XAUUSDm;4117.120;0.999596;0.610526;3.014089;0.481654;1.000000;0.994257;0.251594;2.371232;6.064733;2.076178;0.322115;-7.777952;-0.371609;0.408152;ORGANIZING
2026.07.22 11:05:00;XAUUSDm;4117.538;0.527535;0.784152;3.409740;0.476779;1.000000;0.995709;0.258797;2.378572;6.073287;2.097408;0.321115;-7.415063;-0.371022;0.408294;ORGANIZING
2026.07.22 11:06:00;XAUUSDm;4118.143;0.454912;1.158028;3.136961;0.490842;1.000000;1.000000;0.259496;2.384339;6.082039;2.037318;0.319012;-7.723588;-0.372930;0.407833;ORGANIZING
2026.07.22 11:07:00;XAUUSDm;4117.059;0.995508;2.051476;3.883593;0.548873;1.000000;1.000000;0.283853;2.398640;6.091514;1.821914;0.309467;-7.121779;-0.379869;0.406158;ORGANIZING
2026.07.22 11:08:00;XAUUSDm;4117.006;0.452600;0.104093;3.572905;0.506634;1.000000;0.978578;0.285195;2.410771;6.100688;1.973811;0.312246;-7.426349;-0.375173;0.407292;ORGANIZING
2026.07.22 11:09:00;XAUUSDm;4118.645;0.573653;3.171440;4.003145;0.619874;1.000000;1.000000;0.292447;2.428073;6.111167;1.613230;0.299366;-7.168937;-0.386635;0.404528;ORGANIZING
2026.07.22 11:10:00;XAUUSDm;4118.233;0.442475;0.849520;3.682894;0.611357;1.000000;1.000000;0.293837;2.442940;6.121710;1.635706;0.298674;-7.523728;-0.385995;0.404682;ORGANIZING
2026.07.22 11:11:00;XAUUSDm;4118.277;0.447966;0.090834;3.388262;0.565331;1.000000;0.978463;0.293877;2.455572;6.131919;1.768876;0.301679;-7.807886;-0.381850;0.405681;ORGANIZING
2026.07.22 11:12:00;XAUUSDm;4120.102;0.451820;3.510696;3.117201;0.692599;1.000000;1.000000;0.292736;2.466153;6.143507;1.443837;0.289730;-8.236683;-0.392198;0.403188;ORGANIZING
2026.07.22 11:13:00;XAUUSDm;4119.532;0.444368;1.080487;2.867825;0.691993;1.000000;1.000000;0.290568;2.474853;6.155175;1.445101;0.289234;-8.510185;-0.392185;0.403191;ORGANIZING
2026.07.22 11:14:00;XAUUSDm;4119.059;0.449804;0.942081;2.638399;0.684498;1.000000;1.000000;0.287511;2.481826;6.166839;1.460925;0.289533;-8.751612;-0.391696;0.403309;ORGANIZING
2026.07.22 11:15:00;XAUUSDm;4119.366;0.440063;0.615971;2.427327;0.661071;1.000000;0.996622;0.283689;2.482735;6.178277;1.512696;0.291758;-8.944869;-0.390031;0.403710;ORGANIZING
2026.07.22 11:16:00;XAUUSDm;4121.115;0.436495;3.325095;2.233141;0.774273;1.000000;1.000000;0.279214;2.477821;6.190798;1.291535;0.283181;-9.245999;-0.397095;0.402011;ORGANIZING
2026.07.22 11:17:00;XAUUSDm;4122.301;0.435030;2.168983;2.054490;0.824008;1.000000;1.000000;0.274186;2.472332;6.203761;1.213580;0.280071;-9.466315;-0.399589;0.401411;ORGANIZING
2026.07.22 11:18:00;XAUUSDm;4121.928;0.435617;0.697744;1.890130;0.797695;1.000000;0.999018;0.268694;2.466318;6.216401;1.253612;0.283069;-9.593991;-0.398238;0.401736;ORGANIZING
2026.07.22 11:19:00;XAUUSDm;4121.126;0.436624;1.464519;1.738920;0.811036;1.000000;1.000000;0.262820;2.454543;6.229057;1.232991;0.283415;-9.735899;-0.398840;0.401591;ORGANIZING
2026.07.22 11:20:00;XAUUSDm;4121.838;0.435385;1.276397;1.599806;0.814304;1.000000;1.000000;0.256635;2.442782;6.241628;1.228042;0.284599;-9.854958;-0.398929;0.401570;ORGANIZING
2026.07.22 11:21:00;XAUUSDm;4121.769;0.435266;0.125432;1.471822;0.759861;1.000000;0.978372;0.250202;2.436282;6.253589;1.316031;0.290163;-9.914596;-0.396011;0.402271;ORGANIZING
2026.07.22 11:22:00;XAUUSDm;4121.294;0.435312;0.853334;1.354076;0.744534;0.996410;0.982753;0.243579;2.429357;6.265400;1.338300;0.291564;-10.005322;-0.395273;0.402449;ORGANIZING
2026.07.22 11:23:00;XAUUSDm;4120.964;0.436902;0.593547;1.245750;0.717057;0.988890;0.977656;0.236817;2.427397;6.277067;1.379096;0.292461;-10.087911;-0.394004;0.402754;ORGANIZING
2026.07.22 11:24:00;XAUUSDm;4120.376;0.437287;1.035868;1.146090;0.713219;0.977836;0.987982;0.229959;2.433940;6.288982;1.371018;0.289548;-10.206072;-0.394392;0.402660;ORGANIZING
2026.07.22 11:25:00;XAUUSDm;4119.479;0.440880;1.602186;1.054403;0.738111;0.963583;1.000000;0.223045;2.445324;6.301544;1.305472;0.282868;-10.358407;-0.396692;0.402107;ORGANIZING
2026.07.22 11:26:00;XAUUSDm;4117.656;0.467819;3.070161;0.970051;0.835442;0.946236;1.000000;0.216111;2.454766;6.315522;1.132617;0.269866;-10.576430;-0.402528;0.400705;ORGANIZING
2026.07.22 11:27:00;XAUUSDm;4118.096;0.448653;0.740915;0.892447;0.811791;0.926729;0.998496;0.209185;2.472404;6.329829;1.141586;0.265281;-10.685622;-0.402488;0.400715;ORGANIZING
2026.07.22 11:28:00;XAUUSDm;4118.734;0.441565;1.069250;0.821051;0.806129;0.905330;1.000000;0.202296;2.487560;6.344659;1.123058;0.258963;-10.804120;-0.403360;0.400505;ORGANIZING
2026.07.22 11:29:00;XAUUSDm;4118.706;0.699270;0.047752;1.345503;0.750104;0.908059;0.973752;0.218404;2.501699;6.359016;1.210578;0.261673;-10.295762;-0.400599;0.401168;ORGANIZING
2026.07.22 11:30:00;XAUUSDm;4119.023;0.450956;0.539979;1.237863;0.721436;0.905658;0.966214;0.212866;2.513641;6.373254;1.255354;0.262666;-10.404182;-0.399206;0.401503;ORGANIZING
2026.07.22 11:31:00;XAUUSDm;4119.567;0.442632;0.936156;1.138834;0.714059;0.899469;0.972612;0.207174;2.523567;6.387641;1.259656;0.261109;-10.524878;-0.399155;0.401515;ORGANIZING
2026.07.22 11:32:00;XAUUSDm;4119.454;0.454922;0.193971;1.047727;0.670065;0.890120;0.952611;0.201370;2.531644;6.401855;1.328408;0.261563;-10.600101;-0.397070;0.402017;ORGANIZING
2026.07.22 11:33:00;XAUUSDm;4119.601;0.668203;0.255040;1.548879;0.631512;0.902271;0.935244;0.216359;2.532175;6.415447;1.428749;0.266941;-10.092877;-0.393791;0.402805;ORGANIZING
2026.07.22 11:34:00;XAUUSDm;4119.748;0.451023;0.254378;1.424969;0.594610;0.908435;0.918986;0.211737;2.531648;6.428541;1.527784;0.272150;-10.176517;-0.390559;0.403583;ORGANIZING
2026.07.22 11:35:00;XAUUSDm;4118.431;0.445315;2.193538;1.310971;0.656387;0.909588;0.971006;0.206850;2.530154;6.442214;1.385748;0.268047;-10.352050;-0.395025;0.402508;ORGANIZING
2026.07.22 11:36:00;XAUUSDm;4118.704;0.434093;0.454909;1.206094;0.628122;0.906651;0.960182;0.201751;2.527773;6.455640;1.443433;0.270026;-10.430067;-0.393196;0.402948;ORGANIZING
2026.07.22 11:37:00;XAUUSDm;4117.827;0.430985;1.420657;1.109606;0.649615;0.899912;0.983360;0.196488;2.524583;6.469384;1.385300;0.266982;-10.551624;-0.395092;0.402492;ORGANIZING
2026.07.22 11:38:00;XAUUSDm;4118.686;0.432545;1.390778;1.020838;0.668675;0.889844;1.000000;0.191102;2.520653;6.483480;1.330757;0.263234;-10.664985;-0.396916;0.402054;ORGANIZING
2026.07.22 11:39:00;XAUUSDm;4118.561;0.434306;0.207428;0.939171;0.627816;0.877135;0.978949;0.185630;2.516048;6.497376;1.397121;0.263444;-10.712243;-0.394914;0.402535;ORGANIZING
2026.07.22 11:40:00;XAUUSDm;4116.831;0.431908;2.812185;0.864037;0.719492;0.861578;1.000000;0.180106;2.510825;6.512448;1.197482;0.252631;-10.888186;-0.401444;0.400965;ORGANIZING
2026.07.22 11:41:00;XAUUSDm;4117.221;0.433087;0.637213;0.794914;0.698146;0.844048;0.993606;0.174556;2.505040;6.527599;1.208984;0.249885;-10.945976;-0.401236;0.401015;ORGANIZING
2026.07.22 11:42:00;XAUUSDm;4116.294;0.433195;1.473768;0.731321;0.720046;0.824665;1.000000;0.169008;2.498742;6.543293;1.145295;0.243422;-11.042855;-0.403470;0.400479;ORGANIZING
2026.07.22 11:43:00;XAUUSDm;4113.651;0.432367;4.002969;0.672815;0.867699;0.803148;1.000000;0.163483;2.491978;6.560827;0.925606;0.227962;-11.263486;-0.410834;0.398712;ORGANIZING
2026.07.22 11:44:00;XAUUSDm;4115.179;0.435191;2.215263;0.618990;0.919014;0.780227;1.000000;0.158000;2.484789;6.579261;0.848982;0.219054;-11.384637;-0.413578;0.398055;ORGANIZING
2026.07.22 11:45:00;XAUUSDm;4116.030;0.438176;1.231370;0.569471;0.919028;0.756390;1.000000;0.152576;2.477214;6.598095;0.823033;0.213139;-11.450843;-0.414652;0.397797;ORGANIZING
2026.07.22 11:46:00;XAUUSDm;4116.114;0.448747;0.121640;0.523913;0.864031;0.732111;0.974598;0.147225;2.469290;6.616786;0.847320;0.210344;-11.457823;-0.414063;0.397938;ORGANIZING
2026.07.22 11:47:00;XAUUSDm;4118.425;0.519838;3.187147;0.913791;0.965544;0.726611;1.000000;0.159358;2.457157;6.636481;0.752541;0.202847;-11.194652;-0.417281;0.397167;ORGANIZING
2026.07.22 11:48:00;XAUUSDm;4118.941;0.598170;0.709259;1.362419;0.938198;0.739936;0.995402;0.173821;2.450285;6.655567;0.788678;0.207713;-10.739622;-0.415954;0.397485;ORGANIZING
2026.07.22 11:49:00;XAUUSDm;4120.119;0.457063;1.575288;1.253425;0.955253;0.747459;1.000000;0.170580;2.438954;6.674560;0.782472;0.209678;-10.847998;-0.416042;0.397464;ORGANIZING
2026.07.22 11:50:00;XAUUSDm;4119.512;0.505984;0.810414;1.632913;0.933062;0.770036;0.999335;0.181025;2.430710;6.692797;0.825278;0.217230;-10.446381;-0.414380;0.397862;ORGANIZING
2026.07.22 11:51:00;XAUUSDm;4120.203;0.489964;0.914432;1.502280;0.916730;0.786016;1.000000;0.178506;2.422191;6.710466;0.857413;0.223463;-10.540293;-0.413104;0.398168;ORGANIZING
2026.07.22 11:52:00;XAUUSDm;4119.171;0.560727;1.343155;1.922825;0.922331;0.817360;1.000000;0.190608;2.418831;6.727530;0.886190;0.231431;-10.128553;-0.411843;0.398470;ORGANIZING
2026.07.22 11:53:00;XAUUSDm;4118.947;0.487709;0.300268;1.768999;0.874881;0.841111;0.982181;0.188769;2.408938;6.743546;0.961401;0.242214;-10.203730;-0.409047;0.399141;ORGANIZING
2026.07.22 11:54:00;XAUUSDm;4119.538;0.603046;0.786699;2.221283;0.853649;0.880309;0.981946;0.201944;2.404856;6.758525;1.031230;0.254391;-9.724184;-0.406344;0.399789;ORGANIZING
2026.07.22 11:55:00;XAUUSDm;4119.472;0.465234;0.088686;2.043581;0.797795;0.910946;0.957750;0.200732;2.400158;6.772286;1.141830;0.268029;-9.817335;-0.402344;0.400749;ORGANIZING
2026.07.22 11:56:00;XAUUSDm;4121.223;0.446478;2.282563;1.880094;0.853814;0.933888;1.000000;0.198870;2.394897;6.786095;1.093784;0.270882;-10.013462;-0.403642;0.400438;ORGANIZING
2026.07.22 11:57:00;XAUUSDm;4122.459;0.439868;1.604861;1.729687;0.872689;0.950007;1.000000;0.196447;2.389124;6.799713;1.088598;0.274707;-10.163849;-0.403607;0.400446;ORGANIZING
2026.07.22 11:58:00;XAUUSDm;4122.221;0.442243;0.307549;1.591312;0.825432;0.960245;0.982640;0.193543;2.382883;6.812591;1.163325;0.282271;-10.239318;-0.400987;0.401075;ORGANIZING
2026.07.22 11:59:00;XAUUSDm;4122.429;0.441323;0.279105;1.464007;0.778911;0.965236;0.964790;0.190231;2.376217;6.824838;1.239213;0.288530;-10.307402;-0.398397;0.401698;ORGANIZING
2026.07.22 12:00:00;XAUUSDm;4124.650;0.436738;2.842262;1.346886;0.862773;0.965040;1.000000;0.186576;2.369164;6.837856;1.118532;0.282298;-10.500184;-0.402329;0.400753;ORGANIZING
2026.07.22 12:01:00;XAUUSDm;4125.839;0.436106;1.478267;1.239135;0.874247;0.960513;1.000000;0.182635;2.361760;6.851006;1.098674;0.280963;-10.614396;-0.402992;0.400594;ORGANIZING
2026.07.22 12:02:00;XAUUSDm;4124.437;0.436453;1.761616;1.140004;0.899406;0.952106;1.000000;0.178459;2.354038;6.864499;1.058595;0.277428;-10.736789;-0.404371;0.400263;ORGANIZING
2026.07.22 12:03:00;XAUUSDm;4125.515;0.434957;1.337436;1.048804;0.902265;0.940389;1.000000;0.174096;2.346028;6.878174;1.042253;0.274775;-10.831495;-0.404994;0.400113;ORGANIZING
2026.07.22 12:04:00;XAUUSDm;4125.134;0.435366;0.473775;0.964900;0.862033;0.925980;0.987675;0.169587;2.337757;6.891652;1.074182;0.274822;-10.877493;-0.404033;0.400344;ORGANIZING
2026.07.22 12:05:00;XAUUSDm;4125.963;0.435389;1.017652;0.887708;0.851294;0.909141;0.994660;0.164967;2.329251;6.905275;1.067952;0.271750;-10.948155;-0.404374;0.400262;ORGANIZING
2026.07.22 12:06:00;XAUUSDm;4125.019;0.435752;1.182187;0.816691;0.849656;0.890193;1.000000;0.160270;2.320532;6.919173;1.047710;0.267288;-11.023548;-0.405204;0.400063;ORGANIZING
2026.07.22 12:07:00;XAUUSDm;4123.999;0.437586;1.282696;0.751356;0.853504;0.869439;1.000000;0.155523;2.310554;6.933425;1.018670;0.261912;-11.098287;-0.406344;0.399789;ORGANIZING
2026.07.22 12:08:00;XAUUSDm;4124.204;0.437934;0.258891;0.691247;0.806385;0.847414;0.979504;0.150752;2.305713;6.947597;1.050880;0.259716;-11.128251;-0.405488;0.399995;ORGANIZING
2026.07.22 12:09:00;XAUUSDm;4124.724;0.438812;0.661409;0.635948;0.782188;0.824275;0.973647;0.145980;2.300359;6.961937;1.053808;0.255310;-11.176579;-0.405620;0.399963;ORGANIZING
2026.07.22 12:10:00;XAUUSDm;4125.340;0.437643;0.785434;0.585072;0.765864;0.800228;0.972169;0.141224;2.299336;6.976585;1.044869;0.249570;-11.238269;-0.406175;0.399830;ORGANIZING
2026.07.22 12:11:00;XAUUSDm;4124.541;0.439384;1.000150;0.538266;0.761574;0.775434;0.978091;0.136503;2.297479;6.991666;1.018200;0.242660;-11.307505;-0.407321;0.399555;ORGANIZING
2026.07.22 12:12:00;XAUUSDm;4125.472;0.437494;1.152228;0.495205;0.765598;0.750052;0.988964;0.131831;2.300268;7.007324;0.979694;0.234560;-11.391864;-0.408881;0.399180;ORGANIZING
2026.07.22 12:13:00;XAUUSDm;4125.812;0.437278;0.420688;0.455588;0.733352;0.724431;0.973688;0.127221;2.301901;7.023188;0.987836;0.229071;-11.434763;-0.408911;0.399173;ORGANIZING
2026.07.22 12:14:00;XAUUSDm;4126.862;0.437252;1.284498;0.419141;0.746420;0.698506;0.989019;0.122682;2.308413;7.039766;0.935807;0.219828;-11.530729;-0.410934;0.398688;ORGANIZING
2026.07.22 12:15:00;XAUUSDm;4125.900;0.438241;1.174976;0.385610;0.753878;0.672445;0.999822;0.118224;2.313450;7.056991;0.891982;0.211092;-11.616162;-0.412686;0.398268;ORGANIZING
2026.07.22 12:16:00;XAUUSDm;4125.912;0.440293;0.015335;0.354761;0.703502;0.646655;0.969503;0.113856;2.317136;7.074264;0.919194;0.206303;-11.638334;-0.412109;0.398407;ORGANIZING
2026.07.22 12:17:00;XAUUSDm;4126.008;0.443125;0.123769;0.326380;0.661582;0.621191;0.943887;0.109582;2.319584;7.091652;0.938948;0.200984;-11.663994;-0.411782;0.398485;ORGANIZING
2026.07.22 12:18:00;XAUUSDm;4127.063;0.441040;1.345698;0.300270;0.683364;0.595829;0.961786;0.105408;2.320896;7.109778;0.871905;0.191605;-11.749652;-0.414263;0.397890;ORGANIZING
2026.07.22 12:19:00;XAUUSDm;4126.014;0.443837;1.304078;0.276248;0.702483;0.570668;0.977455;0.101339;2.321169;7.128601;0.812359;0.182614;-11.829184;-0.416499;0.397355;ORGANIZING
2026.07.22 12:20:00;XAUUSDm;4129.110;0.442153;3.600084;0.254148;0.835950;0.545220;1.000000;0.097377;2.320491;7.149261;0.652216;0.167563;-12.021578;-0.422055;0.396025;ORGANIZING
2026.07.22 12:21:00;XAUUSDm;4128.490;0.447039;0.719675;0.233817;0.819232;0.520316;0.993597;0.093525;2.318942;7.170236;0.635127;0.161004;-12.060268;-0.422896;0.395824;ORGANIZING
2026.07.22 12:22:00;XAUUSDm;4128.064;0.443773;0.490919;0.215111;0.792410;0.496053;0.979276;0.089784;2.316596;7.191405;0.626006;0.155075;-12.085410;-0.423466;0.395688;ORGANIZING
2026.07.22 12:23:00;XAUUSDm;4129.031;0.444263;1.093693;0.197902;0.797553;0.472307;0.986423;0.086155;2.313522;7.213070;0.592195;0.147724;-12.139768;-0.424848;0.395357;ORGANIZING
2026.07.22 12:24:00;XAUUSDm;4129.352;0.442691;0.361633;0.182070;0.766311;0.449294;0.967571;0.082639;2.309783;7.234845;0.586308;0.142239;-12.154634;-0.425299;0.395249;ORGANIZING
2026.07.22 12:25:00;XAUUSDm;4128.937;0.445909;0.477231;0.167505;0.742871;0.426997;0.953302;0.079235;2.305436;7.256788;0.574792;0.136528;-12.174500;-0.425930;0.395099;ORGANIZING
2026.07.22 12:26:00;XAUUSDm;4129.140;0.442701;0.233817;0.154104;0.708878;0.405483;0.930893;0.075943;2.300534;7.278773;0.572007;0.131422;-12.181019;-0.426269;0.395018;ORGANIZING
2026.07.22 12:27:00;XAUUSDm;4130.834;0.439554;1.915120;0.141776;0.761081;0.384333;0.967999;0.072763;2.295127;7.301648;0.504983;0.122830;-12.272401;-0.428709;0.394435;ORGANIZING
2026.07.22 12:28:00;XAUUSDm;4132.138;0.439094;1.459527;0.130434;0.788316;0.363697;0.987749;0.069692;2.289260;7.325150;0.461359;0.115560;-12.337239;-0.430381;0.394035;AGING
2026.07.22 12:29:00;XAUUSDm;4132.457;0.439505;0.355503;0.119999;0.759402;0.343870;0.968060;0.066729;2.282973;7.348696;0.452816;0.110601;-12.343633;-0.430885;0.393915;AGING
2026.07.22 12:30:00;XAUUSDm;4132.410;0.440358;0.054420;0.110399;0.717275;0.324912;0.938418;0.063872;2.276305;7.372134;0.452981;0.106269;-12.334453;-0.431097;0.393864;AGING
2026.07.22 12:31:00;XAUUSDm;4130.164;0.442071;2.493395;0.101567;0.799583;0.306197;0.995078;0.061120;2.269290;7.396699;0.382946;0.097827;-12.449339;-0.433620;0.393262;AGING
2026.07.22 12:32:00;XAUUSDm;4129.264;0.445512;0.999733;0.093442;0.803467;0.288131;0.997380;0.058471;2.261962;7.421590;0.358610;0.092235;-12.484348;-0.434630;0.393021;AGING
2026.07.22 12:33:00;XAUUSDm;4129.417;0.446253;0.179907;0.085966;0.766526;0.270912;0.970815;0.055921;2.254348;7.446381;0.353428;0.088050;-12.476566;-0.434995;0.392934;AGING
2026.07.22 12:34:00;XAUUSDm;4127.639;0.482993;2.078463;0.079089;0.826705;0.254041;1.000000;0.053469;2.246477;7.472032;0.307294;0.081250;-12.565497;-0.436719;0.392523;AGING
2026.07.22 12:35:00;XAUUSDm;4127.358;0.461338;0.332923;0.072762;0.796935;0.237968;0.978524;0.051112;2.238373;7.497625;0.298604;0.077102;-12.562799;-0.437187;0.392412;AGING
2026.07.22 12:36:00;XAUUSDm;4126.605;0.490168;0.878216;0.066941;0.796239;0.222530;0.976802;0.048847;2.230059;7.523438;0.279477;0.072364;-12.588018;-0.437997;0.392218;AGING
2026.07.22 12:37:00;XAUUSDm;4124.732;0.465174;2.207009;0.061586;0.862327;0.207386;1.000000;0.046672;2.221557;7.550129;0.240495;0.066246;-12.679944;-0.439473;0.391867;AGING
2026.07.22 12:38:00;XAUUSDm;4126.714;0.544327;2.257455;0.469831;0.927936;0.212652;1.000000;0.064751;2.212145;7.577277;0.229167;0.066354;-12.376521;-0.439807;0.391787;AGING
2026.07.22 12:39:00;XAUUSDm;4126.908;0.477916;0.226028;0.432245;0.888587;0.215215;0.975177;0.063393;2.202644;7.603885;0.242199;0.068222;-12.377086;-0.439323;0.391902;AGING
2026.07.22 12:40:00;XAUUSDm;4127.508;0.458033;0.699170;0.397665;0.874812;0.216134;0.967736;0.061952;2.193066;7.630241;0.247063;0.069056;-12.401290;-0.439135;0.391947;AGING
2026.07.22 12:41:00;XAUUSDm;4127.369;0.468300;0.164085;0.365852;0.834953;0.215744;0.941776;0.060445;2.183421;7.656110;0.258391;0.070074;-12.397199;-0.438745;0.392040;AGING
2026.07.22 12:42:00;XAUUSDm;4125.639;0.451119;2.009105;0.336584;0.889346;0.213776;0.981248;0.058886;2.173719;7.682465;0.240375;0.068475;-12.486661;-0.439365;0.391892;AGING
2026.07.22 12:43:00;XAUUSDm;4127.349;0.457428;1.919623;0.309657;0.936584;0.210449;1.000000;0.057288;2.163968;7.709261;0.224698;0.066643;-12.568252;-0.439927;0.391758;AGING
2026.07.22 12:44:00;XAUUSDm;4127.247;0.458404;0.115775;0.284884;0.891335;0.206380;0.971057;0.055663;2.154176;7.735589;0.231540;0.066549;-12.555336;-0.439726;0.391806;AGING
2026.07.22 12:45:00;XAUUSDm;4124.843;0.447590;2.591132;0.262094;0.972197;0.201084;1.000000;0.054019;2.144351;7.762733;0.206834;0.063422;-12.668492;-0.440624;0.391592;AGING
2026.07.22 12:46:00;XAUUSDm;4122.008;0.442471;2.985908;0.241126;1.000000;0.194965;1.000000;0.052366;2.134499;7.790178;0.194965;0.061178;-12.727818;-0.441092;0.391481;AGING
2026.07.22 12:47:00;XAUUSDm;4122.388;0.391458;0.407577;0.221836;0.966480;0.188448;0.981098;0.050713;2.124627;7.817320;0.194984;0.059980;-12.724196;-0.441151;0.391467;AGING
2026.07.22 12:48:00;XAUUSDm;4120.311;0.386808;2.143181;0.204089;1.000000;0.181293;1.000000;0.049064;2.114741;7.844842;0.181293;0.057302;-12.787070;-0.441696;0.391337;AGING
2026.07.22 12:49:00;XAUUSDm;4118.840;0.388650;1.479314;0.187762;1.000000;0.173766;1.000000;0.047427;2.104845;7.872415;0.173766;0.055124;-12.815431;-0.442031;0.391257;AGING
2026.07.22 12:50:00;XAUUSDm;4119.278;0.389287;0.456859;0.172741;0.969368;0.166101;0.982650;0.045807;2.094944;7.899736;0.171350;0.053407;-12.811764;-0.442189;0.391219;AGING
2026.07.22 12:51:00;XAUUSDm;4118.650;0.391591;0.662797;0.158922;0.950717;0.158303;0.973058;0.044208;2.085043;7.926928;0.166509;0.051397;-12.818922;-0.442435;0.391161;AGING
2026.07.22 12:52:00;XAUUSDm;4119.128;0.394308;0.514521;0.146208;0.925741;0.150462;0.958557;0.042633;2.075145;7.953927;0.162532;0.049437;-12.818555;-0.442652;0.391109;AGING
2026.07.22 12:53:00;XAUUSDm;4117.602;0.392618;1.626900;0.134511;0.957790;0.142347;0.983441;0.041086;2.065255;7.981311;0.148621;0.046456;-12.874924;-0.443219;0.390974;AGING
2026.07.22 12:54:00;XAUUSDm;4117.916;0.396596;0.335241;0.123751;0.923816;0.134347;0.962192;0.039570;2.055375;8.008416;0.145426;0.044504;-12.864025;-0.443412;0.390928;AGING
2026.07.22 12:55:00;XAUUSDm;4118.054;0.397505;0.149542;0.113850;0.882415;0.126533;0.935134;0.038086;2.045509;8.035164;0.143394;0.042661;-12.844387;-0.443565;0.390892;AGING
2026.07.22 12:56:00;XAUUSDm;4110.536;0.391600;7.130798;0.104742;1.000000;0.118146;1.000000;0.036638;2.035660;8.063158;0.118146;0.038455;-12.984864;-0.444533;0.390661;AGING
2026.07.22 12:57:00;XAUUSDm;4113.790;0.400654;2.960927;0.096363;1.000000;0.109834;1.000000;0.035225;2.025829;8.091220;0.109834;0.035881;-13.007131;-0.444911;0.390571;AGING
2026.07.22 12:58:00;XAUUSDm;4113.972;0.398633;0.165677;0.088654;0.956087;0.101841;0.972032;0.033849;2.019512;8.118939;0.106518;0.033840;-12.991253;-0.445112;0.390523;AGING
2026.07.22 12:59:00;XAUUSDm;4112.985;0.397903;0.890907;0.081562;0.950791;0.093990;0.970377;0.032511;2.012921;8.146696;0.098854;0.031369;-13.012800;-0.445466;0.390439;AGING
2026.07.22 13:00:00;XAUUSDm;4118.574;0.410536;4.629262;0.075037;1.000000;0.086031;1.000000;0.031212;2.006083;8.175036;0.086031;0.028325;-13.088558;-0.446003;0.390312;AGING
2026.07.22 13:01:00;XAUUSDm;4117.132;0.407967;1.181793;0.069034;1.000000;0.078236;1.000000;0.029951;1.999021;8.203462;0.078236;0.025829;-13.114136;-0.446361;0.390226;AGING
2026.07.22 13:02:00;XAUUSDm;4118.970;0.424067;1.484269;0.063511;1.000000;0.070620;1.000000;0.028730;1.991756;8.231967;0.070620;0.023380;-13.138808;-0.446712;0.390143;AGING
2026.07.22 13:03:00;XAUUSDm;4118.499;0.413416;0.379551;0.058430;0.967565;0.063353;0.979290;0.027547;1.984310;8.260219;0.065476;0.021263;-13.129715;-0.446973;0.390081;AGING
2026.07.22 13:04:00;XAUUSDm;4119.154;0.417025;0.531207;0.053756;0.944480;0.056389;0.964571;0.026404;1.976699;8.288303;0.059704;0.019131;-13.128845;-0.447252;0.390014;AGING
2026.07.22 13:05:00;XAUUSDm;4118.881;0.430735;0.223906;0.049455;0.907324;0.049800;0.939572;0.025299;1.968942;8.316069;0.054886;0.017163;-13.112620;-0.447495;0.389956;AGING
2026.07.22 13:06:00;XAUUSDm;4119.111;0.487882;0.187967;0.045499;0.870360;0.043580;0.914151;0.024232;1.961054;8.343512;0.050071;0.015261;-13.095364;-0.447735;0.389899;AGING
2026.07.22 13:07:00;XAUUSDm;4117.980;0.450116;0.908930;0.041859;0.871417;0.037538;0.914817;0.023202;1.953048;8.371006;0.043077;0.013182;-13.115526;-0.448049;0.389825;AGING
2026.07.22 13:08:00;XAUUSDm;4119.319;0.680347;1.071200;0.552119;0.880655;0.056389;0.921102;0.047555;1.946763;8.398152;0.064031;0.019614;-12.658936;-0.447098;0.390051;AGING
2026.07.22 13:09:00;XAUUSDm;4121.114;0.533273;1.419062;0.952074;0.906448;0.090841;0.940195;0.065175;1.944673;8.424847;0.100217;0.031150;-12.308074;-0.445436;0.390446;AGING
2026.07.22 13:10:00;XAUUSDm;4122.499;0.482895;1.125376;0.875908;0.915577;0.119479;0.948958;0.065724;1.941981;8.451033;0.130495;0.040871;-12.386634;-0.444042;0.390778;AGING
2026.07.22 13:11:00;XAUUSDm;4123.094;0.452101;0.483661;0.805836;0.891592;0.143690;0.934973;0.065942;1.938740;8.476462;0.161161;0.049612;-12.427892;-0.442685;0.391101;AGING
2026.07.22 13:12:00;XAUUSDm;4123.484;0.454227;0.317207;0.741369;0.859999;0.163958;0.915659;0.065868;1.934998;8.501133;0.190650;0.057311;-12.457537;-0.441415;0.391404;AGING
2026.07.22 13:13:00;XAUUSDm;4123.654;0.429780;0.140086;0.682059;0.820724;0.180729;0.890819;0.065540;1.930799;8.525034;0.220207;0.064155;-12.475647;-0.440186;0.391697;AGING
2026.07.22 13:14:00;XAUUSDm;4125.642;0.413551;1.594380;0.627495;0.855792;0.194040;0.917738;0.064991;1.926182;8.548973;0.226737;0.068157;-12.565578;-0.439790;0.391791;AGING
2026.07.22 13:15:00;XAUUSDm;4126.036;0.413011;0.316095;0.577295;0.824927;0.204549;0.898955;0.064252;1.921186;8.572343;0.247960;0.072784;-12.586300;-0.438922;0.391998;AGING
2026.07.22 13:16:00;XAUUSDm;4125.868;0.382392;0.134857;0.531111;0.786332;0.212610;0.874460;0.063348;1.915843;8.595112;0.270382;0.076879;-12.596107;-0.438045;0.392207;AGING
2026.07.22 13:17:00;XAUUSDm;4125.651;0.385568;0.178422;0.488623;0.751684;0.218491;0.852316;0.062305;1.910187;8.617361;0.290669;0.080205;-12.606916;-0.437270;0.392392;AGING
2026.07.22 13:18:00;XAUUSDm;4127.288;0.380849;1.338643;0.449533;0.776663;0.222174;0.871518;0.061145;1.904245;8.639727;0.286063;0.081025;-12.675461;-0.437367;0.392369;AGING
2026.07.22 13:19:00;XAUUSDm;4130.554;0.374255;2.547940;0.413570;0.860783;0.223627;0.932333;0.059886;1.898044;8.662842;0.259795;0.079337;-12.802286;-0.438239;0.392161;AGING
2026.07.22 13:20:00;XAUUSDm;4129.014;0.384425;1.174067;0.380485;0.871975;0.223436;0.942890;0.058546;1.891608;8.686010;0.256241;0.079173;-12.854371;-0.438354;0.392133;AGING
2026.07.22 13:21:00;XAUUSDm;4130.866;0.375946;1.420463;0.350046;0.894930;0.221747;0.961654;0.057140;1.884960;8.709374;0.247781;0.078162;-12.916712;-0.438658;0.392061;AGING
2026.07.22 13:22:00;XAUUSDm;4131.922;0.376518;0.808007;0.322042;0.886149;0.218900;0.958276;0.055683;1.878120;8.732638;0.247024;0.077625;-12.945453;-0.438708;0.392049;AGING
2026.07.22 13:23:00;XAUUSDm;4133.451;0.373685;1.145799;0.296279;0.894754;0.214975;0.966788;0.054187;1.871108;8.755997;0.240261;0.076231;-12.990089;-0.438981;0.391984;AGING
2026.07.22 13:24:00;XAUUSDm;4133.528;0.374577;0.059212;0.272576;0.848677;0.210387;0.936920;0.052663;1.863941;8.778916;0.247900;0.076082;-12.977837;-0.438759;0.392037;AGING
2026.07.22 13:25:00;XAUUSDm;4132.632;0.376010;0.682552;0.250770;0.836163;0.205098;0.929860;0.051120;1.856634;8.801742;0.245285;0.074746;-12.997546;-0.438904;0.392002;AGING
2026.07.22 13:26:00;XAUUSDm;4132.925;0.377415;0.224776;0.230709;0.801492;0.199334;0.906971;0.049567;1.849203;8.824262;0.248704;0.073820;-12.993252;-0.438848;0.392016;AGING
2026.07.22 13:27:00;XAUUSDm;4133.614;0.378000;0.538349;0.212252;0.784348;0.193111;0.895804;0.048012;1.841661;8.846660;0.246206;0.072217;-13.004991;-0.439003;0.391979;AGING
2026.07.22 13:28:00;XAUUSDm;4131.584;0.380989;1.584947;0.195272;0.820516;0.186258;0.921605;0.046460;1.836021;8.869500;0.227001;0.068908;-13.073450;-0.439745;0.391802;AGING
2026.07.22 13:29:00;XAUUSDm;4131.899;0.386134;0.245476;0.179650;0.788039;0.179210;0.899566;0.044918;1.834566;8.892142;0.227413;0.067182;-13.080288;-0.439818;0.391784;AGING
2026.07.22 13:30:00;XAUUSDm;4137.069;0.385671;3.761039;0.165278;0.933104;0.171156;1.000000;0.043391;1.832499;8.916375;0.183426;0.060931;-13.264825;-0.441451;0.391395;AGING
2026.07.22 13:31:00;XAUUSDm;4140.795;0.387528;2.576122;0.152056;1.000000;0.162586;1.000000;0.041883;1.829874;8.941422;0.162586;0.056615;-13.370294;-0.442292;0.391195;AGING
2026.07.22 13:32:00;XAUUSDm;4142.795;0.387388;1.377638;0.139891;1.000000;0.153910;1.000000;0.040397;1.826740;8.966611;0.153910;0.053681;-13.407082;-0.442699;0.391098;AGING
2026.07.22 13:33:00;XAUUSDm;4143.277;0.393623;0.337724;0.128700;0.963808;0.145364;0.978234;0.038936;1.823140;8.991573;0.150823;0.051440;-13.405469;-0.442903;0.391049;AGING
2026.07.22 13:34:00;XAUUSDm;4142.116;0.382753;0.801585;0.118404;0.952790;0.136859;0.973414;0.037504;1.819115;9.016555;0.143640;0.048714;-13.427320;-0.443255;0.390966;AGING
2026.07.22 13:35:00;XAUUSDm;4140.868;0.395769;0.875630;0.108932;0.946194;0.128410;0.971304;0.036103;1.814703;9.041596;0.135713;0.045910;-13.452059;-0.443633;0.390876;AGING
2026.07.22 13:36:00;XAUUSDm;4141.810;0.395309;0.678968;0.100217;0.930265;0.120099;0.962336;0.034733;1.809938;9.066596;0.129102;0.043280;-13.465888;-0.443963;0.390797;AGING
2026.07.22 13:37:00;XAUUSDm;4141.317;0.398960;0.354763;0.092200;0.899088;0.112028;0.942287;0.033398;1.804853;9.091395;0.124601;0.040926;-13.462756;-0.444216;0.390737;AGING
2026.07.22 13:38:00;XAUUSDm;4140.193;0.416666;0.820079;0.084824;0.892897;0.104089;0.939179;0.032096;1.799476;9.116237;0.116575;0.038205;-13.483365;-0.444592;0.390647;AGING
2026.07.22 13:39:00;XAUUSDm;4144.276;0.414472;2.869613;0.078038;0.989651;0.095797;1.000000;0.030831;1.793834;9.142156;0.096799;0.034039;-13.607301;-0.445394;0.390456;AGING
2026.07.22 13:40:00;XAUUSDm;4142.255;0.420121;1.389481;0.071795;1.000000;0.087622;1.000000;0.029602;1.787951;9.168283;0.087622;0.031098;-13.643972;-0.445816;0.390356;AGING
2026.07.22 13:41:00;XAUUSDm;4142.349;0.434957;0.065105;0.066051;0.951503;0.079870;0.968315;0.028409;1.781852;9.194019;0.083941;0.028920;-13.620121;-0.446036;0.390304;AGING
2026.07.22 13:42:00;XAUUSDm;4141.704;0.456417;0.445701;0.060767;0.924615;0.072435;0.951018;0.027252;1.775555;9.219572;0.078341;0.026558;-13.616600;-0.446322;0.390236;AGING
2026.07.22 13:43:00;XAUUSDm;4145.915;0.429987;2.805725;0.055906;1.000000;0.064817;1.000000;0.026133;1.769081;9.245966;0.064817;0.023189;-13.715671;-0.446896;0.390099;AGING
2026.07.22 13:44:00;XAUUSDm;4142.815;0.466545;1.991546;0.051433;1.000000;0.057414;1.000000;0.025050;1.762447;9.272443;0.057414;0.020597;-13.738589;-0.447248;0.390015;AGING
2026.07.22 13:45:00;XAUUSDm;4145.795;0.427293;1.847008;0.047319;1.000000;0.050231;1.000000;0.024003;1.755669;9.298995;0.050231;0.018071;-13.760790;-0.447590;0.389934;AGING
2026.07.22 13:46:00;XAUUSDm;4145.751;0.433375;0.030056;0.043533;0.950498;0.043514;0.966892;0.022992;1.748763;9.325117;0.045780;0.015985;-13.732078;-0.447827;0.389877;AGING
2026.07.22 13:47:00;XAUUSDm;4145.980;0.439900;0.163170;0.040051;0.910262;0.037208;0.939567;0.022017;1.741741;9.350893;0.040876;0.013915;-13.711411;-0.448078;0.389818;AGING
2026.07.22 13:48:00;XAUUSDm;4148.397;0.411525;1.669038;0.036846;0.947456;0.030924;0.965869;0.021076;1.734616;9.377095;0.032639;0.011440;-13.768166;-0.448449;0.389730;AGING
2026.07.22 13:49:00;XAUUSDm;4146.435;0.425966;1.336840;0.033899;0.966307;0.024761;0.979590;0.020170;1.727401;9.403537;0.025625;0.009124;-13.806325;-0.448775;0.389652;AGING
2026.07.22 13:50:00;XAUUSDm;4146.182;0.478352;0.185904;0.031187;0.926791;0.019011;0.952517;0.019297;1.720105;9.429626;0.020513;0.007130;-13.785022;-0.449028;0.389592;AGING
2026.07.22 13:51:00;XAUUSDm;4144.584;0.666736;1.171520;0.531239;0.938648;0.037691;0.960858;0.043335;1.715296;9.455411;0.040154;0.013974;-13.342390;-0.448097;0.389813;AGING
2026.07.22 13:52:00;XAUUSDm;4147.636;0.587198;2.198340;0.971637;1.000000;0.073650;1.000000;0.063188;1.715037;9.481089;0.073650;0.026510;-12.992251;-0.446465;0.390202;AGING
2026.07.22 13:53:00;XAUUSDm;4145.576;0.804624;1.450602;1.575105;1.000000;0.131465;1.000000;0.090202;1.720926;9.505669;0.131465;0.046766;-12.421354;-0.443718;0.390855;AGING
2026.07.22 13:54:00;XAUUSDm;4145.432;0.674186;0.102136;2.080745;0.952478;0.204221;0.971732;0.110974;1.731945;9.528428;0.214410;0.073056;-11.881777;-0.439915;0.391761;AGING
2026.07.22 13:55:00;XAUUSDm;4144.889;0.604410;0.383670;2.534052;0.919953;0.288217;0.955034;0.128090;1.747536;9.549339;0.313295;0.103097;-11.398275;-0.435446;0.392827;AGING
2026.07.22 13:56:00;XAUUSDm;4146.887;0.538455;1.377323;2.937894;0.937057;0.380308;0.974297;0.141878;1.767175;9.568775;0.405854;0.133624;-11.005736;-0.431143;0.393853;AGING
2026.07.22 13:57:00;XAUUSDm;4149.746;0.445810;1.924993;2.702862;0.978848;0.459800;1.000000;0.146536;1.784446;9.587212;0.469736;0.158016;-11.265360;-0.428007;0.394602;AGING
2026.07.22 13:58:00;XAUUSDm;4152.474;0.405070;1.803064;2.486633;1.000000;0.527997;1.000000;0.150020;1.799542;9.604648;0.527997;0.179008;-11.489142;-0.425210;0.395271;ORGANIZING
2026.07.22 13:59:00;XAUUSDm;4154.470;0.424523;1.315755;2.287703;1.000000;0.585903;1.000000;0.152466;1.812641;9.621056;0.585903;0.197599;-11.677664;-0.422543;0.395908;ORGANIZING
2026.07.22 14:00:00;XAUUSDm;4155.632;0.400993;0.768244;2.104687;0.976694;0.634486;0.997225;0.153993;1.823907;9.636372;0.649626;0.214746;-11.829693;-0.419774;0.396571;ORGANIZING
2026.07.22 14:01:00;XAUUSDm;4160.871;0.381011;3.263321;1.936312;1.000000;0.674411;1.000000;0.154712;1.833490;9.651219;0.674411;0.225691;-12.016900;-0.418483;0.396880;ORGANIZING
2026.07.22 14:02:00;XAUUSDm;4160.075;0.382766;0.493325;1.781407;0.961178;0.706698;0.987681;0.154722;1.841529;9.665112;0.735241;0.238957;-12.130687;-0.415995;0.397476;ORGANIZING
2026.07.22 14:03:00;XAUUSDm;4160.698;0.400717;0.383952;1.638894;0.918183;0.732099;0.971966;0.154112;1.848151;9.678133;0.797335;0.250681;-12.229847;-0.413546;0.398062;ORGANIZING
2026.07.22 14:04:00;XAUUSDm;4156.434;0.410416;2.556171;1.507783;0.985440;0.750870;1.000000;0.152962;1.853474;9.691505;0.761964;0.250970;-12.431163;-0.414593;0.397811;ORGANIZING
2026.07.22 14:05:00;XAUUSDm;4155.223;0.451290;0.718925;1.387160;0.957097;0.764042;0.995516;0.151345;1.857605;9.704371;0.798291;0.257596;-12.528165;-0.413171;0.398152;ORGANIZING
2026.07.22 14:06:00;XAUUSDm;4154.812;0.454870;0.243293;1.276187;0.906126;0.772305;0.974485;0.149326;1.860643;9.716593;0.852316;0.264842;-12.594164;-0.411188;0.398627;ORGANIZING
2026.07.22 14:07:00;XAUUSDm;4156.759;0.432738;1.129403;1.174092;0.901844;0.776019;0.985134;0.146964;1.862680;9.728718;0.860480;0.266537;-12.699740;-0.410859;0.398706;ORGANIZING
2026.07.22 14:08:00;XAUUSDm;4156.797;0.463955;0.022459;1.080165;0.842354;0.775930;0.956584;0.144313;1.863800;9.740261;0.921145;0.272212;-12.742745;-0.408755;0.399211;ORGANIZING
2026.07.22 14:09:00;XAUUSDm;4156.531;0.439646;0.162996;0.993752;0.792868;0.772468;0.933859;0.141418;1.864080;9.751381;0.974271;0.276043;-12.789023;-0.406970;0.399639;ORGANIZING
2026.07.22 14:10:00;XAUUSDm;4156.772;0.433067;0.150066;0.914252;0.745278;0.766054;0.911376;0.138322;1.863590;9.762148;1.027877;0.278850;-12.830944;-0.405221;0.400059;ORGANIZING
2026.07.22 14:11:00;XAUUSDm;4157.435;0.411758;0.419042;0.841111;0.713645;0.757015;0.898986;0.135063;1.857371;9.772718;1.060773;0.279746;-12.873103;-0.404190;0.400306;ORGANIZING
2026.07.22 14:12:00;XAUUSDm;4156.656;0.451165;0.494089;0.773822;0.687527;0.745690;0.889542;0.131674;1.850062;9.783180;1.084598;0.279362;-12.914666;-0.403494;0.400473;ORGANIZING
2026.07.22 14:13:00;XAUUSDm;4157.101;0.421116;0.286181;0.711917;0.652546;0.732451;0.873033;0.128186;1.849443;9.793551;1.122452;0.278480;-12.956987;-0.402402;0.400735;ORGANIZING
2026.07.22 14:14:00;XAUUSDm;4156.553;0.429756;0.350299;0.654963;0.622785;0.717575;0.859223;0.124624;1.854454;9.803972;1.152204;0.275793;-13.012374;-0.401644;0.400917;ORGANIZING
2026.07.22 14:15:00;XAUUSDm;4153.063;0.474642;2.159306;0.602566;0.685259;0.700909;0.909088;0.121013;1.864497;9.815451;1.022838;0.262437;-13.168254;-0.406193;0.399825;ORGANIZING
2026.07.22 14:16:00;XAUUSDm;4152.567;0.554773;0.306112;1.018646;0.652284;0.703867;0.892219;0.135766;1.874367;9.826641;1.079081;0.264372;-12.776676;-0.404409;0.400253;ORGANIZING
2026.07.22 14:17:00;XAUUSDm;4151.983;0.847130;0.360890;1.653993;0.623637;0.731841;0.878375;0.160745;1.875484;9.836995;1.173506;0.275142;-12.147254;-0.401038;0.401063;ORGANIZING
2026.07.22 14:18:00;XAUUSDm;4150.515;0.950274;0.913515;2.366699;0.623494;0.783176;0.885231;0.188343;1.867305;9.846239;1.256109;0.292323;-11.431155;-0.397701;0.401865;ORGANIZING
2026.07.22 14:19:00;XAUUSDm;4149.165;0.628644;0.829401;2.838182;0.618126;0.846504;0.889869;0.202500;1.863474;9.854125;1.369469;0.315377;-10.919513;-0.393147;0.402960;ORGANIZING
2026.07.22 14:20:00;XAUUSDm;4152.031;0.758795;1.812089;3.407278;0.660894;0.923337;0.929234;0.220830;1.867182;9.860939;1.397104;0.335893;-10.367242;-0.391292;0.403406;ORGANIZING
2026.07.22 14:21:00;XAUUSDm;4150.855;0.444149;0.768326;3.134696;0.647799;0.987739;0.931331;0.223418;1.869830;9.866361;1.524762;0.360351;-10.578220;-0.386240;0.404623;ORGANIZING
2026.07.22 14:22:00;XAUUSDm;4152.016;0.487765;0.766934;2.883920;0.634001;1.000000;0.933397;0.224785;1.871506;9.871416;1.577286;0.366261;-10.814079;-0.384368;0.405074;ORGANIZING
2026.07.22 14:23:00;XAUUSDm;4150.093;0.429777;1.246564;2.653207;0.644629;1.000000;0.952225;0.225082;1.872292;9.876585;1.551280;0.364697;-11.062754;-0.385227;0.404867;ORGANIZING
2026.07.22 14:24:00;XAUUSDm;4149.651;0.519801;0.289218;3.043057;0.606858;1.000000;0.936898;0.233320;1.878283;9.881437;1.647831;0.367855;-10.668444;-0.382172;0.405603;ORGANIZING
2026.07.22 14:25:00;XAUUSDm;4148.884;0.533465;0.505057;3.443156;0.581768;1.000000;0.929950;0.241659;1.889452;9.886149;1.718898;0.368612;-10.286982;-0.380002;0.406126;ORGANIZING
2026.07.22 14:26:00;XAUUSDm;4146.143;0.454986;1.763132;3.167704;0.620836;1.000000;0.967569;0.243349;1.898920;9.891346;1.610730;0.361912;-10.629016;-0.383583;0.405263;ORGANIZING
2026.07.22 14:27:00;XAUUSDm;4146.508;0.421738;0.235171;2.914287;0.581553;1.000000;0.950452;0.243852;1.906827;9.896230;1.719533;0.366001;-10.864854;-0.380114;0.406099;ORGANIZING
2026.07.22 14:28:00;XAUUSDm;4146.143;0.413556;0.237494;2.681144;0.544350;1.000000;0.934034;0.243317;1.913303;9.900807;1.837053;0.370237;-11.077251;-0.376377;0.407001;ORGANIZING
2026.07.22 14:29:00;XAUUSDm;4146.304;0.417208;0.110392;2.466653;0.502652;1.000000;0.913722;0.241875;1.918465;9.905018;1.989447;0.375517;-11.261698;-0.371541;0.408169;ORGANIZING
2026.07.22 14:30:00;XAUUSDm;4147.658;0.431343;0.936959;2.269321;0.504368;1.000000;0.923001;0.239648;1.922423;9.909286;1.982681;0.375032;-11.468476;-0.371768;0.408114;ORGANIZING
2026.07.22 14:31:00;XAUUSDm;4150.602;0.486019;1.959923;2.087775;0.557145;1.000000;0.967681;0.236743;1.925278;9.914110;1.794864;0.367760;-11.707523;-0.377766;0.406666;ORGANIZING
2026.07.22 14:32:00;XAUUSDm;4151.762;0.571628;0.766993;2.516496;0.547638;1.000000;0.968943;0.246342;1.933078;9.918917;1.826025;0.366696;-11.308900;-0.376884;0.406879;ORGANIZING
2026.07.22 14:33:00;XAUUSDm;4149.120;0.443015;1.783906;2.315176;0.589451;1.000000;1.000000;0.244091;1.939445;9.924206;1.696493;0.360622;-11.565554;-0.381074;0.405868;ORGANIZING
2026.07.22 14:34:00;XAUUSDm;4150.459;0.500146;0.926131;2.690286;0.586285;1.000000;1.000000;0.250642;1.950101;9.929570;1.705655;0.358805;-11.227056;-0.380890;0.405912;ORGANIZING
2026.07.22 14:35:00;XAUUSDm;4150.687;0.822322;0.163939;3.307027;0.545168;1.000000;0.979510;0.268947;1.967396;9.934696;1.834298;0.359517;-10.645521;-0.376995;0.406852;ORGANIZING
2026.07.22 14:36:00;XAUUSDm;4150.186;0.811933;0.357883;3.915977;0.515804;1.000000;0.967167;0.285947;1.986532;9.939719;1.938723;0.358644;-10.084503;-0.373906;0.407597;ORGANIZING
2026.07.22 14:37:00;XAUUSDm;4150.904;0.981937;0.509335;4.652430;0.495480;1.000000;0.961151;0.308472;2.006584;9.944740;2.018244;0.355804;-9.417901;-0.371662;0.408139;ORGANIZING
2026.07.22 14:38:00;XAUUSDm;4151.493;0.982450;0.428950;5.389268;0.472154;1.000000;0.953320;0.329891;2.026776;9.949729;2.117955;0.353504;-8.745948;-0.368786;0.408834;ORGANIZING
2026.07.22 14:39:00;XAUUSDm;4151.870;0.682129;0.281045;5.900865;0.442598;1.000000;0.941337;0.338976;2.047269;9.954628;2.259385;0.353501;-8.268852;-0.364543;0.409860;ORGANIZING
2026.07.22 14:40:00;XAUUSDm;4151.352;0.993854;0.384638;6.646255;0.419700;1.000000;0.933716;0.359297;2.069423;9.959519;2.382653;0.351072;-7.590403;-0.360967;0.410726;ORGANIZING
2026.07.22 14:41:00;XAUUSDm;4147.972;0.617654;2.445094;7.109495;0.500970;1.000000;0.999190;0.364494;2.098824;9.965517;1.996128;0.337349;-7.283626;-0.373249;0.407756;ORGANIZING
2026.07.22 14:42:00;XAUUSDm;4151.652;0.999104;2.638144;7.858824;0.587829;1.000000;1.000000;0.383736;2.138079;9.972776;1.701176;0.321580;-6.745409;-0.382886;0.405431;ORGANIZING
2026.07.22 14:43:00;XAUUSDm;4151.774;0.710908;0.089960;8.392004;0.542935;1.000000;0.981579;0.391208;2.184776;9.980053;1.841840;0.320624;-6.282952;-0.378714;0.406437;ORGANIZING
2026.07.22 14:44:00;XAUUSDm;4150.932;0.795021;0.614545;8.988271;0.526516;1.000000;0.982425;0.401461;2.233304;9.987651;1.899279;0.316327;-5.795426;-0.377205;0.406801;ORGANIZING
2026.07.22 14:45:00;XAUUSDm;4151.624;0.557524;0.503969;9.406413;0.505388;1.000000;0.979731;0.402295;2.281770;9.995523;1.978676;0.313533;-5.462628;-0.374963;0.407342;ORGANIZING
2026.07.22 14:46:00;XAUUSDm;4150.208;0.478669;1.040060;8.653900;0.512122;1.000000;0.995922;0.419806;2.325224;10.003896;1.952660;0.307017;-6.352176;-0.376069;0.407075;ORGANIZING
2026.07.22 14:47:00;XAUUSDm;4148.657;0.616548;1.161537;9.116311;0.524593;1.000000;1.000000;0.421936;2.375618;10.012898;1.906241;0.301010;-6.016287;-0.377762;0.406667;ORGANIZING
2026.07.22 14:48:00;XAUUSDm;4149.786;0.496504;0.866249;8.387006;0.521675;1.000000;1.000000;0.437304;2.420798;10.022323;1.916900;0.295877;-6.873197;-0.377699;0.406682;ORGANIZING
2026.07.22 14:49:00;XAUUSDm;4148.405;0.629503;1.069697;8.859134;0.529077;1.000000;1.000000;0.439046;2.472619;10.032340;1.890086;0.290635;-6.525612;-0.378766;0.406425;ORGANIZING
2026.07.22 14:50:00;XAUUSDm;4147.092;0.976414;1.014652;9.591444;0.533355;1.000000;1.000000;0.453709;2.533477;10.043008;1.874923;0.284047;-5.959291;-0.379550;0.406235;ORGANIZING
2026.07.22 14:51:00;XAUUSDm;4147.571;0.529735;0.399553;9.988745;0.506665;1.000000;0.994864;0.450888;2.599819;10.054073;1.973690;0.281106;-5.673409;-0.376734;0.406915;ORGANIZING
2026.07.22 14:52:00;XAUUSDm;4147.820;0.483529;0.209614;9.189646;0.471813;1.000000;0.983161;0.468299;2.653552;10.065327;2.119485;0.278268;-6.591195;-0.372502;0.407937;ORGANIZING
2026.07.22 14:53:00;XAUUSDm;4147.460;0.696142;0.304404;9.711752;0.443442;1.000000;0.975795;0.470989;2.714250;10.076904;2.255085;0.275582;-6.179072;-0.368568;0.408887;ORGANIZING
2026.07.22 14:54:00;XAUUSDm;4147.861;0.560343;0.362771;10.132009;0.419409;1.000000;0.970824;0.468453;2.775096;10.088849;2.384310;0.273003;-5.863345;-0.364821;0.409793;ORGANIZING
2026.07.22 14:55:00;XAUUSDm;4145.550;0.440788;2.049886;9.321449;0.480932;1.000000;1.000000;0.485558;2.821365;10.101872;2.079294;0.264002;-6.875201;-0.374421;0.407473;ORGANIZING
2026.07.22 14:56:00;XAUUSDm;4145.553;0.451518;0.002680;8.575733;0.437020;1.000000;0.982088;0.498566;2.853855;10.114780;2.288225;0.263891;-7.680910;-0.368159;0.408986;ORGANIZING
2026.07.22 14:57:00;XAUUSDm;4148.503;0.571182;2.589355;9.004120;0.524637;1.000000;1.000000;0.495057;2.883103;10.128858;1.906081;0.256227;-7.405695;-0.380006;0.406125;ORGANIZING
2026.07.22 14:58:00;XAUUSDm;4149.170;0.567901;0.579063;9.430045;0.507358;1.000000;1.000000;0.491601;2.909095;10.143022;1.970995;0.255882;-7.021726;-0.378076;0.406591;ORGANIZING
2026.07.22 14:59:00;XAUUSDm;4148.411;0.480108;0.653342;8.675642;0.494657;1.000000;1.000000;0.504741;2.922298;10.157192;2.021602;0.254992;-7.830284;-0.376602;0.406947;ORGANIZING
2026.07.22 15:00:00;XAUUSDm;4151.748;0.989998;2.727109;9.418140;0.586280;1.000000;1.000000;0.516629;2.935405;10.172409;1.705670;0.247628;-7.244615;-0.386448;0.404573;ORGANIZING
2026.07.22 15:01:00;XAUUSDm;4151.224;0.477464;0.429206;8.664689;0.558426;1.000000;0.998104;0.528470;2.936280;10.187356;1.790747;0.248560;-8.010592;-0.383850;0.405199;ORGANIZING
2026.07.22 15:02:00;XAUUSDm;4152.745;0.758993;1.230881;9.233934;0.572049;1.000000;1.000000;0.530508;2.935350;10.202430;1.748103;0.247653;-7.472260;-0.385174;0.404880;ORGANIZING
2026.07.22 15:03:00;XAUUSDm;4153.579;0.596032;0.670698;9.680958;0.556981;1.000000;1.000000;0.526334;2.933562;10.217335;1.795392;0.248950;-7.013151;-0.383691;0.405237;ORGANIZING
2026.07.22 15:04:00;XAUUSDm;4154.545;0.448211;0.771664;8.906482;0.547715;1.000000;1.000000;0.538741;2.919712;10.232010;1.825766;0.249615;-7.790151;-0.382746;0.405465;ORGANIZING
2026.07.22 15:05:00;XAUUSDm;4154.488;0.478901;0.048175;8.193963;0.502738;1.000000;0.985542;0.547430;2.917238;10.246209;1.989106;0.252054;-8.484322;-0.377724;0.406676;ORGANIZING
2026.07.22 15:06:00;XAUUSDm;4154.354;0.422567;0.113951;7.538446;0.463299;1.000000;0.974196;0.552835;2.913807;10.259980;2.158433;0.254457;-9.118116;-0.372524;0.407931;ORGANIZING
2026.07.22 15:07:00;XAUUSDm;4155.403;0.379071;0.885053;6.935370;0.464387;1.000000;0.990426;0.555347;2.921047;10.273835;2.153378;0.253757;-9.755638;-0.372711;0.407886;ORGANIZING
2026.07.22 15:08:00;XAUUSDm;4155.488;0.390513;0.073429;6.380541;0.424839;1.000000;0.977768;0.555321;2.926506;10.287348;2.353834;0.255973;-10.295301;-0.366586;0.409366;ORGANIZING
2026.07.22 15:09:00;XAUUSDm;4154.958;0.378058;0.464432;5.870098;0.406818;1.000000;0.979237;0.553077;2.941764;10.300834;2.458099;0.256301;-10.827237;-0.363442;0.410127;ORGANIZING
2026.07.22 15:10:00;XAUUSDm;4155.094;0.364482;0.125163;5.400490;0.372736;1.000000;0.968702;0.548903;2.968965;10.314251;2.682866;0.257029;-11.322234;-0.356663;0.411768;ORGANIZING
2026.07.22 15:11:00;XAUUSDm;4156.709;0.356936;1.474401;4.968451;0.407819;1.000000;1.000000;0.543060;3.004323;10.328372;2.452068;0.252832;-11.862508;-0.363796;0.410041;ORGANIZING
2026.07.22 15:12:00;XAUUSDm;4157.053;0.355695;0.318808;4.570974;0.383368;1.000000;0.995165;0.535781;3.035488;10.342561;2.608457;0.252868;-12.297493;-0.359103;0.411177;ORGANIZING
2026.07.22 15:13:00;XAUUSDm;4157.773;0.350019;0.682490;4.205297;0.378325;1.000000;1.000000;0.527276;3.075375;10.357098;2.643233;0.251195;-12.735428;-0.358143;0.411409;ORGANIZING
2026.07.22 15:14:00;XAUUSDm;4157.360;0.353126;0.391699;3.868873;0.358993;1.000000;0.997164;0.517733;3.122630;10.371914;2.785567;0.250040;-13.142761;-0.353931;0.412429;ORGANIZING
2026.07.22 15:15:00;XAUUSDm;4155.844;0.348668;1.417670;3.559363;0.391927;1.000000;1.000000;0.507322;3.164638;10.387480;2.551495;0.246070;-13.563963;-0.361152;0.410681;ORGANIZING
2026.07.22 15:16:00;XAUUSDm;4155.874;0.348571;0.029553;3.274614;0.353808;1.000000;0.983791;0.496193;3.201826;10.403036;2.826388;0.246802;-13.878269;-0.352868;0.412687;ORGANIZING
2026.07.22 15:17:00;XAUUSDm;4153.596;0.387002;2.162521;3.012645;0.424244;1.000000;1.000000;0.484482;3.245731;10.419736;2.357134;0.240705;-14.291762;-0.367251;0.409206;ORGANIZING
2026.07.22 15:18:00;XAUUSDm;4154.132;0.389257;0.507182;2.771633;0.408391;1.000000;0.999708;0.472309;3.296087;10.436781;2.448634;0.239419;-14.610329;-0.364570;0.409854;ORGANIZING
2026.07.22 15:19:00;XAUUSDm;4154.904;0.370510;0.722143;2.549903;0.404079;1.000000;1.000000;0.459780;3.340864;10.454230;2.474766;0.237828;-14.909693;-0.363866;0.410024;ORGANIZING
2026.07.22 15:20:00;XAUUSDm;4156.722;0.387380;1.685956;2.345910;0.448172;1.000000;1.000000;0.446990;3.394882;10.472661;2.231284;0.233098;-15.258667;-0.371407;0.408201;ORGANIZING
2026.07.22 15:21:00;XAUUSDm;4155.857;0.391031;0.834346;2.158238;0.447481;1.000000;1.000000;0.434025;3.442972;10.491565;2.234731;0.231242;-15.534801;-0.371396;0.408204;ORGANIZING
2026.07.22 15:22:00;XAUUSDm;4157.418;0.389198;1.494123;1.985579;0.479813;1.000000;1.000000;0.420956;3.498240;10.511346;2.084144;0.227324;-15.843974;-0.376109;0.407066;ORGANIZING
2026.07.22 15:23:00;XAUUSDm;4160.740;0.361532;3.138819;1.826732;0.592763;1.000000;1.000000;0.407851;3.559291;10.532866;1.687014;0.219303;-16.233182;-0.388424;0.404097;ORGANIZING
2026.07.22 15:24:00;XAUUSDm;4159.642;0.383974;1.042201;1.680594;0.595235;1.000000;1.000000;0.394765;3.613754;10.554956;1.680008;0.217214;-16.486636;-0.388739;0.404021;ORGANIZING
2026.07.22 15:25:00;XAUUSDm;4159.367;0.387104;0.260792;1.546146;0.558513;0.998939;0.987945;0.381749;3.662163;10.577184;1.788568;0.217046;-16.678437;-0.385491;0.404803;ORGANIZING
2026.07.22 15:26:00;XAUUSDm;4159.573;0.380736;0.196456;1.422454;0.520432;0.993539;0.973604;0.368846;3.705012;10.599568;1.909068;0.216255;-16.851723;-0.381915;0.405665;ORGANIZING
2026.07.22 15:27:00;XAUUSDm;4158.548;0.424637;0.971822;1.308658;0.523130;0.984172;0.986451;0.356094;3.742754;10.622543;1.881314;0.212933;-17.050540;-0.382914;0.405424;ORGANIZING
2026.07.22 15:28:00;XAUUSDm;4157.531;0.486781;0.956474;1.203965;0.525114;0.971346;0.997865;0.343524;3.775806;10.646126;1.849780;0.209141;-17.234589;-0.384050;0.405151;ORGANIZING
2026.07.22 15:29:00;XAUUSDm;4157.264;0.462368;0.251630;1.107648;0.492013;0.955675;0.983770;0.331163;3.804552;10.669978;1.942378;0.206511;-17.370098;-0.381403;0.405789;ORGANIZING
2026.07.22 15:30:00;XAUUSDm;4157.807;0.438407;0.511502;1.019036;0.473874;0.937517;0.978831;0.319036;3.829344;10.694260;1.978409;0.202827;-17.508340;-0.380506;0.406005;ORGANIZING
2026.07.22 15:31:00;XAUUSDm;4157.758;0.645317;0.049248;1.503024;0.433892;0.941401;0.957462;0.327284;3.844851;10.718219;2.169664;0.204385;-17.051956;-0.374691;0.407408;ORGANIZING
2026.07.22 15:32:00;XAUUSDm;4158.726;0.517099;1.028999;1.890848;0.444820;0.959864;0.971421;0.330311;3.852428;10.741994;2.157872;0.207423;-16.701579;-0.374893;0.407359;ORGANIZING
2026.07.22 15:33:00;XAUUSDm;4157.292;0.898897;1.482998;2.565020;0.477531;1.000000;1.000000;0.347504;3.849569;10.765265;2.094104;0.213922;-16.071921;-0.376481;0.406976;ORGANIZING
2026.07.22 15:34:00;XAUUSDm;4156.769;0.829745;0.544463;3.187329;0.460878;1.000000;0.996219;0.361244;3.837136;10.788245;2.169772;0.214626;-15.458554;-0.374176;0.407532;ORGANIZING
2026.07.22 15:35:00;XAUUSDm;4157.916;0.469148;1.182864;2.932343;0.476977;1.000000;1.000000;0.355931;3.824221;10.811257;2.096537;0.214725;-15.716195;-0.376368;0.407003;ORGANIZING
2026.07.22 15:36:00;XAUUSDm;4158.675;0.424909;0.793485;2.697755;0.472803;1.000000;1.000000;0.349864;3.810868;10.834094;2.115048;0.215818;-15.930606;-0.375758;0.407151;ORGANIZING
2026.07.22 15:37:00;XAUUSDm;4157.632;0.387273;1.102094;2.481935;0.484267;1.000000;1.000000;0.343162;3.797121;10.856908;2.064976;0.216237;-16.139806;-0.377239;0.406793;ORGANIZING
2026.07.22 15:38:00;XAUUSDm;4156.243;0.462129;1.459678;2.283380;0.513038;1.000000;1.000000;0.335931;3.783018;10.879868;1.949175;0.215890;-16.347425;-0.380730;0.405951;ORGANIZING
2026.07.22 15:39:00;XAUUSDm;4157.205;0.447506;1.019932;2.100710;0.518382;1.000000;1.000000;0.328268;3.768595;10.902738;1.929078;0.216673;-16.514137;-0.381294;0.405815;ORGANIZING
2026.07.22 15:40:00;XAUUSDm;4159.472;0.423761;2.355863;1.932653;0.590256;1.000000;1.000000;0.320258;3.753885;10.926180;1.694179;0.214390;-16.732067;-0.388455;0.404089;ORGANIZING
2026.07.22 15:41:00;XAUUSDm;4159.582;0.391466;0.115195;1.778041;0.546503;1.000000;0.980241;0.311975;3.738917;10.949034;1.829815;0.217514;-16.819281;-0.384230;0.405107;ORGANIZING
2026.07.22 15:42:00;XAUUSDm;4160.397;0.412570;0.843493;1.635797;0.541353;1.000000;0.986374;0.303489;3.723720;10.971685;1.847224;0.218887;-16.931658;-0.383639;0.405250;ORGANIZING
2026.07.22 15:43:00;XAUUSDm;4159.612;0.596488;0.805359;2.083164;0.534553;1.000000;0.990660;0.310683;3.707666;10.994107;1.870721;0.219640;-16.482194;-0.382896;0.405429;ORGANIZING
2026.07.22 15:44:00;XAUUSDm;4159.799;0.997754;0.192696;2.831479;0.497460;1.000000;0.973606;0.332564;3.700637;11.016088;2.010211;0.220718;-15.748471;-0.378658;0.406451;ORGANIZING
2026.07.22 15:45:00;XAUUSDm;4160.718;0.516235;0.974963;3.218655;0.501335;1.000000;0.985293;0.335295;3.698858;11.038090;1.994672;0.220483;-15.389077;-0.379136;0.406335;ORGANIZING
2026.07.22 15:46:00;XAUUSDm;4159.073;0.805615;1.686418;3.822866;0.540590;1.000000;1.000000;0.348741;3.704368;11.060539;1.849832;0.217690;-14.884480;-0.383621;0.405254;ORGANIZING
2026.07.22 15:47:00;XAUUSDm;4159.593;0.571673;0.561046;4.251621;0.521612;1.000000;0.996843;0.352741;3.715276;11.082908;1.917132;0.217882;-14.488934;-0.381592;0.405743;ORGANIZING
2026.07.22 15:48:00;XAUUSDm;4160.743;0.398377;1.227977;3.911492;0.536931;1.000000;1.000000;0.352111;3.723775;11.105515;1.862438;0.216787;-14.882726;-0.383287;0.405334;ORGANIZING
2026.07.22 15:49:00;XAUUSDm;4164.275;0.357437;3.560627;3.598572;0.668115;1.000000;1.000000;0.350151;3.730065;11.129497;1.496747;0.210600;-15.359473;-0.394568;0.402618;ORGANIZING
2026.07.22 15:50:00;XAUUSDm;4164.034;0.362728;0.259129;3.310687;0.627666;1.000000;0.986325;0.347038;3.734331;11.153117;1.593204;0.212358;-15.632835;-0.391586;0.403336;ORGANIZING
2026.07.22 15:51:00;XAUUSDm;4164.844;0.358728;0.865607;3.045832;0.619563;1.000000;0.994246;0.342929;3.731088;11.176623;1.614040;0.213057;-15.898388;-0.390926;0.403494;ORGANIZING
2026.07.22 15:52:00;XAUUSDm;4164.827;0.365389;0.018770;2.802165;0.569524;1.000000;0.972107;0.337966;3.721546;11.199534;1.755854;0.216028;-16.085915;-0.386523;0.404555;ORGANIZING
2026.07.22 15:53:00;XAUUSDm;4165.253;0.355149;0.474641;2.577992;0.544779;1.000000;0.966524;0.332276;3.703068;11.222013;1.835605;0.218335;-16.259487;-0.384015;0.405159;ORGANIZING
2026.07.22 15:54:00;XAUUSDm;4162.321;0.370537;3.129670;2.371753;0.654024;1.000000;1.000000;0.325974;3.692708;11.245480;1.528996;0.214009;-16.565116;-0.393430;0.402892;ORGANIZING
2026.07.22 15:55:00;XAUUSDm;4161.827;0.392215;0.522431;2.182012;0.627444;1.000000;0.994694;0.319163;3.681748;11.268572;1.593767;0.216060;-16.715824;-0.391384;0.403384;ORGANIZING
2026.07.22 15:56:00;XAUUSDm;4159.527;0.663017;2.325817;2.679275;0.692363;1.000000;1.000000;0.328068;3.663524;11.292131;1.444329;0.213495;-16.288402;-0.395995;0.402275;ORGANIZING
2026.07.22 15:57:00;XAUUSDm;4159.669;0.466484;0.146277;2.464933;0.645059;1.000000;0.981602;0.322381;3.645376;11.315035;1.550247;0.216787;-16.430676;-0.392653;0.403079;ORGANIZING
2026.07.22 15:58:00;XAUUSDm;4159.655;0.407851;0.014443;2.267738;0.593528;1.000000;0.959035;0.316122;3.627306;11.337243;1.684841;0.220412;-16.549889;-0.388434;0.404094;ORGANIZING
2026.07.22 15:59:00;XAUUSDm;4159.237;0.467510;0.432220;2.086319;0.565462;1.000000;0.951661;0.309387;3.609313;11.358991;1.768464;0.223007;-16.675534;-0.385796;0.404730;ORGANIZING
2026.07.22 16:00:00;XAUUSDm;4158.690;0.692677;0.560842;2.605827;0.545231;1.000000;0.948810;0.319893;3.597998;11.380423;1.834084;0.224058;-16.155611;-0.383775;0.405217;ORGANIZING
2026.07.22 16:01:00;XAUUSDm;4157.515;0.462130;1.215702;2.397360;0.558755;1.000000;0.969348;0.314322;3.586202;11.401873;1.789694;0.224252;-16.364314;-0.385097;0.404898;ORGANIZING
2026.07.22 16:02:00;XAUUSDm;4156.650;0.398181;0.885418;2.205572;0.555088;1.000000;0.977412;0.308195;3.573968;11.423164;1.801516;0.225365;-16.537006;-0.384686;0.404997;ORGANIZING
2026.07.22 16:03:00;XAUUSDm;4157.797;0.485268;1.163900;2.029126;0.565529;1.000000;0.994726;0.301607;3.556639;11.444385;1.768257;0.226051;-16.697280;-0.385650;0.404765;ORGANIZING
2026.07.22 16:04:00;XAUUSDm;4157.022;0.425454;0.780683;1.866796;0.556286;1.000000;0.997790;0.294644;3.548502;11.465433;1.797635;0.227302;-16.841216;-0.384706;0.404992;ORGANIZING
2026.07.22 16:05:00;XAUUSDm;4157.929;0.424886;0.925001;1.717452;0.554722;1.000000;1.000000;0.287379;3.545772;11.486438;1.802705;0.227901;-16.990009;-0.384524;0.405036;ORGANIZING
2026.07.22 16:06:00;XAUUSDm;4158.745;0.946152;0.819063;2.427066;0.547939;1.000000;1.000000;0.308490;3.542001;11.507337;1.825020;0.227354;-16.329193;-0.383882;0.405191;ORGANIZING
2026.07.22 16:07:00;XAUUSDm;4158.182;0.518362;0.585263;2.815838;0.529805;1.000000;0.996281;0.312504;3.538649;11.528022;1.887486;0.228261;-15.944296;-0.381962;0.405654;ORGANIZING
2026.07.22 16:08:00;XAUUSDm;4157.510;0.400567;0.696604;2.590571;0.518145;1.000000;0.996730;0.308143;3.534165;11.548545;1.929961;0.229334;-16.160735;-0.380634;0.405974;ORGANIZING
2026.07.22 16:09:00;XAUUSDm;4156.885;0.351455;0.649864;2.383325;0.504731;1.000000;0.995375;0.303098;3.528647;11.568879;1.981253;0.230602;-16.353774;-0.379032;0.406360;ORGANIZING
2026.07.22 16:10:00;XAUUSDm;4155.661;0.347364;1.288611;2.192659;0.523925;1.000000;1.000000;0.297476;3.522184;11.589340;1.908669;0.230225;-16.559926;-0.381229;0.405831;ORGANIZING
2026.07.22 16:11:00;XAUUSDm;4154.771;0.342431;0.936487;2.017246;0.524553;1.000000;1.000000;0.291373;3.514859;11.609734;1.906384;0.230905;-16.729504;-0.381263;0.405822;ORGANIZING
2026.07.22 16:12:00;XAUUSDm;4154.144;0.341673;0.672978;1.855867;0.511975;1.000000;0.998752;0.284873;3.506747;11.629921;1.953222;0.232364;-16.869270;-0.379785;0.406179;ORGANIZING
2026.07.22 16:13:00;XAUUSDm;4155.048;0.343224;1.023412;1.707397;0.517546;1.000000;1.000000;0.278053;3.497919;11.650076;1.932194;0.232909;-17.012170;-0.380389;0.406033;ORGANIZING
2026.07.22 16:14:00;XAUUSDm;4154.545;0.350987;0.577219;1.570806;0.500530;1.000000;0.994935;0.270980;3.488439;11.669966;1.997882;0.234745;-17.118529;-0.378326;0.406531;ORGANIZING
2026.07.22 16:15:00;XAUUSDm;4154.567;0.354614;0.025394;1.445141;0.456773;1.000000;0.970485;0.263714;3.478366;11.689317;2.189270;0.238160;-17.185109;-0.372414;0.407958;ORGANIZING
2026.07.22 16:16:00;XAUUSDm;4153.159;0.359700;1.581312;1.329530;0.493000;0.995654;1.000000;0.256309;3.474471;11.709079;2.019581;0.235726;-17.338456;-0.377626;0.406700;ORGANIZING
2026.07.22 16:17:00;XAUUSDm;4153.671;0.364797;0.581726;1.223167;0.477523;0.987467;0.994331;0.248812;3.469517;11.728800;2.067892;0.235344;-17.432346;-0.376196;0.407045;ORGANIZING
2026.07.22 16:18:00;XAUUSDm;4154.757;0.376975;1.231963;1.125314;0.495496;0.975782;1.000000;0.241264;3.463593;11.748875;1.969304;0.232310;-17.552989;-0.379305;0.406294;ORGANIZING
2026.07.22 16:19:00;XAUUSDm;4154.832;0.383300;0.085453;1.035289;0.455478;0.961302;0.976435;0.233702;3.456786;11.768772;2.110533;0.231864;-17.608634;-0.375091;0.407311;ORGANIZING
2026.07.22 16:20:00;XAUUSDm;4154.335;0.386445;0.566860;0.952466;0.441821;0.944317;0.970280;0.226158;3.456035;11.788864;2.137329;0.228980;-17.698289;-0.374431;0.407471;ORGANIZING
2026.07.22 16:21:00;XAUUSDm;4154.636;0.412752;0.341347;0.876269;0.417911;0.925249;0.956182;0.218660;3.453966;11.809078;2.213985;0.226192;-17.770724;-0.372271;0.407992;ORGANIZING
2026.07.22 16:22:00;XAUUSDm;4153.347;0.403242;1.451217;0.806167;0.451071;0.904179;0.981162;0.211232;3.450690;11.830012;2.004514;0.219835;-17.894582;-0.378873;0.406399;ORGANIZING
2026.07.22 16:23:00;XAUUSDm;4152.881;0.378835;0.536335;0.741674;0.437251;0.881638;0.972986;0.203895;3.446311;11.851215;2.016320;0.215694;-17.965567;-0.378726;0.406434;ORGANIZING
2026.07.22 16:24:00;XAUUSDm;4152.624;0.387410;0.297612;0.682340;0.412636;0.857955;0.956484;0.196667;3.440924;11.872591;2.079204;0.211829;-18.020115;-0.377032;0.406843;ORGANIZING
2026.07.22 16:25:00;XAUUSDm;4150.788;0.368576;2.092737;0.627753;0.479482;0.832956;1.000000;0.189563;3.434617;11.895073;1.737199;0.202979;-18.162206;-0.387735;0.404263;ORGANIZING
2026.07.22 16:26:00;XAUUSDm;4149.469;0.362971;1.484491;0.577532;0.513074;0.807036;1.000000;0.182596;3.435939;11.918422;1.572944;0.195332;-18.283998;-0.393045;0.402984;ORGANIZING
2026.07.22 16:27:00;XAUUSDm;4150.460;0.370572;1.116645;0.531330;0.527111;0.780497;1.000000;0.175776;3.441604;11.942500;1.480706;0.188321;-18.392546;-0.396163;0.402235;ORGANIZING
2026.07.22 16:28:00;XAUUSDm;4148.973;0.369401;1.671838;0.488823;0.568738;0.753392;1.000000;0.169113;3.445414;11.967573;1.324674;0.180097;-18.523149;-0.401255;0.401011;ORGANIZING
2026.07.22 16:29:00;XAUUSDm;4149.351;0.375268;0.430642;0.449718;0.546765;0.726197;0.985991;0.162612;3.447523;11.992992;1.328169;0.174697;-18.584114;-0.401420;0.400971;ORGANIZING
2026.07.22 16:30:00;XAUUSDm;4149.743;0.388170;0.466522;0.413740;0.528229;0.699032;0.973501;0.156281;3.448075;12.018775;1.323350;0.169151;-18.642942;-0.401842;0.400870;ORGANIZING
2026.07.22 16:31:00;XAUUSDm;4148.348;0.386238;1.610929;0.380641;0.568383;0.671737;1.000000;0.150122;3.447200;12.045496;1.181837;0.161254;-18.756145;-0.406482;0.399756;ORGANIZING
2026.07.22 16:32:00;XAUUSDm;4147.809;0.388319;0.626424;0.350190;0.557851;0.644675;0.992179;0.144138;3.445021;12.072631;1.155641;0.155455;-18.813935;-0.407558;0.399498;ORGANIZING
2026.07.22 16:33:00;XAUUSDm;4147.030;0.382152;0.905477;0.322174;0.562339;0.617869;0.994189;0.138332;3.441648;12.100313;1.098748;0.149160;-18.882569;-0.409580;0.399013;ORGANIZING
2026.07.22 16:34:00;XAUUSDm;4146.344;0.382972;0.788234;0.296401;0.561276;0.591427;0.991823;0.132704;3.437184;12.128469;1.053719;0.143162;-18.941694;-0.411230;0.398617;ORGANIZING
2026.07.22 16:35:00;XAUUSDm;4146.224;0.383480;0.140463;0.272688;0.528407;0.565579;0.966670;0.127254;3.431723;12.156759;1.070347;0.138372;-18.964853;-0.410971;0.398679;ORGANIZING
2026.07.22 16:36:00;XAUUSDm;4145.448;0.388045;0.927187;0.250873;0.537034;0.540171;0.969742;0.121982;3.425350;12.185580;1.005841;0.132253;-19.026235;-0.413212;0.398142;ORGANIZING
2026.07.22 16:37:00;XAUUSDm;4146.991;0.395026;1.799627;0.230804;0.589360;0.515040;1.000000;0.116887;3.418147;12.215354;0.873897;0.124877;-19.128939;-0.417539;0.397106;ORGANIZING
2026.07.22 16:38:00;XAUUSDm;4147.060;0.391463;0.082558;0.212339;0.553719;0.490678;0.971981;0.111966;3.410186;12.245179;0.886149;0.120386;-19.140186;-0.417396;0.397140;ORGANIZING
2026.07.22 16:39:00;XAUUSDm;4148.303;0.399716;1.573418;0.195352;0.594891;0.466726;0.996950;0.107217;3.401535;12.275809;0.784557;0.113735;-19.226125;-0.420777;0.396331;ORGANIZING
2026.07.22 16:40:00;XAUUSDm;4149.965;0.427733;2.030742;0.179724;0.657349;0.443114;1.000000;0.102637;3.392255;12.307443;0.674093;0.106717;-19.331737;-0.424441;0.395454;ORGANIZING
2026.07.22 16:41:00;XAUUSDm;4150.492;0.433530;0.648408;0.165346;0.648040;0.420240;0.991287;0.098224;3.382402;12.339342;0.648478;0.101786;-19.363050;-0.425456;0.395212;ORGANIZING
2026.07.22 16:42:00;XAUUSDm;4149.657;0.446971;1.007092;0.152118;0.657587;0.398020;0.995278;0.093975;3.372031;12.371678;0.605274;0.096523;-19.411138;-0.427016;0.394839;ORGANIZING
2026.07.22 16:43:00;XAUUSDm;4147.926;0.426052;2.024041;0.139949;0.717950;0.376217;1.000000;0.089884;3.361188;12.404945;0.524016;0.090241;-19.508874;-0.429767;0.394182;ORGANIZING
2026.07.22 16:44:00;XAUUSDm;4147.210;0.421377;0.882970;0.128753;0.718676;0.355146;0.999050;0.085950;3.349918;12.438528;0.494167;0.085484;-19.545041;-0.430901;0.393911;AGING
2026.07.22 16:45:00;XAUUSDm;4146.213;0.434081;1.214432;0.118453;0.736361;0.334725;1.000000;0.082167;3.338261;12.472580;0.454566;0.080525;-19.596621;-0.432337;0.393568;AGING
2026.07.22 16:46:00;XAUUSDm;4146.976;0.495541;0.965554;0.108977;0.741126;0.315017;1.000000;0.078533;3.326256;12.506953;0.425052;0.075983;-19.633663;-0.433449;0.393303;AGING
2026.07.22 16:47:00;XAUUSDm;4146.735;0.448593;0.304216;0.100258;0.712980;0.296182;0.978396;0.075042;3.313935;12.541299;0.415413;0.072205;-19.635794;-0.433927;0.393189;AGING
2026.07.22 16:48:00;XAUUSDm;4146.633;0.500054;0.128470;0.475299;0.677831;0.296873;0.951275;0.090042;3.297501;12.575115;0.437975;0.073025;-19.255859;-0.433210;0.393360;ORGANIZING
2026.07.22 16:49:00;XAUUSDm;4147.042;0.501037;0.515256;0.851077;0.663765;0.313956;0.939166;0.104329;3.285027;12.608324;0.472993;0.077460;-18.885767;-0.431937;0.393664;ORGANIZING
2026.07.22 16:50:00;XAUUSDm;4146.868;0.470975;0.221284;0.782991;0.635362;0.326672;0.917692;0.102517;3.272294;12.640867;0.514151;0.081461;-18.916187;-0.430502;0.394006;ORGANIZING
2026.07.22 16:51:00;XAUUSDm;4145.344;0.464256;1.921089;0.720351;0.693115;0.335770;0.956399;0.100523;3.259330;12.673676;0.484436;0.082845;-19.030374;-0.431325;0.393810;ORGANIZING
2026.07.22 16:52:00;XAUUSDm;4146.271;0.567613;1.166713;1.146061;0.710079;0.362854;0.967278;0.116782;3.250992;12.706029;0.511005;0.088982;-18.642741;-0.430221;0.394074;ORGANIZING
2026.07.22 16:53:00;XAUUSDm;4147.180;0.998161;1.150953;1.894681;0.724866;0.417095;0.977794;0.148374;3.250462;12.737441;0.575409;0.101146;-17.948203;-0.427680;0.394680;ORGANIZING
2026.07.22 16:54:00;XAUUSDm;4146.883;0.785102;0.380662;2.483508;0.699314;0.488159;0.962087;0.170397;3.256081;12.767232;0.698054;0.118319;-17.347833;-0.423142;0.395765;ORGANIZING
2026.07.22 16:55:00;XAUUSDm;4146.812;0.747418;0.092993;3.044071;0.659235;0.572973;0.937633;0.189905;3.267514;12.795040;0.869148;0.139184;-16.752068;-0.416966;0.397243;ORGANIZING
2026.07.22 16:56:00;XAUUSDm;4146.638;0.552301;0.231796;3.458297;0.626403;0.665334;0.919575;0.201121;3.283251;12.820830;1.062150;0.161851;-16.292346;-0.410043;0.398902;ORGANIZING
2026.07.22 16:57:00;XAUUSDm;4148.272;0.537242;2.116361;3.861228;0.687594;0.763839;0.968502;0.211212;3.303139;12.845460;1.110886;0.181782;-15.936688;-0.407584;0.399491;ORGANIZING
2026.07.22 16:58:00;XAUUSDm;4148.420;0.520804;0.194328;4.251831;0.647654;0.867558;0.948798;0.220181;3.327018;12.867856;1.339538;0.206815;-15.490519;-0.399473;0.401439;ORGANIZING
2026.07.22 16:59:00;XAUUSDm;4146.682;0.490495;2.217233;3.911685;0.708782;0.956742;1.000000;0.226179;3.347546;12.889284;1.349840;0.223407;-15.877090;-0.398334;0.401713;ORGANIZING
2026.07.22 17:00:00;XAUUSDm;4147.430;0.441392;0.965984;3.598750;0.702507;1.000000;1.000000;0.230517;3.364999;12.909959;1.423473;0.232665;-16.204748;-0.395663;0.402355;ORGANIZING
2026.07.22 17:01:00;XAUUSDm;4145.023;0.396959;2.991251;3.310850;0.796945;1.000000;1.000000;0.233386;3.379629;12.931725;1.254793;0.226759;-16.643850;-0.401018;0.401068;ORGANIZING
2026.07.22 17:02:00;XAUUSDm;4145.542;0.410224;0.646713;3.045982;0.769433;1.000000;0.995803;0.234960;3.391669;12.953336;1.299658;0.227476;-16.930046;-0.399636;0.401400;ORGANIZING
2026.07.22 17:03:00;XAUUSDm;4146.304;0.492053;0.952881;2.802303;0.758605;1.000000;1.000000;0.235396;3.401334;12.974935;1.318209;0.227514;-17.204699;-0.399078;0.401534;ORGANIZING
2026.07.22 17:04:00;XAUUSDm;4146.962;0.946620;0.819652;3.512269;0.741658;1.000000;1.000000;0.259125;3.418163;12.996533;1.348331;0.226298;-16.580498;-0.398235;0.401736;ORGANIZING
2026.07.22 17:05:00;XAUUSDm;4146.402;0.971411;0.688350;4.240827;0.718992;1.000000;0.998162;0.282596;3.442296;13.018146;1.390836;0.225028;-15.946096;-0.397024;0.402028;ORGANIZING
2026.07.22 17:06:00;XAUUSDm;4145.888;0.530149;0.646005;4.638439;0.695343;1.000000;0.995727;0.288347;3.470379;13.039804;1.438139;0.224514;-15.614160;-0.395630;0.402363;ORGANIZING
2026.07.22 17:07:00;XAUUSDm;4146.095;0.648222;0.262171;5.124605;0.653684;1.000000;0.980145;0.298238;3.503271;13.061373;1.529790;0.224457;-15.193470;-0.392883;0.403023;ORGANIZING
2026.07.22 17:08:00;XAUUSDm;4144.233;0.431830;2.312814;4.714637;0.716641;1.000000;1.000000;0.303825;3.528148;13.083821;1.395399;0.219847;-15.749770;-0.397146;0.401998;ORGANIZING
2026.07.22 17:09:00;XAUUSDm;4144.511;0.429288;0.343575;4.337466;0.677987;1.000000;0.987659;0.307492;3.545371;13.106055;1.474954;0.220709;-16.152302;-0.394716;0.402583;ORGANIZING
2026.07.22 17:10:00;XAUUSDm;4144.290;0.426719;0.275006;3.990469;0.637838;1.000000;0.973478;0.309467;3.559719;13.128030;1.567795;0.221876;-16.513772;-0.391872;0.403267;ORGANIZING
2026.07.22 17:11:00;XAUUSDm;4144.305;0.540759;0.018799;4.396038;0.586886;1.000000;0.950896;0.314272;3.578677;13.149686;1.703907;0.223222;-16.126433;-0.387722;0.404266;ORGANIZING
2026.07.22 17:12:00;XAUUSDm;4144.712;0.476159;0.521621;4.044355;0.563623;1.000000;0.946871;0.316143;3.589767;13.171220;1.774235;0.223737;-16.502307;-0.385586;0.404780;ORGANIZING
2026.07.22 17:13:00;XAUUSDm;4144.788;0.435559;0.098387;3.720807;0.520361;1.000000;0.928239;0.316513;3.590079;13.192324;1.921742;0.225889;-16.805063;-0.381053;0.405873;ORGANIZING
2026.07.22 17:14:00;XAUUSDm;4145.184;0.473109;0.510810;3.423142;0.499884;1.000000;0.924707;0.315571;3.581525;13.213138;2.000465;0.227429;-17.084071;-0.378615;0.406461;ORGANIZING
2026.07.22 17:15:00;XAUUSDm;4145.376;0.496649;0.258635;3.149291;0.467821;1.000000;0.912439;0.313485;3.564670;13.233463;2.137568;0.230098;-17.308302;-0.374368;0.407486;ORGANIZING
2026.07.22 17:16:00;XAUUSDm;4144.556;0.453431;1.119637;2.897348;0.480412;1.000000;0.930663;0.310408;3.552456;13.253792;2.081546;0.230241;-17.562583;-0.376042;0.407082;ORGANIZING
2026.07.22 17:17:00;XAUUSDm;4143.727;0.400414;1.136956;2.665560;0.493239;1.000000;0.948748;0.306477;3.546650;13.274191;2.027414;0.230077;-17.808124;-0.377674;0.406688;ORGANIZING
2026.07.22 17:18:00;XAUUSDm;4143.608;0.398940;0.169569;2.452315;0.457056;1.000000;0.932203;0.301815;3.546912;13.294230;2.187917;0.232246;-17.996425;-0.372750;0.407877;ORGANIZING
2026.07.22 17:19:00;XAUUSDm;4142.981;0.412296;0.887147;2.256130;0.458560;1.000000;0.941190;0.296534;3.545733;13.314273;2.180738;0.232513;-18.201237;-0.372952;0.407828;ORGANIZING
2026.07.22 17:20:00;XAUUSDm;4144.313;0.423321;1.835823;2.075639;0.507423;1.000000;0.982881;0.290731;3.543235;13.334780;1.970741;0.230341;-18.434498;-0.379361;0.406281;ORGANIZING
2026.07.22 17:21:00;XAUUSDm;4143.640;0.504429;0.946394;2.453961;0.509372;1.000000;0.991779;0.295111;3.534088;13.355214;1.963202;0.230491;-18.069023;-0.379579;0.406228;ORGANIZING
2026.07.22 17:22:00;XAUUSDm;4144.662;0.584607;1.417908;2.892416;0.534799;1.000000;1.000000;0.302278;3.517953;13.375742;1.869862;0.229620;-17.658588;-0.382423;0.405543;ORGANIZING
2026.07.22 17:23:00;XAUUSDm;4145.441;0.588226;1.080774;3.333586;0.542098;1.000000;1.000000;0.309223;3.505676;13.396220;1.844686;0.229516;-17.234530;-0.383184;0.405359;ORGANIZING
2026.07.22 17:24:00;XAUUSDm;4143.658;0.416616;2.400636;3.066899;0.615024;1.000000;1.000000;0.307096;3.492602;13.417296;1.625952;0.226515;-17.564817;-0.389896;0.403742;ORGANIZING
2026.07.22 17:25:00;XAUUSDm;4144.349;0.463400;0.916275;2.821547;0.610087;1.000000;1.000000;0.304009;3.489331;13.438290;1.639110;0.227096;-17.813511;-0.389472;0.403844;ORGANIZING
2026.07.22 17:26:00;XAUUSDm;4144.421;0.511647;0.097289;3.205283;0.564447;1.000000;0.979045;0.307995;3.486216;13.458797;1.771645;0.229428;-17.406384;-0.385379;0.404830;ORGANIZING
2026.07.22 17:27:00;XAUUSDm;4145.675;0.838216;1.707795;3.833945;0.601615;1.000000;1.000000;0.324028;3.481692;13.479630;1.662194;0.226894;-16.858741;-0.388789;0.404009;ORGANIZING
2026.07.22 17:28:00;XAUUSDm;4146.026;0.474485;0.474376;3.527229;0.575253;1.000000;0.992944;0.323163;3.476158;13.500144;1.738367;0.228594;-17.146808;-0.386419;0.404580;ORGANIZING
2026.07.22 17:29:00;XAUUSDm;4145.900;0.518420;0.175590;3.916044;0.535269;1.000000;0.975647;0.326445;3.462991;13.520127;1.868218;0.231230;-16.718225;-0.382392;0.405550;ORGANIZING
2026.07.22 17:30:00;XAUUSDm;4144.887;0.733824;1.437695;4.466412;0.560391;1.000000;1.000000;0.337642;3.450435;13.540235;1.784469;0.229966;-16.210368;-0.384968;0.404929;ORGANIZING
2026.07.22 17:31:00;XAUUSDm;4145.782;0.504692;1.257093;4.844931;0.575226;1.000000;1.000000;0.339685;3.437672;13.560364;1.738447;0.229749;-15.845374;-0.386359;0.404594;ORGANIZING
2026.07.22 17:32:00;XAUUSDm;4147.425;0.430281;2.256496;4.457336;0.639289;1.000000;1.000000;0.342081;3.424614;13.581003;1.564237;0.226964;-16.296345;-0.391725;0.403302;ORGANIZING
2026.07.22 17:33:00;XAUUSDm;4146.880;0.455235;0.773708;4.100749;0.626010;1.000000;1.000000;0.342806;3.411290;13.601376;1.597418;0.228305;-16.634829;-0.390662;0.403558;ORGANIZING
2026.07.22 17:34:00;XAUUSDm;4144.847;0.900996;2.782111;4.776496;0.713815;1.000000;1.000000;0.359453;3.407767;13.622592;1.400922;0.223163;-16.094351;-0.396814;0.402078;ORGANIZING
2026.07.22 17:35:00;XAUUSDm;4145.115;0.944648;0.374218;5.484983;0.676836;1.000000;0.990678;0.376905;3.414085;13.643501;1.477464;0.223823;-15.417334;-0.394485;0.402638;ORGANIZING
2026.07.22 17:36:00;XAUUSDm;4142.769;0.465219;3.137119;5.046184;0.779850;1.000000;1.000000;0.380000;3.418503;13.665484;1.282298;0.218419;-15.996155;-0.400610;0.401166;ORGANIZING
2026.07.22 17:37:00;XAUUSDm;4142.483;0.519232;0.381985;5.435608;0.739956;1.000000;0.991669;0.380471;3.429111;13.687175;1.351431;0.219803;-15.610688;-0.398467;0.401681;ORGANIZING
2026.07.22 17:38:00;XAUUSDm;4140.635;0.413595;2.358226;5.000759;0.800870;1.000000;1.000000;0.383190;3.437450;13.709558;1.248642;0.216380;-16.150948;-0.401722;0.400899;ORGANIZING
2026.07.22 17:39:00;XAUUSDm;4139.067;0.397745;1.943432;4.600698;0.837998;1.000000;1.000000;0.384033;3.443708;13.732375;1.193320;0.214328;-16.625158;-0.403484;0.400476;ORGANIZING
2026.07.22 17:40:00;XAUUSDm;4138.934;0.384907;0.165012;4.232642;0.784349;1.000000;0.984217;0.383234;3.448060;13.754699;1.274943;0.216655;-16.968994;-0.400919;0.401092;ORGANIZING
2026.07.22 17:41:00;XAUUSDm;4139.438;0.397506;0.641548;3.894031;0.757209;1.000000;0.985636;0.381003;3.445220;13.776724;1.320640;0.218177;-17.292348;-0.399472;0.401439;ORGANIZING
2026.07.22 17:42:00;XAUUSDm;4140.533;0.398738;1.387903;3.582509;0.768743;1.000000;1.000000;0.377529;3.434895;13.798760;1.300824;0.218285;-17.609843;-0.400061;0.401298;ORGANIZING
2026.07.22 17:43:00;XAUUSDm;4140.730;0.392512;0.254285;3.295908;0.723021;1.000000;0.987114;0.372983;3.418097;13.820171;1.383087;0.221528;-17.829444;-0.397431;0.401930;ORGANIZING
2026.07.22 17:44:00;XAUUSDm;4140.399;0.413781;0.426876;3.032235;0.688213;1.000000;0.980560;0.367517;3.401354;13.841067;1.453038;0.224362;-18.034787;-0.395191;0.402468;ORGANIZING
2026.07.22 17:45:00;XAUUSDm;4141.215;0.415213;1.032519;2.789656;0.685429;1.000000;0.995241;0.361270;3.384666;13.861768;1.458941;0.225664;-18.249412;-0.394949;0.402527;ORGANIZING
2026.07.22 17:46:00;XAUUSDm;4141.619;0.427371;0.508240;2.566484;0.656569;1.000000;0.990841;0.354365;3.374130;13.882075;1.523069;0.228047;-18.429152;-0.392906;0.403018;ORGANIZING
2026.07.22 17:47:00;XAUUSDm;4141.533;0.402445;0.112574;2.361165;0.609369;1.000000;0.972504;0.346913;3.371988;13.901888;1.641041;0.231039;-18.587894;-0.389217;0.403906;ORGANIZING
2026.07.22 17:48:00;XAUUSDm;4141.446;0.397600;0.114065;2.172272;0.564604;1.000000;0.954601;0.339012;3.368677;13.921221;1.771152;0.234066;-18.728932;-0.385162;0.404882;ORGANIZING
2026.07.22 17:49:00;XAUUSDm;4143.037;0.422354;2.094027;1.998490;0.621075;1.000000;1.000000;0.330751;3.371009;13.941142;1.610110;0.231330;-18.967247;-0.390130;0.403686;ORGANIZING
2026.07.22 17:50:00;XAUUSDm;4143.180;0.470069;0.191258;1.838611;0.579585;1.000000;0.983270;0.322207;3.380432;13.960742;1.725374;0.233524;-19.106994;-0.386563;0.404545;ORGANIZING
2026.07.22 17:51:00;XAUUSDm;4142.962;0.419563;0.309703;1.691522;0.546090;1.000000;0.970973;0.313451;3.395064;13.980154;1.831198;0.235039;-19.251753;-0.383312;0.405328;ORGANIZING
2026.07.22 17:52:00;XAUUSDm;4143.289;0.395028;0.467103;1.556200;0.522141;1.000000;0.964308;0.304545;3.407100;13.999446;1.915191;0.236195;-19.388677;-0.380735;0.405950;ORGANIZING
2026.07.22 17:53:00;XAUUSDm;4143.143;0.399718;0.212290;1.431704;0.486649;0.998104;0.948646;0.295542;3.416755;14.018518;2.050975;0.237703;-19.499953;-0.376586;0.406951;ORGANIZING
2026.07.22 17:54:00;XAUUSDm;4142.488;0.429126;0.952478;1.317168;0.489978;0.991937;0.959125;0.286492;3.434265;14.037922;2.024452;0.235573;-19.660308;-0.377488;0.406733;ORGANIZING
2026.07.22 17:55:00;XAUUSDm;4142.768;0.429405;0.410509;1.211795;0.466166;0.982132;0.949950;0.277436;3.459825;14.057539;2.106829;0.233650;-19.804301;-0.375113;0.407306;ORGANIZING
2026.07.22 17:56:00;XAUUSDm;4142.599;0.976500;0.250304;1.944170;0.435730;1.000000;0.935173;0.300183;3.473546;14.076632;2.294999;0.237560;-19.115651;-0.369272;0.408717;ORGANIZING
2026.07.22 17:57:00;XAUUSDm;4142.938;0.720350;0.500133;2.484432;0.418950;1.000000;0.930453;0.312187;3.485690;14.095678;2.386919;0.237145;-18.625951;-0.366535;0.409379;ORGANIZING
2026.07.22 17:58:00;XAUUSDm;4142.311;0.442213;0.960007;2.285677;0.426003;1.000000;0.942414;0.306515;3.495413;14.114893;2.347401;0.236522;-18.859074;-0.367752;0.409084;ORGANIZING
2026.07.22 17:59:00;XAUUSDm;4142.516;0.388383;0.314581;2.102823;0.400432;1.000000;0.931168;0.300332;3.502914;14.133926;2.497304;0.237887;-19.038028;-0.363187;0.410188;ORGANIZING
2026.07.22 18:00:00;XAUUSDm;4141.129;0.415795;2.054876;1.934597;0.463154;1.000000;0.981009;0.293727;3.508380;14.153641;2.159109;0.234452;-19.286412;-0.373504;0.407695;ORGANIZING
2026.07.22 18:01:00;XAUUSDm;4136.807;0.406376;5.678474;1.779830;0.703920;1.000000;1.000000;0.286779;3.511980;14.175800;1.420616;0.222090;-19.697409;-0.396277;0.402207;ORGANIZING
2026.07.22 18:02:00;XAUUSDm;4137.665;0.402858;1.114083;1.637443;0.704428;1.000000;1.000000;0.279559;3.513871;14.197983;1.419591;0.222328;-19.851829;-0.396296;0.402203;ORGANIZING
2026.07.22 18:03:00;XAUUSDm;4137.919;0.405288;0.328293;1.506448;0.665621;1.000000;0.986275;0.272131;3.514196;14.219781;1.502355;0.224621;-19.951610;-0.393698;0.402827;ORGANIZING
2026.07.22 18:04:00;XAUUSDm;4137.835;0.411346;0.109452;1.385932;0.617813;0.997011;0.965111;0.264550;3.513088;14.241150;1.613775;0.226828;-20.031298;-0.390245;0.403658;ORGANIZING
2026.07.22 18:05:00;XAUUSDm;4139.321;0.436402;1.873094;1.275057;0.660637;0.989713;1.000000;0.256867;3.510669;14.263069;1.498119;0.223504;-20.194007;-0.393881;0.402783;ORGANIZING
2026.07.22 18:06:00;XAUUSDm;4139.175;0.415782;0.187213;1.173053;0.617171;0.978981;0.980543;0.249123;3.507050;14.284732;1.586239;0.223852;-20.262216;-0.391220;0.403424;ORGANIZING
2026.07.22 18:07:00;XAUUSDm;4140.935;0.656106;2.204188;1.665132;0.676943;0.988883;1.000000;0.261271;3.496475;14.306688;1.460807;0.222988;-19.845108;-0.395026;0.402508;ORGANIZING
2026.07.22 18:08:00;XAUUSDm;4140.631;0.573467;0.378967;2.095233;0.642266;1.000000;0.987408;0.269713;3.479763;14.327908;1.556987;0.227700;-19.373893;-0.391905;0.403259;ORGANIZING
2026.07.22 18:09:00;XAUUSDm;4139.330;0.385858;1.595027;1.927614;0.669904;1.000000;1.000000;0.264608;3.463073;14.349238;1.492751;0.227398;-19.546890;-0.393848;0.402791;ORGANIZING
2026.07.22 18:10:00;XAUUSDm;4139.689;0.389849;0.450892;1.773405;0.638954;1.000000;0.990042;0.259088;3.446410;14.370092;1.565059;0.230179;-19.646636;-0.391539;0.403347;ORGANIZING
2026.07.22 18:11:00;XAUUSDm;4139.317;0.387581;0.470779;1.631533;0.610545;1.000000;0.980936;0.253227;3.429777;14.390495;1.637881;0.232908;-19.735517;-0.389218;0.403906;ORGANIZING
2026.07.22 18:12:00;XAUUSDm;4138.092;0.372154;1.542355;1.501010;0.637135;1.000000;1.000000;0.247092;3.413180;14.410998;1.569525;0.232698;-19.867669;-0.391279;0.403409;ORGANIZING
2026.07.22 18:13:00;XAUUSDm;4138.800;0.379219;0.893015;1.380929;0.629929;0.997775;1.000000;0.240741;3.396622;14.431308;1.583947;0.233819;-19.957262;-0.390791;0.403527;ORGANIZING
2026.07.22 18:14:00;XAUUSDm;4138.279;0.380679;0.678757;1.270455;0.612415;0.991433;0.997182;0.234228;3.380106;14.451405;1.618891;0.234562;-20.030601;-0.389705;0.403788;ORGANIZING
2026.07.22 18:15:00;XAUUSDm;4137.871;0.373886;0.535489;1.168818;0.588740;0.981510;0.989221;0.227599;3.363636;14.471298;1.667136;0.234812;-20.092178;-0.388245;0.404140;ORGANIZING
2026.07.22 18:16:00;XAUUSDm;4137.590;0.373925;0.366793;1.075313;0.558013;0.968503;0.975402;0.220894;3.355506;14.491064;1.735628;0.234254;-20.158060;-0.386218;0.404628;ORGANIZING
2026.07.22 18:17:00;XAUUSDm;4138.495;0.380183;1.192170;0.989288;0.570350;0.952651;0.990720;0.214150;3.353680;14.511251;1.670290;0.230210;-20.275323;-0.388381;0.404107;ORGANIZING
2026.07.22 18:18:00;XAUUSDm;4138.819;0.393367;0.427114;0.910145;0.544136;0.934522;0.978489;0.207400;3.350667;14.531508;1.717443;0.227810;-20.347111;-0.387086;0.404419;ORGANIZING
2026.07.22 18:19:00;XAUUSDm;4138.881;0.390914;0.081870;0.837333;0.502332;0.914542;0.954367;0.200671;3.346568;14.551707;1.820594;0.225837;-20.396641;-0.384090;0.405141;ORGANIZING
2026.07.22 18:20:00;XAUUSDm;4139.225;0.441210;0.462415;0.770347;0.482045;0.892938;0.944172;0.193986;3.341478;14.572083;1.852396;0.222262;-20.461772;-0.383315;0.405328;ORGANIZING
2026.07.22 18:21:00;XAUUSDm;4137.242;0.771288;2.589855;1.348813;0.569577;0.897162;1.000000;0.213210;3.329081;14.593126;1.575138;0.218188;-20.001311;-0.391836;0.403275;ORGANIZING
2026.07.22 18:22:00;XAUUSDm;4135.567;0.424665;2.185771;1.240908;0.632443;0.895677;1.000000;0.207945;3.316401;14.614701;1.416217;0.215473;-20.159251;-0.396740;0.402096;ORGANIZING
2026.07.22 18:23:00;XAUUSDm;4136.151;0.441149;0.761309;1.141635;0.620973;0.890360;0.998924;0.202512;3.303467;14.636138;1.433814;0.215743;-20.237073;-0.396198;0.402226;ORGANIZING
2026.07.22 18:24:00;XAUUSDm;4136.861;0.533885;0.958630;1.542049;0.620049;0.901907;1.000000;0.212407;3.288511;14.657186;1.454574;0.218858;-19.835114;-0.395420;0.402413;ORGANIZING
2026.07.22 18:25:00;XAUUSDm;4136.613;0.399044;0.335026;1.418685;0.587760;0.907690;0.984160;0.207955;3.273504;14.677645;1.544322;0.223062;-19.901947;-0.392517;0.403111;ORGANIZING
2026.07.22 18:26:00;XAUUSDm;4136.427;0.396860;0.266843;1.305190;0.553560;0.908881;0.966332;0.203232;3.258458;14.697587;1.641884;0.226357;-19.960455;-0.389426;0.403856;ORGANIZING
2026.07.22 18:27:00;XAUUSDm;4136.586;0.371328;0.228942;1.200775;0.519151;0.906019;0.947637;0.198291;3.246810;14.717127;1.745193;0.228547;-20.019684;-0.386217;0.404628;ORGANIZING
2026.07.22 18:28:00;XAUUSDm;4135.472;0.365953;1.638669;1.104713;0.557007;0.899294;0.978763;0.193179;3.240481;14.737116;1.614511;0.225349;-20.157436;-0.390297;0.403646;ORGANIZING
2026.07.22 18:29:00;XAUUSDm;4135.362;0.377991;0.169059;1.016336;0.519624;0.889492;0.957185;0.187939;3.233391;14.756856;1.711801;0.225705;-20.213312;-0.387361;0.404353;ORGANIZING
2026.07.22 18:30:00;XAUUSDm;4134.674;0.370516;1.039652;0.935029;0.527835;0.876833;0.966649;0.182608;3.225608;14.776854;1.661187;0.222770;-20.309258;-0.389026;0.403952;ORGANIZING
2026.07.22 18:31:00;XAUUSDm;4134.150;0.370156;0.791350;0.860227;0.523474;0.861760;0.966905;0.177217;3.217193;14.797025;1.646231;0.219955;-20.387333;-0.389615;0.403810;ORGANIZING
2026.07.22 18:32:00;XAUUSDm;4133.807;0.379541;0.530041;0.791409;0.506567;0.844681;0.957817;0.171797;3.208203;14.817279;1.667461;0.217334;-20.447757;-0.389109;0.403932;ORGANIZING
2026.07.22 18:33:00;XAUUSDm;4134.487;0.371484;1.035354;0.728096;0.516113;0.825797;0.966544;0.166373;3.198690;14.837911;1.600031;0.212770;-20.530258;-0.391361;0.403390;ORGANIZING
2026.07.22 18:34:00;XAUUSDm;4132.939;0.365052;2.272727;0.669848;0.587428;0.805116;1.000000;0.160967;3.188703;14.859570;1.370578;0.204495;-20.671373;-0.398658;0.401635;ORGANIZING
2026.07.22 18:35:00;XAUUSDm;4134.375;0.396840;2.070596;0.616260;0.645484;0.782974;1.000000;0.155598;3.178285;14.882148;1.213002;0.196758;-20.796164;-0.403772;0.400406;ORGANIZING
2026.07.22 18:36:00;XAUUSDm;4135.378;0.447313;1.421687;0.566960;0.668635;0.759780;1.000000;0.150283;3.167477;14.905314;1.136315;0.190593;-20.882729;-0.406381;0.399780;ORGANIZING
2026.07.22 18:37:00;XAUUSDm;4135.730;0.422642;0.495203;0.521603;0.644767;0.735974;0.987592;0.145037;3.156317;14.928605;1.141456;0.186506;-20.918503;-0.406431;0.399768;ORGANIZING
2026.07.22 18:38:00;XAUUSDm;4135.121;0.397403;0.844356;0.479875;0.640027;0.711651;0.987655;0.139871;3.144838;14.952221;1.111907;0.181325;-20.970141;-0.407577;0.399493;ORGANIZING
2026.07.22 18:39:00;XAUUSDm;4135.744;0.411844;0.887591;0.441485;0.638173;0.686968;0.989048;0.134797;3.133072;14.976194;1.076461;0.175873;-21.021653;-0.408913;0.399173;ORGANIZING
2026.07.22 18:40:00;XAUUSDm;4134.662;0.384965;1.501360;0.406166;0.667593;0.661925;1.000000;0.129823;3.121048;15.000842;0.991510;0.168924;-21.102088;-0.411808;0.398479;ORGANIZING
2026.07.22 18:41:00;XAUUSDm;4135.401;0.481231;1.010806;0.373673;0.671515;0.636785;1.000000;0.124957;3.115195;15.025973;0.948281;0.162791;-21.167334;-0.413412;0.398094;ORGANIZING
2026.07.22 18:42:00;XAUUSDm;4134.824;0.701913;0.783861;0.900107;0.664396;0.637380;0.996809;0.145031;3.103027;15.050900;0.959336;0.162910;-20.673924;-0.413074;0.398175;ORGANIZING
2026.07.22 18:43:00;XAUUSDm;4135.771;0.905463;1.259108;1.579204;0.681384;0.665020;1.000000;0.171734;3.091887;15.075332;0.975984;0.168573;-20.039734;-0.412292;0.398363;ORGANIZING
2026.07.22 18:44:00;XAUUSDm;4135.948;0.634915;0.238365;2.055391;0.645933;0.708184;0.979353;0.186957;3.081561;15.098444;1.096373;0.180915;-19.517838;-0.408063;0.399377;ORGANIZING
2026.07.22 18:45:00;XAUUSDm;4136.622;0.999951;0.898140;2.805354;0.644380;0.774014;0.983054;0.215107;3.080020;15.120207;1.201177;0.196475;-18.775473;-0.404141;0.400318;ORGANIZING
2026.07.22 18:46:00;XAUUSDm;4137.692;0.479952;1.392395;2.580926;0.666300;0.828282;1.000000;0.215573;3.077377;15.141078;1.243107;0.209202;-18.984071;-0.402247;0.400773;ORGANIZING
2026.07.22 18:47:00;XAUUSDm;4137.648;0.483467;0.057700;2.374452;0.619304;0.873023;0.974565;0.215118;3.073727;15.160548;1.409682;0.223385;-19.110069;-0.396540;0.402144;ORGANIZING
2026.07.22 18:48:00;XAUUSDm;4138.050;0.469480;0.530301;2.184495;0.597394;0.909008;0.966544;0.213860;3.069156;15.179034;1.521623;0.234256;-19.248956;-0.392639;0.403082;ORGANIZING
2026.07.22 18:49:00;XAUUSDm;4137.384;0.471947;0.868001;2.009736;0.592744;0.936989;0.970581;0.211905;3.063745;15.196859;1.580764;0.242216;-19.394178;-0.390466;0.403605;ORGANIZING
2026.07.22 18:50:00;XAUUSDm;4137.685;0.467475;0.403723;1.848957;0.564553;0.957815;0.958157;0.209349;3.057565;15.213924;1.696590;0.249987;-19.505532;-0.386603;0.404535;ORGANIZING
2026.07.22 18:51:00;XAUUSDm;4138.338;0.465474;0.971466;1.701040;0.565743;0.972092;0.965950;0.206277;3.050685;15.230646;1.718259;0.254294;-19.637181;-0.385738;0.404744;ORGANIZING
2026.07.22 18:52:00;XAUUSDm;4138.248;0.465176;0.137024;1.564957;0.524865;0.980656;0.944158;0.202767;3.043167;15.246713;1.868397;0.260066;-19.717835;-0.380945;0.405899;ORGANIZING
2026.07.22 18:53:00;XAUUSDm;4137.805;0.466719;0.670602;1.439761;0.512539;0.984015;0.941680;0.198889;3.035068;15.262509;1.919885;0.262649;-19.819186;-0.379271;0.406303;ORGANIZING
2026.07.22 18:54:00;XAUUSDm;4137.428;0.464993;0.565675;1.324580;0.495515;0.982771;0.935481;0.194703;3.026440;15.278073;1.983331;0.264423;-19.908525;-0.377279;0.406783;ORGANIZING
2026.07.22 18:55:00;XAUUSDm;4137.770;0.466253;0.531402;1.218613;0.477654;0.977464;0.928153;0.190267;3.017332;15.293474;2.046384;0.265237;-19.990247;-0.375347;0.407250;ORGANIZING
2026.07.22 18:56:00;XAUUSDm;4137.279;0.470183;0.754827;1.121124;0.471963;0.968540;0.928746;0.185628;3.007787;15.308901;2.052150;0.264240;-20.078028;-0.375223;0.407279;ORGANIZING
2026.07.22 18:57:00;XAUUSDm;4137.276;0.471847;0.004875;1.031434;0.429238;0.956617;0.902907;0.180831;2.997846;15.324039;2.228638;0.265144;-20.122580;-0.369884;0.408569;ORGANIZING
2026.07.22 18:58:00;XAUUSDm;4136.265;0.475434;1.606088;0.948920;0.468948;0.941752;0.933848;0.175915;2.987547;15.339769;2.008222;0.259264;-20.244970;-0.376790;0.406901;ORGANIZING
2026.07.22 18:59:00;XAUUSDm;4136.221;0.495808;0.072807;0.873006;0.430306;0.924683;0.909868;0.170915;2.976925;15.355348;2.148896;0.258425;-20.283644;-0.372612;0.407910;ORGANIZING
2026.07.22 19:00:00;XAUUSDm;4135.331;0.484670;1.447249;0.803166;0.462660;0.905440;0.934659;0.165861;2.966010;15.371525;1.957033;0.251894;-20.389322;-0.378694;0.406442;ORGANIZING
2026.07.22 19:01:00;XAUUSDm;4133.523;0.468899;2.808849;0.738912;0.561860;0.884046;1.000000;0.160781;2.954832;15.389011;1.573426;0.240395;-20.559140;-0.390777;0.403530;ORGANIZING
2026.07.22 19:02:00;XAUUSDm;4133.616;0.473700;0.149749;0.679799;0.523574;0.861433;0.975869;0.155697;2.942261;15.406441;1.645294;0.237864;-20.584700;-0.388748;0.404019;ORGANIZING
2026.07.22 19:03:00;XAUUSDm;4134.477;0.473093;1.379587;0.625415;0.549146;0.837564;0.995448;0.150632;2.937088;15.424552;1.525212;0.230298;-20.686158;-0.392729;0.403061;ORGANIZING
2026.07.22 19:04:00;XAUUSDm;4135.123;0.480247;1.030961;0.575382;0.556485;0.812766;1.000000;0.145602;2.937203;15.443234;1.460534;0.223331;-20.777180;-0.395017;0.402510;ORGANIZING
2026.07.22 19:05:00;XAUUSDm;4136.197;0.498667;1.678335;0.529352;0.596322;0.787099;1.000000;0.140623;2.945277;15.462908;1.319921;0.213756;-20.914579;-0.399715;0.401381;ORGANIZING
2026.07.22 19:06:00;XAUUSDm;4136.446;0.472960;0.389501;0.487003;0.570239;0.761073;0.983554;0.135710;2.951489;15.482904;1.334656;0.208089;-20.979464;-0.399556;0.401419;ORGANIZING
2026.07.22 19:07:00;XAUUSDm;4136.059;0.470687;0.615341;0.448043;0.557273;0.734792;0.975417;0.130872;2.955996;15.503340;1.318550;0.201637;-21.051514;-0.400362;0.401225;ORGANIZING
2026.07.22 19:08:00;XAUUSDm;4135.886;0.467951;0.276402;0.412200;0.528534;0.708479;0.955532;0.126121;2.958939;15.524046;1.340462;0.196059;-21.102020;-0.399983;0.401316;ORGANIZING
2026.07.22 19:09:00;XAUUSDm;4135.479;0.468894;0.643173;0.379224;0.520096;0.682164;0.949013;0.121463;2.960449;15.545208;1.311613;0.189384;-21.167741;-0.401182;0.401028;ORGANIZING
2026.07.22 19:10:00;XAUUSDm;4134.942;0.466676;0.843464;0.348886;0.522621;0.655912;0.949570;0.116907;2.960648;15.566922;1.255042;0.182189;-21.239856;-0.403239;0.400534;ORGANIZING
2026.07.22 19:11:00;XAUUSDm;4134.983;0.465752;0.068583;0.320975;0.486801;0.630011;0.922828;0.112457;2.959645;15.588786;1.294185;0.177024;-21.268807;-0.402323;0.400754;ORGANIZING
2026.07.22 19:12:00;XAUUSDm;4134.987;0.465903;0.007087;0.295297;0.450215;0.604548;0.894713;0.108118;2.957544;15.610773;1.342798;0.171948;-21.292467;-0.401119;0.401044;ORGANIZING
2026.07.22 19:13:00;XAUUSDm;4134.509;0.465949;0.850110;0.271673;0.458119;0.579375;0.896936;0.103894;2.954437;15.633311;1.264684;0.164761;-21.357042;-0.403821;0.400395;ORGANIZING
2026.07.22 19:14:00;XAUUSDm;4134.194;0.466672;0.568202;0.249939;0.452036;0.554631;0.889066;0.099786;2.950411;15.656243;1.226964;0.158365;-21.404101;-0.405273;0.400046;ORGANIZING
2026.07.22 19:15:00;XAUUSDm;4134.411;0.467453;0.391867;0.229944;0.437934;0.530410;0.875157;0.095796;2.945546;15.679470;1.211163;0.152448;-21.439733;-0.406043;0.399861;ORGANIZING
2026.07.22 19:16:00;XAUUSDm;4135.375;0.471244;1.693248;0.211549;0.490092;0.506430;0.907143;0.091926;2.939914;15.703641;1.033336;0.143793;-21.539434;-0.411810;0.398478;ORGANIZING
2026.07.22 19:17:00;XAUUSDm;4134.353;0.468415;1.742303;0.194625;0.542574;0.482740;0.939591;0.088176;2.933582;15.728748;0.889722;0.135436;-21.637473;-0.416537;0.397346;ORGANIZING
2026.07.22 19:18:00;XAUUSDm;4133.948;0.469894;0.707547;0.179055;0.541168;0.459652;0.934556;0.084546;2.926613;15.754233;0.849371;0.129395;-21.679010;-0.418049;0.396984;ORGANIZING
2026.07.22 19:19:00;XAUUSDm;4134.401;0.471819;0.782032;0.164730;0.544018;0.437171;0.932176;0.081035;2.919063;15.780120;0.803596;0.123351;-21.722431;-0.419725;0.396583;ORGANIZING
2026.07.22 19:20:00;XAUUSDm;4133.623;0.472165;1.338932;0.151552;0.575020;0.415174;0.949249;0.077642;2.910983;15.806677;0.722016;0.116503;-21.792221;-0.422514;0.395915;ORGANIZING
2026.07.22 19:21:00;XAUUSDm;4132.372;0.476184;2.100403;0.139428;0.642986;0.393501;0.992257;0.074366;2.902423;15.834261;0.611990;0.108709;-21.897896;-0.426205;0.395033;ORGANIZING
2026.07.22 19:22:00;XAUUSDm;4133.498;0.591988;1.842097;0.583419;0.695071;0.394150;1.000000;0.092847;2.888875;15.862217;0.567065;0.107199;-21.543164;-0.427628;0.394693;ORGANIZING
2026.07.22 19:23:00;XAUUSDm;4134.719;0.524530;1.962770;0.976816;0.750573;0.411182;1.000000;0.107875;2.877945;15.890279;0.547824;0.110048;-21.224493;-0.428063;0.394589;ORGANIZING
2026.07.22 19:24:00;XAUUSDm;4134.307;0.479404;0.687400;0.898671;0.739191;0.423376;0.992835;0.106388;2.866788;15.917871;0.572756;0.114045;-21.281367;-0.427115;0.394815;ORGANIZING
2026.07.22 19:25:00;XAUUSDm;4133.270;0.465877;1.753526;0.826777;0.781440;0.431678;1.000000;0.104663;2.855428;15.945606;0.552413;0.115375;-21.388775;-0.427659;0.394686;ORGANIZING
2026.07.22 19:26:00;XAUUSDm;4133.742;0.466354;0.812728;0.760635;0.774371;0.436725;0.997109;0.102737;2.843887;15.973054;0.563974;0.117368;-21.443315;-0.427212;0.394792;ORGANIZING
2026.07.22 19:27:00;XAUUSDm;4133.188;0.466071;0.947332;0.699784;0.774285;0.438864;0.998962;0.100643;2.832185;16.000342;0.566799;0.118384;-21.501635;-0.427077;0.394825;ORGANIZING
2026.07.22 19:28:00;XAUUSDm;4134.098;0.469171;1.540232;0.643801;0.803805;0.438304;1.000000;0.098410;2.820340;16.027817;0.545287;0.117743;-21.587017;-0.427754;0.394663;ORGANIZING
2026.07.22 19:29:00;XAUUSDm;4134.430;0.475129;0.567521;0.592297;0.783225;0.435598;0.988308;0.096065;2.808369;16.055021;0.556160;0.118123;-21.619219;-0.427409;0.394745;ORGANIZING
2026.07.22 19:30:00;XAUUSDm;4132.856;0.468095;2.646090;0.544913;0.867656;0.430541;1.000000;0.093631;2.796288;16.083050;0.496212;0.114579;-21.755088;-0.429385;0.394273;AGING
2026.07.22 19:31:00;XAUUSDm;4133.165;0.469122;0.527088;0.501320;0.842017;0.423926;0.986725;0.091129;2.784110;16.110832;0.503465;0.114043;-21.778080;-0.429194;0.394319;ORGANIZING
2026.07.22 19:32:00;XAUUSDm;4133.457;0.470866;0.502980;0.461215;0.816586;0.415984;0.972984;0.088578;2.771849;16.138397;0.509419;0.113131;-21.798637;-0.429061;0.394351;ORGANIZING
2026.07.22 19:33:00;XAUUSDm;4134.763;0.522589;2.222147;0.853157;0.878545;0.426168;1.000000;0.103746;2.763804;16.166297;0.485084;0.113763;-21.500617;-0.429759;0.394184;AGING
2026.07.22 19:34:00;XAUUSDm;4135.452;0.472791;1.152251;0.784904;0.883707;0.432119;1.000000;0.101971;2.755335;16.194045;0.488984;0.115508;-21.575341;-0.429555;0.394233;AGING
2026.07.22 19:35:00;XAUUSDm;4135.784;0.471458;0.561646;0.722112;0.858961;0.435139;0.988227;0.100012;2.746480;16.221397;0.506588;0.117432;-21.616091;-0.428931;0.394382;ORGANIZING
2026.07.22 19:36:00;XAUUSDm;4134.646;0.482794;1.920740;0.664343;0.903347;0.435269;1.000000;0.097900;2.737275;16.249098;0.481840;0.116428;-21.723183;-0.429723;0.394192;AGING
2026.07.22 19:37:00;XAUUSDm;4134.660;0.513141;0.023653;1.049199;0.850657;0.452676;0.969254;0.112248;2.732135;16.275872;0.532148;0.122509;-21.313420;-0.427910;0.394625;ORGANIZING
2026.07.22 19:38:00;XAUUSDm;4134.495;0.490063;0.281023;0.965263;0.813122;0.465160;0.949095;0.110832;2.726336;16.301963;0.572067;0.127431;-21.358999;-0.426466;0.394970;ORGANIZING
2026.07.22 19:39:00;XAUUSDm;4134.659;0.522569;0.284180;1.357189;0.777372;0.493565;0.929702;0.124887;2.724629;16.327112;0.634915;0.136085;-20.952761;-0.424148;0.395525;ORGANIZING
2026.07.22 19:40:00;XAUUSDm;4134.510;0.478097;0.259555;1.248614;0.741610;0.515711;0.910618;0.124071;2.721976;16.351434;0.695394;0.143746;-21.020814;-0.421951;0.396050;ORGANIZING
2026.07.22 19:41:00;XAUUSDm;4135.094;0.465822;1.019767;1.148725;0.745203;0.532627;0.918781;0.122862;2.718460;16.375418;0.714740;0.148508;-21.121913;-0.421132;0.396246;ORGANIZING
2026.07.22 19:42:00;XAUUSDm;4135.061;0.470089;0.057739;1.056827;0.700177;0.545063;0.892944;0.121314;2.709601;16.398614;0.778464;0.154361;-21.158733;-0.418928;0.396773;ORGANIZING
2026.07.22 19:43:00;XAUUSDm;4135.908;0.473119;1.461302;0.972281;0.727332;0.553205;0.917083;0.119476;2.696099;16.421785;0.760594;0.156144;-21.254780;-0.419375;0.396666;ORGANIZING
2026.07.22 19:44:00;XAUUSDm;4133.925;0.501392;3.241573;1.348325;0.841980;0.576237;1.000000;0.132304;2.687115;16.445551;0.684383;0.157382;-21.001807;-0.421599;0.396134;ORGANIZING
2026.07.22 19:45:00;XAUUSDm;4133.533;0.521846;0.639749;1.739710;0.820344;0.612980;0.992022;0.145258;2.682809;16.468323;0.747223;0.168013;-20.592111;-0.419183;0.396712;ORGANIZING
2026.07.22 19:46:00;XAUUSDm;4133.720;0.938271;0.308245;2.443413;0.782480;0.672610;0.973174;0.173180;2.686222;16.489557;0.859588;0.184687;-19.874820;-0.414978;0.397719;ORGANIZING
2026.07.22 19:47:00;XAUUSDm;4134.143;0.470183;0.687738;2.247940;0.764290;0.721681;0.969245;0.174295;2.688273;16.509650;0.944250;0.198983;-20.029454;-0.411723;0.398499;ORGANIZING
2026.07.22 19:48:00;XAUUSDm;4134.701;0.480156;0.920792;2.068104;0.757682;0.761923;0.973649;0.174572;2.689074;16.528879;1.005598;0.210399;-20.183825;-0.409312;0.399077;ORGANIZING
2026.07.22 19:49:00;XAUUSDm;4134.904;0.487106;0.333235;1.902656;0.721221;0.794253;0.957345;0.174116;2.688733;16.547093;1.101262;0.221607;-20.297102;-0.405882;0.399900;ORGANIZING
2026.07.22 19:50:00;XAUUSDm;4133.510;0.478388;2.251074;1.750444;0.781828;0.819061;1.000000;0.173021;2.687344;16.565404;1.047622;0.224881;-20.498457;-0.407327;0.399553;ORGANIZING
2026.07.22 19:51:00;XAUUSDm;4132.944;0.529076;0.952189;2.147251;0.773965;0.857242;1.000000;0.184210;2.690367;16.582902;1.107598;0.234955;-20.101528;-0.405024;0.400106;ORGANIZING
2026.07.22 19:52:00;XAUUSDm;4132.554;0.471273;0.649610;1.975471;0.750603;0.887016;0.994184;0.183589;2.692058;16.599588;1.181738;0.244610;-20.238997;-0.402317;0.400756;ORGANIZING
2026.07.22 19:53:00;XAUUSDm;4131.979;0.458424;0.966972;1.817433;0.743681;0.909497;0.999657;0.182311;2.688240;16.615718;1.222967;0.251643;-20.373570;-0.400729;0.401137;ORGANIZING
2026.07.22 19:54:00;XAUUSDm;4130.658;0.456011;2.172197;1.672038;0.796917;0.925173;1.000000;0.180465;2.683670;16.632020;1.160940;0.252707;-20.559996;-0.402536;0.400703;ORGANIZING
2026.07.22 19:55:00;XAUUSDm;4131.346;0.456430;1.145865;1.538275;0.795861;0.934927;1.000000;0.178130;2.678413;16.648064;1.174737;0.255976;-20.683809;-0.401959;0.400842;ORGANIZING
2026.07.22 19:56:00;XAUUSDm;4131.036;0.457458;0.515258;1.415213;0.763132;0.939514;0.989269;0.175377;2.672530;16.663631;1.231129;0.260178;-20.767849;-0.400057;0.401299;ORGANIZING
2026.07.22 19:57:00;XAUUSDm;4130.984;0.457450;0.087404;1.301996;0.710555;0.939594;0.963842;0.172269;2.661695;16.678561;1.322338;0.265084;-20.815454;-0.397076;0.402015;ORGANIZING
2026.07.22 19:58:00;XAUUSDm;4131.929;0.459846;1.548216;1.197837;0.733646;0.935389;0.990324;0.168863;2.650713;16.693697;1.274986;0.263251;-20.933269;-0.398588;0.401652;ORGANIZING
2026.07.22 19:59:00;XAUUSDm;4131.685;0.459026;0.401897;1.102010;0.698351;0.927646;0.975639;0.165211;2.640011;16.708528;1.328338;0.264772;-20.987667;-0.396911;0.402055;ORGANIZING
2026.07.22 20:00:00;XAUUSDm;4131.409;0.459101;0.458548;1.013849;0.667808;0.916802;0.963323;0.161359;2.629158;16.723161;1.372853;0.265100;-21.041353;-0.395559;0.402380;ORGANIZING
2026.07.22 20:01:00;XAUUSDm;4134.130;0.475710;4.151030;0.932741;0.823633;0.902459;1.000000;0.157346;2.618173;16.739530;1.095706;0.250742;-21.279001;-0.404592;0.400210;ORGANIZING
2026.07.22 20:02:00;XAUUSDm;4132.931;0.464627;1.764792;0.858122;0.852642;0.885584;1.000000;0.153210;2.607069;16.756416;1.038635;0.245116;-21.385909;-0.406585;0.399731;ORGANIZING
2026.07.22 20:03:00;XAUUSDm;4131.247;0.458481;2.393678;0.789472;0.911982;0.866394;1.000000;0.148982;2.595861;16.774166;0.950013;0.236925;-21.519969;-0.409653;0.398995;ORGANIZING
2026.07.22 20:04:00;XAUUSDm;4130.868;0.461827;0.537741;0.726314;0.875942;0.845655;0.989035;0.144691;2.589102;16.791904;0.965423;0.234271;-21.563462;-0.409324;0.399074;ORGANIZING
2026.07.22 20:05:00;XAUUSDm;4132.530;0.480322;2.265231;0.668209;0.928493;0.823244;1.000000;0.140361;2.586872;16.810592;0.886644;0.225193;-21.702100;-0.412141;0.398399;ORGANIZING
2026.07.22 20:06:00;XAUUSDm;4132.051;0.469495;0.661602;0.614752;0.898684;0.799815;0.993069;0.136016;2.592224;16.829505;0.889985;0.220522;-21.770102;-0.412274;0.398367;ORGANIZING
2026.07.22 20:07:00;XAUUSDm;4132.950;0.476293;1.245946;0.565572;0.900051;0.775456;1.000000;0.131674;2.596087;16.848957;0.861569;0.213753;-21.863502;-0.413465;0.398082;ORGANIZING
2026.07.22 20:08:00;XAUUSDm;4133.598;0.478261;0.892070;0.520326;0.884143;0.750462;1.000000;0.127353;2.598584;16.868775;0.848802;0.207880;-21.934004;-0.414142;0.397919;ORGANIZING
2026.07.22 20:09:00;XAUUSDm;4133.266;0.469590;0.458576;0.478700;0.847855;0.725119;0.985508;0.123067;2.599831;16.888750;0.855240;0.203072;-21.978580;-0.414189;0.397908;ORGANIZING
2026.07.22 20:10:00;XAUUSDm;4132.558;0.481643;0.979822;0.440404;0.839951;0.699457;0.989616;0.118828;2.599932;16.909160;0.832735;0.196548;-22.046769;-0.415191;0.397668;ORGANIZING
2026.07.22 20:11:00;XAUUSDm;4132.814;0.660189;0.364319;0.935546;0.802180;0.698048;0.971889;0.137644;2.599049;16.929211;0.870189;0.197252;-21.571183;-0.414032;0.397946;ORGANIZING
2026.07.22 20:12:00;XAUUSDm;4132.546;0.999334;0.390944;1.685046;0.767658;0.726606;0.956374;0.168237;2.588958;16.948245;0.946523;0.206138;-20.818640;-0.411297;0.398601;ORGANIZING
2026.07.22 20:13:00;XAUUSDm;4133.473;0.459395;1.363957;1.550243;0.782940;0.747279;0.976528;0.166565;2.578685;16.966916;0.954452;0.211802;-20.942835;-0.410776;0.398726;ORGANIZING
2026.07.22 20:14:00;XAUUSDm;4134.354;0.451870;1.278628;1.426223;0.792779;0.762023;0.992931;0.164438;2.568250;16.985285;0.961205;0.216148;-21.055194;-0.410356;0.398827;ORGANIZING
2026.07.22 20:15:00;XAUUSDm;4134.356;0.452914;0.002993;1.312125;0.738049;0.771716;0.964038;0.161921;2.557670;17.002808;1.045615;0.223191;-21.096199;-0.407472;0.399518;ORGANIZING
2026.07.22 20:16:00;XAUUSDm;4134.940;0.451495;0.870914;1.207155;0.729258;0.776730;0.966446;0.159073;2.546962;17.020036;1.065096;0.226103;-21.177480;-0.406742;0.399694;ORGANIZING
2026.07.22 20:17:00;XAUUSDm;4134.585;0.451840;0.532569;1.110583;0.703889;0.777662;0.956828;0.155948;2.536142;17.036883;1.104807;0.228995;-21.236707;-0.405406;0.400014;ORGANIZING
2026.07.22 20:18:00;XAUUSDm;4136.376;0.450888;2.617656;1.021736;0.784024;0.774542;1.000000;0.152593;2.525222;17.054485;0.987905;0.223737;-21.397861;-0.409176;0.399110;ORGANIZING
2026.07.22 20:19:00;XAUUSDm;4135.459;0.451479;1.317718;0.939997;0.795218;0.768124;1.000000;0.149050;2.514216;17.072216;0.965928;0.222098;-21.485846;-0.409917;0.398932;ORGANIZING
2026.07.22 20:20:00;XAUUSDm;4135.274;0.451200;0.276896;0.864798;0.753940;0.759053;0.979908;0.145358;2.503136;17.089606;1.006783;0.223091;-21.516682;-0.408642;0.399238;ORGANIZING
2026.07.22 20:21:00;XAUUSDm;4135.621;0.457243;0.518778;0.795614;0.727000;0.747637;0.968856;0.141549;2.491991;17.106843;1.028385;0.222475;-21.557674;-0.408025;0.399386;ORGANIZING
2026.07.22 20:22:00;XAUUSDm;4135.305;0.452648;0.472093;0.731965;0.699302;0.734218;0.956424;0.137654;2.480793;17.123960;1.049929;0.221300;-21.593974;-0.407437;0.399527;ORGANIZING
2026.07.22 20:23:00;XAUUSDm;4135.738;0.450217;0.664212;0.673408;0.682864;0.719053;0.951014;0.133699;2.469549;17.141103;1.052997;0.218816;-21.638003;-0.407469;0.399519;ORGANIZING
2026.07.22 20:24:00;XAUUSDm;4136.720;0.449697;1.492946;0.619535;0.708987;0.702230;0.974661;0.129708;2.458269;17.158731;0.990470;0.212993;-21.721908;-0.409636;0.398999;ORGANIZING
2026.07.22 20:25:00;XAUUSDm;4137.132;0.456444;0.624848;0.569972;0.690735;0.684214;0.966958;0.125701;2.446960;17.176424;0.990560;0.209663;-21.758294;-0.409800;0.398960;ORGANIZING
2026.07.22 20:26:00;XAUUSDm;4136.817;0.456314;0.489967;0.524374;0.667012;0.665263;0.954662;0.121696;2.435629;17.194145;0.997378;0.206326;-21.786170;-0.409762;0.398969;ORGANIZING
2026.07.22 20:27:00;XAUUSDm;4137.464;0.456549;0.986942;0.482424;0.669704;0.645456;0.960052;0.117708;2.424283;17.212176;0.963794;0.200971;-21.837981;-0.411038;0.398663;ORGANIZING
2026.07.22 20:28:00;XAUUSDm;4137.271;0.457086;0.294154;0.443830;0.638017;0.625146;0.940865;0.113753;2.412926;17.230182;0.979826;0.197537;-21.852581;-0.410728;0.398737;ORGANIZING
2026.07.22 20:29:00;XAUUSDm;4136.679;0.457374;0.890654;0.408324;0.638146;0.604341;0.943089;0.109840;2.401565;17.248492;0.947027;0.191882;-21.896784;-0.411995;0.398434;ORGANIZING
2026.07.22 20:30:00;XAUUSDm;4136.328;0.457088;0.524883;0.375658;0.620396;0.583280;0.932296;0.105982;2.390205;17.266933;0.940174;0.187154;-21.920764;-0.412437;0.398328;ORGANIZING
2026.07.22 20:31:00;XAUUSDm;4137.033;0.456758;1.050451;0.345605;0.630233;0.561958;0.940141;0.102185;2.384153;17.285837;0.891666;0.180313;-21.981185;-0.414234;0.397897;ORGANIZING
2026.07.22 20:32:00;XAUUSDm;4136.364;0.457082;0.978270;0.317957;0.636396;0.540512;0.945052;0.098458;2.385904;17.305250;0.849334;0.173199;-22.051900;-0.415860;0.397508;ORGANIZING
2026.07.22 20:33:00;XAUUSDm;4135.759;0.459233;0.890990;0.292520;0.638315;0.519070;0.946606;0.094807;2.386551;17.325117;0.813188;0.166386;-22.114559;-0.417285;0.397167;ORGANIZING
2026.07.22 20:34:00;XAUUSDm;4135.432;0.464684;0.506270;0.269119;0.621332;0.497815;0.934512;0.091237;2.386190;17.345236;0.801206;0.160650;-22.154488;-0.417931;0.397012;ORGANIZING
2026.07.22 20:35:00;XAUUSDm;4134.433;0.599449;1.518145;0.718706;0.656216;0.498743;0.958133;0.109154;2.380193;17.365626;0.760029;0.158554;-21.783087;-0.419271;0.396691;ORGANIZING
2026.07.22 20:36:00;XAUUSDm;4134.504;0.478227;0.108278;0.661209;0.618844;0.496379;0.932208;0.106571;2.373751;17.385624;0.802107;0.160165;-21.807526;-0.417929;0.397013;ORGANIZING
2026.07.22 20:37:00;XAUUSDm;4135.269;0.468200;1.154612;0.608313;0.635705;0.491750;0.943722;0.103888;2.366905;17.405815;0.773550;0.158297;-21.883044;-0.418879;0.396785;ORGANIZING
2026.07.22 20:38:00;XAUUSDm;4133.965;0.456705;1.924780;0.559648;0.690324;0.484971;0.981695;0.101127;2.359692;17.426616;0.702526;0.153903;-21.993958;-0.421229;0.396223;ORGANIZING
2026.07.22 20:39:00;XAUUSDm;4134.731;0.467150;1.112176;0.514876;0.701717;0.476515;0.989802;0.098309;2.352144;17.447624;0.679069;0.151170;-22.058857;-0.422069;0.396022;ORGANIZING
2026.07.22 20:40:00;XAUUSDm;4134.843;0.477461;0.168904;0.473686;0.665546;0.466845;0.964511;0.095453;2.344295;17.468386;0.701447;0.150338;-22.072896;-0.421440;0.396172;ORGANIZING
2026.07.22 20:41:00;XAUUSDm;4134.199;0.460082;0.968916;0.435791;0.671378;0.455971;0.968006;0.092575;2.336172;17.489342;0.679157;0.147081;-22.126451;-0.422271;0.395973;ORGANIZING
2026.07.22 20:42:00;XAUUSDm;4132.592;0.456614;2.332366;0.400928;0.745308;0.443760;1.000000;0.089689;2.327801;17.511198;0.595405;0.140306;-22.246799;-0.425123;0.395292;ORGANIZING
2026.07.22 20:43:00;XAUUSDm;4131.059;0.454940;2.164765;0.368853;0.807405;0.430457;1.000000;0.086809;2.319208;17.533855;0.533136;0.133956;-22.353983;-0.427308;0.394769;ORGANIZING
2026.07.22 20:44:00;XAUUSDm;4130.985;0.454653;0.108311;0.339345;0.763841;0.416741;0.971829;0.083944;2.310413;17.556262;0.545585;0.131955;-22.352732;-0.427035;0.394835;ORGANIZING
2026.07.22 20:45:00;XAUUSDm;4129.590;0.454510;2.000402;0.312197;0.817335;0.402270;1.000000;0.081104;2.301439;17.579405;0.492173;0.125714;-22.447358;-0.428949;0.394377;AGING
2026.07.22 20:46:00;XAUUSDm;4129.332;0.454727;0.370519;0.287222;0.786949;0.387589;0.980807;0.078297;2.292303;17.602445;0.492521;0.122750;-22.455785;-0.429087;0.394344;AGING
2026.07.22 20:47:00;XAUUSDm;4129.190;0.454780;0.203403;0.264244;0.750019;0.372833;0.956338;0.075531;2.283024;17.625319;0.497098;0.119937;-22.455372;-0.429090;0.394344;AGING
2026.07.22 20:48:00;XAUUSDm;4130.595;0.455514;1.986371;0.243104;0.804380;0.357643;0.995033;0.072812;2.273616;17.648946;0.444619;0.113508;-22.545435;-0.430986;0.393891;AGING
2026.07.22 20:49:00;XAUUSDm;4130.177;0.455649;0.588070;0.223656;0.786412;0.342474;0.983338;0.070144;2.264095;17.672602;0.435489;0.109744;-22.561360;-0.431448;0.393781;AGING
2026.07.22 20:50:00;XAUUSDm;4129.816;0.455672;0.506667;0.205764;0.765575;0.327411;0.969109;0.067531;2.254473;17.696254;0.427667;0.106041;-22.572663;-0.431868;0.393680;AGING
2026.07.22 20:51:00;XAUUSDm;4129.010;0.455299;1.195491;0.189303;0.780523;0.312338;0.979396;0.064978;2.244764;17.720260;0.400166;0.101072;-22.618625;-0.432941;0.393424;AGING
2026.07.22 20:52:00;XAUUSDm;4129.590;0.455736;0.876371;0.174158;0.779068;0.297398;0.978064;0.062486;2.234978;17.744453;0.381736;0.096667;-22.646892;-0.433715;0.393240;AGING
2026.07.22 20:53:00;XAUUSDm;4129.582;0.455990;0.012733;0.160226;0.734804;0.282854;0.946465;0.060058;2.225126;17.768395;0.384938;0.093661;-22.630488;-0.433769;0.393227;AGING
2026.07.22 20:54:00;XAUUSDm;4129.267;0.456080;0.502376;0.147408;0.717525;0.268603;0.933024;0.057696;2.215217;17.792350;0.374346;0.089820;-22.639693;-0.434279;0.393105;AGING
2026.07.22 20:55:00;XAUUSDm;4129.412;0.456734;0.243011;0.135615;0.688428;0.254737;0.910893;0.055401;2.209972;17.816240;0.370027;0.086240;-22.645062;-0.434587;0.393031;ORGANIZING
2026.07.22 20:56:00;XAUUSDm;4130.341;0.457502;1.533813;0.124766;0.725602;0.240952;0.934634;0.053174;2.204287;17.840719;0.332072;0.080773;-22.715524;-0.435999;0.392695;AGING
2026.07.22 20:57:00;XAUUSDm;4130.104;0.456707;0.400041;0.114785;0.704505;0.227574;0.917784;0.051014;2.198201;17.865195;0.323026;0.077047;-22.725771;-0.436457;0.392586;AGING
2026.07.22 22:00:00;XAUUSDm;4116.830;0.454366;15.709619;0.105602;1.000000;0.213051;1.000000;0.048922;2.191750;17.892852;0.213051;0.065743;-23.055543;-0.440321;0.391664;AGING
2026.07.22 22:01:00;XAUUSDm;4120.279;0.454693;3.801389;0.097154;1.000000;0.198940;1.000000;0.046899;2.184969;17.920722;0.198940;0.061556;-23.088364;-0.440954;0.391514;AGING
2026.07.22 22:02:00;XAUUSDm;4119.779;0.454741;0.553624;0.089381;0.973702;0.185378;0.986018;0.044942;2.177887;17.948531;0.190385;0.057994;-23.093131;-0.441389;0.391410;AGING
2026.07.22 22:03:00;XAUUSDm;4119.196;0.454861;0.640885;0.082231;0.953354;0.172338;0.975512;0.043053;2.170533;17.976323;0.180771;0.054418;-23.102279;-0.441856;0.391299;AGING
2026.07.22 22:04:00;XAUUSDm;4120.547;0.456225;1.450598;0.075652;0.974769;0.159613;0.993646;0.041229;2.162933;18.004508;0.163744;0.050210;-23.152336;-0.442577;0.391127;AGING
2026.07.22 22:05:00;XAUUSDm;4121.524;0.457245;1.047901;0.069600;0.975234;0.147312;0.996988;0.039470;2.155111;18.032865;0.151053;0.046473;-23.180348;-0.443145;0.390992;AGING
2026.07.22 22:06:00;XAUUSDm;4122.581;0.457676;1.129442;0.064032;0.979998;0.135414;1.000000;0.037775;2.147088;18.061427;0.138178;0.042787;-23.211706;-0.443715;0.390856;AGING
2026.07.22 22:07:00;XAUUSDm;4123.637;0.458650;1.103517;0.058910;0.983466;0.123925;1.000000;0.036142;2.138886;18.090172;0.126008;0.039235;-23.240860;-0.444258;0.390727;AGING
2026.07.22 22:08:00;XAUUSDm;4121.670;0.457837;1.997766;0.054197;1.000000;0.112776;1.000000;0.034571;2.130522;18.119222;0.112776;0.035631;-23.282434;-0.444835;0.390589;AGING
2026.07.22 22:09:00;XAUUSDm;4123.146;0.458313;1.465711;0.049861;1.000000;0.102048;1.000000;0.033059;2.122013;18.148401;0.102048;0.032344;-23.306636;-0.445321;0.390474;AGING
2026.07.22 22:10:00;XAUUSDm;4121.800;0.457282;1.348535;0.045872;1.000000;0.091734;1.000000;0.031606;2.113375;18.177700;0.091734;0.029168;-23.330056;-0.445790;0.390362;AGING
2026.07.22 22:11:00;XAUUSDm;4122.819;0.457718;1.018837;0.042202;0.999107;0.081830;1.000000;0.030209;2.104623;18.207101;0.081903;0.026111;-23.351839;-0.446237;0.390256;AGING
2026.07.22 22:12:00;XAUUSDm;4121.790;0.457528;1.011760;0.038826;0.998103;0.072328;1.000000;0.028867;2.095769;18.236593;0.072465;0.023162;-23.372815;-0.446668;0.390153;AGING
2026.07.22 22:13:00;XAUUSDm;4122.561;0.457956;0.751814;0.035720;0.984342;0.063280;0.992324;0.027579;2.086826;18.266039;0.064287;0.020421;-23.380192;-0.447050;0.390062;AGING
2026.07.22 22:14:00;XAUUSDm;4123.601;0.458149;1.000000;0.032863;0.983859;0.054609;0.993558;0.026343;2.077805;18.295564;0.055505;0.017684;-23.400248;-0.447451;0.389967;AGING
2026.07.22 22:15:00;XAUUSDm;4124.400;0.459113;0.762900;0.030234;0.971719;0.046361;0.986407;0.025157;2.068716;18.325041;0.047711;0.015123;-23.407912;-0.447813;0.389881;AGING
2026.07.22 22:16:00;XAUUSDm;4123.615;0.458949;0.752363;0.027815;0.959824;0.038522;0.979096;0.024020;2.059568;18.354464;0.040135;0.012658;-23.415129;-0.448163;0.389798;AGING
2026.07.22 22:17:00;XAUUSDm;4121.074;0.458234;2.339865;0.025590;1.000000;0.030824;1.000000;0.022931;2.050371;18.384352;0.030824;0.010030;-23.474540;-0.448574;0.389700;AGING
2026.07.22 22:18:00;XAUUSDm;4121.380;0.458318;0.281825;0.023542;0.963475;0.023642;0.975666;0.021887;2.041131;18.413925;0.024538;0.007812;-23.456250;-0.448873;0.389629;AGING
2026.07.22 22:19:00;XAUUSDm;4123.841;0.459607;2.193287;0.021659;1.000000;0.016597;1.000000;0.020886;2.031857;18.443911;0.016597;0.005437;-23.511141;-0.449230;0.389544;AGING
2026.07.22 22:20:00;XAUUSDm;4125.152;0.459342;1.145558;0.019926;1.000000;0.009867;1.000000;0.019929;2.022554;18.473940;0.009867;0.003243;-23.529111;-0.449542;0.389470;AGING
2026.07.22 22:21:00;XAUUSDm;4122.658;0.464945;2.109162;0.018332;1.000000;0.003442;1.000000;0.019012;2.013229;18.504003;0.003442;0.001135;-23.546712;-0.449840;0.389399;AGING
2026.07.22 22:22:00;XAUUSDm;4122.694;0.463563;0.030608;0.016866;0.951462;0.000000;0.966737;0.018135;2.003888;18.533557;0.000000;0.000000;-23.512199;-0.450000;0.389361;AGING
2026.07.22 22:23:00;XAUUSDm;4123.847;0.461372;0.972897;0.015516;0.952533;0.000000;0.967587;0.017295;1.994536;18.563027;0.000000;0.000000;-23.523707;-0.450000;0.389361;AGING
2026.07.22 22:24:00;XAUUSDm;4123.044;0.464475;0.676040;0.014275;0.938709;0.000000;0.957988;0.016493;1.985177;18.592266;0.000000;0.000000;-23.520040;-0.450000;0.389361;AGING
2026.07.22 22:25:00;XAUUSDm;4124.949;0.462701;1.569451;0.013133;0.970246;0.000000;0.979967;0.015725;1.975816;18.621727;0.000000;0.000000;-23.561922;-0.450000;0.389361;AGING
2026.07.22 22:26:00;XAUUSDm;4127.808;0.461420;2.261080;0.012082;1.000000;0.000000;1.000000;0.014991;1.966456;18.651391;0.000000;0.000000;-23.602205;-0.450000;0.389361;AGING
2026.07.22 22:27:00;XAUUSDm;4127.485;0.462999;0.258210;0.011116;0.962910;0.000000;0.974562;0.014290;1.957102;18.680591;0.000000;0.000000;-23.575171;-0.450000;0.389361;AGING
2026.07.22 22:28:00;XAUUSDm;4126.633;0.467459;0.672699;0.010227;0.948400;0.000000;0.964497;0.013620;1.947756;18.709553;0.000000;0.000000;-23.570479;-0.450000;0.389361;AGING
2026.07.22 22:29:00;XAUUSDm;4128.610;0.467321;1.531632;0.009408;0.977562;0.000000;0.984823;0.012980;1.938422;18.738713;0.000000;0.000000;-23.609670;-0.450000;0.389361;AGING
2026.07.22 22:30:00;XAUUSDm;4128.624;0.466937;0.011067;0.008656;0.929237;0.000000;0.951196;0.012369;1.929102;18.767296;0.000000;0.000000;-23.570819;-0.450000;0.389361;AGING
2026.07.22 22:31:00;XAUUSDm;4127.654;0.468417;0.764345;0.007963;0.920992;0.000000;0.945089;0.011785;1.919799;18.795704;0.000000;0.000000;-23.571901;-0.450000;0.389361;AGING
2026.07.22 22:32:00;XAUUSDm;4126.889;0.468463;0.596668;0.007326;0.904776;0.000000;0.933307;0.011227;1.910515;18.823857;0.000000;0.000000;-23.564792;-0.450000;0.389361;AGING
2026.07.22 22:33:00;XAUUSDm;4126.852;0.469856;0.029134;0.006740;0.860994;0.000000;0.902054;0.010695;1.901252;18.851479;0.000000;0.000000;-23.529629;-0.450000;0.389361;AGING
2026.07.22 22:34:00;XAUUSDm;4125.707;0.474677;0.908197;0.006201;0.863354;0.000000;0.902643;0.010188;1.892013;18.879033;0.000000;0.000000;-23.540587;-0.450000;0.389361;AGING
2026.07.22 22:35:00;XAUUSDm;4126.263;0.475824;0.447954;0.005705;0.842584;0.000000;0.887086;0.009703;1.882798;18.906287;0.000000;0.000000;-23.528168;-0.450000;0.389361;AGING
2026.07.22 22:36:00;XAUUSDm;4125.449;0.476124;0.648089;0.005248;0.832859;0.000000;0.879061;0.009241;1.873609;18.933352;0.000000;0.000000;-23.526663;-0.450000;0.389361;AGING
2026.07.22 22:37:00;XAUUSDm;4127.448;0.468456;1.576399;0.004829;0.870036;0.000000;0.903791;0.008800;1.864449;18.960697;0.000000;0.000000;-23.572402;-0.450000;0.389361;AGING
2026.07.22 22:38:00;XAUUSDm;4126.602;0.469140;0.661020;0.004442;0.859585;0.000000;0.895602;0.008379;1.855318;18.987846;0.000000;0.000000;-23.570382;-0.450000;0.389361;AGING
2026.07.22 22:39:00;XAUUSDm;4125.799;0.475382;0.621008;0.004087;0.847657;0.000000;0.886284;0.007978;1.846217;19.014784;0.000000;0.000000;-23.566743;-0.450000;0.389361;AGING
2026.07.22 22:40:00;XAUUSDm;4122.004;0.471436;2.830273;0.003760;0.946787;0.000000;0.954603;0.007595;1.837147;19.042624;0.000000;0.000000;-23.675137;-0.450000;0.389361;AGING
2026.07.22 22:41:00;XAUUSDm;4122.650;0.997885;0.480147;0.752174;0.923455;0.029774;0.938263;0.044636;1.835300;19.069616;0.032242;0.010621;-22.970996;-0.448502;0.389717;AGING
2026.07.22 22:42:00;XAUUSDm;4123.136;0.492473;0.360556;0.692000;0.894715;0.053849;0.919605;0.045413;1.832875;19.095815;0.060186;0.019419;-23.001257;-0.447223;0.390021;AGING
2026.07.22 22:43:00;XAUUSDm;4122.545;0.468717;0.439857;0.636640;0.870895;0.074287;0.904404;0.045910;1.829922;19.121337;0.085300;0.027046;-23.032970;-0.446089;0.390291;AGING
2026.07.22 22:44:00;XAUUSDm;4121.760;0.468928;0.582465;0.585709;0.854988;0.091424;0.894743;0.046161;1.826487;19.146323;0.106930;0.033518;-23.069474;-0.445116;0.390523;AGING
2026.07.22 22:45:00;XAUUSDm;4122.056;0.461932;0.218696;0.538852;0.821345;0.105686;0.872697;0.046196;1.822611;19.170649;0.128675;0.039286;-23.085071;-0.444175;0.390746;AGING
2026.07.22 22:46:00;XAUUSDm;4122.259;0.459438;0.150232;0.495744;0.785675;0.117395;0.849027;0.046042;1.818335;19.194341;0.149419;0.044299;-23.095632;-0.443302;0.390954;AGING
2026.07.22 22:47:00;XAUUSDm;4123.985;0.461168;1.248138;0.456084;0.806451;0.126568;0.864608;0.045723;1.813693;19.218011;0.156945;0.047477;-23.160641;-0.442918;0.391046;AGING
2026.07.22 22:48:00;XAUUSDm;4124.429;0.463647;0.323342;0.419598;0.779764;0.133701;0.847264;0.045261;1.808718;19.241222;0.171464;0.050765;-23.175645;-0.442318;0.391189;AGING
2026.07.22 22:49:00;XAUUSDm;4124.432;0.460583;0.002192;0.386030;0.738211;0.139102;0.819270;0.044676;1.803441;19.263857;0.188432;0.053784;-23.173170;-0.441658;0.391346;AGING
2026.07.22 22:50:00;XAUUSDm;4122.514;0.459631;1.680451;0.355147;0.782541;0.142573;0.850975;0.043987;1.797889;19.286810;0.182192;0.054326;-23.255381;-0.441818;0.391308;AGING
2026.07.22 22:51:00;XAUUSDm;4125.180;0.463230;2.368304;0.326736;0.858978;0.144168;0.905621;0.043208;1.792087;19.310437;0.167836;0.053509;-23.369101;-0.442289;0.391196;AGING
2026.07.22 22:52:00;XAUUSDm;4125.354;0.467164;0.155471;0.300597;0.820919;0.144639;0.880878;0.042354;1.786059;19.333614;0.176191;0.054594;-23.366124;-0.441985;0.391268;AGING
2026.07.22 22:53:00;XAUUSDm;4124.602;0.465693;0.669897;0.276549;0.810475;0.144009;0.874976;0.041439;1.779827;19.356637;0.177685;0.054720;-23.389086;-0.441933;0.391280;AGING
2026.07.22 22:54:00;XAUUSDm;4123.640;0.477852;0.862951;0.254425;0.810219;0.142376;0.876006;0.040473;1.773410;19.379625;0.175726;0.054257;-23.420809;-0.442015;0.391261;AGING
2026.07.22 22:55:00;XAUUSDm;4123.132;0.473887;0.459562;0.234071;0.789839;0.139974;0.862847;0.039467;1.766827;19.402393;0.177219;0.053916;-23.430773;-0.441988;0.391267;AGING
2026.07.22 22:56:00;XAUUSDm;4123.498;0.478870;0.335294;0.215345;0.764312;0.136946;0.845764;0.038430;1.760093;19.424898;0.179176;0.053435;-23.433965;-0.441953;0.391276;AGING
2026.07.22 22:57:00;XAUUSDm;4123.808;0.472787;0.287927;0.198118;0.737754;0.133401;0.827585;0.037370;1.753226;19.447139;0.180821;0.052762;-23.434566;-0.441937;0.391279;AGING
2026.07.22 22:58:00;XAUUSDm;4122.794;0.472659;0.958775;0.182268;0.746137;0.129260;0.833484;0.036294;1.746238;19.469478;0.173239;0.051118;-23.469150;-0.442247;0.391206;AGING
2026.07.22 22:59:00;XAUUSDm;4121.796;0.472508;0.952254;0.167687;0.753857;0.124617;0.838912;0.035208;1.739143;19.491916;0.165306;0.049291;-23.502171;-0.442576;0.391127;AGING
2026.07.22 23:00:00;XAUUSDm;4118.897;0.474782;2.686498;0.154272;0.847997;0.119124;0.904809;0.034119;1.731952;19.515333;0.140477;0.045570;-23.622076;-0.443507;0.390906;AGING
2026.07.22 23:01:00;XAUUSDm;4120.381;0.478075;1.363469;0.141930;0.871388;0.113226;0.922057;0.033030;1.729395;19.539076;0.129937;0.042989;-23.680158;-0.443952;0.390800;AGING
2026.07.22 23:02:00;XAUUSDm;4121.583;0.484569;1.100874;0.130576;0.880598;0.107062;0.929471;0.031946;1.726362;19.563004;0.121579;0.040571;-23.722581;-0.444324;0.390711;AGING
2026.07.22 23:03:00;XAUUSDm;4118.255;0.472921;2.911636;0.120130;0.980009;0.100244;0.999965;0.030871;1.722895;19.588029;0.102289;0.036669;-23.855196;-0.445098;0.390527;AGING
2026.07.22 23:04:00;XAUUSDm;4118.642;0.475623;0.342496;0.110519;0.946128;0.093510;0.978034;0.029808;1.719033;19.612810;0.098835;0.034698;-23.852590;-0.445300;0.390479;AGING
2026.07.22 23:05:00;XAUUSDm;4117.350;0.472282;1.133532;0.101678;0.953628;0.086689;0.984520;0.028760;1.714809;19.637761;0.090904;0.032140;-23.890160;-0.445666;0.390392;AGING
2026.07.22 23:06:00;XAUUSDm;4117.493;0.472129;0.126890;0.093544;0.910557;0.080069;0.955509;0.027728;1.710257;19.662367;0.087935;0.030232;-23.875283;-0.445850;0.390348;AGING
2026.07.22 23:07:00;XAUUSDm;4117.941;0.470815;0.412865;0.086060;0.884071;0.073591;0.937487;0.026716;1.705406;19.686790;0.083241;0.028129;-23.875455;-0.446096;0.390289;AGING
2026.07.22 23:08:00;XAUUSDm;4118.395;0.470894;0.417256;0.079175;0.859259;0.067268;0.920214;0.025725;1.700284;19.711040;0.078286;0.026020;-23.875872;-0.446350;0.390229;AGING
2026.07.22 23:09:00;XAUUSDm;4118.391;0.470898;0.003850;0.072841;0.815143;0.061214;0.889042;0.024755;1.694914;19.734917;0.075096;0.024149;-23.855343;-0.446540;0.390184;AGING
2026.07.22 23:10:00;XAUUSDm;4117.331;0.471706;1.025244;0.067014;0.824424;0.055175;0.894676;0.023809;1.689321;19.758951;0.066926;0.021743;-23.887444;-0.446905;0.390097;AGING
2026.07.22 23:11:00;XAUUSDm;4117.087;0.469556;0.246739;0.061653;0.794436;0.049367;0.872831;0.022886;1.683525;19.782743;0.062141;0.019740;-23.878982;-0.447149;0.390039;AGING
2026.07.22 23:12:00;XAUUSDm;4118.440;0.470233;1.332690;0.056721;0.820361;0.043523;0.889727;0.021989;1.677546;19.806851;0.053053;0.017272;-23.926039;-0.447545;0.389945;AGING
2026.07.22 23:13:00;XAUUSDm;4124.638;0.960452;5.553067;0.777060;1.000000;0.071212;1.000000;0.056906;1.674163;19.832169;0.071212;0.026075;-23.446036;-0.446560;0.390179;AGING
2026.07.22 23:14:00;XAUUSDm;4123.844;0.603405;0.711495;1.229614;0.984151;0.115346;0.991894;0.076689;1.675545;19.856459;0.117203;0.042153;-23.000116;-0.444376;0.390699;AGING
2026.07.22 23:15:00;XAUUSDm;4121.865;0.481545;1.771012;1.131245;1.000000;0.152318;1.000000;0.077773;1.676139;19.880174;0.152318;0.055310;-23.104433;-0.442665;0.391106;AGING
2026.07.22 23:16:00;XAUUSDm;4121.326;0.471294;0.503249;1.040745;0.972116;0.183698;0.985336;0.078409;1.676012;19.902981;0.188967;0.067374;-23.159496;-0.440962;0.391512;AGING
2026.07.22 23:17:00;XAUUSDm;4121.869;0.474300;0.504910;0.957486;0.945082;0.210030;0.971265;0.078651;1.675225;19.924984;0.222235;0.077819;-23.210303;-0.439442;0.391874;AGING
2026.07.22 23:18:00;XAUUSDm;4121.314;0.478435;0.518934;0.880887;0.919574;0.231818;0.958186;0.078549;1.673836;19.946281;0.252092;0.086759;-23.257920;-0.438099;0.392194;AGING
2026.07.22 23:19:00;XAUUSDm;4120.574;0.481421;0.708297;0.810416;0.904374;0.249483;0.952189;0.078145;1.671894;19.967054;0.275862;0.093988;-23.311607;-0.437025;0.392450;AGING
2026.07.22 23:20:00;XAUUSDm;4120.988;0.471334;0.393252;0.745583;0.873828;0.263528;0.935362;0.077479;1.669447;19.987217;0.301578;0.100554;-23.345788;-0.435925;0.392712;AGING
2026.07.22 23:21:00;XAUUSDm;4120.310;0.764274;0.647614;1.318788;0.857247;0.301341;0.928002;0.102266;1.672869;20.006491;0.351522;0.114475;-22.793878;-0.433731;0.393236;AGING
2026.07.22 23:22:00;XAUUSDm;4120.515;0.477123;0.197930;1.213285;0.818254;0.332108;0.906029;0.102428;1.675331;20.024785;0.405873;0.127930;-22.853164;-0.431427;0.393786;AGING
2026.07.22 23:23:00;XAUUSDm;4120.506;0.465619;0.008694;1.116222;0.771134;0.357486;0.878207;0.102159;1.676916;20.042115;0.463585;0.140179;-22.897691;-0.429083;0.394345;AGING
2026.07.22 23:24:00;XAUUSDm;4120.857;0.465337;0.344361;1.026924;0.742645;0.377951;0.863098;0.101516;1.677695;20.058760;0.508925;0.149870;-22.954952;-0.427239;0.394786;ORGANIZING
2026.07.22 23:25:00;XAUUSDm;4119.835;0.464213;0.993584;0.944770;0.747633;0.393869;0.871218;0.100548;1.677738;20.075136;0.526822;0.155931;-23.040701;-0.426399;0.394987;ORGANIZING
2026.07.22 23:26:00;XAUUSDm;4120.956;0.462078;1.083364;0.869189;0.756542;0.405700;0.882163;0.099300;1.677105;20.091359;0.536256;0.160169;-23.125822;-0.425904;0.395105;ORGANIZING
2026.07.22 23:27:00;XAUUSDm;4119.784;0.466803;1.151051;0.799654;0.768154;0.413870;0.895049;0.097812;1.675856;20.107521;0.538786;0.162824;-23.209486;-0.425695;0.395155;ORGANIZING
2026.07.22 23:28:00;XAUUSDm;4120.035;0.467878;0.249429;0.735681;0.733940;0.418990;0.875876;0.096120;1.674042;20.123221;0.570878;0.167322;-23.242812;-0.424508;0.395439;ORGANIZING
2026.07.22 23:29:00;XAUUSDm;4120.039;0.467830;0.004039;0.676827;0.689065;0.421472;0.848726;0.094256;1.671711;20.138400;0.611658;0.171677;-23.261101;-0.423066;0.395783;ORGANIZING
2026.07.22 23:30:00;XAUUSDm;4119.618;0.464243;0.456200;0.622681;0.668993;0.421535;0.838286;0.092251;1.668909;20.153348;0.630104;0.173460;-23.300445;-0.422424;0.395937;ORGANIZING
2026.07.22 23:31:00;XAUUSDm;4119.733;0.462900;0.126066;0.572866;0.633416;0.419556;0.816587;0.090129;1.665677;20.167948;0.662371;0.175604;-23.320553;-0.421349;0.396194;ORGANIZING
2026.07.22 23:32:00;XAUUSDm;4120.298;0.465259;0.618297;0.527037;0.624269;0.415688;0.812802;0.087914;1.662052;20.182497;0.665880;0.175083;-23.363972;-0.421269;0.396213;ORGANIZING
2026.07.22 23:33:00;XAUUSDm;4121.249;0.460700;1.032573;0.484874;0.636370;0.410085;0.823571;0.085626;1.656663;20.197226;0.644413;0.172402;-23.423216;-0.422048;0.396027;ORGANIZING
2026.07.22 23:34:00;XAUUSDm;4120.696;0.460865;0.603475;0.446084;0.626524;0.403086;0.818864;0.083285;1.656215;20.211991;0.643370;0.170364;-23.468345;-0.422181;0.395995;ORGANIZING
2026.07.22 23:35:00;XAUUSDm;4120.346;0.465488;0.381496;0.410397;0.606211;0.394950;0.806471;0.080905;1.655143;20.226706;0.651506;0.168619;-23.499664;-0.422024;0.396033;ORGANIZING
2026.07.22 23:36:00;XAUUSDm;4121.120;0.526183;0.833280;0.805034;0.609665;0.405407;0.810241;0.096591;1.649224;20.241187;0.664967;0.172112;-23.132041;-0.421445;0.396171;ORGANIZING
2026.07.22 23:37:00;XAUUSDm;4122.762;0.471643;1.770961;0.740632;0.659622;0.411555;0.847247;0.094982;1.643146;20.255983;0.623926;0.171642;-23.239675;-0.422700;0.395871;ORGANIZING
2026.07.22 23:38:00;XAUUSDm;4122.369;0.468718;0.424333;0.681381;0.639626;0.414886;0.835770;0.093195;1.636926;20.270451;0.648638;0.175076;-23.274053;-0.421787;0.396089;ORGANIZING
2026.07.22 23:39:00;XAUUSDm;4121.695;0.468326;0.717342;0.626871;0.635214;0.415667;0.834886;0.091261;1.630577;20.284796;0.654373;0.176350;-23.321148;-0.421551;0.396146;ORGANIZING
2026.07.22 23:40:00;XAUUSDm;4122.359;0.465524;0.726080;0.576721;0.631444;0.414208;0.834272;0.089206;1.624112;20.299067;0.655970;0.176653;-23.366218;-0.421488;0.396161;ORGANIZING
2026.07.22 23:41:00;XAUUSDm;4122.128;0.462524;0.266805;0.530583;0.604928;0.410900;0.817533;0.087052;1.623874;20.313137;0.679254;0.177429;-23.398434;-0.420751;0.396337;ORGANIZING
2026.07.22 23:42:00;XAUUSDm;4121.831;0.465642;0.342063;0.488137;0.583567;0.405972;0.803939;0.084822;1.623006;20.327083;0.695674;0.177172;-23.432197;-0.420271;0.396452;ORGANIZING
2026.07.22 23:43:00;XAUUSDm;4124.322;0.458497;2.758460;0.449086;0.684192;0.399080;0.875316;0.082533;1.621562;20.342159;0.583286;0.167099;-23.586377;-0.424146;0.395525;ORGANIZING
2026.07.22 23:44:00;XAUUSDm;4123.682;0.460086;0.713808;0.413159;0.677691;0.390965;0.872552;0.080203;1.619592;20.357313;0.576907;0.164444;-23.630471;-0.424471;0.395447;ORGANIZING
2026.07.22 23:45:00;XAUUSDm;4125.979;0.457198;2.463588;0.380106;0.759167;0.381395;0.931045;0.077845;1.617141;20.373448;0.502386;0.155408;-23.761087;-0.427158;0.394805;ORGANIZING
2026.07.22 23:46:00;XAUUSDm;4129.528;0.456488;3.563110;0.349698;0.891736;0.370310;1.000000;0.075474;1.614250;20.391102;0.415269;0.143450;-23.942277;-0.430369;0.394038;AGING
2026.07.22 23:47:00;XAUUSDm;4129.874;0.456282;0.347125;0.321722;0.857099;0.358705;0.979791;0.073099;1.610958;20.408608;0.418511;0.141158;-23.953394;-0.430387;0.394034;AGING
2026.07.22 23:48:00;XAUUSDm;4131.662;0.456053;1.766380;0.295984;0.895389;0.346354;1.000000;0.070731;1.607300;20.426708;0.386820;0.134589;-24.035821;-0.431666;0.393729;AGING
2026.07.22 23:49:00;XAUUSDm;4129.884;0.456329;1.729841;0.272305;0.930185;0.333404;1.000000;0.068378;1.603309;20.445375;0.358428;0.128140;-24.113224;-0.432840;0.393448;AGING
2026.07.22 23:50:00;XAUUSDm;4129.332;0.456391;0.562748;0.250521;0.905145;0.320268;0.987089;0.066048;1.599014;20.464011;0.353831;0.124608;-24.128492;-0.433155;0.393373;AGING
2026.07.22 23:51:00;XAUUSDm;4130.059;0.456291;0.752775;0.230479;0.891121;0.306982;0.981200;0.063748;1.594443;20.482727;0.344490;0.120418;-24.152768;-0.433644;0.393256;AGING
2026.07.22 23:52:00;XAUUSDm;4130.756;0.456321;0.729339;0.212041;0.876892;0.293631;0.974616;0.061483;1.589621;20.501520;0.334855;0.116152;-24.174946;-0.434147;0.393137;AGING
2026.07.22 23:53:00;XAUUSDm;4130.013;0.456688;0.821939;0.195078;0.868272;0.280260;0.971424;0.059257;1.584570;20.520443;0.322779;0.111564;-24.201031;-0.434738;0.392995;AGING
2026.07.22 23:54:00;XAUUSDm;4131.169;0.456423;1.257424;0.179471;0.882124;0.266820;0.983508;0.057074;1.579314;20.539721;0.302475;0.105944;-24.248329;-0.435629;0.392783;AGING
2026.07.22 23:55:00;XAUUSDm;4132.027;0.456302;0.942174;0.165114;0.879790;0.253455;0.984059;0.054938;1.573870;20.559188;0.288086;0.101035;-24.278026;-0.436306;0.392622;AGING
2026.07.22 23:56:00;XAUUSDm;4132.956;0.456314;1.002828;0.151905;0.880873;0.240199;0.986639;0.052852;1.572532;20.578918;0.272683;0.095840;-24.318455;-0.437028;0.392449;AGING
2026.07.22 23:57:00;XAUUSDm;4133.019;0.456545;0.068577;0.139752;0.835454;0.227329;0.956357;0.050817;1.570678;20.598433;0.272103;0.092525;-24.309796;-0.437211;0.392406;AGING
2026.07.22 23:58:00;XAUUSDm;4132.485;0.456635;0.580258;0.128572;0.818148;0.214733;0.944972;0.048835;1.568353;20.618003;0.262462;0.088174;-24.327222;-0.437717;0.392285;AGING
2026.07.22 23:59:00;XAUUSDm;4133.267;0.456411;0.835613;0.118286;0.814727;0.202370;0.942853;0.046908;1.565597;20.637759;0.248390;0.083375;-24.356839;-0.438380;0.392127;AGING
2026.07.23 00:00:00;XAUUSDm;4132.569;0.457098;0.751669;0.108823;0.807526;0.190285;0.937804;0.045035;1.562448;20.657653;0.235640;0.078793;-24.381037;-0.438991;0.391981;AGING
2026.07.23 00:01:00;XAUUSDm;4130.372;0.458092;2.270426;0.100118;0.876866;0.178122;0.986022;0.043219;1.558940;20.678449;0.203135;0.071852;-24.481393;-0.440313;0.391666;AGING
2026.07.23 00:02:00;XAUUSDm;4129.722;0.458534;0.681628;0.092108;0.863541;0.166326;0.976881;0.041458;1.555106;20.699309;0.192609;0.067609;-24.497545;-0.440841;0.391541;AGING
2026.07.23 00:03:00;XAUUSDm;4128.422;0.462191;1.519331;0.084739;0.893004;0.154695;0.997317;0.039754;1.550974;20.720655;0.173230;0.062283;-24.555679;-0.441689;0.391339;AGING
2026.07.23 00:04:00;XAUUSDm;4130.882;0.459115;2.767279;0.077960;0.983624;0.142949;1.000000;0.038105;1.546571;20.743098;0.145329;0.055659;-24.675164;-0.442857;0.391060;AGING
2026.07.23 00:05:00;XAUUSDm;4129.601;0.463333;1.464000;0.071723;1.000000;0.131483;1.000000;0.036512;1.541922;20.765887;0.131483;0.050993;-24.719548;-0.443506;0.390906;AGING
2026.07.23 00:06:00;XAUUSDm;4129.412;0.707316;0.217742;0.602211;0.958257;0.146399;0.973899;0.061211;1.536737;20.787909;0.152777;0.057272;-24.193453;-0.442553;0.391133;AGING
2026.07.23 00:07:00;XAUUSDm;4128.586;0.475918;0.945448;0.554034;0.954689;0.157224;0.975045;0.060559;1.531377;20.809625;0.164686;0.061738;-24.236928;-0.441972;0.391271;AGING
2026.07.23 00:08:00;XAUUSDm;4128.154;0.460974;0.495868;0.509711;0.928603;0.165593;0.960394;0.059747;1.525857;20.830858;0.178325;0.065863;-24.255366;-0.441357;0.391418;AGING
2026.07.23 00:09:00;XAUUSDm;4128.833;0.482255;0.780478;0.468934;0.917885;0.171714;0.956188;0.058799;1.520194;20.851805;0.187076;0.068772;-24.287027;-0.440949;0.391515;AGING
2026.07.23 00:10:00;XAUUSDm;4127.511;0.469223;1.488504;0.431419;0.942982;0.175679;0.976877;0.057734;1.514402;20.872865;0.186302;0.069849;-24.353021;-0.440918;0.391522;AGING
2026.07.23 00:11:00;XAUUSDm;4127.643;0.465056;0.150475;0.396906;0.899843;0.178056;0.949974;0.056573;1.508494;20.893387;0.197875;0.072236;-24.348404;-0.440452;0.391633;AGING
2026.07.23 00:12:00;XAUUSDm;4126.889;0.459947;0.848908;0.365153;0.893735;0.178876;0.948416;0.055332;1.502483;20.913772;0.200144;0.072964;-24.379108;-0.440347;0.391658;AGING
2026.07.23 00:13:00;XAUUSDm;4126.370;0.460485;0.577694;0.335941;0.874356;0.178399;0.937378;0.054026;1.496379;20.933911;0.204035;0.073574;-24.394737;-0.440200;0.391693;AGING
2026.07.23 00:14:00;XAUUSDm;4126.757;0.458901;0.430421;0.309066;0.848591;0.176832;0.921525;0.052669;1.490193;20.953762;0.208383;0.073943;-24.402179;-0.440051;0.391729;AGING
2026.07.23 00:15:00;XAUUSDm;4127.367;0.458704;0.684716;0.284341;0.836860;0.174262;0.915080;0.051272;1.483935;20.973485;0.208233;0.073464;-24.422155;-0.440080;0.391722;AGING
2026.07.23 00:16:00;XAUUSDm;4128.107;0.458534;0.837805;0.261593;0.833422;0.170794;0.914170;0.049845;1.477612;20.993180;0.204931;0.072343;-24.449129;-0.440235;0.391685;AGING
2026.07.23 00:17:00;XAUUSDm;4127.686;0.458001;0.484889;0.240666;0.812580;0.166644;0.900890;0.048399;1.471233;21.012685;0.205080;0.071453;-24.457220;-0.440275;0.391675;AGING
2026.07.23 00:18:00;XAUUSDm;4127.999;0.459162;0.359985;0.221413;0.786617;0.161952;0.883652;0.046942;1.464805;21.031960;0.205884;0.070464;-24.458707;-0.440300;0.391669;AGING
2026.07.23 00:19:00;XAUUSDm;4128.400;0.458535;0.457022;0.203700;0.766898;0.156789;0.870363;0.045481;1.458335;21.051077;0.204445;0.069048;-24.465119;-0.440414;0.391642;AGING
2026.07.23 00:20:00;XAUUSDm;4128.569;0.459112;0.193723;0.187404;0.735104;0.151306;0.848272;0.044021;1.451829;21.069920;0.205830;0.067821;-24.458016;-0.440434;0.391638;AGING
2026.07.23 00:21:00;XAUUSDm;4128.624;0.475835;0.063133;0.172411;0.698479;0.145608;0.822333;0.042570;1.445293;21.088445;0.208464;0.066599;-24.444632;-0.440416;0.391642;ORGANIZING
2026.07.23 00:22:00;XAUUSDm;4130.443;0.533827;2.029545;0.572782;0.762120;0.159075;0.866076;0.060460;1.442873;21.107314;0.208726;0.070218;-24.144245;-0.440227;0.391687;AGING
2026.07.23 00:23:00;XAUUSDm;4131.068;0.460418;0.702452;0.526959;0.755955;0.168951;0.862465;0.059728;1.440081;21.125895;0.223494;0.074898;-24.185559;-0.439550;0.391848;AGING
2026.07.23 00:24:00;XAUUSDm;4132.662;0.473926;1.750571;0.484802;0.802307;0.176182;0.895639;0.058850;1.436949;21.144764;0.219594;0.076664;-24.277685;-0.439579;0.391841;AGING
2026.07.23 00:25:00;XAUUSDm;4132.319;0.460028;0.376749;0.446018;0.777506;0.181383;0.879538;0.057846;1.433508;21.163247;0.233288;0.079944;-24.296059;-0.439004;0.391978;AGING
2026.07.23 00:26:00;XAUUSDm;4132.845;0.454042;0.580920;0.410337;0.764049;0.184743;0.871111;0.056738;1.428259;21.181475;0.241795;0.082143;-24.320437;-0.438639;0.392065;AGING
2026.07.23 00:27:00;XAUUSDm;4133.176;0.449135;0.376461;0.377510;0.740975;0.186532;0.855784;0.055542;1.422883;21.199383;0.251738;0.084046;-24.333166;-0.438246;0.392159;AGING
2026.07.23 00:28:00;XAUUSDm;4131.273;0.456379;2.092496;0.347309;0.804820;0.186532;0.901013;0.054275;1.417392;21.217874;0.231769;0.081939;-24.432188;-0.438950;0.391991;AGING
2026.07.23 00:29:00;XAUUSDm;4129.330;0.579246;2.078475;0.781744;0.864772;0.206386;0.944124;0.073283;1.413433;21.236529;0.238659;0.087768;-24.086605;-0.438452;0.392110;AGING
2026.07.23 00:30:00;XAUUSDm;4130.037;0.460975;0.755600;0.719204;0.855186;0.221646;0.940090;0.072746;1.409244;21.254740;0.259178;0.094835;-24.133056;-0.437483;0.392341;AGING
2026.07.23 00:31:00;XAUUSDm;4129.439;0.472335;0.634133;0.661668;0.839700;0.233632;0.931928;0.071986;1.404846;21.272513;0.278233;0.100854;-24.170575;-0.436610;0.392549;AGING
2026.07.23 00:32:00;XAUUSDm;4131.374;0.447765;1.983029;0.608735;0.892194;0.242392;0.971236;0.071033;1.400257;21.290589;0.271681;0.102557;-24.274237;-0.436722;0.392522;AGING
2026.07.23 00:33:00;XAUUSDm;4130.365;0.449697;1.066438;0.560036;0.896058;0.248489;0.977054;0.069916;1.395497;21.308535;0.277314;0.105226;-24.326895;-0.436419;0.392595;AGING
2026.07.23 00:34:00;XAUUSDm;4130.252;0.452785;0.120778;0.515233;0.852325;0.252448;0.949532;0.068661;1.390581;21.325915;0.296188;0.109211;-24.329042;-0.435654;0.392777;AGING
2026.07.23 00:35:00;XAUUSDm;4130.903;0.452420;0.721186;0.474014;0.840719;0.254387;0.943943;0.067289;1.385525;21.343090;0.302583;0.110915;-24.361034;-0.435377;0.392843;AGING
2026.07.23 00:36:00;XAUUSDm;4131.713;0.451933;0.955301;0.436093;0.841360;0.254496;0.946695;0.065820;1.380342;21.360217;0.302482;0.111254;-24.403313;-0.435363;0.392846;AGING
2026.07.23 00:37:00;XAUUSDm;4131.854;0.449000;0.167101;0.401206;0.802557;0.253193;0.921713;0.064274;1.375046;21.376929;0.315483;0.112938;-24.403727;-0.434889;0.392960;AGING
2026.07.23 00:38:00;XAUUSDm;4130.681;0.458535;1.410704;0.369109;0.827901;0.250369;0.941077;0.062665;1.369648;21.393897;0.302415;0.110772;-24.466944;-0.435389;0.392840;AGING
2026.07.23 00:39:00;XAUUSDm;4128.372;0.999231;2.741890;1.118533;0.918593;0.280922;1.000000;0.097003;1.371948;21.411184;0.305817;0.117661;-23.868224;-0.434942;0.392947;AGING
2026.07.23 00:40:00;XAUUSDm;4128.104;0.545895;0.320406;1.527954;0.883065;0.325228;0.979609;0.112624;1.378493;21.427295;0.368294;0.136985;-23.439413;-0.432102;0.393625;AGING
2026.07.23 00:41:00;XAUUSDm;4128.880;0.632749;0.926656;2.002516;0.878740;0.384539;0.981698;0.130720;1.389902;21.442291;0.437603;0.160267;-22.975221;-0.428859;0.394399;AGING
2026.07.23 00:42:00;XAUUSDm;4127.829;0.451399;1.244523;1.842315;0.889338;0.434323;0.995472;0.132195;1.395648;21.456454;0.488366;0.179682;-23.124840;-0.426365;0.394995;AGING
2026.07.23 00:43:00;XAUUSDm;4127.884;0.447308;0.066206;1.694929;0.839495;0.476205;0.967574;0.132954;1.400349;21.469329;0.567252;0.200693;-23.204296;-0.422948;0.395812;ORGANIZING
2026.07.23 00:44:00;XAUUSDm;4127.855;0.441705;0.035882;1.559335;0.789791;0.510930;0.939619;0.133086;1.404093;21.481049;0.646918;0.219569;-23.274932;-0.419614;0.396609;ORGANIZING
2026.07.23 00:45:00;XAUUSDm;4129.878;0.451542;2.432952;1.434588;0.861730;0.538710;0.996543;0.132669;1.406958;21.492962;0.625149;0.224335;-23.460648;-0.420029;0.396510;ORGANIZING
2026.07.23 00:46:00;XAUUSDm;4129.119;0.444472;0.916556;1.319821;0.853697;0.560522;0.998387;0.131774;1.409018;21.504378;0.656582;0.234088;-23.559316;-0.418598;0.396852;ORGANIZING
2026.07.23 00:47:00;XAUUSDm;4127.631;0.440021;1.737100;1.214235;0.886657;0.576803;1.000000;0.130465;1.410340;21.515812;0.650537;0.237616;-23.693041;-0.418603;0.396851;ORGANIZING
2026.07.23 00:48:00;XAUUSDm;4127.704;0.444587;0.086148;1.117097;0.835095;0.588472;0.972581;0.128798;1.410987;21.526504;0.704676;0.247790;-23.735600;-0.416470;0.397362;ORGANIZING
2026.07.23 00:49:00;XAUUSDm;4127.278;0.453752;0.506986;1.027729;0.806920;0.595944;0.960794;0.126827;1.406391;21.536718;0.738542;0.254662;-23.786402;-0.415111;0.397687;ORGANIZING
2026.07.23 00:50:00;XAUUSDm;4125.787;0.441904;1.741578;0.945511;0.841734;0.599423;0.992560;0.124596;1.401623;21.547163;0.712129;0.253140;-23.896401;-0.415979;0.397479;ORGANIZING
2026.07.23 00:51:00;XAUUSDm;4125.649;0.443362;0.169338;0.869870;0.796126;0.599709;0.968108;0.122149;1.396696;21.557097;0.753284;0.259057;-23.921335;-0.414449;0.397846;ORGANIZING
2026.07.23 00:52:00;XAUUSDm;4126.242;0.440197;0.728680;0.800280;0.780760;0.597067;0.964003;0.119521;1.391628;21.566880;0.764725;0.260511;-23.972591;-0.414033;0.397946;ORGANIZING
2026.07.23 00:53:00;XAUUSDm;4127.413;0.452673;1.443505;0.736258;0.801956;0.591701;0.984969;0.116746;1.386432;21.576929;0.737822;0.256688;-24.057283;-0.415031;0.397706;ORGANIZING
2026.07.23 00:54:00;XAUUSDm;4129.030;0.482380;2.035601;0.677357;0.851804;0.583823;1.000000;0.113853;1.381122;21.587582;0.685396;0.248776;-24.168156;-0.416999;0.397235;ORGANIZING
2026.07.23 00:55:00;XAUUSDm;4128.472;0.459046;0.715476;0.623169;0.833311;0.574066;0.994027;0.110870;1.375708;21.598191;0.688898;0.247454;-24.207423;-0.416960;0.397244;ORGANIZING
2026.07.23 00:56:00;XAUUSDm;4128.236;0.452321;0.302239;0.573315;0.795276;0.562799;0.973694;0.107819;1.370201;21.608590;0.707677;0.247569;-24.223793;-0.416391;0.397381;ORGANIZING
2026.07.23 00:57:00;XAUUSDm;4129.329;0.458230;1.390267;0.527450;0.813770;0.550005;0.992048;0.104722;1.364613;21.619374;0.675873;0.240902;-24.294357;-0.417679;0.397072;ORGANIZING
2026.07.23 00:58:00;XAUUSDm;4129.426;0.480210;0.124442;0.485254;0.768303;0.536222;0.965347;0.101595;1.358951;21.629922;0.697930;0.240582;-24.297842;-0.417033;0.397227;ORGANIZING
2026.07.23 00:59:00;XAUUSDm;4132.279;0.451387;3.466754;0.446434;0.892501;0.520841;1.000000;0.098457;1.358877;21.642019;0.583575;0.221650;-24.481913;-0.421410;0.396179;ORGANIZING
2026.07.23 01:00:00;XAUUSDm;4137.393;0.444957;5.689809;0.410719;1.000000;0.504152;1.000000;0.095320;1.363255;21.655568;0.504152;0.205059;-24.657847;-0.424623;0.395411;ORGANIZING
2026.07.23 01:01:00;XAUUSDm;4137.784;0.452065;0.432532;0.377861;0.961544;0.487048;0.983475;0.092196;1.372685;21.669169;0.506527;0.200726;-24.695568;-0.424768;0.395376;ORGANIZING
2026.07.23 01:02:00;XAUUSDm;4133.692;0.458697;4.215341;0.347632;1.000000;0.469295;1.000000;0.089098;1.380769;21.683591;0.469295;0.190008;-24.806397;-0.426421;0.394981;AGING
2026.07.23 01:03:00;XAUUSDm;4133.000;0.463178;0.710326;0.319822;0.976130;0.451340;0.992980;0.086034;1.387616;21.698202;0.462377;0.184237;-24.850470;-0.426917;0.394863;AGING
2026.07.23 01:04:00;XAUUSDm;4133.053;0.464221;0.054779;0.294236;0.921036;0.433449;0.963154;0.083011;1.393329;21.712677;0.470611;0.180802;-24.858708;-0.426842;0.394881;AGING
2026.07.23 01:05:00;XAUUSDm;4134.544;0.467204;1.513490;0.270697;0.941990;0.415340;0.985321;0.080038;1.398001;21.727770;0.440918;0.171626;-24.939800;-0.428191;0.394558;AGING
2026.07.23 01:06:00;XAUUSDm;4131.540;0.492229;2.915316;0.249041;1.000000;0.396926;1.000000;0.077119;1.401719;21.743848;0.396926;0.160126;-25.055557;-0.430086;0.394106;AGING
2026.07.23 01:07:00;XAUUSDm;4132.869;0.466018;1.267428;0.229118;1.000000;0.378588;1.000000;0.074259;1.404562;21.760322;0.378588;0.152729;-25.110257;-0.431006;0.393886;AGING
2026.07.23 01:08:00;XAUUSDm;4130.741;0.484017;1.961507;0.210789;1.000000;0.360396;1.000000;0.071462;1.406602;21.777180;0.360396;0.145434;-25.162125;-0.431916;0.393669;AGING
2026.07.23 01:09:00;XAUUSDm;4133.628;0.462676;2.544509;0.193926;1.000000;0.342410;1.000000;0.068732;1.407907;21.794411;0.342410;0.138256;-25.211354;-0.432815;0.393454;AGING
2026.07.23 01:10:00;XAUUSDm;4133.051;0.460981;0.504918;0.178412;0.968398;0.324842;0.985078;0.066071;1.408538;21.811684;0.335443;0.132968;-25.226047;-0.433288;0.393341;AGING
2026.07.23 01:11:00;XAUUSDm;4135.207;0.456733;1.819747;0.164139;1.000000;0.307416;1.000000;0.063482;1.408553;21.829621;0.307416;0.124357;-25.302136;-0.434560;0.393038;AGING
2026.07.23 01:12:00;XAUUSDm;4136.352;0.456401;0.977546;0.151008;0.992729;0.290372;1.000000;0.060964;1.408003;21.847821;0.292499;0.117956;-25.337105;-0.435327;0.392855;AGING
2026.07.23 01:13:00;XAUUSDm;4136.206;0.458836;0.125676;0.138927;0.943569;0.273948;0.971532;0.058520;1.406936;21.865847;0.290332;0.113718;-25.327453;-0.435604;0.392789;AGING
2026.07.23 01:14:00;XAUUSDm;4134.656;0.468868;1.335240;0.127813;0.957673;0.257846;0.986310;0.056150;1.405397;21.884321;0.269242;0.106582;-25.379429;-0.436594;0.392553;AGING
2026.07.23 01:15:00;XAUUSDm;4135.566;0.463688;0.776331;0.117588;0.943449;0.242229;0.980926;0.053853;1.403426;21.902945;0.256748;0.100898;-25.401136;-0.437253;0.392396;AGING
2026.07.23 01:16:00;XAUUSDm;4137.304;0.460751;1.452667;0.108181;0.964066;0.226938;0.999322;0.051631;1.401060;21.922057;0.235397;0.093902;-25.456386;-0.438243;0.392160;AGING
2026.07.23 01:17:00;XAUUSDm;4135.664;0.468692;1.341404;0.099526;0.978394;0.212024;1.000000;0.049482;1.398334;21.941584;0.216706;0.087389;-25.504060;-0.439129;0.391948;AGING
2026.07.23 01:18:00;XAUUSDm;4136.160;0.467705;0.415250;0.091564;0.945996;0.197727;0.981266;0.047406;1.395279;21.961042;0.209015;0.082777;-25.503118;-0.439591;0.391838;AGING
2026.07.23 01:19:00;XAUUSDm;4135.978;0.486888;0.156999;0.084239;0.902592;0.184100;0.954076;0.045402;1.391925;21.980306;0.203968;0.078678;-25.489213;-0.439947;0.391754;AGING
2026.07.23 01:20:00;XAUUSDm;4136.031;0.547121;0.046241;0.494580;0.856092;0.191410;0.923890;0.063649;1.385804;21.998896;0.223586;0.083022;-25.067904;-0.439141;0.391946;AGING
2026.07.23 01:21:00;XAUUSDm;4137.584;0.913448;1.332750;1.179666;0.876097;0.227559;0.940428;0.094721;1.386893;22.016975;0.259741;0.096517;-24.449075;-0.437382;0.392365;AGING
2026.07.23 01:22:00;XAUUSDm;4138.975;0.462056;1.204976;1.085293;0.887990;0.256612;0.953003;0.094704;1.387335;22.034596;0.288980;0.108274;-24.544759;-0.435917;0.392714;AGING
2026.07.23 01:23:00;XAUUSDm;4138.405;0.460095;0.497556;0.998469;0.863336;0.280621;0.940377;0.094310;1.387185;22.051489;0.325042;0.119676;-24.598723;-0.434265;0.393108;AGING
2026.07.23 01:24:00;XAUUSDm;4137.797;0.462336;0.526179;0.918592;0.840866;0.300091;0.929181;0.093588;1.386492;22.067761;0.356883;0.129297;-24.650104;-0.432829;0.393451;AGING
2026.07.23 01:25:00;XAUUSDm;4137.828;0.472121;0.027119;0.845104;0.794176;0.315604;0.900884;0.092583;1.385304;22.083243;0.397398;0.138906;-24.672485;-0.431133;0.393856;AGING
2026.07.23 01:26:00;XAUUSDm;4138.948;0.452338;0.974506;0.777496;0.796881;0.327375;0.906701;0.091334;1.383662;22.098501;0.410820;0.144099;-24.740504;-0.430470;0.394014;AGING
2026.07.23 01:27:00;XAUUSDm;4138.637;0.456150;0.269801;0.715296;0.763979;0.335967;0.887606;0.089877;1.381605;22.113238;0.439760;0.150290;-24.768919;-0.429293;0.394295;AGING
2026.07.23 01:28:00;XAUUSDm;4137.380;0.453581;1.088896;0.658073;0.773506;0.341556;0.897797;0.088245;1.379170;22.127933;0.441569;0.152418;-24.836640;-0.429132;0.394334;AGING
2026.07.23 01:29:00;XAUUSDm;4137.502;0.464444;0.109847;0.605427;0.733492;0.344711;0.873307;0.086465;1.376389;22.142138;0.469958;0.156947;-24.851201;-0.428054;0.394591;AGING
2026.07.23 01:30:00;XAUUSDm;4129.759;0.471155;6.144555;0.556993;0.997151;0.344321;1.000000;0.084563;1.373293;22.158956;0.345305;0.140253;-25.170506;-0.432628;0.393499;AGING
2026.07.23 01:31:00;XAUUSDm;4131.018;0.464261;0.991495;0.512433;0.989982;0.341984;1.000000;0.082563;1.369910;22.175715;0.345445;0.140017;-25.216225;-0.432636;0.393497;AGING
2026.07.23 01:32:00;XAUUSDm;4133.811;0.482042;2.140820;0.471439;1.000000;0.337874;1.000000;0.080485;1.366265;22.192620;0.337874;0.138091;-25.276807;-0.432959;0.393420;AGING
2026.07.23 01:33:00;XAUUSDm;4134.212;0.494699;0.305743;0.433724;0.958530;0.332469;0.978518;0.078346;1.362381;22.209180;0.346854;0.138572;-25.282972;-0.432666;0.393490;AGING
2026.07.23 01:34:00;XAUUSDm;4133.175;0.513198;0.778692;0.818622;0.942888;0.345204;0.974266;0.093674;1.362477;22.225330;0.366113;0.143892;-24.916695;-0.431822;0.393691;AGING
2026.07.23 01:35:00;XAUUSDm;4130.650;0.458931;1.881857;0.753132;0.982933;0.353512;1.000000;0.092265;1.362020;22.241709;0.359651;0.145048;-25.026567;-0.431958;0.393659;AGING
2026.07.23 01:36:00;XAUUSDm;4126.552;0.445996;2.909396;0.692882;1.000000;0.358664;1.000000;0.090664;1.361057;22.258146;0.358664;0.146291;-25.110043;-0.431926;0.393667;AGING
2026.07.23 01:37:00;XAUUSDm;4125.596;0.447230;0.683883;0.637451;0.977021;0.361198;0.992109;0.088902;1.359631;22.274289;0.369693;0.148914;-25.149727;-0.431464;0.393777;AGING
2026.07.23 01:38:00;XAUUSDm;4124.583;0.445681;0.715042;0.586455;0.956698;0.361425;0.985523;0.087007;1.357782;22.290205;0.377783;0.150500;-25.188601;-0.431141;0.393854;AGING
2026.07.23 01:39:00;XAUUSDm;4123.111;0.444722;1.023915;0.539539;0.952830;0.359558;0.989912;0.085002;1.355546;22.306098;0.377358;0.150230;-25.240928;-0.431168;0.393848;AGING
2026.07.23 01:40:00;XAUUSDm;4125.511;0.447204;1.648578;0.496376;0.980427;0.355720;1.000000;0.082910;1.348786;22.322276;0.362822;0.147472;-25.314000;-0.431742;0.393710;AGING
2026.07.23 01:41:00;XAUUSDm;4125.877;0.445903;0.250623;0.456666;0.936822;0.350498;0.976674;0.080750;1.349272;22.338126;0.374135;0.148087;-25.327831;-0.431372;0.393799;AGING
2026.07.23 01:42:00;XAUUSDm;4125.308;0.444320;0.389758;0.420132;0.902459;0.344061;0.958958;0.078540;1.349178;22.353762;0.381249;0.147655;-25.347461;-0.431180;0.393845;AGING
2026.07.23 01:43:00;XAUUSDm;4125.732;0.445188;0.293438;0.386522;0.865127;0.336620;0.938414;0.076293;1.348551;22.369166;0.389099;0.146997;-25.360840;-0.430977;0.393893;AGING
2026.07.23 01:44:00;XAUUSDm;4121.748;0.442986;2.669740;0.355600;0.948625;0.327763;1.000000;0.074025;1.347438;22.385571;0.345514;0.138292;-25.493759;-0.432720;0.393477;AGING
2026.07.23 01:45:00;XAUUSDm;4123.315;0.444125;1.036060;0.327152;0.946441;0.318089;1.000000;0.071746;1.345881;22.402133;0.336089;0.134551;-25.538586;-0.433190;0.393365;AGING
2026.07.23 01:46:00;XAUUSDm;4120.939;0.447294;1.527719;0.300980;0.969143;0.307620;1.000000;0.069467;1.343917;22.419111;0.317415;0.129115;-25.606421;-0.434022;0.393166;AGING
2026.07.23 01:47:00;XAUUSDm;4120.472;0.447762;0.302708;0.276901;0.929669;0.296800;0.978026;0.067198;1.341581;22.435888;0.319253;0.126922;-25.609413;-0.434076;0.393153;AGING
2026.07.23 01:48:00;XAUUSDm;4118.786;0.447840;1.070803;0.254749;0.930790;0.285536;0.983625;0.064945;1.338906;22.452874;0.306767;0.122304;-25.651082;-0.434682;0.393009;AGING
2026.07.23 01:49:00;XAUUSDm;4121.493;0.449916;1.722448;0.234369;0.964662;0.273772;1.000000;0.062717;1.335922;22.470404;0.283801;0.115843;-25.724204;-0.435694;0.392768;AGING
2026.07.23 01:50:00;XAUUSDm;4122.053;0.458772;0.378245;0.215620;0.929866;0.261948;0.980434;0.060519;1.332656;22.487790;0.281706;0.112761;-25.726438;-0.435911;0.392716;AGING
2026.07.23 01:51:00;XAUUSDm;4120.822;0.454235;0.822136;0.198370;0.919240;0.250020;0.977011;0.058355;1.329134;22.505274;0.271986;0.108387;-25.751102;-0.436421;0.392594;AGING
2026.07.23 01:52:00;XAUUSDm;4121.985;0.452426;0.808346;0.182501;0.908695;0.238057;0.973151;0.056231;1.325377;22.522853;0.261977;0.103941;-25.774208;-0.436944;0.392469;AGING
2026.07.23 01:53:00;XAUUSDm;4118.387;0.449648;2.403698;0.167901;0.978684;0.225719;1.000000;0.054149;1.321409;22.541340;0.230635;0.095877;-25.877521;-0.438287;0.392149;AGING
2026.07.23 01:54:00;XAUUSDm;4118.882;0.450626;0.328751;0.154469;0.941673;0.213615;0.978402;0.052114;1.321443;22.559699;0.226846;0.092265;-25.880403;-0.438581;0.392079;AGING
2026.07.23 01:55:00;XAUUSDm;4118.325;0.451946;0.374575;0.142111;0.909046;0.201763;0.959092;0.050126;1.320946;22.577963;0.221950;0.088488;-25.885279;-0.438917;0.391999;AGING
2026.07.23 01:56:00;XAUUSDm;4114.639;0.452502;2.456253;0.130742;0.982371;0.189673;1.000000;0.048188;1.319963;22.597193;0.193077;0.080694;-25.995451;-0.440173;0.391700;AGING
2026.07.23 01:57:00;XAUUSDm;4116.213;0.455431;1.045458;0.120283;0.981732;0.177768;1.000000;0.046301;1.318535;22.616641;0.181075;0.075756;-26.029995;-0.440780;0.391555;AGING
2026.07.23 01:58:00;XAUUSDm;4117.701;0.460340;0.996811;0.110660;0.978931;0.166087;1.000000;0.044468;1.316700;22.636275;0.169662;0.070974;-26.060794;-0.441361;0.391417;AGING
2026.07.23 01:59:00;XAUUSDm;4117.927;0.465608;0.156995;0.101807;0.934512;0.154863;0.972051;0.042687;1.314494;22.655668;0.165715;0.067576;-26.047871;-0.441650;0.391348;AGING
2026.07.23 02:00:00;XAUUSDm;4117.552;0.457089;0.261233;0.093663;0.897751;0.144066;0.948667;0.040960;1.311949;22.674884;0.160474;0.064010;-26.040723;-0.441985;0.391268;AGING
2026.07.23 02:01:00;XAUUSDm;4118.215;0.458049;0.471671;0.086170;0.873566;0.133642;0.933405;0.039286;1.309094;22.694037;0.152985;0.060146;-26.044551;-0.442403;0.391168;AGING
2026.07.23 02:02:00;XAUUSDm;4115.763;0.455612;1.712554;0.079276;0.912842;0.123288;0.962051;0.037667;1.305957;22.713760;0.135059;0.054638;-26.111285;-0.443216;0.390975;AGING
2026.07.23 02:03:00;XAUUSDm;4114.185;0.453511;1.080511;0.072934;0.918760;0.113188;0.967515;0.036100;1.302563;22.733709;0.123197;0.050141;-26.143673;-0.443797;0.390837;AGING
2026.07.23 02:04:00;XAUUSDm;4113.969;0.459043;0.150655;0.067099;0.878091;0.103583;0.940188;0.034587;1.298935;22.753408;0.117964;0.046836;-26.127861;-0.444119;0.390760;AGING
2026.07.23 02:05:00;XAUUSDm;4113.907;0.456564;0.043761;0.061731;0.834303;0.094483;0.910024;0.033126;1.295095;22.772812;0.113248;0.043691;-26.107342;-0.444418;0.390689;AGING
2026.07.23 02:06:00;XAUUSDm;4115.251;0.465135;0.953936;0.056793;0.838395;0.085646;0.912720;0.031717;1.291061;22.792394;0.102154;0.039629;-26.133905;-0.444954;0.390561;AGING
2026.07.23 02:07:00;XAUUSDm;4116.776;0.476496;1.084175;0.052249;0.848971;0.077043;0.919831;0.030358;1.286852;22.812211;0.090749;0.035566;-26.166310;-0.445499;0.390431;AGING
2026.07.23 02:08:00;XAUUSDm;4114.428;0.470730;1.626444;0.048070;0.886304;0.068548;0.945625;0.029049;1.282485;22.832528;0.077342;0.031189;-26.225282;-0.446120;0.390284;AGING
2026.07.23 02:09:00;XAUUSDm;4114.292;0.460583;0.094266;0.044224;0.845331;0.060553;0.916844;0.027789;1.277974;22.852550;0.071633;0.028150;-26.204629;-0.446444;0.390207;AGING
2026.07.23 02:10:00;XAUUSDm;4115.936;0.463342;1.114924;0.040686;0.857599;0.052785;0.924750;0.026577;1.273333;22.872804;0.061550;0.024466;-26.236751;-0.446930;0.390091;AGING
2026.07.23 02:11:00;XAUUSDm;4116.307;0.470125;0.255703;0.037431;0.826449;0.045457;0.902263;0.025410;1.268576;22.892845;0.055003;0.021438;-26.224378;-0.447278;0.390008;AGING
2026.07.23 02:12:00;XAUUSDm;4117.039;0.467470;0.509139;0.034437;0.809674;0.038487;0.889393;0.024290;1.263714;22.912809;0.047534;0.018347;-26.225566;-0.447657;0.389918;AGING
2026.07.23 02:13:00;XAUUSDm;4117.894;0.667381;0.592343;0.534973;0.798038;0.056162;0.879847;0.048102;1.261066;22.932277;0.070375;0.026652;-25.757516;-0.446556;0.390180;AGING
2026.07.23 02:14:00;XAUUSDm;4117.640;0.531940;0.176838;0.933927;0.765855;0.089803;0.856925;0.065645;1.262555;22.950765;0.117258;0.042885;-25.349289;-0.444338;0.390708;AGING
2026.07.23 02:15:00;XAUUSDm;4115.040;0.475202;1.747641;0.859213;0.813148;0.117555;0.890398;0.066098;1.263413;22.969179;0.144568;0.054864;-25.464582;-0.442920;0.391045;AGING
2026.07.23 02:16:00;XAUUSDm;4115.890;0.525759;0.573425;1.253532;0.798811;0.160601;0.881617;0.082509;1.268324;22.986639;0.201050;0.074710;-25.072983;-0.440233;0.391685;AGING
2026.07.23 02:17:00;XAUUSDm;4114.427;0.496706;0.971861;1.153249;0.804251;0.196671;0.887663;0.083398;1.272312;23.003471;0.244539;0.091053;-25.169222;-0.438111;0.392191;AGING
2026.07.23 02:18:00;XAUUSDm;4115.173;0.479165;0.498950;1.060989;0.785053;0.227113;0.876977;0.083841;1.275454;23.019534;0.289297;0.105912;-25.235074;-0.436025;0.392688;AGING
2026.07.23 02:19:00;XAUUSDm;4115.060;0.497208;0.075587;0.976110;0.745037;0.252569;0.851863;0.083893;1.277820;23.034711;0.339002;0.119886;-25.274494;-0.433836;0.393211;AGING
2026.07.23 02:20:00;XAUUSDm;4115.038;0.515902;0.016411;1.363037;0.703554;0.292944;0.825559;0.099045;1.284124;23.048729;0.416377;0.140384;-24.862640;-0.430489;0.394009;AGING
2026.07.23 02:21:00;XAUUSDm;4115.865;0.529985;0.620917;1.760526;0.693564;0.346110;0.821863;0.113967;1.294447;23.061687;0.499031;0.164659;-24.465443;-0.426796;0.394892;ORGANIZING
2026.07.23 02:22:00;XAUUSDm;4115.921;0.997976;0.043847;2.509008;0.654156;0.422517;0.798621;0.145692;1.312272;23.072900;0.645897;0.200044;-23.711461;-0.420621;0.396368;ORGANIZING
2026.07.23 02:23:00;XAUUSDm;4115.292;0.621991;0.490747;2.975501;0.637535;0.509018;0.792945;0.161733;1.334737;23.082443;0.798416;0.238527;-23.228397;-0.414121;0.397924;ORGANIZING
2026.07.23 02:24:00;XAUUSDm;4116.206;0.501379;0.714476;3.351535;0.631202;0.601993;0.795859;0.172448;1.360907;23.090324;0.953725;0.278114;-22.834708;-0.407483;0.399516;ORGANIZING
2026.07.23 02:25:00;XAUUSDm;4115.166;0.579556;0.832293;3.786202;0.629216;0.702282;0.803170;0.185559;1.391348;23.096484;1.116122;0.318333;-22.391029;-0.400600;0.401168;ORGANIZING
2026.07.23 02:26:00;XAUUSDm;4116.093;0.664065;0.781527;4.284251;0.622786;0.810365;0.808907;0.201183;1.426665;23.100771;1.301193;0.360061;-21.884639;-0.392961;0.403005;ORGANIZING
2026.07.23 02:27:00;XAUUSDm;4115.359;0.551347;0.621139;4.697761;0.606497;0.922933;0.809376;0.211799;1.465987;23.103037;1.521746;0.404036;-21.444413;-0.384146;0.405127;ORGANIZING
2026.07.23 02:28:00;XAUUSDm;4116.152;0.519721;0.673575;5.087552;0.591392;1.000000;0.812036;0.220699;1.509052;23.104042;1.690926;0.430822;-21.067384;-0.377731;0.406674;ORGANIZING
2026.07.23 02:29:00;XAUUSDm;4116.506;0.487741;0.306509;4.680548;0.557148;1.000000;0.802067;0.230014;1.547870;23.105092;1.794856;0.428260;-21.537461;-0.374741;0.407396;ORGANIZING
2026.07.23 02:30:00;XAUUSDm;4118.780;0.469661;1.973239;4.306104;0.607952;1.000000;0.851109;0.237236;1.582785;23.106999;1.644866;0.411866;-22.048889;-0.380061;0.406112;ORGANIZING
2026.07.23 02:31:00;XAUUSDm;4117.464;0.595414;1.123423;4.752665;0.613726;1.000000;0.868943;0.247702;1.622023;23.109357;1.629392;0.402665;-21.709869;-0.380985;0.405889;ORGANIZING
2026.07.23 02:32:00;XAUUSDm;4115.587;0.552541;1.567327;5.167071;0.641406;1.000000;0.902056;0.256037;1.665240;23.112423;1.559075;0.390216;-21.429312;-0.383717;0.405231;ORGANIZING
2026.07.23 02:33:00;XAUUSDm;4114.818;0.463158;0.638450;4.753705;0.621258;1.000000;0.901791;0.263904;1.699101;23.115627;1.609637;0.386958;-21.909189;-0.382363;0.405557;ORGANIZING
2026.07.23 02:34:00;XAUUSDm;4116.427;0.590769;1.390690;5.196782;0.639730;1.000000;0.928139;0.272862;1.733234;23.119357;1.563160;0.377954;-21.574497;-0.384207;0.405113;ORGANIZING
2026.07.23 02:35:00;XAUUSDm;4115.247;0.983334;1.026766;5.934282;0.639081;1.000000;0.941141;0.296094;1.775318;23.123501;1.564746;0.368936;-20.971125;-0.384611;0.405015;ORGANIZING
2026.07.23 02:36:00;XAUUSDm;4116.667;0.679684;1.256504;6.444045;0.649953;1.000000;0.962542;0.306778;1.818347;23.128184;1.538574;0.360350;-20.584340;-0.385825;0.404723;ORGANIZING
2026.07.23 02:37:00;XAUUSDm;4116.657;0.483530;0.008921;5.928521;0.597901;1.000000;0.939903;0.317215;1.857008;23.132733;1.672518;0.360734;-21.150558;-0.381788;0.405696;ORGANIZING
2026.07.23 02:38:00;XAUUSDm;4116.655;0.537577;0.001839;6.331704;0.548098;1.000000;0.918173;0.321513;1.900430;23.137218;1.824492;0.361005;-20.797498;-0.377215;0.406799;ORGANIZING
2026.07.23 02:39:00;XAUUSDm;4118.569;0.442489;1.786381;5.825168;0.590012;1.000000;0.959813;0.330764;1.939418;23.142512;1.694881;0.349627;-21.447722;-0.381672;0.405724;ORGANIZING
2026.07.23 02:40:00;XAUUSDm;4118.443;0.443555;0.118559;5.359155;0.546439;1.000000;0.941946;0.337527;1.969682;23.147673;1.830029;0.350429;-21.949377;-0.377578;0.406711;ORGANIZING
2026.07.23 02:41:00;XAUUSDm;4119.693;0.436547;1.175762;4.930422;0.557906;1.000000;0.961943;0.342087;1.991533;23.153168;1.792418;0.345838;-22.447891;-0.378936;0.406384;ORGANIZING
2026.07.23 02:42:00;XAUUSDm;4119.407;0.443061;0.273527;4.535989;0.523687;1.000000;0.949822;0.344705;2.001845;23.158423;1.909539;0.348403;-22.839221;-0.375294;0.407263;ORGANIZING
2026.07.23 02:43:00;XAUUSDm;4121.120;0.415508;1.699573;4.173109;0.562481;1.000000;0.988128;0.345613;2.003812;23.164086;1.777838;0.343418;-23.252308;-0.379494;0.406249;ORGANIZING
2026.07.23 02:44:00;XAUUSDm;4122.109;0.415058;0.971723;3.839261;0.562943;1.000000;0.999650;0.345025;1.998670;23.169702;1.776379;0.344040;-23.580775;-0.379507;0.406246;ORGANIZING
2026.07.23 02:45:00;XAUUSDm;4124.134;0.401811;1.933839;3.532120;0.611488;1.000000;1.000000;0.343131;1.991218;23.175729;1.635355;0.339462;-23.923794;-0.383966;0.405171;ORGANIZING
2026.07.23 02:46:00;XAUUSDm;4125.330;0.402518;1.199190;3.249550;0.620873;1.000000;1.000000;0.340103;1.991609;23.181854;1.610636;0.338686;-24.216599;-0.384747;0.404983;ORGANIZING
2026.07.23 02:47:00;XAUUSDm;4124.911;0.402439;0.430079;2.989586;0.591333;1.000000;0.991956;0.336096;1.998732;23.187755;1.691094;0.341745;-24.459158;-0.382180;0.405601;ORGANIZING
2026.07.23 02:48:00;XAUUSDm;4124.222;0.407892;0.719012;2.750419;0.577717;1.000000;0.994167;0.331249;2.012110;23.193653;1.730951;0.342340;-24.707669;-0.380954;0.405897;ORGANIZING
2026.07.23 02:49:00;XAUUSDm;4122.772;0.417231;1.475467;2.530386;0.602605;1.000000;1.000000;0.325689;2.023551;23.199915;1.659463;0.338771;-24.970613;-0.383278;0.405337;ORGANIZING
2026.07.23 02:50:00;XAUUSDm;4122.375;0.442103;0.403792;2.327955;0.572664;1.000000;0.990532;0.319526;2.033215;23.205973;1.746225;0.341833;-25.156163;-0.380522;0.406001;ORGANIZING
2026.07.23 02:51:00;XAUUSDm;4125.538;0.406835;3.061422;2.141719;0.677102;1.000000;1.000000;0.312861;2.049158;23.213236;1.476883;0.329042;-25.472658;-0.389241;0.403900;ORGANIZING
2026.07.23 02:52:00;XAUUSDm;4124.948;0.402886;0.592405;1.970381;0.652867;1.000000;0.996684;0.305785;2.070879;23.220473;1.531705;0.330084;-25.656288;-0.387545;0.404309;ORGANIZING
2026.07.23 02:53:00;XAUUSDm;4126.229;0.398923;1.293939;1.812751;0.664921;1.000000;1.000000;0.298377;2.089934;23.228022;1.503939;0.327522;-25.856815;-0.388506;0.404077;ORGANIZING
2026.07.23 02:54:00;XAUUSDm;4125.466;0.404218;0.762283;1.667731;0.649789;1.000000;1.000000;0.290709;2.114775;23.235668;1.538962;0.327303;-26.028695;-0.387466;0.404327;ORGANIZING
2026.07.23 02:55:00;XAUUSDm;4126.178;0.399895;0.702211;1.534312;0.632410;1.000000;0.999752;0.282845;2.148201;23.243474;1.581253;0.326429;-26.203663;-0.386241;0.404623;ORGANIZING
2026.07.23 02:56:00;XAUUSDm;4126.151;0.402242;0.027339;1.411567;0.582156;0.997399;0.975617;0.274840;2.187785;23.251225;1.713284;0.327577;-26.349665;-0.382223;0.405591;ORGANIZING
2026.07.23 02:57:00;XAUUSDm;4127.118;0.400451;0.990332;1.298642;0.582617;0.990586;0.985752;0.266744;2.223145;23.259471;1.700236;0.322403;-26.532638;-0.382873;0.405434;ORGANIZING
2026.07.23 02:58:00;XAUUSDm;4127.773;0.399565;0.694901;1.194750;0.568420;0.980139;0.984908;0.258602;2.263399;23.268186;1.724322;0.317154;-26.705717;-0.382413;0.405545;ORGANIZING
2026.07.23 02:59:00;XAUUSDm;4127.980;0.403517;0.219280;1.099170;0.531360;0.966627;0.967162;0.250450;2.299341;23.277161;1.819158;0.313723;-26.842307;-0.379739;0.406190;ORGANIZING
2026.07.23 03:00:00;XAUUSDm;4128.034;0.405670;0.059198;1.011237;0.488419;0.950511;0.944149;0.242325;2.331324;23.286348;1.946097;0.310415;-26.960317;-0.376096;0.407069;ORGANIZING
2026.07.23 03:01:00;XAUUSDm;4127.001;0.407345;1.116226;0.930338;0.500799;0.931938;0.958653;0.234253;2.359668;23.296314;1.860901;0.301138;-27.122680;-0.379116;0.406340;ORGANIZING
2026.07.23 03:02:00;XAUUSDm;4127.763;0.403203;0.822859;0.855911;0.498264;0.911342;0.962099;0.226262;2.384671;23.306917;1.829036;0.293112;-27.259793;-0.380473;0.406013;ORGANIZING
2026.07.23 03:03:00;XAUUSDm;4126.322;0.421640;1.536641;0.787438;0.531956;0.888888;0.990127;0.218373;2.406604;23.318524;1.670982;0.281567;-27.424107;-0.385792;0.404731;ORGANIZING
2026.07.23 03:04:00;XAUUSDm;4126.077;0.437129;0.261311;0.724443;0.500646;0.865181;0.972262;0.210604;2.425719;23.330484;1.728130;0.275802;-27.514152;-0.384366;0.405074;ORGANIZING
2026.07.23 03:05:00;XAUUSDm;4125.210;0.609604;0.960218;1.181646;0.506321;0.863083;0.979211;0.222934;2.437095;23.342657;1.704618;0.272580;-27.124306;-0.385232;0.404866;ORGANIZING
2026.07.23 03:06:00;XAUUSDm;4126.811;0.540008;1.744123;1.586651;0.550949;0.876874;1.000000;0.232037;2.441539;23.355044;1.591570;0.271939;-26.789620;-0.388656;0.404041;ORGANIZING
2026.07.23 03:07:00;XAUUSDm;4126.442;0.530109;0.411803;1.984233;0.526454;0.904809;0.987534;0.240314;2.439385;23.366607;1.718684;0.282210;-26.363417;-0.384329;0.405083;ORGANIZING
2026.07.23 03:08:00;XAUUSDm;4125.553;0.550133;0.988965;2.396833;0.531484;0.945661;0.995995;0.248929;2.430724;23.377315;1.779286;0.294494;-25.925609;-0.381897;0.405670;ORGANIZING
2026.07.23 03:09:00;XAUUSDm;4124.973;0.476601;0.638584;2.205087;0.517925;0.977538;0.992199;0.246070;2.421823;23.387162;1.887410;0.306840;-26.058249;-0.378036;0.406601;ORGANIZING
2026.07.23 03:10:00;XAUUSDm;4125.085;0.455310;0.123069;2.028680;0.478632;1.000000;0.970391;0.242587;2.412707;23.396076;2.089289;0.319089;-26.156614;-0.371367;0.408211;ORGANIZING
2026.07.23 03:11:00;XAUUSDm;4125.803;0.946987;0.790853;2.738920;0.474243;1.000000;0.972598;0.265969;2.406615;23.404884;2.108624;0.317780;-25.485375;-0.370852;0.408335;ORGANIZING
2026.07.23 03:12:00;XAUUSDm;4124.918;0.999918;0.957316;3.488859;0.478396;1.000000;0.981372;0.290168;2.409767;23.413766;2.090316;0.314631;-24.803172;-0.371559;0.408164;ORGANIZING
2026.07.23 03:13:00;XAUUSDm;4125.593;0.540340;0.729430;3.894114;0.470948;1.000000;0.982710;0.295922;2.418532;23.422661;2.123376;0.313932;-24.428402;-0.370602;0.408396;ORGANIZING
2026.07.23 03:14:00;XAUUSDm;4127.051;0.475806;1.557260;3.582584;0.505264;1.000000;1.000000;0.296702;2.425587;23.431969;1.979164;0.309832;-24.799228;-0.375133;0.407301;ORGANIZING
2026.07.23 03:15:00;XAUUSDm;4127.119;0.506840;0.074169;3.962714;0.463709;1.000000;0.977981;0.300874;2.437744;23.440984;2.156525;0.312273;-24.419213;-0.369691;0.408616;ORGANIZING
2026.07.23 03:16:00;XAUUSDm;4128.512;0.462128;1.504092;3.645697;0.495728;1.000000;1.000000;0.301681;2.447896;23.450420;2.017235;0.308137;-24.799605;-0.374076;0.407556;ORGANIZING
2026.07.23 03:17:00;XAUUSDm;4128.936;0.471389;0.460900;3.354041;0.473987;1.000000;0.991690;0.301180;2.456211;23.459722;2.109764;0.309466;-25.094448;-0.371234;0.408243;ORGANIZING
2026.07.23 03:18:00;XAUUSDm;4130.186;0.461937;1.345417;3.085718;0.497558;1.000000;1.000000;0.299537;2.462839;23.469326;2.009815;0.306755;-25.405918;-0.374368;0.407486;ORGANIZING
2026.07.23 03:19:00;XAUUSDm;4130.942;0.456173;0.806727;2.838861;0.493017;1.000000;1.000000;0.296903;2.467922;23.478935;2.028329;0.306952;-25.662741;-0.373803;0.407623;ORGANIZING
2026.07.23 03:20:00;XAUUSDm;4131.297;0.453095;0.394997;2.611752;0.468116;1.000000;0.989217;0.293413;2.471588;23.488332;2.136224;0.309299;-25.874698;-0.370448;0.408433;ORGANIZING
2026.07.23 03:21:00;XAUUSDm;4131.134;0.448125;0.186141;2.402812;0.434017;1.000000;0.971378;0.289190;2.473954;23.497412;2.304057;0.312778;-26.054905;-0.365239;0.409692;ORGANIZING
2026.07.23 03:22:00;XAUUSDm;4132.576;0.445754;1.663245;2.210587;0.475478;1.000000;1.000000;0.284341;2.475131;23.506918;2.103145;0.309124;-26.290755;-0.371449;0.408191;ORGANIZING
2026.07.23 03:23:00;XAUUSDm;4132.451;0.442426;0.146353;2.033740;0.439022;1.000000;0.980074;0.278967;2.475219;23.516060;2.277790;0.313165;-26.429713;-0.366008;0.409506;ORGANIZING
2026.07.23 03:24:00;XAUUSDm;4132.671;0.441702;0.266241;1.871041;0.410383;1.000000;0.964854;0.273153;2.474309;23.524907;2.436748;0.316672;-26.559173;-0.361064;0.410702;ORGANIZING
2026.07.23 03:25:00;XAUUSDm;4131.057;0.443079;1.932934;1.721357;0.466511;1.000000;1.000000;0.266980;2.467334;23.534246;2.143574;0.312420;-26.748027;-0.370072;0.408524;ORGANIZING
2026.07.23 03:26:00;XAUUSDm;4131.462;0.445978;0.497116;1.583649;0.448041;1.000000;0.991743;0.260516;2.455027;23.543276;2.231939;0.316097;-26.838756;-0.367237;0.409209;ORGANIZING
2026.07.23 03:27:00;XAUUSDm;4129.953;0.450748;1.786475;1.456957;0.494963;1.000000;1.000000;0.253825;2.448025;23.552706;2.020355;0.312812;-26.994412;-0.373749;0.407635;ORGANIZING
2026.07.23 03:28:00;XAUUSDm;4130.681;0.444149;0.847300;1.340400;0.492579;0.996023;1.000000;0.246962;2.446349;23.562175;2.022055;0.312636;-27.104953;-0.373707;0.407646;ORGANIZING
2026.07.23 03:29:00;XAUUSDm;4130.341;0.443245;0.410767;1.233168;0.468568;0.988169;0.988020;0.239975;2.443837;23.571536;2.108912;0.313468;-27.186390;-0.371059;0.408285;ORGANIZING
2026.07.23 03:30:00;XAUUSDm;4130.142;0.444284;0.239996;1.134515;0.437376;0.976962;0.970239;0.232909;2.440559;23.580776;2.233688;0.314050;-27.253612;-0.367287;0.409197;ORGANIZING
2026.07.23 03:31:00;XAUUSDm;4129.204;0.450882;1.139816;1.043754;0.452959;0.962650;0.984326;0.225802;2.445308;23.590506;2.125247;0.308140;-27.379280;-0.370836;0.408339;ORGANIZING
2026.07.23 03:32:00;XAUUSDm;4129.287;0.446094;0.101358;0.960253;0.416126;0.945881;0.961325;0.218687;2.458368;23.600333;2.273064;0.305796;-27.464433;-0.366518;0.409383;ORGANIZING
2026.07.23 03:33:00;XAUUSDm;4129.497;0.447706;0.266220;0.883433;0.389713;0.926986;0.944650;0.211593;2.476183;23.610452;2.378636;0.301215;-27.565298;-0.363580;0.410093;ORGANIZING
2026.07.23 03:34:00;XAUUSDm;4130.413;0.449861;1.163381;0.812758;0.409857;0.906099;0.959712;0.204547;2.491500;23.621344;2.210769;0.291734;-27.704438;-0.369090;0.408761;ORGANIZING
2026.07.23 03:35:00;XAUUSDm;4130.228;0.450528;0.246483;0.747738;0.383566;0.883750;0.941908;0.197571;2.511192;23.632616;2.304034;0.285788;-27.802221;-0.366590;0.409365;ORGANIZING
2026.07.23 03:36:00;XAUUSDm;4129.543;0.490097;0.925251;0.687919;0.392975;0.860057;0.948240;0.190683;2.528214;23.644627;2.188577;0.276379;-27.927421;-0.370524;0.408414;ORGANIZING
2026.07.23 03:37:00;XAUUSDm;4128.850;0.923568;0.929179;1.380595;0.402584;0.867657;0.954247;0.215783;2.535307;23.656653;2.155217;0.275126;-27.313166;-0.371587;0.408158;ORGANIZING
2026.07.23 03:38:00;XAUUSDm;4129.226;0.484008;0.508410;1.270147;0.390523;0.869383;0.946195;0.210516;2.540787;23.668578;2.226205;0.276713;-27.422176;-0.369378;0.408691;ORGANIZING
2026.07.23 03:39:00;XAUUSDm;4129.345;0.459594;0.166914;1.168536;0.361954;0.867121;0.926288;0.205071;2.544786;23.680303;2.395663;0.278655;-27.506315;-0.364197;0.409944;ORGANIZING
2026.07.23 03:40:00;XAUUSDm;4129.656;0.458038;0.437277;1.075053;0.348378;0.861293;0.916350;0.199492;2.547429;23.692035;2.472293;0.278258;-27.597909;-0.361918;0.410495;ORGANIZING
2026.07.23 03:41:00;XAUUSDm;4129.200;0.453139;0.693979;0.989048;0.348432;0.852289;0.915549;0.193817;2.548829;23.703962;2.446068;0.275725;-27.696350;-0.362832;0.410274;ORGANIZING
2026.07.23 03:42:00;XAUUSDm;4126.902;0.434184;3.324460;0.909925;0.480188;0.839944;1.000000;0.188083;2.549092;23.717456;1.749197;0.261066;-27.922125;-0.384471;0.405049;ORGANIZING
2026.07.23 03:43:00;XAUUSDm;4126.967;0.434798;0.097463;0.837131;0.444253;0.825397;0.974994;0.182318;2.548313;23.730874;1.857944;0.259977;-27.973860;-0.381263;0.405822;ORGANIZING
2026.07.23 03:44:00;XAUUSDm;4128.724;0.439062;2.558241;0.770160;0.533444;0.808425;1.000000;0.176551;2.546580;23.745506;1.515480;0.248244;-28.146626;-0.392123;0.403206;ORGANIZING
2026.07.23 03:45:00;XAUUSDm;4128.012;0.443108;1.036692;0.708547;0.542438;0.789718;1.000000;0.170804;2.543975;23.760575;1.455867;0.242452;-28.234306;-0.394201;0.402706;ORGANIZING
2026.07.23 03:46:00;XAUUSDm;4126.498;0.435809;2.112932;0.651864;0.605169;0.769314;1.000000;0.165098;2.540573;23.776647;1.271239;0.232362;-28.371979;-0.400245;0.401254;ORGANIZING
2026.07.23 03:47:00;XAUUSDm;4125.775;0.438044;1.015935;0.599714;0.610321;0.747747;1.000000;0.159450;2.536442;23.793159;1.225172;0.226164;-28.447804;-0.401937;0.400847;ORGANIZING
2026.07.23 03:48:00;XAUUSDm;4125.334;0.435319;0.623427;0.551737;0.596021;0.725342;0.992401;0.153877;2.531647;23.809929;1.216974;0.221037;-28.499918;-0.402439;0.400726;ORGANIZING
2026.07.23 03:49:00;XAUUSDm;4125.574;0.436384;0.338964;0.507598;0.568661;0.702364;0.974916;0.148390;2.526244;23.826831;1.235119;0.216559;-28.534798;-0.402118;0.400803;ORGANIZING
2026.07.23 03:50:00;XAUUSDm;4125.391;0.435887;0.257522;0.466990;0.539057;0.679006;0.955001;0.143001;2.520288;23.843844;1.259618;0.212034;-28.563483;-0.401610;0.400926;ORGANIZING
2026.07.23 03:51:00;XAUUSDm;4125.158;0.437623;0.335435;0.429631;0.515296;0.655400;0.938321;0.137719;2.513828;23.861027;1.271891;0.206957;-28.594386;-0.401495;0.400953;ORGANIZING
2026.07.23 03:52:00;XAUUSDm;4125.583;0.438962;0.617840;0.395261;0.507315;0.631613;0.931925;0.132551;2.506909;23.878537;1.245012;0.200718;-28.637899;-0.402614;0.400685;ORGANIZING
2026.07.23 03:53:00;XAUUSDm;4125.982;0.441478;0.598165;0.363640;0.499225;0.607775;0.924882;0.127505;2.499572;23.896370;1.217437;0.194407;-28.678334;-0.403757;0.400410;ORGANIZING
2026.07.23 03:54:00;XAUUSDm;4125.871;0.438876;0.167078;0.334549;0.470462;0.584100;0.902822;0.122584;2.491857;23.914311;1.241545;0.189341;-28.695006;-0.403287;0.400523;ORGANIZING
2026.07.23 03:55:00;XAUUSDm;4125.613;0.438861;0.395596;0.307785;0.455037;0.560618;0.889359;0.117793;2.483797;23.932487;1.232027;0.183411;-28.722301;-0.403869;0.400383;ORGANIZING
2026.07.23 03:56:00;XAUUSDm;4124.568;0.438752;1.630113;0.283162;0.502579;0.537105;0.919408;0.113135;2.475425;23.951525;1.068698;0.173756;-28.810957;-0.409251;0.399092;ORGANIZING
2026.07.23 03:57:00;XAUUSDm;4125.772;0.445034;1.830455;0.260509;0.558230;0.513607;0.955255;0.108610;2.474249;23.971578;0.920063;0.163512;-28.921411;-0.414222;0.397900;ORGANIZING
2026.07.23 03:58:00;XAUUSDm;4125.096;0.441187;1.034430;0.239668;0.571768;0.490410;0.961827;0.104222;2.472183;23.992209;0.857707;0.155776;-28.986708;-0.416480;0.397359;ORGANIZING
2026.07.23 03:59:00;XAUUSDm;4124.704;0.440026;0.603318;0.220495;0.563537;0.467679;0.952927;0.099970;2.469302;24.013184;0.829899;0.149284;-29.027091;-0.417639;0.397082;ORGANIZING
2026.07.23 04:00:00;XAUUSDm;4124.023;0.438507;1.030070;0.202855;0.577510;0.445349;0.959126;0.095853;2.465678;24.034709;0.771153;0.141874;-29.087076;-0.419772;0.396571;ORGANIZING
2026.07.23 04:01:00;XAUUSDm;4124.664;0.440423;0.971831;0.186627;0.588319;0.423477;0.962926;0.091872;2.461373;24.056736;0.719807;0.134798;-29.141443;-0.421666;0.396118;ORGANIZING
2026.07.23 04:02:00;XAUUSDm;4124.411;0.452095;0.391072;0.171697;0.569988;0.402241;0.946126;0.088025;2.456449;24.078956;0.705702;0.129153;-29.163953;-0.422371;0.395949;ORGANIZING
2026.07.23 04:03:00;XAUUSDm;4123.030;0.445824;2.089069;0.157961;0.637897;0.381234;0.989210;0.084310;2.450958;24.102220;0.597642;0.120143;-29.271459;-0.426064;0.395067;ORGANIZING
2026.07.23 04:04:00;XAUUSDm;4123.623;0.443401;0.921151;0.145324;0.644435;0.360800;0.989779;0.080727;2.444952;24.125897;0.559870;0.113813;-29.315566;-0.427513;0.394720;ORGANIZING
2026.07.23 04:05:00;XAUUSDm;4122.981;0.444115;0.979794;0.133698;0.653987;0.340939;0.992255;0.077272;2.438476;24.150003;0.521323;0.107561;-29.360848;-0.428982;0.394369;ORGANIZING
2026.07.23 04:06:00;XAUUSDm;4123.458;0.449958;0.748917;0.123002;0.651914;0.321721;0.986443;0.073943;2.431572;24.174404;0.493501;0.101893;-29.392625;-0.430100;0.394102;ORGANIZING
2026.07.23 04:07:00;XAUUSDm;4124.333;0.464106;1.354615;0.113162;0.680615;0.302998;1.000000;0.070738;2.424280;24.199393;0.445182;0.095413;-29.453882;-0.431874;0.393679;ORGANIZING
2026.07.23 04:08:00;XAUUSDm;4125.478;0.693411;1.778392;0.633221;0.729444;0.310080;1.000000;0.093204;2.412973;24.224615;0.425091;0.095833;-29.023112;-0.432456;0.393540;AGING
2026.07.23 04:09:00;XAUUSDm;4125.424;0.686031;0.085742;1.147744;0.691057;0.338422;0.971263;0.114270;2.407310;24.248831;0.489717;0.105341;-28.496880;-0.430041;0.394116;ORGANIZING
2026.07.23 04:10:00;XAUUSDm;4124.569;0.482347;1.336355;1.055925;0.716554;0.360491;0.988041;0.113147;2.401162;24.272798;0.503090;0.111577;-28.601555;-0.429328;0.394287;ORGANIZING
2026.07.23 04:11:00;XAUUSDm;4124.232;0.478063;0.523878;0.971451;0.699710;0.377958;0.975755;0.111714;2.394575;24.296182;0.540163;0.117891;-28.659060;-0.427901;0.394628;ORGANIZING
2026.07.23 04:12:00;XAUUSDm;4125.205;0.543123;1.534942;1.378793;0.733913;0.411408;0.999237;0.126495;2.392437;24.319217;0.560568;0.126476;-28.300793;-0.426859;0.394877;ORGANIZING
2026.07.23 04:13:00;XAUUSDm;4126.975;0.476704;2.654469;1.268489;0.821712;0.437754;1.000000;0.125685;2.389524;24.342574;0.532735;0.131185;-28.488460;-0.427459;0.394733;ORGANIZING
2026.07.23 04:14:00;XAUUSDm;4127.561;0.459905;0.869281;1.167010;0.815336;0.458638;0.999824;0.124475;2.385900;24.365414;0.562515;0.137907;-28.575852;-0.426229;0.395027;ORGANIZING
2026.07.23 04:15:00;XAUUSDm;4127.434;0.462909;0.197089;1.073649;0.775250;0.474761;0.976085;0.122919;2.381630;24.387487;0.612397;0.144753;-28.623425;-0.424390;0.395467;ORGANIZING
2026.07.23 04:16:00;XAUUSDm;4126.270;0.465901;1.764813;0.987757;0.815233;0.486293;1.000000;0.121068;2.376767;24.409681;0.596508;0.146780;-28.746536;-0.424766;0.395377;ORGANIZING
2026.07.23 04:17:00;XAUUSDm;4125.794;0.998371;0.745031;1.736536;0.801997;0.527606;0.995313;0.152453;2.379644;24.430946;0.657865;0.158246;-28.032997;-0.422352;0.395954;ORGANIZING
2026.07.23 04:18:00;XAUUSDm;4125.776;0.491014;0.028814;1.597613;0.752786;0.560520;0.966822;0.151777;2.381325;24.451076;0.744594;0.170584;-28.111934;-0.419133;0.396724;ORGANIZING
2026.07.23 04:19:00;XAUUSDm;4125.293;0.500203;0.769648;1.972765;0.742419;0.605957;0.965233;0.162946;2.386941;24.470251;0.816192;0.184052;-27.733722;-0.416312;0.397400;ORGANIZING
2026.07.23 04:20:00;XAUUSDm;4126.250;0.453139;1.488984;1.814944;0.767628;0.642787;0.989267;0.162690;2.391127;24.488983;0.837368;0.193526;-27.906514;-0.415203;0.397665;ORGANIZING
2026.07.23 04:21:00;XAUUSDm;4127.336;0.450693;1.681948;1.669748;0.800488;0.672148;1.000000;0.161815;2.394003;24.507485;0.839673;0.200264;-28.077712;-0.414797;0.397763;ORGANIZING
2026.07.23 04:22:00;XAUUSDm;4128.979;0.444875;2.427314;1.536168;0.868386;0.694610;1.000000;0.160403;2.395678;24.526233;0.799885;0.202837;-28.276003;-0.415862;0.397507;ORGANIZING
2026.07.23 04:23:00;XAUUSDm;4128.689;0.443375;0.427426;1.413275;0.832446;0.711251;0.985574;0.158528;2.396252;24.544295;0.854411;0.209980;-28.361775;-0.413869;0.397985;ORGANIZING
2026.07.23 04:24:00;XAUUSDm;4127.991;0.445469;1.035424;1.300213;0.828370;0.722557;0.992867;0.156254;2.395820;24.562086;0.872263;0.213746;-28.471835;-0.413145;0.398158;ORGANIZING
2026.07.23 04:25:00;XAUUSDm;4128.616;0.443520;0.915188;1.196196;0.818260;0.729121;0.995617;0.153642;2.394466;24.579631;0.891063;0.216590;-28.568790;-0.412439;0.398328;ORGANIZING
2026.07.23 04:26:00;XAUUSDm;4128.722;0.444116;0.157893;1.100500;0.770659;0.731632;0.971674;0.150745;2.392269;24.596627;0.949359;0.220792;-28.621182;-0.410480;0.398797;ORGANIZING
2026.07.23 04:27:00;XAUUSDm;4128.621;0.445805;0.153146;1.012460;0.725151;0.730565;0.948302;0.147610;2.389300;24.613161;1.007466;0.223958;-28.669106;-0.408578;0.399253;ORGANIZING
2026.07.23 04:28:00;XAUUSDm;4128.149;0.451255;0.713616;0.931463;0.709963;0.726233;0.945254;0.144279;2.380336;24.629539;1.022917;0.224522;-28.731036;-0.408086;0.399371;ORGANIZING
2026.07.23 04:29:00;XAUUSDm;4129.682;0.445686;2.222706;0.856946;0.771075;0.718709;0.995015;0.140791;2.371342;24.646589;0.932087;0.218904;-28.866276;-0.411092;0.398650;ORGANIZING
2026.07.23 04:30:00;XAUUSDm;4127.947;0.448825;2.415829;0.788391;0.838939;0.708348;1.000000;0.137179;2.362161;24.664433;0.844338;0.212190;-29.005314;-0.414060;0.397939;ORGANIZING
2026.07.23 04:31:00;XAUUSDm;4126.331;0.456587;2.179719;0.725319;0.891811;0.695572;1.000000;0.133474;2.352812;24.682968;0.779954;0.205906;-29.126459;-0.416306;0.397401;ORGANIZING
2026.07.23 04:32:00;XAUUSDm;4126.060;0.486303;0.386679;0.667294;0.852643;0.681125;0.983205;0.129701;2.348162;24.701353;0.798840;0.204511;-29.161305;-0.415809;0.397520;ORGANIZING
2026.07.23 04:33:00;XAUUSDm;4126.226;0.493548;0.236178;0.613910;0.808197;0.665312;0.961599;0.125886;2.342967;24.719559;0.823205;0.203022;-29.186239;-0.415153;0.397677;ORGANIZING
2026.07.23 04:34:00;XAUUSDm;4126.856;0.495445;0.926035;0.564798;0.800783;0.648212;0.964760;0.122047;2.337275;24.737975;0.809473;0.198832;-29.244392;-0.415774;0.397528;ORGANIZING
2026.07.23 04:35:00;XAUUSDm;4126.613;0.485337;0.362178;0.519614;0.765888;0.630187;0.947941;0.118204;2.331129;24.756341;0.822819;0.196001;-29.271094;-0.415515;0.397590;ORGANIZING
2026.07.23 04:36:00;XAUUSDm;4127.156;0.480762;0.833436;0.478045;0.756662;0.611321;0.948071;0.114372;2.324570;24.774927;0.807918;0.191301;-29.320108;-0.416197;0.397427;ORGANIZING
2026.07.23 04:37:00;XAUUSDm;4127.050;0.466101;0.165837;0.439801;0.714894;0.591956;0.924696;0.110566;2.325915;24.793496;0.828033;0.187841;-29.349594;-0.415767;0.397530;ORGANIZING
2026.07.23 04:38:00;XAUUSDm;4126.995;0.466810;0.087100;0.404617;0.671665;0.572263;0.899250;0.106797;2.326215;24.812030;0.852006;0.184323;-29.372839;-0.415224;0.397660;ORGANIZING
2026.07.23 04:39:00;XAUUSDm;4125.857;0.504826;1.752333;0.783237;0.714253;0.571069;0.932845;0.120388;2.326479;24.831016;0.799533;0.180654;-29.084697;-0.416981;0.397239;ORGANIZING
2026.07.23 04:40:00;XAUUSDm;4124.795;0.460010;1.592204;0.720578;0.746730;0.566356;0.960137;0.117501;2.325791;24.850414;0.758449;0.177540;-29.196793;-0.418370;0.396907;ORGANIZING
2026.07.23 04:41:00;XAUUSDm;4123.874;0.443720;1.352900;0.662932;0.765711;0.559295;0.977996;0.114509;2.324230;24.870127;0.730426;0.174537;-29.291088;-0.419360;0.396670;ORGANIZING
2026.07.23 04:42:00;XAUUSDm;4124.079;0.440382;0.303093;0.609897;0.731394;0.550440;0.958382;0.111435;2.321871;24.889651;0.752590;0.173931;-29.327321;-0.418726;0.396822;ORGANIZING
2026.07.23 04:43:00;XAUUSDm;4123.691;0.440034;0.573846;0.561105;0.712508;0.539991;0.948823;0.108303;2.318784;24.909164;0.757873;0.171994;-29.374749;-0.418664;0.396836;ORGANIZING
2026.07.23 04:44:00;XAUUSDm;4123.291;0.440639;0.586579;0.516217;0.695412;0.528188;0.939936;0.105132;2.315030;24.928705;0.759533;0.169532;-29.420035;-0.418737;0.396819;ORGANIZING
2026.07.23 04:45:00;XAUUSDm;4123.266;0.440041;0.036913;0.474920;0.651923;0.515382;0.912009;0.101940;2.310667;24.948023;0.790556;0.168176;-29.434860;-0.417875;0.397025;ORGANIZING
2026.07.23 04:46:00;XAUUSDm;4123.297;0.440270;0.047186;0.436926;0.611379;0.501755;0.885308;0.098743;2.305750;24.967159;0.820695;0.166372;-29.448842;-0.417061;0.397220;ORGANIZING
2026.07.23 04:47:00;XAUUSDm;4124.126;0.441969;1.276406;0.401972;0.634595;0.487182;0.902453;0.095553;2.300326;24.986765;0.767705;0.160761;-29.523965;-0.418931;0.396773;ORGANIZING
2026.07.23 04:48:00;XAUUSDm;4122.641;0.440975;2.230869;0.369814;0.704665;0.471606;0.952292;0.092384;2.294441;25.007324;0.669263;0.152550;-29.644217;-0.422295;0.395968;ORGANIZING
2026.07.23 04:49:00;XAUUSDm;4121.912;0.439062;1.084176;0.340229;0.714208;0.455484;0.960141;0.089244;2.288136;25.028238;0.637746;0.147330;-29.701492;-0.423501;0.395679;ORGANIZING
2026.07.23 04:50:00;XAUUSDm;4122.231;0.440508;0.479584;0.313011;0.693367;0.439097;0.946445;0.086142;2.281449;25.049204;0.633282;0.143451;-29.725646;-0.423829;0.395601;ORGANIZING
2026.07.23 04:51:00;XAUUSDm;4121.771;0.443818;0.695347;0.287970;0.684684;0.422500;0.940672;0.083087;2.274415;25.070345;0.617072;0.138880;-29.759565;-0.424544;0.395430;ORGANIZING
2026.07.23 04:52:00;XAUUSDm;4120.150;0.443135;2.353027;0.264932;0.759652;0.405383;0.993012;0.080085;2.267067;25.092504;0.533643;0.130482;-29.876144;-0.427467;0.394731;ORGANIZING
2026.07.23 04:53:00;XAUUSDm;4121.110;0.445162;1.410769;0.243738;0.784100;0.388103;1.000000;0.077140;2.259433;25.115178;0.494966;0.124365;-29.940584;-0.428933;0.394381;AGING
2026.07.23 04:54:00;XAUUSDm;4120.861;0.444382;0.369656;0.224239;0.755616;0.371008;0.980638;0.074258;2.251541;25.137829;0.491001;0.120402;-29.949797;-0.429250;0.394305;AGING
2026.07.23 04:55:00;XAUUSDm;4120.151;0.444431;1.051914;0.206300;0.763010;0.353983;0.985732;0.071442;2.243417;25.160814;0.463930;0.115009;-29.993260;-0.430332;0.394047;AGING
2026.07.23 04:56:00;XAUUSDm;4120.655;0.444631;0.746114;0.189796;0.755086;0.337167;0.979845;0.068695;2.235082;25.183972;0.446528;0.110226;-30.019651;-0.431093;0.393865;AGING
2026.07.23 04:57:00;XAUUSDm;4121.241;0.445923;0.874993;0.174612;0.754338;0.320573;0.978580;0.066020;2.226559;25.207370;0.424973;0.105212;-30.051679;-0.431990;0.393651;AGING
2026.07.23 04:58:00;XAUUSDm;4121.474;0.446514;0.357647;0.160643;0.728092;0.304375;0.959158;0.063417;2.217866;25.230742;0.418045;0.101142;-30.056382;-0.432402;0.393553;AGING
2026.07.23 04:59:00;XAUUSDm;4121.351;0.448493;0.188402;0.147792;0.695020;0.288639;0.934401;0.060889;2.213131;25.254050;0.415296;0.097216;-30.060680;-0.432680;0.393486;ORGANIZING
2026.07.23 05:00:00;XAUUSDm;4121.340;0.452389;0.017296;0.135968;0.655361;0.273423;0.904434;0.058436;2.207911;25.277215;0.417209;0.093583;-30.055879;-0.432805;0.393457;ORGANIZING
2026.07.23 05:01:00;XAUUSDm;4120.392;0.452579;1.462512;0.125091;0.690250;0.258373;0.926012;0.056058;2.202250;25.300972;0.374318;0.087627;-30.124374;-0.434389;0.393079;ORGANIZING
2026.07.23 05:02:00;XAUUSDm;4120.694;0.453040;0.475755;0.115084;0.674358;0.243774;0.912215;0.053755;2.196187;25.324802;0.361491;0.083362;-30.140187;-0.434987;0.392936;ORGANIZING
2026.07.23 05:03:00;XAUUSDm;4120.200;0.453005;0.810820;0.105877;0.676305;0.229552;0.910547;0.051528;2.189758;25.348872;0.339421;0.078679;-30.172321;-0.435883;0.392722;ORGANIZING
2026.07.23 05:04:00;XAUUSDm;4120.577;0.457425;0.623058;0.097407;0.669052;0.215767;0.902289;0.049375;2.182998;25.373077;0.322496;0.074366;-30.193701;-0.436607;0.392550;ORGANIZING
2026.07.23 05:05:00;XAUUSDm;4120.571;0.457345;0.009956;0.089614;0.631782;0.202574;0.872785;0.047296;2.175936;25.397103;0.320640;0.070954;-30.183159;-0.436833;0.392496;ORGANIZING
2026.07.23 05:06:00;XAUUSDm;4121.468;0.466023;1.501708;0.082445;0.671227;0.189593;0.896453;0.045290;2.168601;25.421709;0.282458;0.065714;-30.248678;-0.438241;0.392160;ORGANIZING
2026.07.23 05:07:00;XAUUSDm;4123.272;0.499815;2.891582;0.075849;0.778453;0.176505;0.967867;0.043355;2.161019;25.447574;0.226738;0.059174;-30.382420;-0.440239;0.391684;AGING
2026.07.23 05:08:00;XAUUSDm;4123.688;0.487797;0.658395;0.069781;0.768920;0.163912;0.958553;0.041490;2.153214;25.473517;0.213172;0.055308;-30.398152;-0.440839;0.391541;AGING
2026.07.23 05:09:00;XAUUSDm;4124.051;0.461810;0.576703;0.064199;0.756030;0.151829;0.946641;0.039695;2.145209;25.499493;0.200824;0.051626;-30.409303;-0.441394;0.391409;AGING
2026.07.23 05:10:00;XAUUSDm;4123.929;0.468433;0.199106;0.059063;0.725148;0.140336;0.921866;0.037967;2.137022;25.525308;0.193527;0.048389;-30.401035;-0.441775;0.391318;AGING
2026.07.23 05:11:00;XAUUSDm;4124.338;0.458148;0.682577;0.054338;0.720212;0.129293;0.914820;0.036305;2.128673;25.551211;0.179520;0.044813;-30.417749;-0.442374;0.391175;AGING
2026.07.23 05:12:00;XAUUSDm;4124.428;0.449953;0.158412;0.049991;0.689536;0.118820;0.889616;0.034707;2.120179;25.576931;0.172318;0.041773;-30.407430;-0.442742;0.391088;ORGANIZING
2026.07.23 05:13:00;XAUUSDm;4124.319;0.454202;0.193084;0.045992;0.662337;0.108884;0.866452;0.033172;2.111556;25.602493;0.164394;0.038789;-30.399409;-0.443129;0.390996;ORGANIZING
2026.07.23 05:14:00;XAUUSDm;4124.390;0.452494;0.128628;0.042312;0.633474;0.099481;0.841790;0.031697;2.102817;25.627866;0.157041;0.035940;-30.388575;-0.443492;0.390909;ORGANIZING
2026.07.23 05:15:00;XAUUSDm;4122.848;0.457739;2.703745;0.038927;0.734998;0.089954;0.908067;0.030281;2.093977;25.654357;0.122387;0.031461;-30.508990;-0.444755;0.390608;AGING
2026.07.23 05:16:00;XAUUSDm;4122.035;0.478062;1.391028;0.035813;0.766001;0.080667;0.926031;0.028923;2.085047;25.681254;0.105309;0.028010;-30.558714;-0.445440;0.390445;AGING
2026.07.23 05:17:00;XAUUSDm;4122.423;0.491901;0.657404;0.032948;0.758957;0.071803;0.917641;0.027620;2.076038;25.708168;0.094607;0.025083;-30.569691;-0.445908;0.390334;AGING
2026.07.23 05:18:00;XAUUSDm;4123.059;0.479935;1.071645;0.030312;0.773156;0.063246;0.923998;0.026371;2.066961;25.735304;0.081802;0.022064;-30.601566;-0.446443;0.390207;AGING
2026.07.23 05:19:00;XAUUSDm;4121.946;0.544091;1.902304;0.438381;0.828348;0.074809;0.959162;0.045456;2.059532;25.762686;0.090311;0.025503;-30.287822;-0.446016;0.390309;AGING
2026.07.23 05:20:00;XAUUSDm;4122.297;0.503378;0.629709;0.815914;0.816920;0.102157;0.949222;0.062060;2.056034;25.789373;0.125052;0.034806;-29.924409;-0.444508;0.390667;AGING
2026.07.23 05:21:00;XAUUSDm;4122.044;0.476746;0.477232;0.750641;0.797893;0.124594;0.934874;0.062220;2.052010;25.815380;0.156154;0.042785;-29.966498;-0.443176;0.390984;AGING
2026.07.23 05:22:00;XAUUSDm;4121.119;0.576500;1.702809;1.183016;0.840647;0.164269;0.963930;0.080728;2.052429;25.841025;0.195408;0.055239;-29.600701;-0.441376;0.391413;AGING
2026.07.23 05:23:00;XAUUSDm;4120.197;0.999888;1.651324;1.932932;0.877895;0.230110;0.990814;0.114188;2.060437;25.865806;0.262115;0.075384;-28.929910;-0.438367;0.392130;AGING
2026.07.23 05:24:00;XAUUSDm;4121.303;0.484203;1.947663;1.778297;0.926781;0.285538;1.000000;0.116210;2.066944;25.890033;0.308096;0.091815;-29.119287;-0.436166;0.392655;AGING
2026.07.23 05:25:00;XAUUSDm;4121.524;0.476629;0.389482;1.636034;0.894206;0.332838;0.982699;0.117513;2.072073;25.913039;0.372216;0.107931;-29.217545;-0.433437;0.393306;AGING
2026.07.23 05:26:00;XAUUSDm;4122.922;0.468526;2.391706;1.505151;0.962424;0.372362;1.000000;0.118181;2.075940;25.935975;0.386900;0.117965;-29.409129;-0.432495;0.393531;AGING
2026.07.23 05:27:00;XAUUSDm;4123.010;0.541318;0.150644;1.911139;0.914388;0.425500;0.974409;0.132571;2.083913;25.957448;0.465339;0.135905;-28.968166;-0.429245;0.394307;AGING
2026.07.23 05:28:00;XAUUSDm;4122.976;0.483704;0.058245;1.758248;0.863070;0.469949;0.946983;0.133587;2.090378;25.977584;0.544508;0.152233;-29.060389;-0.426053;0.395069;ORGANIZING
2026.07.23 05:29:00;XAUUSDm;4125.621;0.465889;4.308660;1.617588;1.000000;0.506234;1.000000;0.133941;2.095460;25.998414;0.506234;0.156758;-29.333395;-0.426975;0.394849;ORGANIZING
2026.07.23 05:30:00;XAUUSDm;4127.584;0.458488;3.106504;1.488181;1.000000;0.535617;1.000000;0.133714;2.099274;26.018694;0.535617;0.165672;-29.460874;-0.425648;0.395166;ORGANIZING
2026.07.23 05:31:00;XAUUSDm;4127.984;0.458828;0.643625;1.369127;0.971469;0.558882;0.992207;0.132981;2.101926;26.038251;0.575296;0.174303;-29.551525;-0.424026;0.395554;ORGANIZING
2026.07.23 05:32:00;XAUUSDm;4125.842;0.471975;3.244373;1.259597;1.000000;0.576416;1.000000;0.131809;2.103512;26.057757;0.576416;0.178163;-29.692387;-0.423799;0.395608;ORGANIZING
2026.07.23 05:33:00;XAUUSDm;4127.018;0.462277;1.739696;1.158829;1.000000;0.588920;1.000000;0.130257;2.104123;26.077020;0.588920;0.182081;-29.798031;-0.423228;0.395744;ORGANIZING
2026.07.23 05:34:00;XAUUSDm;4127.428;0.461237;0.606347;1.066123;0.968539;0.597065;0.990781;0.128379;2.103841;26.095803;0.616459;0.186539;-29.865594;-0.422179;0.395995;ORGANIZING
2026.07.23 05:35:00;XAUUSDm;4127.333;0.457955;0.140205;0.980833;0.915181;0.601439;0.965504;0.126225;2.102740;26.113953;0.657180;0.191288;-29.904793;-0.420720;0.396344;ORGANIZING
2026.07.23 05:36:00;XAUUSDm;4127.441;0.456760;0.159029;0.902366;0.865345;0.602477;0.941695;0.123837;2.100892;26.131566;0.696228;0.194972;-29.941526;-0.419365;0.396669;ORGANIZING
2026.07.23 05:37:00;XAUUSDm;4127.121;0.457887;0.478369;0.830177;0.833946;0.600513;0.929813;0.121254;2.098360;26.148879;0.720086;0.196660;-29.991364;-0.418564;0.396860;ORGANIZING
2026.07.23 05:38:00;XAUUSDm;4126.966;0.459406;0.241305;0.763763;0.792304;0.595975;0.909959;0.118512;2.095203;26.165834;0.752205;0.198261;-30.025831;-0.417521;0.397110;ORGANIZING
2026.07.23 05:39:00;XAUUSDm;4126.256;0.458641;1.105988;0.702662;0.796069;0.589003;0.920968;0.115642;2.087370;26.182889;0.739890;0.196395;-30.093315;-0.417984;0.396999;ORGANIZING
2026.07.23 05:40:00;XAUUSDm;4125.327;0.462123;1.420142;0.646449;0.815492;0.579848;0.942487;0.112670;2.078627;26.200233;0.711041;0.192846;-30.172024;-0.419026;0.396750;ORGANIZING
2026.07.23 05:41:00;XAUUSDm;4125.669;0.460507;0.524701;0.594733;0.789356;0.569018;0.931808;0.109623;2.069793;26.217444;0.720863;0.191668;-30.201881;-0.418791;0.396806;ORGANIZING
2026.07.23 05:42:00;XAUUSDm;4125.456;0.459048;0.341543;0.547154;0.755585;0.556809;0.914985;0.106521;2.065803;26.234522;0.736925;0.190173;-30.230790;-0.418384;0.396904;ORGANIZING
2026.07.23 05:43:00;XAUUSDm;4125.448;0.457676;0.013232;0.503382;0.707331;0.543527;0.887152;0.103383;2.069769;26.251422;0.768419;0.188693;-30.258150;-0.417513;0.397112;ORGANIZING
2026.07.23 05:44:00;XAUUSDm;4127.554;0.456563;3.281703;0.463111;0.825179;0.528591;0.974580;0.100227;2.072572;26.269828;0.640578;0.176316;-30.448904;-0.421967;0.396046;ORGANIZING
2026.07.23 05:45:00;XAUUSDm;4127.838;0.456552;0.448501;0.426062;0.795773;0.512924;0.959675;0.097069;2.074309;26.288270;0.644561;0.172868;-30.487813;-0.422020;0.396034;ORGANIZING
2026.07.23 05:46:00;XAUUSDm;4129.467;0.456393;2.484292;0.391977;0.869941;0.496197;1.000000;0.093919;2.075070;26.307796;0.570381;0.163280;-30.627540;-0.424725;0.395387;ORGANIZING
2026.07.23 05:47:00;XAUUSDm;4128.930;0.457220;0.820173;0.360619;0.857528;0.479002;0.996993;0.090791;2.080199;26.327594;0.558584;0.158164;-30.687482;-0.425334;0.395241;ORGANIZING
2026.07.23 05:48:00;XAUUSDm;4126.948;0.461934;2.873630;0.331770;0.948753;0.460969;1.000000;0.087694;2.084063;26.348702;0.485869;0.147722;-30.848231;-0.428038;0.394595;AGING
2026.07.23 05:49:00;XAUUSDm;4126.750;0.489063;0.286450;0.305228;0.906419;0.442898;0.978095;0.084637;2.086766;26.369776;0.488624;0.143900;-30.870875;-0.428146;0.394569;AGING
2026.07.23 05:50:00;XAUUSDm;4124.534;0.465051;3.013654;0.280810;1.000000;0.424219;1.000000;0.081626;2.088406;26.392176;0.424219;0.133822;-31.027211;-0.430582;0.393987;AGING
2026.07.23 05:51:00;XAUUSDm;4125.245;0.466206;0.973199;0.258345;0.990176;0.405561;1.000000;0.078668;2.089072;26.414857;0.409585;0.128427;-31.076607;-0.431291;0.393818;AGING
2026.07.23 05:52:00;XAUUSDm;4126.952;0.485489;2.249960;0.237677;1.000000;0.386907;1.000000;0.075768;2.088846;26.438008;0.386907;0.122260;-31.142650;-0.432280;0.393582;AGING
2026.07.23 05:53:00;XAUUSDm;4126.277;0.500459;0.885478;0.613022;0.986536;0.387354;0.998644;0.090746;2.083860;26.460964;0.392641;0.122536;-30.796337;-0.432094;0.393626;AGING
2026.07.23 05:54:00;XAUUSDm;4125.321;0.469085;1.235334;0.563980;0.991229;0.384785;1.000000;0.088661;2.078462;26.483966;0.388190;0.121831;-30.860675;-0.432263;0.393586;AGING
2026.07.23 05:55:00;XAUUSDm;4123.063;0.460769;2.757290;0.518862;1.000000;0.380284;1.000000;0.086484;2.072689;26.507087;0.380284;0.120374;-30.926288;-0.432573;0.393512;AGING
2026.07.23 05:56:00;XAUUSDm;4121.771;0.458909;1.562613;0.477353;1.000000;0.374147;1.000000;0.084235;2.066576;26.530270;0.374147;0.118746;-30.980392;-0.432838;0.393449;AGING
2026.07.23 05:57:00;XAUUSDm;4121.283;0.466050;0.609619;0.439165;0.972998;0.366734;0.989285;0.081933;2.060153;26.553267;0.376911;0.117728;-31.004538;-0.432806;0.393456;AGING
2026.07.23 05:58:00;XAUUSDm;4122.230;0.467865;1.167521;0.404031;0.975389;0.358105;0.998391;0.079593;2.053450;26.576393;0.367141;0.115204;-31.055731;-0.433226;0.393356;AGING
2026.07.23 05:59:00;XAUUSDm;4123.830;0.476131;1.914196;0.371709;1.000000;0.348342;1.000000;0.077229;2.046492;26.599891;0.348342;0.111515;-31.127283;-0.433974;0.393178;AGING
2026.07.23 06:00:00;XAUUSDm;4126.890;0.485782;3.420447;0.341972;1.000000;0.337738;1.000000;0.074855;2.039304;26.623529;0.337738;0.108452;-31.172137;-0.434445;0.393065;AGING
2026.07.23 06:01:00;XAUUSDm;4126.184;0.538406;0.783957;0.745777;0.982443;0.346740;0.995058;0.091302;2.030618;26.646725;0.352937;0.111694;-30.780492;-0.433827;0.393213;AGING
2026.07.23 06:02:00;XAUUSDm;4124.774;0.520208;1.521101;1.135933;1.000000;0.371443;1.000000;0.106245;2.026353;26.669560;0.371443;0.118574;-30.427380;-0.432928;0.393427;AGING
2026.07.23 06:03:00;XAUUSDm;4125.879;0.557291;1.166991;1.553901;1.000000;0.411213;1.000000;0.121831;2.026726;26.691603;0.411213;0.130604;-30.023603;-0.431133;0.393856;AGING
2026.07.23 06:04:00;XAUUSDm;4123.886;0.469425;2.022693;1.429589;1.000000;0.443468;1.000000;0.121955;2.026258;26.712996;0.443468;0.140863;-30.136364;-0.429653;0.394209;AGING
2026.07.23 06:05:00;XAUUSDm;4123.081;0.466901;0.829401;1.315222;0.982601;0.469554;0.998297;0.121576;2.025018;26.733681;0.477869;0.150056;-30.224693;-0.428161;0.394566;AGING
2026.07.23 06:06:00;XAUUSDm;4122.832;0.464242;0.259564;1.210004;0.937058;0.490204;0.976697;0.120758;2.023073;26.753478;0.523131;0.159111;-30.277989;-0.426350;0.394998;ORGANIZING
2026.07.23 06:07:00;XAUUSDm;4122.456;0.464400;0.392051;1.113204;0.900003;0.505953;0.960461;0.119560;2.020484;26.772564;0.562168;0.166429;-30.333497;-0.424813;0.395366;ORGANIZING
2026.07.23 06:08:00;XAUUSDm;4122.765;0.468094;0.324403;1.024148;0.861104;0.517337;0.942383;0.118035;2.017305;26.791001;0.600783;0.172650;-30.381301;-0.423344;0.395717;ORGANIZING
2026.07.23 06:09:00;XAUUSDm;4122.504;0.468017;0.279001;0.942216;0.821652;0.524844;0.923296;0.116230;2.013588;26.808857;0.638767;0.177825;-30.423085;-0.421946;0.396051;ORGANIZING
2026.07.23 06:10:00;XAUUSDm;4123.616;0.505244;1.169664;1.321149;0.828556;0.547959;0.935987;0.129365;2.013924;26.826322;0.661342;0.184383;-30.072348;-0.420941;0.396292;ORGANIZING
2026.07.23 06:11:00;XAUUSDm;4123.584;0.483424;0.033817;1.215457;0.777860;0.565249;0.908939;0.128181;2.013425;26.842930;0.726672;0.193614;-30.123298;-0.418519;0.396871;ORGANIZING
2026.07.23 06:12:00;XAUUSDm;4123.197;0.468895;0.413674;1.118220;0.748346;0.577780;0.896091;0.126634;2.012163;26.858980;0.772077;0.200122;-30.188920;-0.416832;0.397275;ORGANIZING
2026.07.23 06:13:00;XAUUSDm;4123.500;0.473222;0.328228;1.028763;0.715784;0.586087;0.880648;0.124775;2.006260;26.874479;0.818804;0.205874;-30.237484;-0.415142;0.397680;ORGANIZING
2026.07.23 06:14:00;XAUUSDm;4123.035;0.476780;0.510809;0.946462;0.693814;0.590600;0.872071;0.122651;2.000054;26.889605;0.851238;0.209692;-30.291767;-0.413978;0.397959;ORGANIZING
2026.07.23 06:15:00;XAUUSDm;4123.366;0.597404;0.362732;1.394514;0.665448;0.613780;0.858537;0.138922;1.998810;26.903972;0.922357;0.218959;-29.836588;-0.411381;0.398581;ORGANIZING
2026.07.23 06:16:00;XAUUSDm;4123.937;0.476242;0.637291;1.282953;0.651764;0.630683;0.855655;0.137553;1.996872;26.917845;0.967655;0.226360;-29.924824;-0.409652;0.398995;ORGANIZING
2026.07.23 06:17:00;XAUUSDm;4125.143;0.467766;1.313239;1.180317;0.672224;0.642470;0.876485;0.135808;1.994299;26.931661;0.955738;0.229263;-30.041311;-0.409865;0.398945;ORGANIZING
2026.07.23 06:18:00;XAUUSDm;4125.951;0.468342;0.865263;1.085892;0.669027;0.649782;0.880846;0.133739;1.991146;26.945267;0.971235;0.232571;-30.128389;-0.409234;0.399096;ORGANIZING
2026.07.23 06:19:00;XAUUSDm;4126.713;0.471913;0.850295;0.999020;0.665095;0.653119;0.884457;0.131395;1.987463;26.958730;0.981995;0.234601;-30.209402;-0.408810;0.399197;ORGANIZING
2026.07.23 06:20:00;XAUUSDm;4125.348;0.483260;1.543768;0.919099;0.695966;0.652787;0.912132;0.128821;1.983297;26.972467;0.937958;0.232467;-30.320785;-0.410238;0.398855;ORGANIZING
2026.07.23 06:21:00;XAUUSDm;4125.286;0.500898;0.070660;1.294772;0.651645;0.668632;0.887189;0.141164;1.978871;26.985399;1.026068;0.241237;-29.913710;-0.407156;0.399594;ORGANIZING
2026.07.23 06:22:00;XAUUSDm;4124.373;0.550320;1.070516;1.707512;0.659216;0.699411;0.898546;0.154743;1.974692;26.997750;1.060975;0.250806;-29.508914;-0.405630;0.399960;ORGANIZING
2026.07.23 06:23:00;XAUUSDm;4124.343;0.479299;0.036147;1.570911;0.614074;0.723047;0.873778;0.153836;1.964989;27.009080;1.177459;0.264572;-29.566846;-0.401448;0.400965;ORGANIZING
2026.07.23 06:24:00;XAUUSDm;4124.978;0.487472;0.760989;1.445238;0.606959;0.740614;0.875215;0.152428;1.955320;27.019890;1.220204;0.272815;-29.656494;-0.399753;0.401372;ORGANIZING
2026.07.23 06:25:00;XAUUSDm;4123.308;0.600857;1.928540;1.895881;0.658226;0.774421;0.917416;0.167338;1.951350;27.030498;1.176528;0.278878;-29.255800;-0.400760;0.401130;ORGANIZING
2026.07.23 06:26:00;XAUUSDm;4122.995;0.647254;0.359754;2.381321;0.627814;0.823300;0.903755;0.183243;1.953307;27.039843;1.311377;0.297826;-28.736136;-0.395767;0.402330;ORGANIZING
2026.07.23 06:27:00;XAUUSDm;4123.511;0.482868;0.590416;2.190816;0.609478;0.862658;0.899202;0.183607;1.954316;27.048228;1.415405;0.313990;-28.880078;-0.391838;0.403275;ORGANIZING
2026.07.23 06:28:00;XAUUSDm;4122.136;0.502996;1.530567;2.568063;0.638279;0.912808;0.927726;0.193289;1.959984;27.055954;1.430109;0.326990;-28.519907;-0.390747;0.403537;ORGANIZING
2026.07.23 06:29:00;XAUUSDm;4122.061;0.523478;0.084683;2.960671;0.592343;0.972880;0.904984;0.203255;1.970369;27.062124;1.642427;0.351733;-28.068162;-0.383141;0.405370;ORGANIZING
2026.07.23 06:30:00;XAUUSDm;4122.780;0.489628;0.815692;2.723817;0.584053;1.000000;0.908973;0.204935;1.974544;27.067710;1.712174;0.361856;-28.286901;-0.380542;0.405996;ORGANIZING
2026.07.23 06:31:00;XAUUSDm;4121.116;0.463562;1.832801;2.505912;0.626490;1.000000;0.948480;0.205583;1.977575;27.073750;1.596194;0.355916;-28.560646;-0.384318;0.405086;ORGANIZING
2026.07.23 06:32:00;XAUUSDm;4121.197;0.466457;0.089477;2.305439;0.579640;1.000000;0.925610;0.205328;1.979560;27.079342;1.725210;0.361726;-28.723318;-0.380157;0.406089;ORGANIZING
2026.07.23 06:33:00;XAUUSDm;4121.697;0.468355;0.546388;2.121004;0.557977;1.000000;0.919524;0.204283;1.980584;27.084728;1.792188;0.364585;-28.891436;-0.378005;0.406608;ORGANIZING
2026.07.23 06:34:00;XAUUSDm;4122.482;0.510431;0.883333;2.503827;0.554245;1.000000;0.925407;0.213210;1.986255;27.090133;1.804257;0.363146;-28.539481;-0.377715;0.406678;ORGANIZING
2026.07.23 06:35:00;XAUUSDm;4122.357;0.482554;0.141163;2.303521;0.513591;1.000000;0.905421;0.212565;1.985414;27.095123;1.947075;0.368790;-28.701150;-0.373148;0.407781;ORGANIZING
2026.07.23 06:36:00;XAUUSDm;4122.817;0.478919;0.533568;2.119239;0.494590;1.000000;0.899846;0.211151;1.983850;27.099907;2.021878;0.371804;-28.865258;-0.370753;0.408359;ORGANIZING
2026.07.23 06:37:00;XAUUSDm;4123.179;0.465787;0.421607;1.949700;0.470941;1.000000;0.890498;0.209070;1.981624;27.104433;2.123410;0.375709;-29.007062;-0.367512;0.409142;ORGANIZING
2026.07.23 06:38:00;XAUUSDm;4122.620;0.458853;0.673364;1.793724;0.461062;1.000000;0.890215;0.206415;1.978794;27.108832;2.168907;0.377890;-29.146589;-0.366038;0.409499;ORGANIZING
2026.07.23 06:39:00;XAUUSDm;4120.940;0.454519;1.953943;1.650226;0.515706;1.000000;0.934670;0.203269;1.975412;27.113743;1.939090;0.371142;-29.336586;-0.373270;0.407751;ORGANIZING
2026.07.23 06:40:00;XAUUSDm;4118.116;0.453517;3.238681;1.518208;0.631854;1.000000;1.000000;0.199707;1.971526;27.119777;1.582643;0.356749;-29.575890;-0.384683;0.404998;ORGANIZING
2026.07.23 06:41:00;XAUUSDm;4118.790;0.454188;0.773628;1.396751;0.618943;0.999875;0.999067;0.195794;1.962689;27.125595;1.615456;0.360001;-29.664878;-0.383536;0.405274;ORGANIZING
2026.07.23 06:42:00;XAUUSDm;4118.588;0.454989;0.240156;1.285011;0.580006;0.995505;0.979358;0.191592;1.957100;27.131056;1.716369;0.364828;-29.727930;-0.380268;0.406062;ORGANIZING
2026.07.23 06:43:00;XAUUSDm;4120.550;0.458306;2.263341;1.182210;0.644263;0.986975;1.000000;0.187152;1.951202;27.137272;1.531944;0.354693;-29.889057;-0.386307;0.404607;ORGANIZING
2026.07.23 06:44:00;XAUUSDm;4120.165;0.456352;0.450061;1.087634;0.614813;0.975171;0.987302;0.182523;1.945022;27.143366;1.586125;0.355596;-29.950466;-0.384636;0.405009;ORGANIZING
2026.07.23 06:45:00;XAUUSDm;4121.352;0.467840;1.423227;1.000623;0.635731;0.960315;1.000000;0.177748;1.944249;27.149960;1.510570;0.348227;-30.068746;-0.387272;0.404374;ORGANIZING
2026.07.23 06:46:00;XAUUSDm;4121.158;0.469337;0.238899;0.920573;0.596683;0.943081;0.979583;0.172863;1.949135;27.156557;1.580540;0.346889;-30.133582;-0.385239;0.404864;ORGANIZING
2026.07.23 06:47:00;XAUUSDm;4120.878;0.462825;0.346578;0.846927;0.565316;0.923800;0.963478;0.167902;1.952829;27.163262;1.634131;0.343926;-30.199312;-0.383780;0.405216;ORGANIZING
2026.07.23 06:48:00;XAUUSDm;4121.523;0.509330;0.804380;1.228925;0.558793;0.922153;0.963786;0.178607;1.956456;27.169971;1.650258;0.342317;-29.847812;-0.383376;0.405313;ORGANIZING
2026.07.23 06:49:00;XAUUSDm;4121.708;0.552271;0.239154;1.643128;0.524368;0.936867;0.944675;0.190387;1.959849;27.176076;1.786660;0.350283;-29.420921;-0.378886;0.406396;ORGANIZING
2026.07.23 06:50:00;XAUUSDm;4121.864;0.486663;0.218035;1.511677;0.490314;0.945385;0.925906;0.187440;1.962171;27.181693;1.928122;0.358111;-29.514167;-0.374251;0.407514;ORGANIZING
2026.07.23 06:51:00;XAUUSDm;4121.130;0.999160;1.025082;2.261047;0.498145;0.981332;0.935938;0.215536;1.954809;27.186596;1.969973;0.367748;-28.783053;-0.372513;0.407934;ORGANIZING
2026.07.23 06:52:00;XAUUSDm;4120.782;0.505297;0.500864;2.640020;0.478654;1.000000;0.928254;0.223708;1.948381;27.190867;2.089191;0.377253;-28.373678;-0.368462;0.408913;ORGANIZING
2026.07.23 06:53:00;XAUUSDm;4121.135;0.488355;0.519301;2.428819;0.460686;1.000000;0.921770;0.223083;1.941717;27.194891;2.170674;0.380882;-28.556358;-0.365836;0.409548;ORGANIZING
2026.07.23 06:54:00;XAUUSDm;4120.281;0.454955;1.299887;2.234513;0.482646;1.000000;0.942812;0.221644;1.934702;27.199064;2.071910;0.378933;-28.759888;-0.368896;0.408808;ORGANIZING
2026.07.23 06:55:00;XAUUSDm;4119.738;0.453098;0.833154;2.055752;0.480172;1.000000;0.946732;0.219500;1.927506;27.203141;2.082588;0.380637;-28.921572;-0.368491;0.408906;ORGANIZING
2026.07.23 06:56:00;XAUUSDm;4119.641;0.451430;0.149530;1.891292;0.443640;1.000000;0.926512;0.216748;1.920148;27.206779;2.254081;0.387517;-29.032918;-0.363002;0.410233;ORGANIZING
2026.07.23 06:57:00;XAUUSDm;4119.629;0.450619;0.018708;1.739989;0.402393;1.000000;0.902325;0.213476;1.912644;27.209929;2.485132;0.395489;-29.124573;-0.355672;0.412008;ORGANIZING
2026.07.23 06:58:00;XAUUSDm;4118.241;0.449477;2.093514;1.600790;0.466949;1.000000;0.951488;0.209762;1.905010;27.213649;2.141560;0.387338;-29.309352;-0.366386;0.409415;ORGANIZING
2026.07.23 06:59:00;XAUUSDm;4118.611;0.454431;0.556240;1.472726;0.451414;1.000000;0.944996;0.205677;1.897260;27.217136;2.215262;0.391489;-29.401697;-0.363968;0.409999;ORGANIZING
2026.07.23 07:00:00;XAUUSDm;4117.471;0.483545;1.712380;1.354908;0.494462;0.998434;0.979054;0.201284;1.889407;27.221006;2.019232;0.386218;-29.543507;-0.370112;0.408514;ORGANIZING
2026.07.23 07:01:00;XAUUSDm;4114.599;0.450204;3.974866;1.246516;0.648514;0.992023;1.000000;0.196639;1.881462;27.226465;1.529686;0.363829;-29.792643;-0.385918;0.404700;ORGANIZING
2026.07.23 07:02:00;XAUUSDm;4115.450;0.452586;1.162854;1.146794;0.654390;0.981910;1.000000;0.191793;1.873437;27.232105;1.500496;0.361047;-29.888252;-0.386933;0.404456;ORGANIZING
2026.07.23 07:03:00;XAUUSDm;4115.987;0.455443;0.729124;1.055051;0.638489;0.968656;0.997232;0.186791;1.865341;27.237770;1.517107;0.360012;-29.956817;-0.386486;0.404563;ORGANIZING
2026.07.23 07:04:00;XAUUSDm;4115.414;0.455579;0.775729;0.970647;0.625978;0.952672;0.996017;0.181672;1.857185;27.243548;1.521894;0.357498;-30.023920;-0.386468;0.404568;ORGANIZING
2026.07.23 07:05:00;XAUUSDm;4115.763;0.454556;0.472247;0.892995;0.599238;0.934413;0.984044;0.176471;1.848975;27.249342;1.559336;0.356010;-30.072063;-0.385419;0.404820;ORGANIZING
2026.07.23 07:06:00;XAUUSDm;4113.380;0.452843;3.073807;0.821555;0.704278;0.913642;1.000000;0.171219;1.840720;27.256519;1.297275;0.336366;-30.249479;-0.394263;0.402691;ORGANIZING
2026.07.23 07:07:00;XAUUSDm;4112.311;0.453439;1.383783;0.755831;0.719980;0.891104;1.000000;0.165944;1.832428;27.264221;1.237679;0.327810;-30.334010;-0.396479;0.402159;ORGANIZING
2026.07.23 07:08:00;XAUUSDm;4112.173;0.453390;0.181789;0.695364;0.675249;0.867375;0.977171;0.160670;1.828601;27.271912;1.284527;0.325528;-30.362964;-0.395188;0.402469;ORGANIZING
2026.07.23 07:09:00;XAUUSDm;4110.625;0.452960;1.997832;0.639735;0.724030;0.842283;1.000000;0.155418;1.829492;27.280602;1.163325;0.310927;-30.492435;-0.399554;0.401420;ORGANIZING
2026.07.23 07:10:00;XAUUSDm;4106.968;0.452145;4.456061;0.588556;0.893786;0.815507;1.000000;0.150206;1.829576;27.291525;0.912419;0.283796;-30.740812;-0.408438;0.399287;ORGANIZING
2026.07.23 07:11:00;XAUUSDm;4105.231;0.452104;2.033529;0.541472;0.934463;0.787902;1.000000;0.145050;1.837624;27.303488;0.843160;0.270094;-30.873925;-0.411200;0.398624;ORGANIZING
2026.07.23 07:12:00;XAUUSDm;4103.174;0.452163;2.345336;0.498154;0.989249;0.759599;1.000000;0.139964;1.849854;27.316687;0.767854;0.254979;-31.027818;-0.414215;0.397902;ORGANIZING
2026.07.23 07:13:00;XAUUSDm;4103.311;0.452364;0.155823;0.458302;0.932386;0.731316;0.975353;0.134958;1.860310;27.329988;0.784350;0.249796;-31.063291;-0.413980;0.397958;ORGANIZING
2026.07.23 07:14:00;XAUUSDm;4106.574;0.453364;3.501975;0.421638;1.000000;0.702593;1.000000;0.130043;1.869137;27.344627;0.702593;0.234262;-31.218758;-0.417209;0.397185;ORGANIZING
2026.07.23 07:15:00;XAUUSDm;4108.015;0.454107;1.554175;0.387907;1.000000;0.673905;1.000000;0.125228;1.876470;27.359914;0.673905;0.224508;-31.301498;-0.418557;0.396862;ORGANIZING
2026.07.23 07:16:00;XAUUSDm;4111.569;0.456276;3.582661;0.356874;1.000000;0.645370;1.000000;0.120518;1.882432;27.375831;0.645370;0.214912;-31.379486;-0.419893;0.396542;ORGANIZING
2026.07.23 07:17:00;XAUUSDm;4110.200;0.455601;1.356708;0.328324;1.000000;0.617091;1.000000;0.115920;1.887136;27.392360;0.617091;0.205488;-31.453057;-0.421213;0.396227;ORGANIZING
2026.07.23 07:18:00;XAUUSDm;4109.727;0.456325;0.477286;0.302058;0.961522;0.589347;0.985762;0.111437;1.890688;27.409096;0.612931;0.198859;-31.483462;-0.421669;0.396117;ORGANIZING
2026.07.23 07:19:00;XAUUSDm;4109.406;0.456018;0.322309;0.277894;0.917775;0.562232;0.966442;0.107073;1.893183;27.425961;0.612604;0.192675;-31.504122;-0.421988;0.396041;ORGANIZING
2026.07.23 07:20:00;XAUUSDm;4108.947;0.456389;0.463290;0.255662;0.883806;0.535754;0.952579;0.102831;1.894709;27.443031;0.606190;0.185939;-31.530501;-0.422517;0.395915;ORGANIZING
2026.07.23 07:21:00;XAUUSDm;4108.790;0.459214;0.163440;0.235209;0.837073;0.510026;0.928558;0.098712;1.895349;27.460154;0.609297;0.180149;-31.540114;-0.422714;0.395868;ORGANIZING
2026.07.23 07:22:00;XAUUSDm;4108.654;0.457939;0.141416;0.216392;0.792089;0.485074;0.904463;0.094718;1.895176;27.477325;0.612399;0.174363;-31.547735;-0.422910;0.395821;ORGANIZING
2026.07.23 07:23:00;XAUUSDm;4108.305;0.456999;0.364042;0.199081;0.760985;0.460860;0.888863;0.090847;1.894260;27.494661;0.605610;0.167824;-31.565919;-0.423441;0.395694;ORGANIZING
2026.07.23 07:24:00;XAUUSDm;4105.772;0.455568;2.549213;0.183155;0.841180;0.436854;0.950155;0.087101;1.892664;27.513262;0.519335;0.154861;-31.693963;-0.426677;0.394920;ORGANIZING
2026.07.23 07:25:00;XAUUSDm;4109.059;0.458011;3.110098;0.168502;0.945888;0.412984;1.000000;0.083479;1.890445;27.533366;0.436610;0.141442;-31.845616;-0.429830;0.394167;AGING
2026.07.23 07:26:00;XAUUSDm;4110.007;0.465927;0.888772;0.155022;0.934773;0.389874;0.999029;0.079979;1.887658;27.553793;0.417079;0.134328;-31.878944;-0.430771;0.393942;AGING
2026.07.23 07:27:00;XAUUSDm;4109.416;0.468150;0.551707;0.142620;0.907822;0.367611;0.986172;0.076600;1.884352;27.574362;0.404937;0.128142;-31.893858;-0.431445;0.393781;AGING
2026.07.23 07:28:00;XAUUSDm;4107.919;0.462218;1.373420;0.131211;0.923750;0.345984;1.000000;0.073340;1.880572;27.595486;0.374543;0.120231;-31.949865;-0.432752;0.393469;AGING
2026.07.23 07:29:00;XAUUSDm;4108.376;0.473181;0.428899;0.120714;0.892088;0.325238;0.982578;0.070198;1.876359;27.616665;0.364580;0.114575;-31.955917;-0.433334;0.393331;AGING
2026.07.23 07:30:00;XAUUSDm;4103.609;0.465370;4.316449;0.111057;1.000000;0.304675;1.000000;0.067171;1.871752;27.639289;0.304675;0.103669;-32.101405;-0.435676;0.392772;AGING
2026.07.23 07:31:00;XAUUSDm;4103.255;0.476073;0.322410;0.102172;0.960027;0.285048;0.978635;0.064257;1.866787;27.661857;0.296917;0.098596;-32.096750;-0.436163;0.392656;AGING
2026.07.23 07:32:00;XAUUSDm;4103.806;0.529385;0.498661;0.499211;0.931258;0.286026;0.964085;0.080896;1.857463;27.684023;0.307139;0.099674;-31.706763;-0.435802;0.392742;AGING
2026.07.23 07:33:00;XAUUSDm;4106.431;0.465221;2.347481;0.459274;0.996348;0.283970;1.000000;0.078848;1.848186;27.706789;0.285011;0.097137;-31.813961;-0.436593;0.392553;AGING
2026.07.23 07:34:00;XAUUSDm;4105.135;0.482442;1.140403;0.422532;0.997872;0.280352;1.000000;0.076743;1.838954;27.729550;0.280950;0.096223;-31.855930;-0.436760;0.392513;AGING
2026.07.23 07:35:00;XAUUSDm;4103.578;0.460103;1.361204;0.388730;1.000000;0.275381;1.000000;0.074596;1.829767;27.752340;0.275381;0.094816;-31.896956;-0.436998;0.392457;AGING
2026.07.23 07:36:00;XAUUSDm;4104.496;0.455975;0.792527;0.357631;0.984119;0.269334;0.995349;0.072421;1.820626;27.775001;0.273681;0.093611;-31.918248;-0.437109;0.392430;AGING
2026.07.23 07:37:00;XAUUSDm;4103.443;0.456018;0.897102;0.329021;0.974381;0.262352;0.994445;0.070230;1.811530;27.797613;0.269250;0.091855;-31.944142;-0.437330;0.392377;AGING
2026.07.23 07:38:00;XAUUSDm;4101.625;0.454871;1.518493;0.302699;0.996340;0.254431;1.000000;0.068035;1.802479;27.820513;0.255366;0.088749;-32.000749;-0.437902;0.392241;AGING
2026.07.23 07:39:00;XAUUSDm;4100.712;0.454611;0.753425;0.278483;0.979105;0.245910;0.993751;0.065844;1.793472;27.843320;0.251158;0.086636;-32.016664;-0.438133;0.392186;AGING
2026.07.23 07:40:00;XAUUSDm;4101.318;0.455474;0.496396;0.256205;0.950052;0.236968;0.978648;0.063666;1.784510;27.865927;0.249426;0.084685;-32.019158;-0.438283;0.392150;AGING
2026.07.23 07:41:00;XAUUSDm;4099.750;0.455269;1.267091;0.235708;0.961164;0.227511;0.990972;0.061507;1.775593;27.888744;0.236703;0.081304;-32.060889;-0.438834;0.392019;AGING
2026.07.23 07:42:00;XAUUSDm;4094.390;0.454138;4.006818;0.216852;1.000000;0.217504;1.000000;0.059375;1.766719;27.912061;0.217504;0.076963;-32.129893;-0.439627;0.391830;AGING
2026.07.23 07:43:00;XAUUSDm;4096.283;0.455833;1.383246;0.199503;1.000000;0.207239;1.000000;0.057273;1.757890;27.935495;0.207239;0.073615;-32.159079;-0.440102;0.391717;AGING
2026.07.23 07:44:00;XAUUSDm;4095.669;0.456656;0.450239;0.183543;0.968367;0.196952;0.982763;0.055208;1.749104;27.958731;0.203386;0.071033;-32.155227;-0.440347;0.391658;AGING
2026.07.23 07:45:00;XAUUSDm;4095.153;0.455497;0.378527;0.168860;0.934936;0.186715;0.963547;0.053181;1.740362;27.981750;0.199708;0.068432;-32.148199;-0.440587;0.391601;AGING
2026.07.23 07:46:00;XAUUSDm;4094.754;0.455285;0.291407;0.155351;0.899025;0.176594;0.941883;0.051198;1.731664;28.004525;0.196429;0.065847;-32.137328;-0.440815;0.391547;AGING
2026.07.23 07:47:00;XAUUSDm;4092.368;0.455087;1.684196;0.142923;0.934752;0.166281;0.969656;0.049259;1.723009;28.027777;0.177888;0.061426;-32.197860;-0.441592;0.391362;AGING
2026.07.23 07:48:00;XAUUSDm;4095.380;0.456298;2.078417;0.131489;0.988610;0.155744;1.000000;0.047368;1.714396;28.051692;0.157539;0.056627;-32.276597;-0.442443;0.391159;AGING
2026.07.23 07:49:00;XAUUSDm;4093.201;0.455699;1.466984;0.120970;1.000000;0.145249;1.000000;0.045526;1.705827;28.075845;0.145249;0.052792;-32.312331;-0.443003;0.391026;AGING
2026.07.23 07:50:00;XAUUSDm;4094.751;0.458579;1.037789;0.111292;0.998984;0.134896;1.000000;0.043733;1.697300;28.100110;0.135033;0.049232;-32.334973;-0.443487;0.390910;AGING
2026.07.23 07:51:00;XAUUSDm;4093.342;0.458140;0.962235;0.102389;0.994449;0.124730;1.000000;0.041992;1.688816;28.124448;0.125426;0.045768;-32.353393;-0.443949;0.390800;AGING
2026.07.23 07:52:00;XAUUSDm;4092.935;0.457786;0.279644;0.094198;0.956214;0.114942;0.976257;0.040302;1.684422;28.148556;0.120205;0.042874;-32.345077;-0.444250;0.390729;AGING
2026.07.23 07:53:00;XAUUSDm;4091.490;0.456623;0.980605;0.086662;0.955135;0.105359;0.977820;0.038663;1.679726;28.172797;0.110308;0.039408;-32.372689;-0.444720;0.390617;AGING
2026.07.23 07:54:00;XAUUSDm;4093.275;0.457780;1.191732;0.079729;0.964858;0.095946;0.986660;0.037077;1.674755;28.197274;0.099441;0.035845;-32.410121;-0.445225;0.390497;AGING
2026.07.23 07:55:00;XAUUSDm;4095.618;0.461462;1.523704;0.073351;0.990881;0.086640;1.000000;0.035542;1.669535;28.222146;0.087437;0.032137;-32.463191;-0.445770;0.390367;AGING
2026.07.23 07:56:00;XAUUSDm;4096.015;0.461281;0.265024;0.067483;0.952855;0.077771;0.975520;0.034058;1.664089;28.246760;0.081619;0.029336;-32.450656;-0.446085;0.390292;AGING
2026.07.23 07:57:00;XAUUSDm;4094.261;0.460933;1.160298;0.062084;0.961672;0.069109;0.983179;0.032625;1.658438;28.271578;0.071863;0.026052;-32.484184;-0.446542;0.390183;AGING
2026.07.23 07:58:00;XAUUSDm;4094.322;0.462581;0.040394;0.057117;0.914226;0.060938;0.951323;0.031242;1.652602;28.296028;0.066655;0.023455;-32.459886;-0.446828;0.390115;AGING
2026.07.23 07:59:00;XAUUSDm;4095.526;0.465713;0.800926;0.052548;0.907342;0.053052;0.947153;0.029909;1.646598;28.320506;0.058470;0.020532;-32.475262;-0.447219;0.390022;AGING
2026.07.23 08:00:00;XAUUSDm;4092.588;0.461621;1.973295;0.048344;0.959579;0.045163;0.984115;0.028623;1.640444;28.345603;0.047065;0.017181;-32.549809;-0.447729;0.389901;AGING
2026.07.23 08:01:00;XAUUSDm;4090.874;0.462009;1.151557;0.044477;0.968274;0.037498;0.990977;0.027386;1.634154;28.370878;0.038727;0.014259;-32.580256;-0.448125;0.389807;AGING
2026.07.23 08:02:00;XAUUSDm;4091.779;0.478716;0.617587;0.040918;0.949990;0.030191;0.978867;0.026194;1.627742;28.396051;0.031780;0.011594;-32.582805;-0.448467;0.389725;AGING
2026.07.23 08:03:00;XAUUSDm;4093.254;0.475063;0.988513;0.037645;0.951312;0.023140;0.980121;0.025048;1.621222;28.421314;0.024324;0.008908;-32.604382;-0.448825;0.389640;AGING
2026.07.23 08:04:00;XAUUSDm;4092.354;0.473570;0.622889;0.034633;0.934429;0.016431;0.968495;0.023946;1.614605;28.446475;0.017584;0.006386;-32.606943;-0.449153;0.389562;AGING
2026.07.23 08:05:00;XAUUSDm;4093.252;0.487811;0.626212;0.031863;0.918689;0.010052;0.957353;0.022888;1.607902;28.471540;0.010942;0.003943;-32.609894;-0.449475;0.389486;AGING
2026.07.23 08:06:00;XAUUSDm;4093.098;0.493354;0.112736;0.029314;0.878190;0.004116;0.928593;0.021871;1.601123;28.496251;0.004687;0.001646;-32.586999;-0.449777;0.389414;AGING
2026.07.23 08:07:00;XAUUSDm;4095.426;0.477065;1.680624;0.026969;0.918230;0.000000;0.955679;0.020894;1.594277;28.521376;0.000000;0.000000;-32.642980;-0.450000;0.389361;AGING
2026.07.23 08:08:00;XAUUSDm;4093.978;0.498241;1.030825;0.024811;0.923859;0.000000;0.959041;0.019958;1.587372;28.546488;0.000000;0.000000;-32.660196;-0.450000;0.389361;AGING
2026.07.23 08:09:00;XAUUSDm;4095.974;0.478960;1.387846;0.022826;0.947059;0.000000;0.974747;0.019059;1.580417;28.571763;0.000000;0.000000;-32.694947;-0.450000;0.389361;AGING
2026.07.23 08:10:00;XAUUSDm;4094.651;0.875680;0.908978;0.679586;0.945155;0.025501;0.973112;0.050944;1.578198;28.596487;0.026981;0.009906;-32.094837;-0.448695;0.389671;AGING
2026.07.23 08:11:00;XAUUSDm;4094.829;0.490467;0.122261;0.625219;0.903500;0.046001;0.945116;0.051115;1.575535;28.620357;0.050915;0.018181;-32.105937;-0.447563;0.389940;AGING
2026.07.23 08:12:00;XAUUSDm;4094.615;0.485893;0.146831;0.575202;0.864747;0.063347;0.918965;0.051060;1.572467;28.643462;0.073255;0.025458;-32.116715;-0.446529;0.390186;AGING
2026.07.23 08:13:00;XAUUSDm;4093.356;0.482218;0.853178;0.529185;0.862901;0.077703;0.918449;0.050808;1.569030;28.666228;0.090049;0.031297;-32.161917;-0.445734;0.390376;AGING
2026.07.23 08:14:00;XAUUSDm;4091.621;0.485923;1.188600;0.486851;0.877632;0.089304;0.929683;0.050384;1.565256;28.688870;0.101755;0.035818;-32.221629;-0.445156;0.390513;AGING
2026.07.23 08:15:00;XAUUSDm;4091.657;0.467589;0.025812;0.447903;0.833255;0.098717;0.899811;0.049813;1.561176;28.710840;0.118472;0.040388;-32.219452;-0.444426;0.390687;AGING
2026.07.23 08:16:00;XAUUSDm;4091.890;0.467151;0.168794;0.412070;0.798058;0.106155;0.875969;0.049114;1.556816;28.732266;0.133016;0.044158;-32.223957;-0.443802;0.390835;AGING
2026.07.23 08:17:00;XAUUSDm;4092.312;0.479813;0.306463;0.379105;0.771355;0.111807;0.857755;0.048306;1.552202;28.753265;0.144949;0.047139;-32.234724;-0.443295;0.390956;AGING
2026.07.23 08:18:00;XAUUSDm;4091.629;0.472638;0.501940;0.348776;0.755648;0.115836;0.846992;0.047407;1.547357;28.773979;0.153294;0.049283;-32.254543;-0.442937;0.391041;AGING
2026.07.23 08:19:00;XAUUSDm;4089.679;0.463201;1.402293;0.320874;0.785663;0.118215;0.868087;0.046432;1.542304;28.794894;0.150465;0.049787;-32.318940;-0.442997;0.391027;AGING
2026.07.23 08:20:00;XAUUSDm;4090.710;0.478611;0.783518;0.295204;0.783192;0.119288;0.866752;0.045394;1.537061;28.815711;0.152310;0.050425;-32.349320;-0.442909;0.391048;AGING
2026.07.23 08:21:00;XAUUSDm;4089.536;0.487009;0.881209;0.271588;0.785707;0.119194;0.868847;0.044305;1.531647;28.836500;0.151703;0.050471;-32.383328;-0.442925;0.391044;AGING
2026.07.23 08:22:00;XAUUSDm;4091.440;0.578168;1.400700;0.705214;0.814073;0.139331;0.889013;0.063771;1.530631;28.857161;0.171153;0.057850;-32.015494;-0.441973;0.391271;AGING
2026.07.23 08:23:00;XAUUSDm;4090.240;0.467220;0.901700;0.648797;0.815668;0.155019;0.891689;0.063403;1.529090;28.877508;0.190052;0.064372;-32.074346;-0.441080;0.391484;AGING
2026.07.23 08:24:00;XAUUSDm;4090.730;0.478372;0.372709;0.596893;0.790419;0.167678;0.875743;0.062828;1.527067;28.897329;0.212138;0.070444;-32.102968;-0.440114;0.391714;AGING
2026.07.23 08:25:00;XAUUSDm;4090.273;0.466492;0.353524;0.549141;0.765221;0.177640;0.859665;0.062075;1.524604;28.916675;0.232142;0.075530;-32.128472;-0.439259;0.391917;AGING
2026.07.23 08:26:00;XAUUSDm;4091.162;0.473505;0.688017;0.505210;0.757808;0.185126;0.855830;0.061167;1.521740;28.935768;0.244291;0.079089;-32.169055;-0.438717;0.392047;AGING
2026.07.23 08:27:00;XAUUSDm;4091.303;0.462703;0.110685;0.464793;0.721749;0.190551;0.831890;0.060130;1.518510;28.954359;0.264013;0.082834;-32.178043;-0.437938;0.392232;AGING
2026.07.23 08:28:00;XAUUSDm;4090.780;0.465812;0.419077;0.427610;0.702805;0.194086;0.819546;0.058983;1.514945;28.972655;0.276159;0.085247;-32.201620;-0.437453;0.392348;AGING
2026.07.23 08:29:00;XAUUSDm;4092.070;0.464646;1.027463;0.393401;0.715156;0.195810;0.828888;0.057744;1.511076;28.991001;0.273801;0.085732;-32.254586;-0.437499;0.392337;AGING
2026.07.23 08:30:00;XAUUSDm;4091.087;0.465732;0.778269;0.361929;0.714395;0.196004;0.829137;0.056430;1.506697;29.009292;0.274364;0.086060;-32.292009;-0.437466;0.392345;AGING
2026.07.23 08:31:00;XAUUSDm;4090.800;0.450245;0.231930;0.332975;0.686352;0.194992;0.810210;0.055056;1.502086;29.027277;0.284099;0.086914;-32.299948;-0.437131;0.392425;ORGANIZING
2026.07.23 08:32:00;XAUUSDm;4090.469;0.452198;0.291153;0.306337;0.662692;0.192922;0.793970;0.053636;1.497265;29.045018;0.291118;0.087153;-32.310252;-0.436909;0.392478;ORGANIZING
2026.07.23 08:33:00;XAUUSDm;4091.726;0.519673;1.118188;0.696091;0.681608;0.209128;0.807195;0.070441;1.491447;29.062566;0.306816;0.093215;-31.962732;-0.436135;0.392662;ORGANIZING
2026.07.23 08:34:00;XAUUSDm;4092.511;0.603109;0.696194;1.148423;0.678155;0.243344;0.805775;0.089536;1.490606;29.079386;0.358833;0.107756;-31.526058;-0.433847;0.393208;ORGANIZING
2026.07.23 08:35:00;XAUUSDm;4091.535;0.990680;0.858581;1.891433;0.682310;0.303994;0.810757;0.122210;1.497588;29.095106;0.445537;0.132050;-30.821584;-0.430031;0.394119;ORGANIZING
2026.07.23 08:36:00;XAUUSDm;4092.665;0.597429;0.981431;2.339504;0.691186;0.376222;0.821008;0.138503;1.509374;29.109587;0.544314;0.160843;-30.380801;-0.425628;0.395171;ORGANIZING
2026.07.23 08:37:00;XAUUSDm;4091.309;0.550301;1.199172;2.752230;0.709061;0.457849;0.839092;0.152214;1.525559;29.122776;0.645712;0.191823;-29.977303;-0.421037;0.396269;ORGANIZING
2026.07.23 08:38:00;XAUUSDm;4092.169;0.666112;0.790630;3.251814;0.703982;0.550344;0.842723;0.169582;1.546961;29.134278;0.781758;0.227365;-29.469190;-0.415179;0.397671;ORGANIZING
2026.07.23 08:39:00;XAUUSDm;4091.831;0.471384;0.321623;2.991669;0.673857;0.629917;0.830420;0.174111;1.565935;29.144078;0.934792;0.260954;-29.676440;-0.408909;0.399174;ORGANIZING
2026.07.23 08:40:00;XAUUSDm;4090.408;0.824631;1.357332;3.610143;0.695433;0.723534;0.854956;0.196329;1.591254;29.152474;1.040408;0.291393;-29.089397;-0.404218;0.400299;ORGANIZING
2026.07.23 08:41:00;XAUUSDm;4089.234;0.817842;1.124866;4.223524;0.702434;0.828363;0.871274;0.217181;1.622817;29.159160;1.179275;0.325815;-28.489704;-0.398331;0.401713;ORGANIZING
2026.07.23 08:42:00;XAUUSDm;4090.979;0.695310;1.630171;4.745007;0.732253;0.940335;0.905437;0.232396;1.655101;29.164226;1.284166;0.358940;-27.986133;-0.393528;0.402868;ORGANIZING
2026.07.23 08:43:00;XAUUSDm;4091.529;0.506285;0.522545;5.124721;0.702961;1.000000;0.900169;0.239762;1.691585;29.168172;1.422554;0.379606;-27.609107;-0.388343;0.404116;ORGANIZING
2026.07.23 08:44:00;XAUUSDm;4092.281;0.485863;0.728767;4.714743;0.684251;1.000000;0.902562;0.248273;1.724306;29.172257;1.461451;0.376388;-28.086923;-0.387337;0.404359;ORGANIZING
2026.07.23 08:45:00;XAUUSDm;4091.173;0.548477;1.100101;5.126100;0.685044;1.000000;0.918165;0.256427;1.761454;29.176722;1.459760;0.369970;-27.771428;-0.387709;0.404269;ORGANIZING
2026.07.23 08:46:00;XAUUSDm;4091.503;0.763625;0.328084;5.698819;0.647196;1.000000;0.906488;0.272242;1.804582;29.181240;1.545127;0.367104;-27.283265;-0.385291;0.404851;ORGANIZING
2026.07.23 08:47:00;XAUUSDm;4089.562;0.470325;1.922582;5.242914;0.690965;1.000000;0.951579;0.281425;1.843341;29.186583;1.447251;0.355148;-27.884166;-0.388825;0.404000;ORGANIZING
2026.07.23 08:48:00;XAUUSDm;4089.081;0.473764;0.472504;4.823481;0.660042;1.000000;0.944662;0.288325;1.878083;29.191964;1.515055;0.353801;-28.361342;-0.386858;0.404474;ORGANIZING
2026.07.23 08:49:00;XAUUSDm;4089.641;0.447901;0.557158;4.437602;0.634898;1.000000;0.941190;0.293203;1.909134;29.197405;1.575056;0.352456;-28.799375;-0.385126;0.404891;ORGANIZING
2026.07.23 08:50:00;XAUUSDm;4090.099;0.534310;0.479330;4.838335;0.607120;1.000000;0.935287;0.298580;1.944353;29.202920;1.647122;0.350871;-28.457569;-0.383043;0.405393;ORGANIZING
2026.07.23 08:51:00;XAUUSDm;4090.389;0.717657;0.312830;5.376577;0.572405;1.000000;0.923952;0.310563;1.985067;29.208494;1.747014;0.348671;-27.995581;-0.380156;0.406089;ORGANIZING
2026.07.23 08:52:00;XAUUSDm;4088.758;0.465918;1.732268;4.946451;0.610398;1.000000;0.963112;0.316541;2.021543;29.214814;1.638274;0.339158;-28.554928;-0.383894;0.405188;ORGANIZING
2026.07.23 08:53:00;XAUUSDm;4090.554;0.502567;1.894595;5.323376;0.654608;1.000000;1.000000;0.319560;2.057708;29.221937;1.527631;0.329829;-28.307705;-0.387680;0.404276;ORGANIZING
2026.07.23 08:54:00;XAUUSDm;4092.819;0.790809;2.322458;5.916483;0.718001;1.000000;1.000000;0.333237;2.095100;29.230068;1.392756;0.317830;-27.888260;-0.392326;0.403158;ORGANIZING
2026.07.23 08:55:00;XAUUSDm;4093.216;0.459498;0.411297;5.443164;0.682665;1.000000;0.991059;0.340241;2.120142;29.238096;1.464846;0.318162;-28.398364;-0.390146;0.403682;ORGANIZING
2026.07.23 08:56:00;XAUUSDm;4094.090;0.473697;0.892164;5.007711;0.673140;1.000000;0.999506;0.345002;2.136223;29.246190;1.485574;0.317021;-28.874069;-0.389582;0.403818;ORGANIZING
2026.07.23 08:57:00;XAUUSDm;4094.226;0.424607;0.145330;4.607094;0.626750;1.000000;0.981685;0.347783;2.144091;29.253898;1.595533;0.320654;-29.257301;-0.386101;0.404656;ORGANIZING
2026.07.23 08:58:00;XAUUSDm;4093.321;0.494255;0.978442;4.238527;0.624334;1.000000;0.993744;0.348822;2.143237;29.261574;1.601706;0.320884;-29.631500;-0.385905;0.404704;ORGANIZING
2026.07.23 08:59:00;XAUUSDm;4093.292;0.465788;0.032746;3.899444;0.574755;1.000000;0.972318;0.348335;2.141599;29.268737;1.739872;0.326297;-29.923916;-0.381489;0.405768;ORGANIZING
2026.07.23 09:00:00;XAUUSDm;4093.133;0.424082;0.184386;3.587489;0.535237;1.000000;0.956932;0.346516;2.131117;29.275401;1.868333;0.331909;-30.178415;-0.377355;0.406765;ORGANIZING
2026.07.23 09:01:00;XAUUSDm;4095.040;0.399104;2.126213;3.300490;0.594785;1.000000;1.000000;0.343540;2.129692;29.282646;1.681279;0.325943;-30.523406;-0.383264;0.405340;ORGANIZING
2026.07.23 09:02:00;XAUUSDm;4095.648;0.404518;0.671987;3.036451;0.578645;1.000000;1.000000;0.339565;2.136129;29.289793;1.728174;0.327403;-30.783377;-0.381785;0.405697;ORGANIZING
2026.07.23 09:03:00;XAUUSDm;4097.520;0.399790;2.041350;2.793535;0.631781;1.000000;1.000000;0.334733;2.148761;29.297599;1.582828;0.320999;-31.102831;-0.386465;0.404569;ORGANIZING
2026.07.23 09:04:00;XAUUSDm;4098.950;0.398084;1.569807;2.570052;0.658682;1.000000;1.000000;0.329170;2.159464;29.305780;1.518183;0.317731;-31.371678;-0.388568;0.404062;ORGANIZING
2026.07.23 09:05:00;XAUUSDm;4098.187;0.397466;0.824437;2.364448;0.646970;1.000000;1.000000;0.322992;2.176283;29.314013;1.545667;0.317839;-31.595084;-0.387738;0.404262;ORGANIZING
2026.07.23 09:06:00;XAUUSDm;4097.571;0.401438;0.660137;2.175292;0.627628;1.000000;0.999410;0.316300;2.200637;29.322295;1.593300;0.318009;-31.808505;-0.386301;0.404608;ORGANIZING
2026.07.23 09:07:00;XAUUSDm;4097.515;0.396212;0.060487;2.001269;0.579271;1.000000;0.977618;0.309186;2.222050;29.330309;1.726308;0.321491;-31.970784;-0.382136;0.405612;ORGANIZING
2026.07.23 09:08:00;XAUUSDm;4097.634;0.394733;0.130120;1.841167;0.536814;1.000000;0.958777;0.301732;2.240763;29.338084;1.862844;0.324748;-32.118721;-0.377877;0.406639;ORGANIZING
2026.07.23 09:09:00;XAUUSDm;4096.861;0.398273;0.867565;1.693874;0.533351;1.000000;0.966145;0.294010;2.256996;29.345988;1.874938;0.324217;-32.287478;-0.377541;0.406720;ORGANIZING
2026.07.23 09:10:00;XAUUSDm;4097.951;0.396899;1.221727;1.558364;0.547770;1.000000;0.985381;0.286085;2.278511;29.354251;1.825584;0.321299;-32.472849;-0.379168;0.406328;ORGANIZING
2026.07.23 09:11:00;XAUUSDm;4098.317;0.397576;0.417799;1.433695;0.521271;0.998171;0.975528;0.278014;2.306547;29.362565;1.914878;0.321386;-32.621094;-0.376484;0.406975;ORGANIZING
2026.07.23 09:12:00;XAUUSDm;4096.925;0.399558;1.607799;1.318999;0.555634;0.991894;1.000000;0.269848;2.331289;29.371597;1.785156;0.314211;-32.818613;-0.380735;0.405950;ORGANIZING
2026.07.23 09:13:00;XAUUSDm;4097.210;0.403476;0.336291;1.213479;0.524829;0.981969;0.986215;0.261632;2.360732;29.380813;1.871026;0.312014;-32.954921;-0.378268;0.406545;ORGANIZING
2026.07.23 09:14:00;XAUUSDm;4095.009;0.445897;2.496314;1.116401;0.603764;0.968403;1.000000;0.253404;2.396929;29.391452;1.603943;0.297595;-33.211078;-0.387002;0.404439;ORGANIZING
2026.07.23 09:15:00;XAUUSDm;4095.763;0.437063;0.849443;1.027089;0.596680;0.952021;1.000000;0.245200;2.429105;29.402669;1.595530;0.291050;-33.368849;-0.387582;0.404300;ORGANIZING
2026.07.23 09:16:00;XAUUSDm;4094.919;0.547400;0.951801;1.437639;0.595396;0.954111;1.000000;0.253467;2.452660;29.414068;1.602483;0.288991;-33.029968;-0.387476;0.404325;ORGANIZING
2026.07.23 09:17:00;XAUUSDm;4095.916;0.462683;1.103047;1.322628;0.601696;0.951015;1.000000;0.246544;2.473241;29.425797;1.580557;0.286322;-33.193422;-0.388267;0.404135;ORGANIZING
2026.07.23 09:18:00;XAUUSDm;4094.758;0.475771;1.263420;1.216817;0.615762;0.943874;1.000000;0.239508;2.491092;29.437988;1.532856;0.282060;-33.354258;-0.389911;0.403739;ORGANIZING
2026.07.23 09:19:00;XAUUSDm;4096.757;0.420460;2.147753;1.119472;0.673484;0.932995;1.000000;0.232400;2.506437;29.451127;1.385327;0.273420;-33.549816;-0.394769;0.402570;ORGANIZING
2026.07.23 09:20:00;XAUUSDm;4094.851;0.459208;2.008007;1.029914;0.721550;0.918877;1.000000;0.225257;2.519480;29.465160;1.273476;0.265090;-33.727394;-0.398541;0.401663;ORGANIZING
2026.07.23 09:21:00;XAUUSDm;4094.045;0.514938;0.839951;1.416118;0.709093;0.922096;1.000000;0.233305;2.525727;29.479066;1.300389;0.265878;-33.368007;-0.397694;0.401866;ORGANIZING
2026.07.23 09:22:00;XAUUSDm;4093.934;0.455743;0.116208;1.302828;0.661007;0.920367;0.977233;0.227304;2.530434;29.492573;1.392372;0.269212;-33.445861;-0.394768;0.402570;ORGANIZING
2026.07.23 09:23:00;XAUUSDm;4093.900;0.411447;0.036531;1.198602;0.611375;0.914818;0.952264;0.221150;2.533731;29.505728;1.496328;0.271761;-33.513446;-0.391522;0.403351;ORGANIZING
2026.07.23 09:24:00;XAUUSDm;4093.587;0.400002;0.339745;1.102714;0.579498;0.905861;0.938566;0.214887;2.535736;29.518763;1.563184;0.272021;-33.590931;-0.389503;0.403837;ORGANIZING
2026.07.23 09:25:00;XAUUSDm;4092.564;0.398899;1.109280;1.014497;0.587869;0.893772;0.952062;0.208554;2.536557;29.532132;1.520358;0.268160;-33.701953;-0.390981;0.403481;ORGANIZING
2026.07.23 09:26:00;XAUUSDm;4090.073;0.393266;2.623652;0.933337;0.671783;0.878631;1.000000;0.202184;2.536294;29.546640;1.307909;0.257643;-33.883410;-0.397881;0.401822;ORGANIZING
2026.07.23 09:27:00;XAUUSDm;4090.215;0.393678;0.153487;0.858670;0.628296;0.861399;0.977448;0.195808;2.535038;29.561045;1.371009;0.256434;-33.930964;-0.396048;0.402262;ORGANIZING
2026.07.23 09:28:00;XAUUSDm;4091.548;0.396930;1.426248;0.789976;0.650965;0.842116;1.000000;0.189452;2.532875;29.576041;1.293642;0.249642;-34.039568;-0.398709;0.401623;ORGANIZING
2026.07.23 09:29:00;XAUUSDm;4091.221;0.398219;0.349957;0.726778;0.619073;0.821351;0.983879;0.183140;2.529881;29.591104;1.326744;0.246497;-34.088089;-0.397873;0.401824;ORGANIZING
2026.07.23 09:30:00;XAUUSDm;4090.079;0.393444;1.229570;0.668636;0.633170;0.799171;0.998888;0.176890;2.526129;29.606713;1.262174;0.239546;-34.178114;-0.400157;0.401275;ORGANIZING
2026.07.23 09:31:00;XAUUSDm;4088.888;0.391283;1.281858;0.615145;0.649621;0.775826;1.000000;0.170720;2.521684;29.622910;1.194274;0.232143;-34.266368;-0.402565;0.400696;ORGANIZING
2026.07.23 09:32:00;XAUUSDm;4089.635;0.395158;0.821638;0.565934;0.642706;0.751660;0.999733;0.164644;2.516606;29.639470;1.169525;0.226134;-34.327083;-0.403608;0.400446;ORGANIZING
2026.07.23 09:33:00;XAUUSDm;4090.633;0.397227;1.087004;0.520659;0.649887;0.726814;1.000000;0.158676;2.510952;29.656542;1.118369;0.218952;-34.398212;-0.405501;0.399991;ORGANIZING
2026.07.23 09:34:00;XAUUSDm;4091.968;0.419719;1.435824;0.479006;0.674648;0.701390;1.000000;0.152825;2.504771;29.674308;1.039638;0.210486;-34.483751;-0.408287;0.399323;ORGANIZING
2026.07.23 09:35:00;XAUUSDm;4091.778;0.409479;0.208466;0.440686;0.637311;0.675858;0.977645;0.147099;2.498111;29.692145;1.060483;0.205896;-34.503334;-0.407891;0.399418;ORGANIZING
2026.07.23 09:36:00;XAUUSDm;4092.068;0.422662;0.318464;0.405431;0.607852;0.650319;0.959722;0.141507;2.495942;29.710177;1.069865;0.200388;-34.537178;-0.407885;0.399419;ORGANIZING
2026.07.23 09:37:00;XAUUSDm;4090.968;0.403806;1.230700;0.372996;0.625988;0.624666;0.974159;0.136054;2.492959;29.728873;0.997889;0.191910;-34.615223;-0.410468;0.398800;ORGANIZING
2026.07.23 09:38:00;XAUUSDm;4091.561;0.418570;0.661801;0.343157;0.615285;0.599159;0.967989;0.130743;2.489231;29.747935;0.973791;0.185197;-34.660852;-0.411526;0.398546;ORGANIZING
2026.07.23 09:39:00;XAUUSDm;4091.890;0.404085;0.369074;0.315704;0.590991;0.573961;0.951603;0.125578;2.484822;29.767214;0.971184;0.179285;-34.689342;-0.411900;0.398457;ORGANIZING
2026.07.23 09:40:00;XAUUSDm;4091.157;0.412678;0.817241;0.290448;0.590824;0.549035;0.951295;0.120562;2.479793;29.786939;0.929270;0.172048;-34.738991;-0.413520;0.398069;ORGANIZING
2026.07.23 09:41:00;XAUUSDm;4091.680;0.432281;0.580093;0.267212;0.579307;0.524513;0.942523;0.115696;2.478883;29.807031;0.905414;0.165259;-34.783771;-0.414575;0.397816;ORGANIZING
2026.07.23 09:42:00;XAUUSDm;4092.145;0.449645;0.529456;0.245835;0.566324;0.500463;0.932115;0.110980;2.477059;29.827456;0.883703;0.158657;-34.823559;-0.415556;0.397581;ORGANIZING
2026.07.23 09:43:00;XAUUSDm;4092.158;0.452138;0.015428;0.226168;0.528770;0.477058;0.903915;0.106414;2.474398;29.847946;0.902204;0.153416;-34.835114;-0.415263;0.397651;ORGANIZING
2026.07.23 09:44:00;XAUUSDm;4091.775;0.448555;0.475800;0.208075;0.516581;0.454211;0.892656;0.101998;2.470972;29.868738;0.879265;0.147015;-34.868973;-0.416271;0.397409;ORGANIZING
2026.07.23 09:45:00;XAUUSDm;4093.837;0.479341;2.459857;0.191429;0.604660;0.431455;0.951078;0.097731;2.466848;29.890823;0.713550;0.136139;-35.001756;-0.421787;0.396089;ORGANIZING
2026.07.23 09:46:00;XAUUSDm;4092.534;0.430532;1.538661;0.176114;0.642731;0.409095;0.975064;0.093610;2.462086;29.913690;0.636495;0.127905;-35.082603;-0.424510;0.395438;ORGANIZING
2026.07.23 09:47:00;XAUUSDm;4092.028;0.448176;0.592339;0.162025;0.632030;0.387408;0.964945;0.089634;2.456742;29.936829;0.612959;0.121888;-35.112177;-0.425517;0.395197;ORGANIZING
2026.07.23 09:48:00;XAUUSDm;4092.952;0.468494;1.081182;0.149063;0.646739;0.366285;0.972150;0.085800;2.450867;29.960480;0.566356;0.115061;-35.165206;-0.427256;0.394782;ORGANIZING
2026.07.23 09:49:00;XAUUSDm;4093.225;0.441069;0.317627;0.137138;0.622958;0.345933;0.952245;0.082106;2.444509;29.984236;0.555307;0.109835;-35.177354;-0.427849;0.394640;ORGANIZING
2026.07.23 09:50:00;XAUUSDm;4092.454;0.414818;0.884438;0.126167;0.629113;0.326207;0.952745;0.078550;2.437711;30.008380;0.518518;0.103710;-35.217642;-0.429259;0.394303;ORGANIZING
2026.07.23 09:51:00;XAUUSDm;4090.981;0.424506;1.706718;0.116074;0.676469;0.306908;0.981884;0.075127;2.430514;30.033311;0.453690;0.096448;-35.298080;-0.431567;0.393752;ORGANIZING
2026.07.23 09:52:00;XAUUSDm;4091.607;0.432340;0.725024;0.106788;0.672759;0.288301;0.975523;0.071835;2.422952;30.058503;0.428536;0.091017;-35.325747;-0.432593;0.393507;ORGANIZING
2026.07.23 09:53:00;XAUUSDm;4092.899;0.420162;1.516752;0.098245;0.709193;0.270185;0.996980;0.068670;2.415062;30.084341;0.380976;0.084620;-35.392568;-0.434340;0.393091;AGING
2026.07.23 09:54:00;XAUUSDm;4092.949;0.529335;0.060663;0.495246;0.671362;0.272619;0.966613;0.085087;2.403149;30.109634;0.406068;0.086283;-34.989603;-0.433504;0.393290;ORGANIZING
2026.07.23 09:55:00;XAUUSDm;4092.364;0.653100;0.712841;0.985071;0.667984;0.296157;0.960709;0.105324;2.396577;30.134357;0.443359;0.093428;-34.524914;-0.432028;0.393642;ORGANIZING
2026.07.23 09:56:00;XAUUSDm;4091.225;0.553459;1.370440;1.400165;0.697184;0.334720;0.978735;0.120812;2.394542;30.158579;0.480104;0.104192;-34.151585;-0.430387;0.394034;ORGANIZING
2026.07.23 09:57:00;XAUUSDm;4089.497;0.457097;1.998705;1.288152;0.755565;0.365971;1.000000;0.120372;2.391720;30.182733;0.484368;0.111998;-34.308360;-0.429869;0.394158;AGING
2026.07.23 09:58:00;XAUUSDm;4089.013;0.404619;0.555135;1.185100;0.738224;0.391498;0.988643;0.119506;2.388181;30.206167;0.530324;0.120613;-34.383168;-0.428060;0.394590;ORGANIZING
2026.07.23 09:59:00;XAUUSDm;4089.881;0.423567;0.993408;1.090292;0.743153;0.411784;0.992992;0.118271;2.383986;30.229203;0.554103;0.126882;-34.474796;-0.427033;0.394835;ORGANIZING
2026.07.23 10:00:00;XAUUSDm;4089.470;0.443615;0.477807;1.003069;0.721650;0.427476;0.979100;0.116719;2.379192;30.251662;0.592359;0.132857;-34.534590;-0.425586;0.395181;ORGANIZING
2026.07.23 10:01:00;XAUUSDm;4090.148;0.460450;0.782530;0.922823;0.716145;0.438998;0.976305;0.114895;2.373853;30.273782;0.613001;0.136977;-34.605602;-0.424761;0.395378;ORGANIZING
2026.07.23 10:02:00;XAUUSDm;4090.724;0.478790;0.677567;0.848997;0.705436;0.446826;0.969871;0.112842;2.368015;30.295580;0.633404;0.140234;-34.666906;-0.423986;0.395563;ORGANIZING
2026.07.23 10:03:00;XAUUSDm;4090.351;0.447225;0.437865;0.781077;0.683121;0.451431;0.955200;0.110596;2.361724;30.316999;0.660836;0.143064;-34.712251;-0.423022;0.395794;ORGANIZING
2026.07.23 10:04:00;XAUUSDm;4090.509;0.495790;0.194821;0.718591;0.649677;0.453245;0.932458;0.108190;2.355021;30.337982;0.697646;0.145603;-34.742244;-0.421790;0.396088;ORGANIZING
2026.07.23 10:05:00;XAUUSDm;4090.408;0.394566;0.126576;0.661104;0.614457;0.452623;0.908039;0.105655;2.347942;30.358553;0.736622;0.147528;-34.766478;-0.420525;0.396391;ORGANIZING
2026.07.23 10:06:00;XAUUSDm;4090.260;0.426984;0.188771;0.608216;0.584121;0.449859;0.886562;0.103017;2.340523;30.378802;0.770148;0.148583;-34.791929;-0.419466;0.396644;ORGANIZING
2026.07.23 10:07:00;XAUUSDm;4090.869;0.516952;0.784531;0.995930;0.585144;0.464575;0.886597;0.117252;2.337160;30.398734;0.793951;0.152843;-34.432196;-0.418539;0.396866;ORGANIZING
2026.07.23 10:08:00;XAUUSDm;4089.220;0.391468;2.097751;0.916256;0.651483;0.474208;0.933091;0.115373;2.333146;30.419096;0.727890;0.152970;-34.577153;-0.420515;0.396394;ORGANIZING
2026.07.23 10:09:00;XAUUSDm;4088.798;0.383810;0.559281;0.842955;0.637389;0.480282;0.924046;0.113269;2.328538;30.439150;0.753515;0.155976;-34.636916;-0.419596;0.396613;ORGANIZING
2026.07.23 10:10:00;XAUUSDm;4088.813;0.395005;0.020929;0.775519;0.596960;0.483326;0.896401;0.110978;2.323389;30.458687;0.809645;0.159444;-34.665536;-0.417738;0.397058;ORGANIZING
2026.07.23 10:11:00;XAUUSDm;4089.538;0.485797;1.013844;0.713477;0.608138;0.483478;0.904396;0.108531;2.317746;30.478276;0.795013;0.159331;-34.742013;-0.418183;0.396952;ORGANIZING
2026.07.23 10:12:00;XAUUSDm;4091.107;0.741517;2.108134;1.269615;0.673468;0.507357;0.950325;0.130911;2.317786;30.498041;0.753350;0.162502;-34.291931;-0.419274;0.396690;ORGANIZING
2026.07.23 10:13:00;XAUUSDm;4089.837;0.401078;1.651538;1.168046;0.712224;0.524759;0.979449;0.129444;2.316895;30.517837;0.736789;0.166139;-34.429934;-0.419589;0.396615;ORGANIZING
2026.07.23 10:14:00;XAUUSDm;4090.742;0.429369;1.159038;1.074602;0.724070;0.537362;0.990266;0.127644;2.311104;30.537442;0.742141;0.169900;-34.527044;-0.419241;0.396698;ORGANIZING
2026.07.23 10:15:00;XAUUSDm;4090.926;0.503284;0.240825;1.452065;0.689160;0.565058;0.968503;0.140135;2.304218;30.556074;0.819923;0.180327;-34.116818;-0.416386;0.397382;ORGANIZING
2026.07.23 10:16:00;XAUUSDm;4091.007;0.990979;0.113154;2.195299;0.649059;0.618735;0.943470;0.170290;2.300649;30.573197;0.953280;0.198313;-33.350099;-0.411486;0.398556;ORGANIZING
2026.07.23 10:17:00;XAUUSDm;4091.327;0.450652;0.444815;2.019675;0.626472;0.662489;0.931977;0.170557;2.296461;30.589176;1.057492;0.214156;-33.467519;-0.407567;0.399496;ORGANIZING
2026.07.23 10:18:00;XAUUSDm;4091.878;0.397891;0.782937;1.858101;0.621045;0.698139;0.932730;0.170107;2.291708;30.604341;1.124135;0.226458;-33.592778;-0.404953;0.400123;ORGANIZING
2026.07.23 10:19:00;XAUUSDm;4088.832;0.581997;4.017728;2.294599;0.776917;0.747127;1.000000;0.183427;2.292293;30.620091;0.961656;0.229699;-33.306722;-0.409665;0.398992;ORGANIZING
2026.07.23 10:20:00;XAUUSDm;4088.257;0.553126;0.769952;2.709443;0.761626;0.807169;0.998368;0.194998;2.297895;30.634543;1.059797;0.248015;-32.865343;-0.405805;0.399918;ORGANIZING
2026.07.23 10:21:00;XAUUSDm;4087.734;0.424934;0.713078;2.492687;0.743055;0.856731;0.995208;0.196086;2.302104;30.647859;1.152984;0.264321;-33.037877;-0.402194;0.400785;ORGANIZING
2026.07.23 10:22:00;XAUUSDm;4087.510;0.392428;0.309829;2.293272;0.704259;0.897093;0.978083;0.196252;2.305037;30.660011;1.273810;0.279856;-33.176483;-0.397793;0.401843;ORGANIZING
2026.07.23 10:23:00;XAUUSDm;4086.785;0.384948;1.010425;2.109811;0.701626;0.928966;0.986084;0.195613;2.306799;30.671516;1.324019;0.289936;-33.339188;-0.395783;0.402326;ORGANIZING
2026.07.23 10:24:00;XAUUSDm;4087.536;0.406368;1.063981;1.941026;0.701164;0.953135;0.995656;0.194271;2.307489;30.682539;1.359361;0.297583;-33.493063;-0.394340;0.402673;ORGANIZING
2026.07.23 10:25:00;XAUUSDm;4088.684;0.499218;1.583448;1.785744;0.726216;0.970248;1.000000;0.192322;2.307198;30.693469;1.336033;0.300783;-33.662732;-0.394880;0.402543;ORGANIZING
2026.07.23 10:26:00;XAUUSDm;4088.211;0.465328;0.649137;1.642884;0.702957;0.981190;0.994451;0.189849;2.306009;30.703934;1.395805;0.306736;-33.774532;-0.392789;0.403046;ORGANIZING
2026.07.23 10:27:00;XAUUSDm;4088.348;0.431012;0.193121;1.511453;0.657841;0.986701;0.973049;0.186928;2.299634;30.713775;1.499908;0.313796;-33.846585;-0.389313;0.403883;ORGANIZING
2026.07.23 10:28:00;XAUUSDm;4088.596;0.824145;0.353025;2.129562;0.622866;1.000000;0.957891;0.208487;2.300269;30.723006;1.605481;0.319323;-33.233822;-0.385869;0.404712;ORGANIZING
2026.07.23 10:29:00;XAUUSDm;4089.794;0.644575;1.664166;2.612993;0.654931;1.000000;0.989908;0.222234;2.306468;30.732620;1.526878;0.314107;-32.831962;-0.388488;0.404081;ORGANIZING
2026.07.23 10:30:00;XAUUSDm;4091.470;0.422863;2.268728;2.403954;0.715621;1.000000;1.000000;0.221574;2.311220;30.742889;1.397387;0.307842;-33.120145;-0.392686;0.403071;ORGANIZING
2026.07.23 10:31:00;XAUUSDm;4091.646;0.468516;0.240503;2.211638;0.671865;1.000000;0.981173;0.220111;2.314645;30.752754;1.488394;0.311855;-33.282495;-0.389755;0.403776;ORGANIZING
2026.07.23 10:32:00;XAUUSDm;4089.308;0.505816;3.039285;2.591000;0.770236;1.000000;1.000000;0.228074;2.316286;30.763619;1.298303;0.301696;-33.031576;-0.395966;0.402282;ORGANIZING
2026.07.23 10:33:00;XAUUSDm;4089.803;0.999941;0.635512;3.340956;0.743500;1.000000;0.995225;0.254168;2.326434;30.774319;1.344990;0.300833;-32.338066;-0.394609;0.402608;ORGANIZING
2026.07.23 10:34:00;XAUUSDm;4087.427;0.457776;2.901949;3.073679;0.831422;1.000000;1.000000;0.254823;2.334792;30.785981;1.202758;0.292309;-32.722955;-0.399302;0.401480;ORGANIZING
2026.07.23 10:35:00;XAUUSDm;4088.780;0.472230;1.681623;2.827785;0.853932;1.000000;1.000000;0.254377;2.336876;30.797889;1.171053;0.290260;-33.006541;-0.400355;0.401227;ORGANIZING
2026.07.23 10:36:00;XAUUSDm;4088.845;0.472059;0.083353;2.601562;0.795403;1.000000;0.976821;0.252969;2.329254;30.809135;1.257224;0.296066;-33.167423;-0.397480;0.401918;ORGANIZING
2026.07.23 10:37:00;XAUUSDm;4089.747;0.486441;1.145048;2.393437;0.792886;1.000000;0.991562;0.250727;2.321345;30.820278;1.261216;0.297181;-33.363871;-0.397304;0.401960;ORGANIZING
2026.07.23 10:38:00;XAUUSDm;4089.226;0.464797;0.668223;2.201962;0.766653;1.000000;0.989021;0.247764;2.313177;30.831076;1.304372;0.300517;-33.517649;-0.395843;0.402312;ORGANIZING
2026.07.23 10:39:00;XAUUSDm;4089.801;0.519342;0.731813;2.591469;0.744911;1.000000;0.988690;0.254852;2.304580;30.841571;1.342443;0.302632;-33.113875;-0.394595;0.402612;ORGANIZING
2026.07.23 10:40:00;XAUUSDm;4088.457;0.799720;1.685943;3.191259;0.771962;1.000000;1.000000;0.272099;2.297875;30.852269;1.295400;0.299228;-32.572920;-0.396177;0.402231;ORGANIZING
2026.07.23 10:41:00;XAUUSDm;4088.295;0.569382;0.210128;3.618295;0.723870;1.000000;0.981878;0.279845;2.297642;30.862484;1.381463;0.302906;-32.123034;-0.393411;0.402896;ORGANIZING
2026.07.23 10:42:00;XAUUSDm;4088.934;0.483812;0.828557;3.328832;0.709105;1.000000;0.986306;0.280326;2.296509;30.872540;1.410229;0.304327;-32.406485;-0.392477;0.403121;ORGANIZING
2026.07.23 10:43:00;XAUUSDm;4088.537;0.472291;0.527000;3.062525;0.680000;1.000000;0.980042;0.279625;2.294554;30.882286;1.470589;0.307297;-32.648119;-0.390517;0.403593;ORGANIZING
2026.07.23 10:44:00;XAUUSDm;4089.240;0.472823;0.917300;2.817523;0.671865;1.000000;0.987633;0.277894;2.291846;30.891923;1.488395;0.308489;-32.885745;-0.389924;0.403736;ORGANIZING
2026.07.23 10:45:00;XAUUSDm;4087.672;0.503089;1.994809;3.194840;0.718012;1.000000;1.000000;0.282865;2.294478;30.902048;1.392735;0.303457;-32.579906;-0.393045;0.402984;ORGANIZING
2026.07.23 10:46:00;XAUUSDm;4087.889;0.661793;0.282699;3.691185;0.676246;1.000000;0.984795;0.293539;2.303488;30.911845;1.478751;0.305505;-32.090962;-0.390362;0.403630;ORGANIZING
2026.07.23 10:47:00;XAUUSDm;4089.634;0.484118;2.272313;3.395890;0.736050;1.000000;1.000000;0.293627;2.310815;30.922314;1.358604;0.299357;-32.471358;-0.394274;0.402689;ORGANIZING
2026.07.23 10:48:00;XAUUSDm;4090.803;0.459058;1.495573;3.124219;0.754026;1.000000;1.000000;0.292529;2.309208;30.932946;1.326215;0.297995;-32.766227;-0.395314;0.402439;ORGANIZING
2026.07.23 10:49:00;XAUUSDm;4093.271;0.445889;3.033283;2.874281;0.847989;1.000000;1.000000;0.290400;2.300275;30.944429;1.179261;0.290811;-33.099485;-0.400082;0.401293;ORGANIZING
2026.07.23 10:50:00;XAUUSDm;4093.096;0.468290;0.216338;2.644339;0.796406;1.000000;0.982736;0.287377;2.291177;30.955305;1.255641;0.296300;-33.264480;-0.397516;0.401909;ORGANIZING
2026.07.23 10:51:00;XAUUSDm;4092.988;0.478680;0.135420;2.432792;0.743357;1.000000;0.963138;0.283585;2.281933;30.965558;1.345249;0.302218;-33.407159;-0.394532;0.402627;ORGANIZING
2026.07.23 10:52:00;XAUUSDm;4093.827;0.439031;1.045118;2.238168;0.738445;1.000000;0.975933;0.279137;2.274051;30.975683;1.354197;0.303801;-33.582336;-0.394184;0.402710;ORGANIZING
2026.07.23 10:53:00;XAUUSDm;4091.789;0.460465;2.437566;2.059115;0.803401;1.000000;1.000000;0.274133;2.275500;30.986472;1.244709;0.298237;-33.830023;-0.397747;0.401854;ORGANIZING
2026.07.23 10:54:00;XAUUSDm;4093.782;0.434288;2.283508;1.894386;0.857406;1.000000;1.000000;0.268663;2.275915;30.997805;1.166308;0.293946;-34.049981;-0.400313;0.401237;ORGANIZING
2026.07.23 10:55:00;XAUUSDm;4093.775;0.437489;0.008038;1.742835;0.794938;1.000000;0.974685;0.262807;2.275385;31.008508;1.257960;0.300018;-34.136995;-0.397260;0.401971;ORGANIZING
2026.07.23 10:56:00;XAUUSDm;4094.205;0.437328;0.490565;1.603408;0.759719;1.000000;0.966939;0.256638;2.273990;31.018845;1.316276;0.303919;-34.236412;-0.395316;0.402438;ORGANIZING
2026.07.23 10:57:00;XAUUSDm;4092.126;0.454751;2.294854;1.475136;0.816476;0.999786;1.000000;0.250220;2.271803;31.029732;1.224514;0.299472;-34.415332;-0.398291;0.401723;ORGANIZING
2026.07.23 10:58:00;XAUUSDm;4092.663;0.445462;0.607672;1.357125;0.786040;0.995138;0.995026;0.243609;2.268892;31.040379;1.266015;0.301690;-34.499158;-0.396935;0.402049;ORGANIZING
2026.07.23 10:59:00;XAUUSDm;4093.318;0.444938;0.737314;1.248555;0.763701;0.986562;0.994533;0.236858;2.270977;31.050994;1.291818;0.301559;-34.595247;-0.396168;0.402233;ORGANIZING
2026.07.23 11:00:00;XAUUSDm;4092.579;0.442957;0.818528;1.148670;0.746711;0.974532;0.996662;0.230009;2.280048;31.061771;1.305099;0.299233;-34.705393;-0.395885;0.402301;ORGANIZING
2026.07.23 11:01:00;XAUUSDm;4091.712;0.447994;0.957292;1.056777;0.737749;0.959472;1.000000;0.223103;2.294263;31.072902;1.300539;0.294758;-34.829134;-0.396246;0.402215;ORGANIZING
2026.07.23 11:02:00;XAUUSDm;4092.763;0.445842;1.173882;0.972235;0.740367;0.941751;1.000000;0.216175;2.306357;31.084534;1.272006;0.288624;-34.955980;-0.397409;0.401935;ORGANIZING
2026.07.23 11:03:00;XAUUSDm;4091.221;0.454808;1.711888;0.894456;0.770108;0.921635;1.000000;0.209255;2.316506;31.096968;1.196761;0.279633;-35.102508;-0.400116;0.401285;ORGANIZING
2026.07.23 11:04:00;XAUUSDm;4091.901;0.455384;0.758708;0.822899;0.751105;0.899699;0.998879;0.202370;2.324870;31.109733;1.197834;0.274437;-35.192720;-0.400343;0.401230;ORGANIZING
2026.07.23 11:05:00;XAUUSDm;4091.288;0.447456;0.677468;0.757067;0.729429;0.876275;0.994712;0.195543;2.337623;31.122878;1.201316;0.268582;-35.285298;-0.400531;0.401185;ORGANIZING
2026.07.23 11:06:00;XAUUSDm;4089.620;0.471911;1.780948;0.696502;0.764480;0.851386;1.000000;0.188794;2.355882;31.137054;1.113681;0.257282;-35.442999;-0.403725;0.400418;ORGANIZING
2026.07.23 11:07:00;XAUUSDm;4090.189;0.573830;0.604316;1.126874;0.739444;0.847264;0.992759;0.200873;2.366793;31.151171;1.145813;0.256195;-35.051809;-0.402816;0.400636;ORGANIZING
2026.07.23 11:08:00;XAUUSDm;4090.695;0.935037;0.537920;1.828152;0.712422;0.871057;0.983870;0.225894;2.367919;31.164554;1.222670;0.263459;-34.365393;-0.400147;0.401277;ORGANIZING
2026.07.23 11:09:00;XAUUSDm;4088.671;0.436635;2.199474;1.681900;0.769354;0.886894;1.000000;0.221912;2.368004;31.178189;1.152779;0.264014;-34.558579;-0.402216;0.400780;ORGANIZING
2026.07.23 11:10:00;XAUUSDm;4088.195;0.435623;0.518383;1.547348;0.739067;0.896931;0.990910;0.217544;2.367134;31.191313;1.213598;0.269856;-34.655456;-0.400099;0.401288;ORGANIZING
2026.07.23 11:11:00;XAUUSDm;4088.949;0.438820;0.817025;1.423560;0.725027;0.901728;0.992438;0.212856;2.365390;31.204182;1.243717;0.272980;-34.760413;-0.399039;0.401543;ORGANIZING
2026.07.23 11:12:00;XAUUSDm;4088.131;0.432799;0.875110;1.309675;0.714496;0.901855;0.995782;0.207907;2.362848;31.216919;1.262225;0.274516;-34.861395;-0.398407;0.401695;ORGANIZING
2026.07.23 11:13:00;XAUUSDm;4087.197;0.436286;0.994760;1.204901;0.710472;0.897825;1.000000;0.202751;2.359576;31.229663;1.263701;0.274329;-34.962062;-0.398372;0.401703;ORGANIZING
2026.07.23 11:14:00;XAUUSDm;4087.791;0.432282;0.634765;1.108509;0.688730;0.890213;0.994313;0.197433;2.355637;31.242302;1.292542;0.274605;-35.038450;-0.397494;0.401915;ORGANIZING
2026.07.23 11:15:00;XAUUSDm;4086.224;0.429780;1.659676;1.019828;0.719473;0.879250;1.000000;0.191995;2.351089;31.255423;1.222074;0.269497;-35.161986;-0.399863;0.401345;ORGANIZING
2026.07.23 11:16:00;XAUUSDm;4086.986;0.430807;0.802156;0.938242;0.706023;0.865556;0.999795;0.186475;2.345985;31.268632;1.225961;0.267272;-35.235775;-0.399858;0.401347;ORGANIZING
2026.07.23 11:17:00;XAUUSDm;4085.261;0.431827;1.757156;0.863183;0.741268;0.849300;1.000000;0.180904;2.340375;31.282462;1.145740;0.260318;-35.353804;-0.402612;0.400685;ORGANIZING
2026.07.23 11:18:00;XAUUSDm;4087.022;0.435018;1.740187;0.794128;0.774228;0.830850;1.000000;0.175311;2.334303;31.296930;1.073133;0.253011;-35.465409;-0.405155;0.400074;ORGANIZING
2026.07.23 11:19:00;XAUUSDm;4085.688;0.431348;1.314700;0.730598;0.784635;0.810633;1.000000;0.169722;2.327811;31.311842;1.033135;0.246981;-35.550312;-0.406657;0.399714;ORGANIZING
2026.07.23 11:20:00;XAUUSDm;4085.170;0.431612;0.522430;0.672150;0.755312;0.789128;0.989225;0.164159;2.320937;31.326822;1.044772;0.243527;-35.591047;-0.406480;0.399756;ORGANIZING
2026.07.23 11:21:00;XAUUSDm;4086.545;0.436985;1.354013;0.618378;0.769464;0.766391;1.000000;0.158639;2.313716;31.342326;0.996006;0.236408;-35.671733;-0.408299;0.399320;ORGANIZING
2026.07.23 11:22:00;XAUUSDm;4084.249;0.430741;2.262827;0.568908;0.828805;0.742448;1.000000;0.153181;2.306181;31.358827;0.895806;0.225794;-35.794999;-0.411836;0.398472;ORGANIZING
2026.07.23 11:23:00;XAUUSDm;4081.772;0.430325;2.349426;0.523395;0.889987;0.717514;1.000000;0.147797;2.298361;31.376360;0.806207;0.215073;-35.917754;-0.415060;0.397699;ORGANIZING
2026.07.23 11:24:00;XAUUSDm;4083.871;0.432791;2.001411;0.481524;0.931208;0.691885;1.000000;0.142501;2.290283;31.394737;0.742998;0.205674;-36.018104;-0.417426;0.397133;ORGANIZING
2026.07.23 11:25:00;XAUUSDm;4084.436;0.435658;0.546951;0.443002;0.898157;0.666097;0.989131;0.137302;2.281972;31.413217;0.741627;0.200787;-36.040823;-0.417712;0.397064;ORGANIZING
2026.07.23 11:26:00;XAUUSDm;4084.277;0.439802;0.153641;0.407562;0.847609;0.640380;0.964694;0.132209;2.273451;31.431620;0.755513;0.196842;-36.042608;-0.417493;0.397117;ORGANIZING
2026.07.23 11:27:00;XAUUSDm;4082.568;0.434679;1.626039;0.374957;0.873723;0.614482;0.992469;0.127229;2.269603;31.450763;0.703292;0.187883;-36.128712;-0.419507;0.396635;ORGANIZING
2026.07.23 11:28:00;XAUUSDm;4082.258;0.434056;0.296141;0.344960;0.832554;0.588857;0.972550;0.122367;2.273087;31.470043;0.707289;0.182421;-36.159689;-0.419660;0.396598;ORGANIZING
2026.07.23 11:29:00;XAUUSDm;4084.231;0.445441;1.835759;0.317363;0.870938;0.563207;1.000000;0.117629;2.275367;31.490242;0.646667;0.172555;-36.266601;-0.421972;0.396045;ORGANIZING
2026.07.23 11:30:00;XAUUSDm;4082.580;0.441221;1.527431;0.291974;0.892498;0.537712;1.000000;0.113017;2.276544;31.511178;0.602480;0.163834;-36.353111;-0.423734;0.395624;ORGANIZING
2026.07.23 11:31:00;XAUUSDm;4081.455;0.436987;1.022579;0.268616;0.888248;0.512584;1.000000;0.108534;2.276711;31.532576;0.577073;0.156586;-36.410113;-0.424859;0.395355;ORGANIZING
2026.07.23 11:32:00;XAUUSDm;4080.175;0.437095;1.150066;0.247127;0.891087;0.487850;1.000000;0.104182;2.275953;31.554489;0.547478;0.149134;-36.470867;-0.426119;0.395053;ORGANIZING
2026.07.23 11:33:00;XAUUSDm;4080.387;0.439846;0.191115;0.227357;0.846331;0.463807;0.975335;0.099961;2.274348;31.576420;0.548021;0.144011;-36.480206;-0.426359;0.394996;ORGANIZING
2026.07.23 11:34:00;XAUUSDm;4081.005;0.440893;0.557973;0.209168;0.822637;0.440385;0.964226;0.095872;2.271970;31.598558;0.535333;0.138031;-36.507327;-0.427038;0.394834;ORGANIZING
2026.07.23 11:35:00;XAUUSDm;4079.839;0.443556;1.060443;0.192435;0.825720;0.417487;0.970949;0.091915;2.268884;31.621154;0.505604;0.131017;-36.558551;-0.428281;0.394537;ORGANIZING
2026.07.23 11:36:00;XAUUSDm;4081.608;0.447908;1.564684;0.177040;0.854318;0.395021;0.994947;0.088089;2.265152;31.644449;0.462382;0.123153;-36.633188;-0.429971;0.394133;AGING
2026.07.23 11:37:00;XAUUSDm;4082.005;0.463168;0.359725;0.162877;0.821688;0.373327;0.975798;0.084393;2.260829;31.667807;0.454341;0.117884;-36.643736;-0.430476;0.394013;AGING
2026.07.23 11:38:00;XAUUSDm;4080.601;0.444863;1.266782;0.149847;0.836477;0.352180;0.988936;0.080825;2.255968;31.691688;0.421027;0.110983;-36.699724;-0.431820;0.393692;AGING
2026.07.23 11:39:00;XAUUSDm;4079.118;0.444704;1.362275;0.137859;0.855723;0.331577;1.000000;0.077383;2.250615;31.716120;0.387482;0.104148;-36.758403;-0.433168;0.393370;AGING
2026.07.23 11:40:00;XAUUSDm;4075.968;0.439805;2.743616;0.126830;0.943486;0.311197;1.000000;0.074065;2.244815;31.741779;0.329837;0.095390;-36.885000;-0.435335;0.392853;AGING
2026.07.23 11:41:00;XAUUSDm;4075.036;0.438066;0.800275;0.116684;0.930101;0.291563;0.995602;0.070869;2.238608;31.767635;0.313475;0.090000;-36.908444;-0.436096;0.392672;AGING
2026.07.23 11:42:00;XAUUSDm;4077.681;0.447487;2.202845;0.107349;0.987907;0.272325;1.000000;0.067793;2.232031;31.794388;0.275659;0.082831;-37.002268;-0.437589;0.392316;AGING
2026.07.23 11:43:00;XAUUSDm;4076.722;0.454158;0.813305;0.098761;0.973731;0.253847;0.995838;0.064832;2.225117;31.821299;0.260695;0.077779;-37.022321;-0.438290;0.392148;AGING
2026.07.23 11:44:00;XAUUSDm;4078.854;0.454137;1.803845;0.090860;1.000000;0.235920;1.000000;0.061986;2.217898;31.848760;0.235920;0.071929;-37.081747;-0.439326;0.391902;AGING
2026.07.23 11:45:00;XAUUSDm;4080.867;0.465960;1.647246;0.083591;1.000000;0.218672;1.000000;0.059250;2.210403;31.876490;0.218672;0.066879;-37.113532;-0.440096;0.391718;AGING
2026.07.23 11:46:00;XAUUSDm;4080.274;0.461768;0.483963;0.076904;0.969825;0.202239;0.984012;0.056622;2.202657;31.904170;0.208532;0.062630;-37.113410;-0.440613;0.391595;AGING
2026.07.23 11:47:00;XAUUSDm;4080.886;0.509714;0.511723;0.459189;0.942875;0.205575;0.969464;0.072905;2.192486;31.931413;0.218030;0.064077;-36.740306;-0.440255;0.391680;AGING
2026.07.23 11:48:00;XAUUSDm;4081.456;0.599122;0.476342;0.908531;0.915437;0.228536;0.954756;0.091727;2.187159;31.957868;0.249647;0.071544;-36.294010;-0.438933;0.391995;AGING
2026.07.23 11:49:00;XAUUSDm;4081.966;0.485343;0.427236;0.835848;0.886456;0.246455;0.939504;0.090775;2.181409;31.983617;0.278023;0.078026;-36.332136;-0.437758;0.392275;AGING
2026.07.23 11:50:00;XAUUSDm;4083.133;0.665908;0.970656;1.335279;0.885737;0.284652;0.943771;0.111207;2.180935;32.008591;0.321373;0.089573;-35.858681;-0.435880;0.392723;AGING
2026.07.23 11:51:00;XAUUSDm;4083.991;0.476076;0.713751;1.228457;0.871444;0.315795;0.939613;0.110988;2.179628;32.032786;0.362381;0.099870;-35.941211;-0.434135;0.393139;AGING
2026.07.23 11:52:00;XAUUSDm;4085.662;0.448713;1.375875;1.130180;0.890350;0.341211;0.958766;0.110353;2.177561;32.056641;0.383232;0.107358;-36.051426;-0.433135;0.393378;AGING
2026.07.23 11:53:00;XAUUSDm;4084.266;0.458975;1.152214;1.039766;0.896619;0.361517;0.969399;0.109356;2.174797;32.080125;0.403200;0.113657;-36.143766;-0.432221;0.393596;AGING
2026.07.23 11:54:00;XAUUSDm;4084.423;0.463191;0.130711;0.956584;0.851093;0.377460;0.943873;0.108047;2.171397;32.102800;0.443500;0.120573;-36.178738;-0.430666;0.393967;AGING
2026.07.23 11:55:00;XAUUSDm;4083.708;0.457600;0.594268;0.880058;0.830703;0.389404;0.935418;0.106471;2.167416;32.124993;0.468765;0.125429;-36.234009;-0.429666;0.394206;AGING
2026.07.23 11:56:00;XAUUSDm;4084.147;0.476850;0.372482;0.809653;0.800004;0.397838;0.919442;0.104668;2.162905;32.146666;0.497295;0.129691;-36.274325;-0.428597;0.394462;AGING
2026.07.23 11:57:00;XAUUSDm;4083.438;0.513620;0.600146;1.194868;0.782054;0.422566;0.911930;0.118695;2.162411;32.167659;0.540328;0.137951;-35.894491;-0.426893;0.394869;ORGANIZING
2026.07.23 11:58:00;XAUUSDm;4085.509;0.451111;1.707788;1.099279;0.819889;0.441305;0.943939;0.117540;2.161093;32.188643;0.538249;0.142424;-36.025214;-0.426731;0.394907;ORGANIZING
2026.07.23 11:59:00;XAUUSDm;4085.749;0.444770;0.203908;1.011336;0.780264;0.455572;0.922152;0.116060;2.159022;32.208924;0.583869;0.149106;-36.072445;-0.425029;0.395314;ORGANIZING
2026.07.23 12:00:00;XAUUSDm;4083.252;0.443418;2.051059;0.930430;0.834693;0.465446;0.965726;0.114302;2.156263;32.229525;0.557626;0.149890;-36.209472;-0.425777;0.395135;ORGANIZING
2026.07.23 12:01:00;XAUUSDm;4082.743;0.441683;0.419787;0.855995;0.804638;0.471763;0.950619;0.112309;2.152875;32.249665;0.586304;0.153678;-36.256913;-0.424727;0.395386;ORGANIZING
2026.07.23 12:02:00;XAUUSDm;4082.841;0.448040;0.081795;0.787516;0.759061;0.475006;0.924141;0.110117;2.148912;32.269244;0.625781;0.157386;-36.283843;-0.423357;0.395714;ORGANIZING
2026.07.23 12:03:00;XAUUSDm;4082.585;0.444985;0.216114;0.724514;0.722414;0.475513;0.903214;0.107762;2.144425;32.288402;0.658228;0.159858;-36.315162;-0.422260;0.395976;ORGANIZING
2026.07.23 12:04:00;XAUUSDm;4083.241;0.450642;0.553213;0.666553;0.704443;0.473546;0.894735;0.105272;2.139460;32.307371;0.672227;0.160569;-36.361178;-0.421805;0.396085;ORGANIZING
2026.07.23 12:05:00;XAUUSDm;4083.702;0.462109;0.396157;0.613229;0.679558;0.469455;0.880970;0.102674;2.134059;32.326118;0.690824;0.160977;-36.396459;-0.421226;0.396223;ORGANIZING
2026.07.23 12:06:00;XAUUSDm;4082.132;0.480544;1.330689;0.564171;0.702725;0.463305;0.900304;0.099993;2.128262;32.345161;0.659297;0.158072;-36.476921;-0.422317;0.395962;ORGANIZING
2026.07.23 12:07:00;XAUUSDm;4083.269;0.468896;0.973392;0.519037;0.706993;0.455456;0.906361;0.097250;2.118219;32.364304;0.644216;0.155847;-36.527743;-0.422881;0.395828;ORGANIZING
2026.07.23 12:08:00;XAUUSDm;4083.299;0.481073;0.026468;0.477514;0.663857;0.446373;0.878969;0.094464;2.111938;32.383135;0.672393;0.155517;-36.535909;-0.422052;0.396026;ORGANIZING
2026.07.23 12:09:00;XAUUSDm;4083.207;0.506150;0.082986;0.857127;0.625886;0.455350;0.854416;0.108721;2.101591;32.401303;0.727528;0.160549;-36.135337;-0.420147;0.396482;ORGANIZING
2026.07.23 12:10:00;XAUUSDm;4084.991;0.478637;1.573275;0.788557;0.664149;0.460038;0.883381;0.106714;2.096550;32.419709;0.692673;0.160437;-36.241791;-0.421198;0.396230;ORGANIZING
2026.07.23 12:11:00;XAUUSDm;4085.066;0.516592;0.067693;1.176001;0.625125;0.481428;0.858567;0.120750;2.086592;32.437198;0.770131;0.169968;-35.819578;-0.418398;0.396900;ORGANIZING
2026.07.23 12:12:00;XAUUSDm;4083.460;0.468548;1.467819;1.081921;0.657631;0.497078;0.884117;0.119417;2.076642;32.454599;0.755861;0.174188;-35.925349;-0.418615;0.396848;ORGANIZING
2026.07.23 12:13:00;XAUUSDm;4082.150;0.478522;1.223384;0.995367;0.675977;0.508225;0.900171;0.117774;2.066702;32.471861;0.751838;0.177673;-36.013198;-0.418561;0.396861;ORGANIZING
2026.07.23 12:14:00;XAUUSDm;4081.348;0.440810;0.767567;0.915738;0.670392;0.515457;0.899652;0.115867;2.056777;32.488824;0.768888;0.181305;-36.073309;-0.417868;0.397027;ORGANIZING
2026.07.23 12:15:00;XAUUSDm;4079.900;0.427431;1.362798;0.842479;0.694704;0.519080;0.919917;0.113736;2.046869;32.505858;0.747197;0.181795;-36.160213;-0.418494;0.396877;ORGANIZING
2026.07.23 12:16:00;XAUUSDm;4076.652;0.398094;2.888909;0.775080;0.794032;0.519167;0.992813;0.111419;2.036981;32.523784;0.653837;0.176442;-36.320369;-0.421563;0.396143;ORGANIZING
2026.07.23 12:17:00;XAUUSDm;4075.822;0.399591;0.749964;0.713074;0.781445;0.516609;0.988213;0.108949;2.031614;32.541583;0.661094;0.176799;-36.374470;-0.421327;0.396199;ORGANIZING
2026.07.23 12:18:00;XAUUSDm;4076.388;0.396029;0.509066;0.656028;0.757494;0.511796;0.975256;0.106353;2.025888;32.559181;0.675643;0.177108;-36.413334;-0.420875;0.396307;ORGANIZING
2026.07.23 12:19:00;XAUUSDm;4077.839;0.404178;1.317414;0.603546;0.775254;0.504840;0.990954;0.103660;2.019837;32.577035;0.651193;0.174158;-36.490896;-0.421756;0.396097;ORGANIZING
2026.07.23 12:20:00;XAUUSDm;4074.927;0.407269;2.584722;0.555262;0.855631;0.495733;1.000000;0.100891;2.013489;32.595811;0.579377;0.166913;-36.629207;-0.424273;0.395495;ORGANIZING
2026.07.23 12:21:00;XAUUSDm;4077.475;0.434492;2.205908;0.510841;0.913230;0.484851;1.000000;0.098068;2.006873;32.615315;0.530918;0.160644;-36.742735;-0.426040;0.395072;ORGANIZING
2026.07.23 12:22:00;XAUUSDm;4077.295;0.434438;0.158859;0.469974;0.865815;0.472932;0.973992;0.095208;2.000014;32.634515;0.546228;0.159718;-36.747867;-0.425627;0.395171;ORGANIZING
2026.07.23 12:23:00;XAUUSDm;4076.148;0.428142;0.995850;0.432376;0.862858;0.459965;0.978090;0.092327;1.992936;32.653874;0.533071;0.156020;-36.794916;-0.426207;0.395032;ORGANIZING
2026.07.23 12:24:00;XAUUSDm;4071.805;0.407261;3.541606;0.397786;0.987596;0.445520;1.000000;0.089440;1.985659;32.674696;0.451116;0.145467;-36.969183;-0.429193;0.394319;AGING
2026.07.23 12:25:00;XAUUSDm;4073.989;0.416771;1.751909;0.365963;1.000000;0.430334;1.000000;0.086559;1.978203;32.695871;0.430334;0.140414;-37.029098;-0.430069;0.394110;AGING
2026.07.23 12:26:00;XAUUSDm;4073.887;0.428944;0.084068;0.336686;0.945597;0.414887;0.970972;0.083695;1.970587;32.716735;0.438756;0.138301;-37.019323;-0.429922;0.394145;AGING
2026.07.23 12:27:00;XAUUSDm;4076.192;0.439257;1.841849;0.309751;0.982112;0.398854;1.000000;0.080857;1.962827;32.738208;0.406119;0.131818;-37.099082;-0.431226;0.393834;AGING
2026.07.23 12:28:00;XAUUSDm;4075.186;0.433248;0.809007;0.284971;0.965479;0.382625;0.996145;0.078053;1.954938;32.759759;0.396306;0.127607;-37.123625;-0.431731;0.393713;AGING
2026.07.23 12:29:00;XAUUSDm;4075.211;0.435035;0.020587;0.262173;0.910582;0.366491;0.964733;0.075291;1.951113;32.781046;0.402479;0.124785;-37.115771;-0.431686;0.393724;AGING
2026.07.23 12:30:00;XAUUSDm;4071.248;0.414012;3.220380;0.241199;1.000000;0.349817;1.000000;0.072575;1.946831;32.803518;0.349817;0.115856;-37.251313;-0.433713;0.393240;AGING
2026.07.23 12:31:00;XAUUSDm;4069.668;0.411780;1.270546;0.221904;1.000000;0.333151;1.000000;0.069911;1.946638;32.826322;0.333151;0.110441;-37.304364;-0.434483;0.393056;AGING
2026.07.23 12:32:00;XAUUSDm;4070.719;0.418029;0.867391;0.204151;0.986707;0.316631;0.997806;0.067303;1.945682;32.849313;0.320896;0.105554;-37.341208;-0.435095;0.392910;AGING
2026.07.23 12:33:00;XAUUSDm;4072.545;0.432219;1.485737;0.187819;1.000000;0.300183;1.000000;0.064754;1.944029;32.872750;0.300183;0.099769;-37.402314;-0.436006;0.392693;AGING
2026.07.23 12:34:00;XAUUSDm;4074.589;0.454912;1.665499;0.172794;1.000000;0.283935;1.000000;0.062268;1.941738;32.896488;0.283935;0.094519;-37.447772;-0.436756;0.392514;AGING
2026.07.23 12:35:00;XAUUSDm;4073.209;0.457443;1.136177;0.158970;1.000000;0.267935;1.000000;0.059846;1.938865;32.920518;0.267935;0.089350;-37.491034;-0.437494;0.392338;AGING
2026.07.23 12:36:00;XAUUSDm;4067.477;0.438565;4.351060;0.146253;1.000000;0.252224;1.000000;0.057489;1.935459;32.944828;0.252224;0.084273;-37.532248;-0.438220;0.392165;AGING
2026.07.23 12:37:00;XAUUSDm;4066.294;0.439407;0.890277;0.134552;0.989469;0.236886;0.998172;0.055200;1.931567;32.969301;0.239407;0.079593;-37.560865;-0.438838;0.392018;AGING
2026.07.23 12:38:00;XAUUSDm;4069.184;0.457381;2.101513;0.123788;1.000000;0.221843;1.000000;0.052978;1.927231;32.994136;0.221843;0.074439;-37.608924;-0.439623;0.391831;AGING
2026.07.23 12:39:00;XAUUSDm;4073.044;0.494087;2.676467;0.113885;1.000000;0.207173;1.000000;0.050824;1.922492;33.019218;0.207173;0.069677;-37.644792;-0.440301;0.391669;AGING
2026.07.23 12:40:00;XAUUSDm;4072.156;0.569672;0.618118;0.541139;0.976762;0.214171;0.988413;0.069646;1.913021;33.043832;0.219266;0.072369;-37.230618;-0.439804;0.391788;AGING
2026.07.23 12:41:00;XAUUSDm;4071.498;0.468132;0.459298;0.497848;0.946606;0.218049;0.972332;0.068328;1.903585;33.067973;0.230348;0.074712;-37.242509;-0.439354;0.391895;AGING
2026.07.23 12:42:00;XAUUSDm;4067.263;0.433737;2.853966;0.458020;1.000000;0.219656;1.000000;0.066903;1.894187;33.092522;0.219656;0.074181;-37.337026;-0.439701;0.391812;AGING
2026.07.23 12:43:00;XAUUSDm;4069.114;0.457874;1.239786;0.421378;1.000000;0.219503;1.000000;0.065390;1.884826;33.116980;0.219503;0.074402;-37.376531;-0.439695;0.391814;AGING
2026.07.23 12:44:00;XAUUSDm;4069.168;0.580580;0.036219;0.856813;0.947421;0.239642;0.968556;0.083892;1.879992;33.140462;0.252941;0.082314;-36.919196;-0.438296;0.392147;AGING
2026.07.23 12:45:00;XAUUSDm;4065.529;0.442105;2.348621;0.788268;1.000000;0.254678;1.000000;0.083125;1.874815;33.164116;0.254678;0.086100;-37.037050;-0.438055;0.392205;AGING
2026.07.23 12:46:00;XAUUSDm;4067.078;0.461585;0.985607;0.725207;0.994187;0.266184;1.000000;0.082122;1.869326;33.187428;0.267740;0.090366;-37.093120;-0.437450;0.392349;AGING
2026.07.23 12:47:00;XAUUSDm;4066.226;0.440729;0.541131;0.667190;0.966210;0.274647;0.986814;0.080916;1.863554;33.210232;0.284251;0.094358;-37.123547;-0.436755;0.392515;AGING
2026.07.23 12:48:00;XAUUSDm;4063.622;0.396640;1.642757;0.613815;0.994545;0.280156;1.000000;0.079539;1.857525;33.233150;0.281692;0.095564;-37.207852;-0.436771;0.392511;AGING
2026.07.23 12:49:00;XAUUSDm;4065.863;0.427068;1.378941;0.564710;1.000000;0.283147;1.000000;0.078018;1.851263;33.256000;0.283147;0.096661;-37.266704;-0.436673;0.392534;AGING
2026.07.23 12:50:00;XAUUSDm;4065.297;0.517020;0.356751;0.952475;0.962175;0.303656;0.980217;0.093505;1.849119;33.278039;0.315593;0.104536;-36.869331;-0.435305;0.392860;AGING
2026.07.23 12:51:00;XAUUSDm;4067.458;0.849498;1.334297;1.589599;0.974708;0.348539;0.995882;0.120686;1.853550;33.299351;0.357583;0.118191;-36.284394;-0.433363;0.393324;AGING
2026.07.23 12:52:00;XAUUSDm;4064.818;0.520504;1.580441;1.979976;0.998023;0.404716;1.000000;0.134171;1.862041;33.319858;0.405518;0.135165;-35.925611;-0.431076;0.393869;AGING
2026.07.23 12:53:00;XAUUSDm;4066.341;0.502624;0.898122;2.356944;0.984934;0.470948;1.000000;0.146310;1.874422;33.339032;0.478152;0.156687;-35.537538;-0.427821;0.394647;AGING
2026.07.23 12:54:00;XAUUSDm;4063.902;0.403926;1.408670;2.168389;0.996702;0.526847;1.000000;0.148423;1.885006;33.357312;0.528590;0.173869;-35.725636;-0.425449;0.395214;ORGANIZING
2026.07.23 12:55:00;XAUUSDm;4063.573;0.414858;0.190308;1.994918;0.945845;0.573830;0.976856;0.149675;1.893940;33.374233;0.606685;0.191951;-35.838561;-0.422202;0.395990;ORGANIZING
2026.07.23 12:56:00;XAUUSDm;4065.648;0.890984;1.193297;2.663156;0.946741;0.641439;0.989670;0.175603;1.909640;33.389969;0.677523;0.211557;-35.202600;-0.419096;0.396733;ORGANIZING
2026.07.23 12:57:00;XAUUSDm;4065.715;0.998256;0.039011;3.411848;0.888526;0.728095;0.962543;0.204258;1.932864;33.403621;0.819441;0.240641;-34.426447;-0.413385;0.398101;ORGANIZING
2026.07.23 12:58:00;XAUUSDm;4065.131;0.551522;0.337853;3.825490;0.846430;0.821407;0.947828;0.214727;1.960217;33.415259;0.970437;0.271865;-33.964680;-0.407294;0.399561;ORGANIZING
2026.07.23 12:59:00;XAUUSDm;4061.578;0.390716;1.976326;3.519450;0.886497;0.901051;0.991340;0.219293;1.984472;33.425948;1.016417;0.291578;-34.299472;-0.404929;0.400129;ORGANIZING
2026.07.23 13:00:00;XAUUSDm;4062.209;0.412195;0.355549;3.237894;0.841929;0.968431;0.976763;0.222406;2.001517;33.435013;1.150253;0.315877;-34.518462;-0.399699;0.401385;ORGANIZING
2026.07.23 13:01:00;XAUUSDm;4056.052;0.377362;3.246746;2.978863;0.942801;1.000000;1.000000;0.224237;2.016319;33.444605;1.060669;0.314134;-34.889655;-0.402473;0.400718;ORGANIZING
2026.07.23 13:02:00;XAUUSDm;4058.253;0.434012;1.153407;2.740554;0.933331;1.000000;1.000000;0.224941;2.029063;33.454229;1.071431;0.313742;-35.155013;-0.402170;0.400791;ORGANIZING
2026.07.23 13:03:00;XAUUSDm;4056.351;0.396822;0.990573;2.521310;0.916193;1.000000;1.000000;0.224656;2.039917;33.463790;1.091473;0.314390;-35.387819;-0.401536;0.400943;ORGANIZING
2026.07.23 13:04:00;XAUUSDm;4055.445;0.392266;0.471340;2.319605;0.873951;1.000000;0.989360;0.223508;2.044345;33.472973;1.144229;0.318288;-35.563026;-0.399759;0.401370;ORGANIZING
2026.07.23 13:05:00;XAUUSDm;4052.989;0.402961;1.264454;2.134036;0.873476;1.000000;1.000000;0.221611;2.047581;33.482183;1.144851;0.318201;-35.760008;-0.399744;0.401374;ORGANIZING
2026.07.23 13:06:00;XAUUSDm;4048.137;0.371520;2.457431;1.963313;0.932674;1.000000;1.000000;0.219067;2.049724;33.492007;1.072186;0.312357;-35.998950;-0.402217;0.400780;ORGANIZING
2026.07.23 13:07:00;XAUUSDm;4049.273;0.382289;0.573581;1.806248;0.894719;1.000000;0.992743;0.215967;2.050866;33.501463;1.117669;0.316300;-36.123600;-0.400655;0.401155;ORGANIZING
2026.07.23 13:08:00;XAUUSDm;4046.520;0.383573;1.359990;1.661749;0.897982;1.000000;1.000000;0.212393;2.051091;33.510954;1.113607;0.316309;-36.274157;-0.400776;0.401126;ORGANIZING
2026.07.23 13:09:00;XAUUSDm;4047.193;0.379390;0.335039;1.528809;0.849835;1.000000;0.984160;0.208421;2.050477;33.519957;1.176699;0.321674;-36.358779;-0.398615;0.401645;ORGANIZING
2026.07.23 13:10:00;XAUUSDm;4041.013;0.364973;2.979634;1.406504;0.936325;0.998367;1.000000;0.204115;2.044765;33.529800;1.066261;0.313439;-36.559015;-0.402340;0.400750;ORGANIZING
2026.07.23 13:11:00;XAUUSDm;4043.891;0.368905;1.383202;1.293984;0.938702;0.992347;1.000000;0.199535;2.037497;33.539715;1.057148;0.312478;-36.666152;-0.402662;0.400673;ORGANIZING
2026.07.23 13:12:00;XAUUSDm;4043.924;0.378543;0.015883;1.190465;0.872714;0.982753;0.972540;0.194734;2.035205;33.549140;1.126088;0.316746;-36.708514;-0.400380;0.401221;ORGANIZING
2026.07.23 13:13:00;XAUUSDm;4043.401;0.374499;0.253237;1.095228;0.822085;0.969997;0.954180;0.189759;2.037646;33.558337;1.179923;0.318085;-36.770008;-0.398698;0.401625;ORGANIZING
2026.07.23 13:14:00;XAUUSDm;4041.003;0.375298;1.183403;1.007610;0.820751;0.954304;0.968844;0.184652;2.039066;33.567849;1.162721;0.313455;-36.874122;-0.399446;0.401446;ORGANIZING
2026.07.23 13:15:00;XAUUSDm;4041.958;0.381625;0.477075;0.927001;0.784481;0.936237;0.958095;0.179450;2.039549;33.577365;1.193447;0.311717;-36.936607;-0.398611;0.401646;ORGANIZING
2026.07.23 13:16:00;XAUUSDm;4043.377;0.380652;0.699663;0.852841;0.761515;0.916104;0.955331;0.174186;2.047455;33.587132;1.203002;0.307092;-37.022984;-0.398555;0.401659;ORGANIZING
2026.07.23 13:17:00;XAUUSDm;4045.594;0.391904;1.094080;0.784613;0.759822;0.894148;0.966283;0.168888;2.063490;33.597482;1.176786;0.298826;-37.143298;-0.399755;0.401371;ORGANIZING
2026.07.23 13:18:00;XAUUSDm;4046.433;0.400070;0.414726;0.721844;0.724684;0.870829;0.952890;0.163582;2.084209;33.608155;1.201667;0.292964;-37.235747;-0.399302;0.401480;ORGANIZING
2026.07.23 13:19:00;XAUUSDm;4048.819;0.445068;1.152523;0.664097;0.728659;0.846243;0.965603;0.158290;2.102341;33.619540;1.161369;0.283091;-37.359123;-0.401004;0.401071;ORGANIZING
2026.07.23 13:20:00;XAUUSDm;4050.755;0.455373;0.953836;0.610969;0.722993;0.820687;0.970731;0.153032;2.118099;33.631537;1.135125;0.274099;-37.465136;-0.402241;0.400774;ORGANIZING
2026.07.23 13:21:00;XAUUSDm;4052.033;0.714026;0.631529;1.146488;0.702006;0.820500;0.964215;0.172156;2.125832;33.643405;1.168793;0.273501;-36.974400;-0.401261;0.401009;ORGANIZING
2026.07.23 13:22:00;XAUUSDm;4052.147;0.571955;0.056860;1.575455;0.653339;0.837167;0.938483;0.184997;2.126854;33.654464;1.281366;0.282332;-36.518883;-0.397442;0.401927;ORGANIZING
2026.07.23 13:23:00;XAUUSDm;4054.041;0.878356;0.944036;2.234222;0.651130;0.876914;0.945152;0.208685;2.119091;33.664628;1.346757;0.294375;-35.860175;-0.394879;0.402543;ORGANIZING
2026.07.23 13:24:00;XAUUSDm;4051.434;0.677557;1.292168;2.742389;0.665644;0.930928;0.964602;0.223660;2.112723;33.673793;1.398538;0.310100;-35.338885;-0.392539;0.403106;ORGANIZING
2026.07.23 13:25:00;XAUUSDm;4053.496;0.999426;1.015173;3.491958;0.664502;1.000000;0.974200;0.249955;2.115739;33.681595;1.504887;0.330012;-34.585526;-0.388353;0.404114;ORGANIZING
2026.07.23 13:26:00;XAUUSDm;4053.499;0.523640;0.001565;3.884688;0.611355;1.000000;0.948906;0.257094;2.124374;33.688953;1.635711;0.334133;-34.178554;-0.384222;0.405109;ORGANIZING
2026.07.23 13:27:00;XAUUSDm;4054.374;0.525713;0.458010;4.278973;0.583688;1.000000;0.940723;0.263953;2.138479;33.696174;1.713245;0.334883;-33.805754;-0.381859;0.405679;ORGANIZING
2026.07.23 13:28:00;XAUUSDm;4057.328;0.431063;1.545205;3.936655;0.611764;1.000000;0.971118;0.267872;2.150536;33.703797;1.634618;0.330014;-34.215720;-0.384461;0.405051;ORGANIZING
2026.07.23 13:29:00;XAUUSDm;4058.530;0.426718;0.646737;3.621723;0.593512;1.000000;0.969140;0.270225;2.160712;33.711340;1.684885;0.330639;-34.545003;-0.382922;0.405422;ORGANIZING
2026.07.23 13:30:00;XAUUSDm;4061.058;0.397448;1.336604;3.331985;0.610667;1.000000;0.991459;0.271200;2.169163;33.719138;1.637554;0.327758;-34.878547;-0.384485;0.405046;ORGANIZING
2026.07.23 13:31:00;XAUUSDm;4062.969;0.401631;0.997172;3.065426;0.609992;1.000000;1.000000;0.270968;2.176032;33.726998;1.639365;0.327119;-35.165565;-0.384463;0.405051;ORGANIZING
2026.07.23 13:32:00;XAUUSDm;4065.801;0.396049;1.499714;2.820192;0.634478;1.000000;1.000000;0.269681;2.181449;33.735157;1.576098;0.324085;-35.451705;-0.386513;0.404557;ORGANIZING
2026.07.23 13:33:00;XAUUSDm;4065.996;0.395493;0.105108;2.594577;0.588010;1.000000;0.978118;0.267478;2.185535;33.742893;1.700652;0.328837;-35.642353;-0.382539;0.405515;ORGANIZING
2026.07.23 13:34:00;XAUUSDm;4063.439;0.397880;1.342046;2.387011;0.605712;1.000000;1.000000;0.264483;2.188402;33.750834;1.650951;0.326947;-35.875304;-0.384124;0.405133;ORGANIZING
2026.07.23 13:35:00;XAUUSDm;4062.904;0.402246;0.290253;2.196050;0.569939;1.000000;0.984416;0.260806;2.190150;33.758435;1.754575;0.331028;-36.034237;-0.380811;0.405931;ORGANIZING
2026.07.23 13:36:00;XAUUSDm;4059.992;0.416909;1.556820;2.020366;0.599283;1.000000;1.000000;0.256550;2.190875;33.766337;1.668662;0.328223;-36.240103;-0.383529;0.405276;ORGANIZING
2026.07.23 13:37:00;XAUUSDm;4059.971;0.427882;0.011328;1.858737;0.549885;1.000000;0.974376;0.251804;2.190662;33.773742;1.818562;0.334185;-36.349822;-0.378734;0.406432;ORGANIZING
2026.07.23 13:38:00;XAUUSDm;4058.269;0.442502;0.927106;1.710038;0.548746;1.000000;0.981534;0.246649;2.189590;33.781125;1.822337;0.335010;-36.492312;-0.378579;0.406470;ORGANIZING
2026.07.23 13:39:00;XAUUSDm;4056.771;0.482205;0.822643;1.573235;0.542441;1.000000;0.984606;0.241157;2.187734;33.788427;1.843519;0.336549;-36.615414;-0.377867;0.406641;ORGANIZING
2026.07.23 13:40:00;XAUUSDm;4055.947;0.546105;0.451230;1.982813;0.517880;1.000000;0.974378;0.249578;2.190513;33.795511;1.930948;0.338070;-36.210761;-0.375168;0.407293;ORGANIZING
2026.07.23 13:41:00;XAUUSDm;4059.153;0.494778;1.735769;1.824188;0.558775;1.000000;1.000000;0.245030;2.186338;33.802962;1.789630;0.334432;-36.400285;-0.379589;0.406226;ORGANIZING
2026.07.23 13:42:00;XAUUSDm;4060.954;0.468981;0.984024;1.678253;0.560037;1.000000;1.000000;0.240075;2.176434;33.810327;1.785596;0.335960;-36.525130;-0.379634;0.406215;ORGANIZING
2026.07.23 13:43:00;XAUUSDm;4060.695;0.505795;0.143493;2.057599;0.519210;1.000000;0.978425;0.247039;2.167318;33.817192;1.926003;0.340882;-36.107517;-0.375176;0.407291;ORGANIZING
2026.07.23 13:44:00;XAUUSDm;4056.393;0.557842;2.335226;2.475980;0.590011;1.000000;1.000000;0.255606;2.159146;33.824684;1.694884;0.332805;-35.768218;-0.382513;0.405521;ORGANIZING
2026.07.23 13:45:00;XAUUSDm;4055.436;0.816123;0.515964;3.088072;0.566308;1.000000;0.992005;0.273430;2.152389;33.831871;1.765822;0.334210;-35.161745;-0.380315;0.406051;ORGANIZING
2026.07.23 13:46:00;XAUUSDm;4054.134;0.993322;0.707870;3.833064;0.553387;1.000000;0.991630;0.297008;2.142143;33.838826;1.807055;0.334165;-34.437451;-0.379080;0.406349;ORGANIZING
2026.07.23 13:47:00;XAUUSDm;4054.806;0.997686;0.362965;4.581329;0.523865;1.000000;0.980022;0.319571;2.134456;33.845409;1.908887;0.335808;-33.696000;-0.375943;0.407106;ORGANIZING
2026.07.23 13:48:00;XAUUSDm;4050.639;0.481529;2.166837;4.214822;0.586014;1.000000;1.000000;0.321918;2.126565;33.852535;1.706444;0.329544;-34.120693;-0.382329;0.405565;ORGANIZING
2026.07.23 13:49:00;XAUUSDm;4052.649;0.497317;1.062244;3.877637;0.589826;1.000000;1.000000;0.322681;2.118492;33.859618;1.695417;0.329924;-34.454153;-0.382641;0.405490;ORGANIZING
2026.07.23 13:50:00;XAUUSDm;4054.044;0.473533;0.731324;3.567426;0.576900;1.000000;1.000000;0.322058;2.110254;33.866490;1.733401;0.332313;-34.740587;-0.381382;0.405794;ORGANIZING
2026.07.23 13:51:00;XAUUSDm;4054.130;0.452378;0.048150;3.282032;0.530463;1.000000;0.977957;0.320225;2.101868;33.872813;1.885146;0.338690;-34.965430;-0.376511;0.406969;ORGANIZING
2026.07.23 13:52:00;XAUUSDm;4054.813;0.437341;0.389014;3.019469;0.503391;1.000000;0.968552;0.317342;2.093352;33.878780;1.986529;0.343161;-35.184089;-0.373246;0.407757;ORGANIZING
2026.07.23 13:53:00;XAUUSDm;4057.789;0.456074;1.674544;2.777912;0.541948;1.000000;1.000000;0.313552;2.084718;33.885047;1.845195;0.340111;-35.445625;-0.377639;0.406697;ORGANIZING
2026.07.23 13:54:00;XAUUSDm;4056.430;0.467435;0.760807;2.555679;0.532891;1.000000;1.000000;0.308986;2.075981;33.891136;1.876556;0.342717;-35.638284;-0.376567;0.406955;ORGANIZING
2026.07.23 13:55:00;XAUUSDm;4054.768;0.454511;0.938782;2.351224;0.533186;1.000000;1.000000;0.303760;2.067153;33.897139;1.875519;0.344341;-35.820927;-0.376517;0.406967;ORGANIZING
2026.07.23 13:56:00;XAUUSDm;4051.964;0.453790;1.621353;2.163126;0.567594;1.000000;1.000000;0.297977;2.058245;33.903398;1.761823;0.342019;-36.020309;-0.380044;0.406116;ORGANIZING
2026.07.23 13:57:00;XAUUSDm;4047.129;0.425994;2.681047;1.990076;0.653267;1.000000;1.000000;0.291730;2.049267;33.910423;1.530768;0.333972;-36.255609;-0.387378;0.404349;ORGANIZING
2026.07.23 13:58:00;XAUUSDm;4046.448;0.430148;0.386501;1.830870;0.619928;1.000000;0.988738;0.285104;2.040229;33.917025;1.613089;0.339528;-36.356750;-0.384631;0.405010;ORGANIZING
2026.07.23 13:59:00;XAUUSDm;4043.309;0.423472;1.733029;1.684401;0.655583;1.000000;1.000000;0.278172;2.031140;33.923892;1.525359;0.337280;-36.513699;-0.387375;0.404349;ORGANIZING
2026.07.23 14:00:00;XAUUSDm;4050.276;0.484905;3.813313;1.549649;0.793470;1.000000;1.000000;0.271001;2.025316;33.932080;1.260287;0.323647;-36.768535;-0.396009;0.402272;ORGANIZING
2026.07.23 14:01:00;XAUUSDm;4047.228;0.426921;1.665192;1.425677;0.817056;0.997062;1.000000;0.263650;2.019174;33.940501;1.220310;0.321645;-36.900467;-0.397308;0.401959;ORGANIZING
2026.07.23 14:02:00;XAUUSDm;4045.354;0.414581;1.003620;1.311623;0.806443;0.989894;1.000000;0.256170;2.012745;33.948895;1.227482;0.321879;-36.991651;-0.397082;0.402014;ORGANIZING
2026.07.23 14:03:00;XAUUSDm;4045.034;0.415310;0.171749;1.206693;0.754910;0.979191;0.979977;0.248608;2.011190;33.956972;1.297095;0.324804;-37.045595;-0.394847;0.402551;ORGANIZING
2026.07.23 14:04:00;XAUUSDm;4044.081;0.426533;0.519550;1.110157;0.723559;0.965341;0.972564;0.241004;2.014792;33.965049;1.334158;0.324010;-37.124702;-0.393775;0.402809;ORGANIZING
2026.07.23 14:05:00;XAUUSDm;4045.945;0.441349;1.006230;1.021345;0.718385;0.948670;0.982177;0.233395;2.025386;33.973513;1.320559;0.318649;-37.239445;-0.394451;0.402646;ORGANIZING
2026.07.23 14:06:00;XAUUSDm;4044.879;0.442755;0.577653;0.939637;0.692375;0.929673;0.976187;0.225811;2.044193;33.982285;1.342730;0.313827;-37.345357;-0.394027;0.402748;ORGANIZING
2026.07.23 14:07:00;XAUUSDm;4043.064;0.428822;0.987830;0.864466;0.688555;0.908618;0.984498;0.218279;2.071141;33.991710;1.319602;0.305113;-37.486019;-0.395156;0.402477;ORGANIZING
2026.07.23 14:08:00;XAUUSDm;4040.253;0.435053;1.497762;0.795309;0.710843;0.885721;1.000000;0.210822;2.094980;34.002053;1.246016;0.293611;-37.643471;-0.397939;0.401808;ORGANIZING
2026.07.23 14:09:00;XAUUSDm;4045.604;0.463638;2.763804;0.731684;0.795776;0.861002;1.000000;0.203463;2.115965;34.013951;1.081965;0.276387;-37.855895;-0.403722;0.400418;ORGANIZING
2026.07.23 14:10:00;XAUUSDm;4043.362;0.433924;1.154349;0.673149;0.796485;0.835141;1.000000;0.196216;2.134328;34.026556;1.048534;0.267072;-37.975838;-0.405190;0.400066;ORGANIZING
2026.07.23 14:11:00;XAUUSDm;4046.444;0.457110;1.557903;0.619297;0.817853;0.808290;1.000000;0.189098;2.150283;34.040072;0.988307;0.256012;-38.109100;-0.407550;0.399500;ORGANIZING
2026.07.23 14:12:00;XAUUSDm;4047.674;0.463928;0.614809;0.569754;0.791535;0.780900;0.993137;0.182120;2.164029;34.054009;0.986564;0.248878;-38.187189;-0.407959;0.399402;ORGANIZING
2026.07.23 14:13:00;XAUUSDm;4048.881;0.445670;0.607485;0.524173;0.766714;0.753160;0.986013;0.175293;2.175746;34.068371;0.982321;0.241571;-38.259831;-0.408452;0.399283;ORGANIZING
2026.07.23 14:14:00;XAUUSDm;4048.075;0.452059;0.413151;0.482240;0.733973;0.725281;0.972098;0.168625;2.185602;34.083061;0.988157;0.234856;-38.317968;-0.408612;0.399245;ORGANIZING
2026.07.23 14:15:00;XAUUSDm;4046.560;0.454081;0.780960;0.443660;0.721817;0.697315;0.971310;0.162123;2.193750;34.098270;0.966056;0.226571;-38.390857;-0.409690;0.398987;ORGANIZING
2026.07.23 14:16:00;XAUUSDm;4048.578;0.567734;1.019079;0.869461;0.722734;0.690794;0.978657;0.175307;2.195718;34.113639;0.955808;0.223287;-38.018166;-0.410161;0.398873;ORGANIZING
2026.07.23 14:17:00;XAUUSDm;4048.825;0.738870;0.125530;1.423613;0.679057;0.707675;0.954933;0.194249;2.190404;34.128180;1.042143;0.230986;-37.445255;-0.407186;0.399587;ORGANIZING
2026.07.23 14:18:00;XAUUSDm;4043.567;0.595799;2.611062;1.870462;0.761504;0.739987;1.000000;0.206879;2.179847;34.142794;0.971744;0.235049;-37.067302;-0.409095;0.399129;ORGANIZING
2026.07.23 14:19:00;XAUUSDm;4044.281;0.892098;0.356291;2.539536;0.726444;0.794019;0.984711;0.229989;2.177500;34.155953;1.093022;0.253362;-36.363819;-0.404541;0.400222;ORGANIZING
2026.07.23 14:20:00;XAUUSDm;4044.231;0.471612;0.025583;2.336373;0.675520;0.837814;0.959191;0.228648;2.174479;34.167697;1.240249;0.272137;-36.475284;-0.399186;0.401508;ORGANIZING
2026.07.23 14:21:00;XAUUSDm;4046.660;0.977550;1.236271;3.069536;0.686802;0.903398;0.976892;0.253873;2.180046;34.178297;1.315369;0.289484;-35.760003;-0.396065;0.402258;ORGANIZING
2026.07.23 14:22:00;XAUUSDm;4049.395;0.517770;1.393389;3.457863;0.704063;0.976531;1.000000;0.260596;2.190608;34.187713;1.386994;0.309492;-35.359789;-0.392916;0.403016;ORGANIZING
2026.07.23 14:23:00;XAUUSDm;4049.127;0.513250;0.136435;3.842801;0.656151;1.000000;0.978896;0.266813;2.206016;34.196335;1.524039;0.319593;-34.955343;-0.388299;0.404127;ORGANIZING
2026.07.23 14:24:00;XAUUSDm;4052.135;0.438243;1.524335;3.535377;0.679560;1.000000;1.000000;0.268844;2.219238;34.205323;1.471540;0.315692;-35.325669;-0.390069;0.403701;ORGANIZING
2026.07.23 14:25:00;XAUUSDm;4054.390;0.434233;1.123165;3.252547;0.681740;1.000000;1.000000;0.269543;2.230454;34.214445;1.466834;0.314294;-35.643632;-0.390280;0.403650;ORGANIZING
2026.07.23 14:26:00;XAUUSDm;4054.142;0.427237;0.126891;2.992343;0.633998;1.000000;0.978875;0.269076;2.239828;34.223183;1.577292;0.318177;-35.882647;-0.386772;0.404495;ORGANIZING
2026.07.23 14:27:00;XAUUSDm;4052.458;0.424819;0.847210;2.752955;0.624659;1.000000;0.983685;0.267592;2.247514;34.231905;1.600875;0.318495;-36.133819;-0.386049;0.404669;ORGANIZING
2026.07.23 14:28:00;XAUUSDm;4053.395;0.406950;0.475056;2.532719;0.597178;1.000000;0.975248;0.265224;2.253651;34.240413;1.674541;0.320919;-36.342622;-0.383718;0.405231;ORGANIZING
2026.07.23 14:29:00;XAUUSDm;4056.319;0.416099;1.461328;2.330102;0.620386;1.000000;1.000000;0.262094;2.258367;34.249201;1.611900;0.318386;-36.580405;-0.385724;0.404747;ORGANIZING
2026.07.23 14:30:00;XAUUSDm;4055.998;0.408009;0.161237;2.143693;0.577428;1.000000;0.979817;0.258309;2.261780;34.257593;1.731816;0.322839;-36.731507;-0.381904;0.405668;ORGANIZING
2026.07.23 14:31:00;XAUUSDm;4055.681;0.424949;0.163987;1.972198;0.536756;1.000000;0.960303;0.253969;2.264000;34.265600;1.863043;0.327362;-36.866097;-0.377741;0.406672;ORGANIZING
2026.07.23 14:32:00;XAUUSDm;4052.636;0.474552;1.555190;1.814422;0.567678;1.000000;0.990013;0.249159;2.265127;34.273928;1.761562;0.324468;-37.055756;-0.380930;0.405903;ORGANIZING
2026.07.23 14:33:00;XAUUSDm;4053.832;0.473205;0.605049;1.669268;0.549547;1.000000;0.985260;0.243959;2.265252;34.282076;1.819682;0.326930;-37.180777;-0.379063;0.406353;ORGANIZING
2026.07.23 14:34:00;XAUUSDm;4054.361;0.446664;0.278239;1.535727;0.515981;1.000000;0.969053;0.238438;2.264461;34.289881;1.938055;0.331249;-37.275933;-0.375296;0.407262;ORGANIZING
2026.07.23 14:35:00;XAUUSDm;4054.220;0.430308;0.074804;1.412869;0.473922;0.999255;0.946100;0.232659;2.262831;34.297263;2.108478;0.336516;-37.350041;-0.369920;0.408560;ORGANIZING
2026.07.23 14:36:00;XAUUSDm;4056.932;0.426216;1.417580;1.299839;0.501120;0.994034;0.970744;0.226677;2.255820;34.304952;1.983624;0.333164;-37.477194;-0.373833;0.407615;ORGANIZING
2026.07.23 14:37:00;XAUUSDm;4059.454;0.417056;1.293254;1.195852;0.520846;0.984891;0.989966;0.220543;2.246819;34.312931;1.890944;0.329593;-37.587757;-0.376792;0.406901;ORGANIZING
2026.07.23 14:38:00;XAUUSDm;4058.087;0.404751;0.721707;1.100184;0.511191;0.972435;0.988296;0.214299;2.243288;34.321027;1.902291;0.327554;-37.674773;-0.376554;0.406958;ORGANIZING
2026.07.23 14:39:00;XAUUSDm;4058.935;0.404356;0.453263;1.012169;0.488846;0.957163;0.977070;0.207985;2.247345;34.329245;1.958004;0.325104;-37.759419;-0.375005;0.407332;ORGANIZING
2026.07.23 14:40:00;XAUUSDm;4058.293;0.405618;0.345939;0.931196;0.462558;0.939496;0.962260;0.201634;2.250160;34.337583;2.031090;0.322369;-37.833037;-0.372949;0.407829;ORGANIZING
2026.07.23 14:41:00;XAUUSDm;4057.885;0.413771;0.219089;0.856700;0.431594;0.919823;0.943306;0.195277;2.261037;34.346112;2.131221;0.318508;-37.913814;-0.370138;0.408508;ORGANIZING
2026.07.23 14:42:00;XAUUSDm;4057.806;0.427533;0.042699;0.788164;0.393753;0.898509;0.918620;0.188940;2.276429;34.354844;2.281910;0.314260;-37.992663;-0.365830;0.409549;ORGANIZING
2026.07.23 14:43:00;XAUUSDm;4057.077;0.429093;0.403824;0.725111;0.376286;0.875763;0.907215;0.182646;2.296224;34.364054;2.327385;0.306730;-38.097206;-0.364842;0.409788;ORGANIZING
2026.07.23 14:44:00;XAUUSDm;4056.879;0.467699;0.111110;0.667102;0.345512;0.851923;0.885744;0.176414;2.313426;34.373605;2.465681;0.300465;-38.179772;-0.361006;0.410716;ORGANIZING
2026.07.23 14:45:00;XAUUSDm;4059.272;0.463514;1.331931;0.613734;0.377795;0.826942;0.907535;0.170262;2.328247;34.384126;2.188866;0.287502;-38.318262;-0.369959;0.408551;ORGANIZING
2026.07.23 14:46:00;XAUUSDm;4060.273;0.443332;0.568563;0.564635;0.370794;0.801235;0.901630;0.164204;2.340882;34.395219;2.160862;0.278605;-38.410315;-0.371244;0.408240;ORGANIZING
2026.07.23 14:47:00;XAUUSDm;4060.089;0.428576;0.110341;0.519464;0.341747;0.775109;0.879682;0.158252;2.351513;34.406649;2.268078;0.271824;-38.473353;-0.368366;0.408936;ORGANIZING
2026.07.23 14:48:00;XAUUSDm;4059.490;0.442725;0.359561;0.477907;0.327135;0.748669;0.867016;0.152417;2.360304;34.418550;2.288559;0.263629;-38.544551;-0.368162;0.408985;ORGANIZING
2026.07.23 14:49:00;XAUUSDm;4059.006;0.535209;0.300095;0.879314;0.310810;0.742254;0.852509;0.164867;2.363010;34.430443;2.388127;0.261478;-38.175439;-0.365282;0.409681;ORGANIZING
2026.07.23 14:50:00;XAUUSDm;4059.150;0.506709;0.097537;1.259345;0.285301;0.751894;0.831855;0.175625;2.360038;34.441859;2.635439;0.266538;-37.787247;-0.357610;0.411538;ORGANIZING
2026.07.23 14:51:00;XAUUSDm;4057.687;0.584252;1.012695;1.697534;0.306633;0.777878;0.844331;0.188753;2.350985;34.452877;2.536835;0.273288;-37.363574;-0.360231;0.410904;ORGANIZING
2026.07.23 14:52:00;XAUUSDm;4059.633;0.425256;1.345688;1.561731;0.343028;0.796671;0.868485;0.186106;2.341757;34.463792;2.322465;0.277500;-37.504142;-0.366451;0.409399;ORGANIZING
2026.07.23 14:53:00;XAUUSDm;4059.277;0.441519;0.246057;1.436793;0.322246;0.809770;0.853214;0.183047;2.332373;34.474142;2.512892;0.285365;-37.580666;-0.360345;0.410876;ORGANIZING
2026.07.23 14:54:00;XAUUSDm;4057.005;0.522823;1.542221;1.828910;0.367050;0.837305;0.883736;0.193501;2.323643;34.484303;2.281175;0.290308;-37.219426;-0.367049;0.409254;ORGANIZING
2026.07.23 14:55:00;XAUUSDm;4058.254;0.462471;0.854952;1.682597;0.374699;0.857501;0.889501;0.191141;2.314722;34.494047;2.288509;0.297685;-37.340374;-0.366460;0.409397;ORGANIZING
2026.07.23 14:56:00;XAUUSDm;4057.409;0.940057;0.580166;2.387639;0.367822;0.902263;0.885364;0.216836;2.314026;34.502821;2.452987;0.311266;-36.642466;-0.360847;0.410755;ORGANIZING
2026.07.23 14:57:00;XAUUSDm;4059.366;0.999809;1.341036;3.137496;0.398437;0.967933;0.908902;0.243487;2.321872;34.510665;2.429322;0.326585;-35.934394;-0.360791;0.410768;ORGANIZING
2026.07.23 14:58:00;XAUUSDm;4058.292;0.958036;0.753906;3.856023;0.396852;1.000000;0.911999;0.267239;2.337821;34.518012;2.519829;0.333121;-35.268963;-0.357749;0.411505;ORGANIZING
2026.07.23 14:59:00;XAUUSDm;4057.971;0.581350;0.242451;4.292035;0.369132;1.000000;0.897918;0.275678;2.358931;34.525292;2.709057;0.332918;-34.871607;-0.352082;0.412878;ORGANIZING
2026.07.23 15:00:00;XAUUSDm;4058.422;0.989020;0.350112;5.033801;0.348181;1.000000;0.888394;0.298982;2.388162;34.532656;2.872068;0.329454;-34.221326;-0.347365;0.414021;ORGANIZING
2026.07.23 15:01:00;XAUUSDm;4057.117;0.598293;1.041816;5.482520;0.362863;1.000000;0.904228;0.306469;2.422480;34.540509;2.755861;0.323435;-33.878751;-0.351152;0.413103;ORGANIZING
2026.07.23 15:02:00;XAUUSDm;4057.179;0.635737;0.050437;5.959323;0.327242;1.000000;0.885072;0.314986;2.462079;34.548403;3.055846;0.322133;-33.470451;-0.342218;0.415271;ORGANIZING
2026.07.23 15:03:00;XAUUSDm;4057.324;0.879235;0.120031;6.618749;0.296881;1.000000;0.869320;0.332208;2.508705;34.556458;3.368352;0.318695;-32.916416;-0.333015;0.417507;ORGANIZING
2026.07.23 15:04:00;XAUUSDm;4056.846;0.999817;0.397849;7.368612;0.281930;1.000000;0.864446;0.353091;2.563177;34.564909;3.546986;0.312676;-32.310762;-0.327957;0.418738;ORGANIZING
2026.07.23 15:05:00;XAUUSDm;4055.536;0.445841;1.094074;6.779123;0.302537;1.000000;0.884841;0.364911;2.612015;34.574055;3.305384;0.304928;-33.051319;-0.335592;0.416881;ORGANIZING
2026.07.23 15:06:00;XAUUSDm;4054.645;0.439564;0.758414;6.236793;0.305331;1.000000;0.893188;0.373782;2.655676;34.583665;3.275139;0.299869;-33.711118;-0.336752;0.416599;ORGANIZING
2026.07.23 15:07:00;XAUUSDm;4056.869;0.448863;1.831417;5.737850;0.361635;1.000000;0.939108;0.380040;2.694582;34.594227;2.765220;0.291014;-34.367255;-0.352493;0.412778;ORGANIZING
2026.07.23 15:08:00;XAUUSDm;4055.561;0.444952;1.152057;5.278822;0.381156;1.000000;0.959863;0.383989;2.729118;34.605330;2.623597;0.286183;-34.933878;-0.356983;0.411690;ORGANIZING
2026.07.23 15:09:00;XAUUSDm;4052.150;0.437441;2.868074;4.856516;0.485502;1.000000;1.000000;0.385905;2.755244;34.617737;2.059724;0.275736;-35.529022;-0.374421;0.407473;ORGANIZING
2026.07.23 15:10:00;XAUUSDm;4051.022;0.435828;0.931569;4.467995;0.487805;1.000000;1.000000;0.386036;2.773554;34.630351;2.049998;0.274168;-35.969342;-0.374792;0.407384;ORGANIZING
2026.07.23 15:11:00;XAUUSDm;4051.816;0.439234;0.673932;4.110555;0.477112;1.000000;1.000000;0.384606;2.783817;34.642960;2.095945;0.274308;-36.346363;-0.373406;0.407718;ORGANIZING
2026.07.23 15:12:00;XAUUSDm;4052.661;0.437204;0.740994;3.781711;0.470306;1.000000;1.000000;0.381818;2.792098;34.655584;2.126276;0.274407;-36.692010;-0.372491;0.407939;ORGANIZING
2026.07.23 15:13:00;XAUUSDm;4051.244;0.435988;1.218045;3.479174;0.487693;1.000000;1.000000;0.377854;2.798561;34.668447;2.050471;0.272918;-37.029795;-0.374840;0.407372;ORGANIZING
2026.07.23 15:14:00;XAUUSDm;4051.354;0.439927;0.099513;3.200840;0.448284;1.000000;0.981708;0.372878;2.798287;34.680913;2.230730;0.276285;-37.270687;-0.369264;0.408719;ORGANIZING
2026.07.23 15:15:00;XAUUSDm;4052.431;0.439685;0.995545;2.944773;0.455647;1.000000;0.995243;0.367037;2.796918;34.693438;2.194682;0.276273;-37.532222;-0.370346;0.408457;ORGANIZING
2026.07.23 15:16:00;XAUUSDm;4053.567;0.446462;1.033122;2.709191;0.464521;1.000000;1.000000;0.360465;2.786149;34.705945;2.152757;0.276921;-37.754501;-0.371571;0.408161;ORGANIZING
2026.07.23 15:17:00;XAUUSDm;4056.073;0.449970;2.245479;2.492456;0.533568;1.000000;1.000000;0.353278;2.778668;34.719067;1.874174;0.272813;-38.024073;-0.380134;0.406095;ORGANIZING
2026.07.23 15:18:00;XAUUSDm;4053.049;0.441406;2.611940;2.293059;0.617487;1.000000;1.000000;0.345584;2.780405;34.733046;1.619467;0.267131;-38.309451;-0.388059;0.404185;ORGANIZING
2026.07.23 15:19:00;XAUUSDm;4052.764;0.441704;0.257923;2.109614;0.579509;1.000000;0.986123;0.337477;2.788327;34.746725;1.725599;0.269883;-38.468227;-0.384738;0.404985;ORGANIZING
2026.07.23 15:20:00;XAUUSDm;4051.656;0.438195;0.988650;1.940845;0.579966;1.000000;0.998023;0.329042;2.805315;34.760577;1.724239;0.269228;-38.668411;-0.384811;0.404967;ORGANIZING
2026.07.23 15:21:00;XAUUSDm;4051.795;0.441348;0.124423;1.785578;0.537189;1.000000;0.978963;0.320353;2.828258;34.774232;1.861543;0.271312;-38.823064;-0.380588;0.405985;ORGANIZING
2026.07.23 15:22:00;XAUUSDm;4048.272;0.436021;3.126775;1.642731;0.646668;1.000000;1.000000;0.311478;2.857282;34.789271;1.546388;0.262094;-39.130728;-0.390504;0.403596;ORGANIZING
2026.07.23 15:23:00;XAUUSDm;4048.642;0.436802;0.333273;1.511313;0.610998;0.999710;0.987566;0.302475;2.894070;34.804328;1.636190;0.262560;-39.297393;-0.387786;0.404250;ORGANIZING
2026.07.23 15:24:00;XAUUSDm;4050.190;0.440215;1.369209;1.390408;0.628915;0.994775;1.000000;0.293396;2.939382;34.820115;1.581733;0.257601;-39.529403;-0.389668;0.403797;ORGANIZING
2026.07.23 15:25:00;XAUUSDm;4050.008;0.443628;0.160863;1.279175;0.585617;0.986000;0.980899;0.284288;2.979684;34.836048;1.683696;0.256131;-39.684434;-0.386683;0.404516;ORGANIZING
2026.07.23 15:26:00;XAUUSDm;4049.410;0.446482;0.549067;1.176841;0.564069;0.973794;0.975735;0.275190;3.015386;34.852367;1.726373;0.252629;-39.846953;-0.385577;0.404782;ORGANIZING
2026.07.23 15:27:00;XAUUSDm;4049.603;0.444473;0.185125;1.082694;0.525646;0.958690;0.957695;0.266138;3.046860;34.868918;1.823832;0.249747;-39.979177;-0.382798;0.405452;ORGANIZING
2026.07.23 15:28:00;XAUUSDm;4047.514;0.443385;1.976386;0.996078;0.579009;0.940705;1.000000;0.257162;3.074453;34.886639;1.624681;0.240551;-40.192095;-0.389232;0.403902;ORGANIZING
2026.07.23 15:29:00;XAUUSDm;4047.020;0.449830;0.470521;0.916392;0.554771;0.920583;0.990469;0.248288;3.098482;34.904760;1.659393;0.235954;-40.316097;-0.388421;0.404098;ORGANIZING
2026.07.23 15:30:00;XAUUSDm;4045.174;0.447887;1.718840;0.843081;0.594562;0.898383;1.000000;0.239539;3.119239;34.923930;1.510998;0.227246;-40.494586;-0.393308;0.402921;ORGANIZING
2026.07.23 15:31:00;XAUUSDm;4044.087;0.444224;0.999485;0.775634;0.596841;0.874604;1.000000;0.230935;3.136992;34.943776;1.465389;0.220594;-40.626232;-0.395009;0.402512;ORGANIZING
2026.07.23 15:32:00;XAUUSDm;4043.938;0.442955;0.136828;0.713584;0.556348;0.849738;0.977872;0.222491;3.151988;34.963865;1.527349;0.216173;-40.705849;-0.393371;0.402906;ORGANIZING
2026.07.23 15:33:00;XAUUSDm;4045.296;0.448247;1.232820;0.656497;0.573177;0.823773;0.994582;0.214220;3.164455;34.984766;1.437205;0.208452;-40.835024;-0.396461;0.402163;ORGANIZING
2026.07.23 15:34:00;XAUUSDm;4045.852;0.449557;0.501488;0.603977;0.553117;0.797122;0.984821;0.206135;3.174602;35.006100;1.441145;0.202631;-40.919592;-0.396634;0.402121;ORGANIZING
2026.07.23 15:35:00;XAUUSDm;4047.313;0.450799;1.340293;0.555659;0.576533;0.769787;1.000000;0.198244;3.182620;35.028296;1.335200;0.194519;-41.041112;-0.400218;0.401260;ORGANIZING
2026.07.23 15:36:00;XAUUSDm;4049.141;0.453643;1.651907;0.511206;0.614906;0.741891;1.000000;0.190555;3.188686;35.051494;1.206510;0.185744;-41.171786;-0.404517;0.400227;ORGANIZING
2026.07.23 15:37:00;XAUUSDm;4048.164;0.444478;0.870410;0.470310;0.612844;0.713802;1.000000;0.183072;3.192964;35.075276;1.164737;0.178948;-41.256081;-0.406110;0.399845;ORGANIZING
2026.07.23 15:38:00;XAUUSDm;4048.806;0.455330;0.571520;0.432685;0.596502;0.685738;0.991411;0.175800;3.195603;35.099483;1.149600;0.172821;-41.320367;-0.406871;0.399663;ORGANIZING
2026.07.23 15:39:00;XAUUSDm;4049.130;0.459251;0.289255;0.398070;0.567424;0.657889;0.972988;0.168740;3.196741;35.123967;1.159430;0.167278;-41.366394;-0.406853;0.399667;ORGANIZING
2026.07.23 15:40:00;XAUUSDm;4049.641;0.480980;0.453231;0.366225;0.548557;0.630312;0.960703;0.161896;3.196503;35.148811;1.149037;0.161331;-41.417629;-0.407462;0.399521;ORGANIZING
2026.07.23 15:41:00;XAUUSDm;4052.071;0.768389;2.118940;0.942516;0.614470;0.630808;1.000000;0.182615;3.188951;35.174229;1.026590;0.158255;-40.958508;-0.411290;0.398603;ORGANIZING
2026.07.23 15:42:00;XAUUSDm;4051.585;0.457078;0.434860;0.867115;0.592873;0.627126;0.986612;0.177255;3.180763;35.199423;1.057774;0.158730;-41.014090;-0.410330;0.398833;ORGANIZING
2026.07.23 15:43:00;XAUUSDm;4049.765;0.510818;1.586914;1.250228;0.630033;0.640179;1.000000;0.187548;3.167470;35.224594;1.016105;0.160645;-40.674254;-0.411485;0.398556;ORGANIZING
2026.07.23 15:44:00;XAUUSDm;4047.865;0.466626;1.667486;1.150210;0.669102;0.647788;1.000000;0.183171;3.154034;35.249870;0.968145;0.161692;-40.795385;-0.412871;0.398224;ORGANIZING
2026.07.23 15:45:00;XAUUSDm;4049.166;0.535849;1.140748;1.552097;0.679728;0.671573;1.000000;0.194107;3.140993;35.274646;0.988002;0.167273;-40.400905;-0.411996;0.398434;ORGANIZING
2026.07.23 15:46:00;XAUUSDm;4049.867;0.623093;0.616210;2.019417;0.663121;0.711509;0.993361;0.207768;3.133714;35.298384;1.072970;0.177673;-39.913543;-0.408927;0.399169;ORGANIZING
2026.07.23 15:47:00;XAUUSDm;4049.628;0.999710;0.216635;2.769199;0.626566;0.774761;0.973448;0.234868;3.134911;35.320503;1.236519;0.193867;-39.142667;-0.403211;0.400541;ORGANIZING
2026.07.23 15:48:00;XAUUSDm;4049.957;0.456321;0.302295;2.547663;0.594858;0.826791;0.958178;0.234202;3.134752;35.341264;1.389897;0.208585;-39.299575;-0.397874;0.401823;ORGANIZING
2026.07.23 15:49:00;XAUUSDm;4049.516;0.455445;0.404313;2.343850;0.568795;0.869389;0.946989;0.232682;3.133353;35.360897;1.528476;0.220947;-39.448523;-0.393098;0.402972;ORGANIZING
2026.07.23 15:50:00;XAUUSDm;4049.449;0.446553;0.061862;2.156342;0.526060;0.903468;0.924154;0.230424;3.130819;35.379397;1.717424;0.232415;-39.568131;-0.386857;0.404474;ORGANIZING
2026.07.23 15:51:00;XAUUSDm;4047.637;0.448377;1.657519;1.983835;0.564564;0.929536;0.957886;0.227528;3.127247;35.397724;1.646468;0.237167;-39.758465;-0.388748;0.404019;ORGANIZING
2026.07.23 15:52:00;XAUUSDm;4047.791;0.446990;0.140634;1.825128;0.524777;0.948644;0.937246;0.224087;3.122726;35.415226;1.807711;0.245027;-39.859856;-0.383517;0.405279;ORGANIZING
2026.07.23 15:53:00;XAUUSDm;4048.903;0.447341;0.997864;1.679118;0.529458;0.961329;0.947211;0.220183;3.117338;35.432468;1.815686;0.248600;-39.996521;-0.383099;0.405380;ORGANIZING
2026.07.23 15:54:00;XAUUSDm;4050.136;0.445206;1.091653;1.544788;0.538341;0.968239;0.959973;0.215890;3.111160;35.449598;1.798559;0.250489;-40.129012;-0.383519;0.405278;ORGANIZING
2026.07.23 15:55:00;XAUUSDm;4049.927;0.450891;0.188720;1.421205;0.501495;0.970175;0.940535;0.211275;3.104260;35.466252;1.934564;0.254170;-40.207436;-0.379255;0.406307;ORGANIZING
2026.07.23 15:56:00;XAUUSDm;4048.483;0.496483;1.290992;1.307509;0.521567;0.967476;0.960196;0.206396;3.096701;35.483085;1.854943;0.252957;-40.335861;-0.381704;0.405716;ORGANIZING
2026.07.23 15:57:00;XAUUSDm;4047.088;0.469479;1.265949;1.202908;0.539436;0.960685;0.978121;0.201306;3.088544;35.500151;1.780905;0.250878;-40.455694;-0.384029;0.405156;ORGANIZING
2026.07.23 15:58:00;XAUUSDm;4048.139;0.488308;0.958242;1.106676;0.541163;0.950362;0.984471;0.196053;3.079841;35.517354;1.756148;0.248978;-40.553266;-0.384867;0.404954;ORGANIZING
2026.07.23 15:59:00;XAUUSDm;4048.534;0.493053;0.381098;1.018142;0.514152;0.937084;0.970214;0.190677;3.070642;35.534460;1.822581;0.248203;-40.616025;-0.382912;0.405425;ORGANIZING
2026.07.23 16:00:00;XAUUSDm;4049.587;0.905315;1.017411;1.697128;0.520574;0.952358;0.978540;0.215092;3.068598;35.551305;1.829440;0.250340;-39.989773;-0.382600;0.405500;ORGANIZING
2026.07.23 16:01:00;XAUUSDm;4049.875;0.445868;0.281014;1.561357;0.489548;0.960760;0.961655;0.211126;3.059444;35.567579;1.962543;0.255513;-40.076150;-0.378348;0.406525;ORGANIZING
2026.07.23 16:02:00;XAUUSDm;4050.549;0.461101;0.659853;1.436449;0.478849;0.963964;0.958481;0.206815;3.049840;35.583587;2.013088;0.258055;-40.175332;-0.376705;0.406922;ORGANIZING
2026.07.23 16:03:00;XAUUSDm;4049.681;0.758032;0.859015;2.004973;0.478578;0.988952;0.962238;0.224901;3.042138;35.599015;2.066441;0.264029;-39.617745;-0.374805;0.407380;ORGANIZING
2026.07.23 16:04:00;XAUUSDm;4048.297;0.495549;1.335985;1.844575;0.501669;1.000000;0.983191;0.221675;3.033871;35.614371;1.993347;0.266155;-39.782557;-0.376892;0.406877;ORGANIZING
2026.07.23 16:05:00;XAUUSDm;4047.647;0.446283;0.632665;1.697009;0.488219;1.000000;0.978681;0.217970;3.020151;35.629454;2.048263;0.268360;-39.896906;-0.375134;0.407301;ORGANIZING
2026.07.23 16:06:00;XAUUSDm;4048.896;0.456671;1.213022;1.561248;0.504459;1.000000;0.994512;0.213859;3.009632;35.644595;1.982322;0.268244;-40.034788;-0.377118;0.406822;ORGANIZING
2026.07.23 16:07:00;XAUUSDm;4048.635;0.455376;0.265039;1.436348;0.472488;1.000000;0.976466;0.209411;3.007912;35.659399;2.116457;0.271017;-40.130186;-0.372955;0.407827;ORGANIZING
2026.07.23 16:08:00;XAUUSDm;4049.328;0.471045;0.738696;1.321440;0.465798;0.996682;0.975473;0.204686;3.005135;35.674175;2.139730;0.271160;-40.241493;-0.372250;0.407997;ORGANIZING
2026.07.23 16:09:00;XAUUSDm;4048.766;0.462871;0.595541;1.215725;0.452352;0.989397;0.969340;0.199738;3.001390;35.688924;2.187229;0.270809;-40.338410;-0.370843;0.408337;ORGANIZING
2026.07.23 16:10:00;XAUUSDm;4048.700;0.462014;0.071518;1.118467;0.413522;0.978744;0.944907;0.194614;2.996762;35.703452;2.366849;0.271504;-40.402515;-0.365419;0.409648;ORGANIZING
2026.07.23 16:11:00;XAUUSDm;4049.694;0.438801;1.057514;1.028990;0.426147;0.964953;0.955659;0.189357;2.991327;35.718328;2.264367;0.267535;-40.511900;-0.368692;0.408857;ORGANIZING
2026.07.23 16:12:00;XAUUSDm;4048.988;0.447588;0.799004;0.946671;0.425491;0.948499;0.956804;0.184005;2.985155;35.733464;2.229188;0.263864;-40.602105;-0.369931;0.408558;ORGANIZING
2026.07.23 16:13:00;XAUUSDm;4049.451;0.471977;0.522892;0.870937;0.411391;0.929823;0.948057;0.178591;2.978311;35.748765;2.260194;0.260579;-40.673200;-0.369165;0.408743;ORGANIZING
2026.07.23 16:14:00;XAUUSDm;4050.278;0.597530;0.949440;1.319085;0.419697;0.931365;0.954356;0.192069;2.965676;35.763991;2.219139;0.260344;-40.248729;-0.370409;0.408442;ORGANIZING
2026.07.23 16:15:00;XAUUSDm;4049.260;0.461395;1.146706;1.213558;0.437420;0.927842;0.967811;0.187742;2.952924;35.779338;2.121169;0.259312;-40.356691;-0.373399;0.407720;ORGANIZING
2026.07.23 16:16:00;XAUUSDm;4048.360;0.622649;1.006937;1.680545;0.447339;0.943325;0.975751;0.201704;2.941890;35.794364;2.108749;0.262696;-39.905021;-0.373603;0.407671;ORGANIZING
2026.07.23 16:17:00;XAUUSDm;4048.121;0.445140;0.267123;1.546101;0.419462;0.952372;0.958009;0.198341;2.930613;35.808817;2.270462;0.268394;-39.987714;-0.368466;0.408912;ORGANIZING
2026.07.23 16:18:00;XAUUSDm;4048.305;0.567977;0.214798;1.972084;0.390181;0.977363;0.938939;0.209723;2.924614;35.822418;2.504897;0.277304;-39.531826;-0.360988;0.410720;ORGANIZING
2026.07.23 16:19:00;XAUUSDm;4046.634;0.432695;1.898518;1.814317;0.446051;0.994624;0.979864;0.207126;2.917952;35.836165;2.229846;0.278518;-39.723430;-0.369179;0.408739;ORGANIZING
2026.07.23 16:20:00;XAUUSDm;4049.453;0.592891;3.133545;2.258985;0.560533;1.000000;1.000000;0.219003;2.908981;35.850861;1.784017;0.271112;-39.408376;-0.382924;0.405422;ORGANIZING
2026.07.23 16:21:00;XAUUSDm;4049.348;0.461240;0.119321;2.078266;0.518472;1.000000;0.976841;0.217089;2.899605;35.865041;1.928744;0.275091;-39.538635;-0.378383;0.406517;ORGANIZING
2026.07.23 16:22:00;XAUUSDm;4050.341;0.527521;1.107196;2.473907;0.527908;1.000000;0.989002;0.226016;2.895482;35.879275;1.894268;0.274017;-39.176272;-0.379471;0.406254;ORGANIZING
2026.07.23 16:23:00;XAUUSDm;4050.345;0.450590;0.004599;2.275994;0.481743;1.000000;0.962458;0.224611;2.883715;35.892930;2.075796;0.278546;-39.315329;-0.373799;0.407623;ORGANIZING
2026.07.23 16:24:00;XAUUSDm;4048.659;0.478058;1.889330;2.093915;0.532122;1.000000;1.000000;0.222484;2.871789;35.906969;1.879267;0.275756;-39.533724;-0.379834;0.406167;ORGANIZING
2026.07.23 16:25:00;XAUUSDm;4049.566;0.427509;1.029161;1.926402;0.536974;1.000000;1.000000;0.219736;2.859724;35.920936;1.862287;0.276515;-39.690429;-0.380306;0.406053;ORGANIZING
2026.07.23 16:26:00;XAUUSDm;4049.662;0.443400;0.113387;1.772290;0.495795;1.000000;0.976659;0.216455;2.847536;35.934369;2.016963;0.280916;-39.785856;-0.375445;0.407226;ORGANIZING
2026.07.23 16:27:00;XAUUSDm;4049.883;0.432301;0.265772;1.630506;0.464294;1.000000;0.959354;0.212721;2.835240;35.947365;2.153809;0.284717;-39.877074;-0.371150;0.408263;ORGANIZING
2026.07.23 16:28:00;XAUUSDm;4050.357;0.435278;0.572339;1.500066;0.449696;1.000000;0.953254;0.208607;2.822850;35.960090;2.223724;0.287261;-39.972634;-0.368925;0.408801;ORGANIZING
2026.07.23 16:29:00;XAUUSDm;4050.129;0.430372;0.275942;1.380061;0.421008;0.999281;0.936849;0.204177;2.810379;35.972418;2.373543;0.290864;-40.043197;-0.364251;0.409931;ORGANIZING
2026.07.23 16:30:00;XAUUSDm;4050.333;0.427842;0.248744;1.269656;0.392409;0.994369;0.919912;0.199488;2.797839;35.984433;2.534009;0.293347;-40.107473;-0.359312;0.411126;ORGANIZING
2026.07.23 16:31:00;XAUUSDm;4050.194;0.454366;0.179517;1.168083;0.361877;0.985784;0.900980;0.194593;2.785241;35.996189;2.724084;0.294994;-40.163866;-0.353528;0.412527;ORGANIZING
2026.07.23 16:32:00;XAUUSDm;4049.749;0.441096;0.575322;1.074637;0.352834;0.973908;0.896393;0.189535;2.772594;36.007965;2.760243;0.293791;-40.236514;-0.352503;0.412776;ORGANIZING
2026.07.23 16:33:00;XAUUSDm;4049.229;0.503250;0.695671;1.452074;0.350498;0.978444;0.896001;0.198930;2.764543;36.019547;2.791585;0.295248;-39.866473;-0.351490;0.413021;ORGANIZING
2026.07.23 16:34:00;XAUUSDm;4048.316;0.424642;1.254569;1.335908;0.376132;0.977579;0.915514;0.194792;2.750888;36.031265;2.599029;0.294291;-39.985272;-0.357315;0.411610;ORGANIZING
2026.07.23 16:35:00;XAUUSDm;4049.107;0.542643;1.102378;1.742890;0.392893;0.992886;0.928872;0.205402;2.742427;36.042761;2.527114;0.297207;-39.595536;-0.359326;0.411123;ORGANIZING
2026.07.23 16:36:00;XAUUSDm;4048.561;0.512194;0.764235;2.127036;0.391602;1.000000;0.930298;0.214339;2.733180;36.054008;2.553610;0.299480;-39.213613;-0.358418;0.411343;ORGANIZING
2026.07.23 16:37:00;XAUUSDm;4048.274;0.548726;0.401174;2.538580;0.372081;1.000000;0.919281;0.224199;2.729439;36.065024;2.687587;0.300687;-38.805800;-0.354338;0.412331;ORGANIZING
2026.07.23 16:38:00;XAUUSDm;4050.377;0.427714;2.800714;2.335494;0.473513;1.000000;0.992978;0.223143;2.719426;36.076953;2.111876;0.292733;-39.100110;-0.372007;0.408056;ORGANIZING
2026.07.23 16:39:00;XAUUSDm;4050.187;0.424040;0.254739;2.148654;0.442574;1.000000;0.974950;0.221328;2.709172;36.088470;2.259509;0.296465;-39.243391;-0.367391;0.409171;ORGANIZING
2026.07.23 16:40:00;XAUUSDm;4049.742;0.491105;0.590640;1.976762;0.429977;1.000000;0.969245;0.218856;2.698448;36.099755;2.325704;0.298750;-39.387580;-0.365291;0.409679;ORGANIZING
2026.07.23 16:41:00;XAUUSDm;4049.939;0.454890;0.273186;1.818621;0.402138;1.000000;0.952543;0.215821;2.687553;36.110652;2.486710;0.302525;-39.500915;-0.360272;0.410894;ORGANIZING
2026.07.23 16:42:00;XAUUSDm;4050.228;0.596828;0.399271;2.266242;0.381994;1.000000;0.940732;0.227411;2.676191;36.121234;2.617840;0.304359;-39.044190;-0.356247;0.411868;ORGANIZING
2026.07.23 16:43:00;XAUUSDm;4050.282;0.716556;0.076851;2.803659;0.346737;1.000000;0.918456;0.242911;2.668087;36.131382;2.884029;0.306962;-38.496456;-0.348131;0.413836;ORGANIZING
2026.07.23 16:44:00;XAUUSDm;4049.908;0.438902;0.545603;2.579366;0.336681;1.000000;0.913908;0.241980;2.659601;36.141345;2.970175;0.308808;-38.701821;-0.345454;0.414485;ORGANIZING
2026.07.23 16:45:00;XAUUSDm;4050.558;0.442965;0.936195;2.373017;0.346656;1.000000;0.923157;0.240199;2.650769;36.151319;2.884702;0.308868;-38.906894;-0.348016;0.413864;ORGANIZING
2026.07.23 16:46:00;XAUUSDm;4050.027;0.478758;0.785456;2.183176;0.348596;1.000000;0.926745;0.237681;2.641624;36.161221;2.868648;0.309799;-39.085252;-0.348451;0.413758;ORGANIZING
2026.07.23 16:47:00;XAUUSDm;4050.137;0.504052;0.169142;2.561215;0.319624;1.000000;0.908547;0.244699;2.637723;36.170795;3.128681;0.312300;-38.694047;-0.340525;0.415682;ORGANIZING
2026.07.23 16:48:00;XAUUSDm;4049.392;0.442038;1.156437;2.356318;0.341464;1.000000;0.925788;0.242709;2.633097;36.180540;2.928565;0.310823;-38.917298;-0.346602;0.414207;ORGANIZING
2026.07.23 16:49:00;XAUUSDm;4049.207;0.442974;0.289053;2.167812;0.318844;1.000000;0.911997;0.239998;2.627809;36.190007;3.136333;0.313809;-39.076654;-0.340220;0.415756;ORGANIZING
2026.07.23 16:50:00;XAUUSDm;4048.507;0.431755;1.105915;1.994387;0.338197;1.000000;0.927184;0.236670;2.621918;36.199608;2.956854;0.312814;-39.260592;-0.345654;0.414437;ORGANIZING
2026.07.23 16:51:00;XAUUSDm;4048.900;0.436629;0.618839;1.834836;0.332229;1.000000;0.924676;0.232814;2.615476;36.209085;3.009969;0.314414;-39.403057;-0.343980;0.414843;ORGANIZING
2026.07.23 16:52:00;XAUUSDm;4049.136;0.454736;0.376816;1.688049;0.314459;1.000000;0.913649;0.228512;2.608532;36.218315;3.180068;0.317309;-39.518814;-0.338733;0.416117;ORGANIZING
2026.07.23 16:53:00;XAUUSDm;4048.885;0.481744;0.408821;1.553005;0.299177;1.000000;0.903978;0.223839;2.596499;36.227272;3.342505;0.320563;-39.614119;-0.333697;0.417341;ORGANIZING
2026.07.23 16:54:00;XAUUSDm;4049.063;0.447479;0.301777;1.428765;0.279307;1.000000;0.890735;0.218859;2.584445;36.235909;3.580292;0.324400;-39.693059;-0.326371;0.419124;ORGANIZING
2026.07.23 16:55:00;XAUUSDm;4050.478;0.434016;2.338302;1.314464;0.362257;0.996409;0.949060;0.213631;2.575807;36.245361;2.750561;0.316150;-39.875622;-0.351676;0.412976;ORGANIZING
2026.07.23 16:56:00;XAUUSDm;4050.298;0.430517;0.308346;1.209307;0.339633;0.988942;0.934112;0.208208;2.572105;36.254700;2.911797;0.316974;-39.956710;-0.346797;0.414159;ORGANIZING
2026.07.23 16:57:00;XAUUSDm;4051.788;0.424632;2.449288;1.112562;0.425337;0.977625;0.994431;0.202634;2.573505;36.265136;2.298474;0.305367;-40.152564;-0.365777;0.409562;ORGANIZING
2026.07.23 16:58:00;XAUUSDm;4050.856;0.460914;1.520094;1.023557;0.460522;0.963134;1.000000;0.196953;2.573757;36.276216;2.091396;0.298070;-40.291466;-0.372355;0.407972;ORGANIZING
2026.07.23 16:59:00;XAUUSDm;4051.304;0.436222;0.733416;0.941673;0.454904;0.946064;0.997563;0.191199;2.572958;36.287573;2.079700;0.293894;-40.383055;-0.372914;0.407837;ORGANIZING
2026.07.23 17:00:00;XAUUSDm;4051.419;0.430364;0.187964;0.866339;0.422636;0.926911;0.975919;0.185406;2.571197;36.298973;2.193167;0.291551;-40.441566;-0.369627;0.408631;ORGANIZING
2026.07.23 17:01:00;XAUUSDm;4053.799;0.423826;3.721425;0.797032;0.569037;0.905209;1.000000;0.179601;2.568557;36.312245;1.590774;0.272884;-40.675358;-0.388633;0.404047;ORGANIZING
2026.07.23 17:02:00;XAUUSDm;4052.551;0.428009;1.918878;0.733269;0.618425;0.881732;1.000000;0.173809;2.571044;36.326505;1.425771;0.262164;-40.819636;-0.394119;0.402726;ORGANIZING
2026.07.23 17:03:00;XAUUSDm;4053.087;0.426665;0.822288;0.674608;0.610983;0.857032;0.999863;0.168052;2.579479;36.341269;1.402709;0.255182;-40.915676;-0.395160;0.402476;ORGANIZING
2026.07.23 17:04:00;XAUUSDm;4051.655;0.432092;2.156821;0.620639;0.671135;0.831048;1.000000;0.162348;2.586169;36.357221;1.238273;0.243021;-41.073703;-0.400701;0.401144;ORGANIZING
2026.07.23 17:05:00;XAUUSDm;4052.665;0.429931;1.521588;0.570988;0.697036;0.804180;1.000000;0.156713;2.591259;36.374021;1.153714;0.233434;-41.191832;-0.403717;0.400420;ORGANIZING
2026.07.23 17:06:00;XAUUSDm;4050.514;0.470393;3.122822;0.525309;0.802242;0.776262;1.000000;0.151161;2.594881;36.392467;0.967615;0.218771;-41.385223;-0.410033;0.398904;ORGANIZING
2026.07.23 17:07:00;XAUUSDm;4049.045;0.441098;2.059153;0.483284;0.849562;0.747770;1.000000;0.145704;2.602686;36.412034;0.880182;0.207832;-41.527323;-0.413203;0.398144;ORGANIZING
2026.07.23 17:08:00;XAUUSDm;4048.371;0.443156;0.931969;0.444621;0.838727;0.719156;1.000000;0.140352;2.608790;36.432126;0.857437;0.200441;-41.605359;-0.414255;0.397892;ORGANIZING
2026.07.23 17:09:00;XAUUSDm;4048.144;0.442337;0.326939;0.409052;0.798755;0.690704;0.981355;0.135113;2.613333;36.452433;0.864725;0.194718;-41.648325;-0.414322;0.397876;ORGANIZING
2026.07.23 17:10:00;XAUUSDm;4048.743;0.531035;0.921652;0.807328;0.791086;0.682533;0.983995;0.148271;2.612137;36.472814;0.862781;0.192182;-41.294855;-0.414507;0.397832;ORGANIZING
2026.07.23 17:11:00;XAUUSDm;4047.989;0.446017;1.137426;0.742742;0.794752;0.671240;0.994554;0.144087;2.609997;36.493437;0.844591;0.189144;-41.382376;-0.415205;0.397665;ORGANIZING
2026.07.23 17:12:00;XAUUSDm;4047.573;0.433413;0.638664;0.683322;0.773523;0.658080;0.987141;0.139854;2.606995;36.514080;0.850757;0.186935;-41.439898;-0.415131;0.397683;ORGANIZING
2026.07.23 17:13:00;XAUUSDm;4047.944;0.445131;0.563231;0.628657;0.749847;0.643355;0.977199;0.135594;2.603203;36.534744;0.857982;0.184414;-41.490174;-0.415040;0.397704;ORGANIZING
2026.07.23 17:14:00;XAUUSDm;4047.253;0.431125;1.081716;0.578364;0.753573;0.627201;0.985603;0.131329;2.598691;36.555722;0.832304;0.180044;-41.563771;-0.416029;0.397467;ORGANIZING
2026.07.23 17:15:00;XAUUSDm;4048.670;0.431248;2.183359;0.532095;0.812518;0.609600;1.000000;0.127076;2.593521;36.577591;0.750260;0.172539;-41.689609;-0.418865;0.396788;ORGANIZING
2026.07.23 17:16:00;XAUUSDm;4048.935;0.436699;0.406205;0.489527;0.780011;0.591214;0.983665;0.122851;2.587752;36.599444;0.757956;0.169372;-41.719918;-0.418793;0.396806;ORGANIZING
2026.07.23 17:17:00;XAUUSDm;4046.911;0.421522;2.939980;0.450365;0.876185;0.571615;1.000000;0.118666;2.581435;36.622588;0.652391;0.159835;-41.876995;-0.422437;0.395934;ORGANIZING
2026.07.23 17:18:00;XAUUSDm;4047.653;0.424801;1.069472;0.414336;0.874417;0.551470;1.000000;0.114534;2.574620;36.646049;0.630672;0.154752;-41.932969;-0.423342;0.395717;ORGANIZING
2026.07.23 17:19:00;XAUUSDm;4046.671;0.422147;1.385284;0.381189;0.888931;0.530854;1.000000;0.110465;2.567352;36.669995;0.597183;0.148834;-42.002516;-0.424643;0.395406;ORGANIZING
2026.07.23 17:20:00;XAUUSDm;4048.680;0.426907;2.696717;0.350694;0.968703;0.509590;1.000000;0.106467;2.559671;36.695087;0.526054;0.140196;-42.135782;-0.427209;0.394793;ORGANIZING
2026.07.23 17:21:00;XAUUSDm;4049.274;0.424780;0.787715;0.322638;0.949462;0.488301;0.996296;0.102546;2.551617;36.720332;0.514293;0.135503;-42.167179;-0.427796;0.394653;ORGANIZING
2026.07.23 17:22:00;XAUUSDm;4048.468;0.425418;1.058715;0.296827;0.945158;0.467019;1.000000;0.098709;2.543223;36.745875;0.494117;0.130194;-42.211052;-0.428667;0.394445;AGING
2026.07.23 17:23:00;XAUUSDm;4049.177;0.426226;0.926700;0.273081;0.934895;0.445865;1.000000;0.094961;2.534522;36.771652;0.476914;0.125089;-42.246568;-0.429438;0.394261;AGING
2026.07.23 17:24:00;XAUUSDm;4048.674;0.428775;0.664570;0.251235;0.912462;0.424980;0.991584;0.091305;2.525544;36.797532;0.465752;0.120415;-42.267477;-0.430007;0.394125;AGING
2026.07.23 17:25:00;XAUUSDm;4048.390;0.426463;0.380320;0.231136;0.877355;0.404495;0.973385;0.087745;2.516315;36.823379;0.461039;0.116187;-42.273222;-0.430359;0.394040;AGING
2026.07.23 17:26:00;XAUUSDm;4048.024;0.432494;0.492505;0.212645;0.850023;0.384424;0.959625;0.084282;2.506860;36.849259;0.452252;0.111713;-42.284497;-0.430847;0.393924;AGING
2026.07.23 17:27:00;XAUUSDm;4047.833;0.418987;0.257683;0.195633;0.812717;0.364865;0.938007;0.080919;2.497202;36.875061;0.448944;0.107603;-42.283522;-0.431152;0.393851;AGING
2026.07.23 17:28:00;XAUUSDm;4048.147;0.686433;0.445112;0.710458;0.787040;0.371063;0.923588;0.102614;2.487374;36.900384;0.471467;0.109879;-41.785879;-0.430362;0.394040;AGING
2026.07.23 17:29:00;XAUUSDm;4047.399;0.461309;1.043818;0.653622;0.792457;0.373347;0.931388;0.100325;2.477383;36.925616;0.471126;0.110780;-41.846521;-0.430327;0.394048;AGING
2026.07.23 17:30:00;XAUUSDm;4047.957;0.455800;0.776229;0.601332;0.784179;0.373247;0.929468;0.097923;2.467056;36.950663;0.475971;0.111445;-41.890223;-0.430149;0.394091;AGING
2026.07.23 17:31:00;XAUUSDm;4047.972;0.999851;0.020973;1.351220;0.738554;0.405852;0.901098;0.130522;2.460806;36.974540;0.549522;0.121882;-41.138676;-0.427420;0.394743;ORGANIZING
2026.07.23 17:32:00;XAUUSDm;4047.854;0.545192;0.165777;1.760114;0.701798;0.451623;0.879930;0.144440;2.459269;36.997118;0.643523;0.136627;-40.694598;-0.423863;0.395593;ORGANIZING
2026.07.23 17:33:00;XAUUSDm;4047.637;0.532712;0.303471;2.159648;0.672849;0.509259;0.864810;0.157195;2.462283;37.018284;0.756870;0.154681;-40.261182;-0.419560;0.396622;ORGANIZING
2026.07.23 17:34:00;XAUUSDm;4047.522;0.548619;0.161999;2.571113;0.637121;0.577728;0.845713;0.169908;2.469899;37.037800;0.906778;0.176302;-39.805696;-0.413982;0.397958;ORGANIZING
2026.07.23 17:35:00;XAUUSDm;4045.056;0.415535;3.304744;2.365424;0.758948;0.635022;0.937726;0.171698;2.475883;37.057448;0.836714;0.186413;-40.111110;-0.415578;0.397575;ORGANIZING
2026.07.23 17:36:00;XAUUSDm;4044.986;0.415461;0.094982;2.176190;0.713049;0.682967;0.914239;0.172574;2.480370;37.075722;0.957811;0.202902;-40.235504;-0.411121;0.398643;ORGANIZING
2026.07.23 17:37:00;XAUUSDm;4045.255;0.428900;0.363435;2.002095;0.681909;0.722352;0.901001;0.172650;2.483486;37.092929;1.059308;0.216400;-40.362664;-0.407401;0.399536;ORGANIZING
2026.07.23 17:38:00;XAUUSDm;4045.148;0.421741;0.147099;1.841927;0.640722;0.754012;0.880658;0.172026;2.485344;37.109110;1.176816;0.228621;-40.468633;-0.403264;0.400528;ORGANIZING
2026.07.23 17:39:00;XAUUSDm;4044.660;0.426380;0.665340;1.694573;0.626872;0.778588;0.879142;0.170793;2.486051;37.124667;1.242020;0.237106;-40.592066;-0.400884;0.401100;ORGANIZING
2026.07.23 17:40:00;XAUUSDm;4042.707;0.418081;2.574751;1.559007;0.708694;0.796405;0.944466;0.169031;2.485704;37.140683;1.123763;0.236784;-40.803436;-0.404448;0.400244;ORGANIZING
2026.07.23 17:41:00;XAUUSDm;4044.640;0.420071;2.448943;1.434286;0.779779;0.808160;1.000000;0.166816;2.484392;37.157162;1.036396;0.235547;-40.996910;-0.407131;0.399600;ORGANIZING
2026.07.23 17:42:00;XAUUSDm;4044.404;0.421577;0.298992;1.319544;0.739576;0.814919;0.981303;0.164212;2.482197;37.173081;1.101873;0.240674;-41.071013;-0.404910;0.400133;ORGANIZING
2026.07.23 17:43:00;XAUUSDm;4044.609;0.424421;0.260020;1.213980;0.699300;0.817246;0.961806;0.161280;2.479195;37.188521;1.168663;0.244701;-41.137544;-0.402705;0.400663;ORGANIZING
2026.07.23 17:44:00;XAUUSDm;4042.951;0.423526;2.026895;1.116862;0.749335;0.815276;1.000000;0.158072;2.475455;37.204463;1.088000;0.241002;-41.288714;-0.405310;0.400037;ORGANIZING
2026.07.23 17:45:00;XAUUSDm;4043.660;0.425272;0.881972;1.027513;0.739661;0.809754;1.000000;0.154635;2.471042;37.220375;1.094763;0.240616;-41.374125;-0.405126;0.400081;ORGANIZING
2026.07.23 17:46:00;XAUUSDm;4043.740;0.426558;0.099766;0.945312;0.691471;0.801290;0.973904;0.151014;2.466013;37.235924;1.158819;0.242192;-41.414848;-0.403126;0.400562;ORGANIZING
2026.07.23 17:47:00;XAUUSDm;4043.681;0.427108;0.076300;0.869687;0.644687;0.790281;0.947773;0.147244;2.460424;37.251170;1.225838;0.242987;-41.451225;-0.401076;0.401054;ORGANIZING
2026.07.23 17:48:00;XAUUSDm;4043.750;0.427136;0.091270;0.800112;0.601210;0.777080;0.922949;0.143361;2.449018;37.266130;1.292527;0.243325;-41.474907;-0.399058;0.401539;ORGANIZING
2026.07.23 17:49:00;XAUUSDm;4044.192;0.430156;0.584749;0.736103;0.584846;0.761899;0.916130;0.139393;2.437598;37.281117;1.302736;0.240967;-41.521943;-0.398870;0.401584;ORGANIZING
2026.07.23 17:50:00;XAUUSDm;4044.045;0.428293;0.194311;0.677215;0.550081;0.745131;0.895745;0.135368;2.426169;37.295977;1.354584;0.239467;-41.546786;-0.397389;0.401940;ORGANIZING
2026.07.23 17:51:00;XAUUSDm;4043.773;0.427578;0.380760;0.623037;0.526712;0.726999;0.882458;0.131308;2.421320;37.310917;1.380258;0.236089;-41.592850;-0.396788;0.402084;ORGANIZING
2026.07.23 17:52:00;XAUUSDm;4042.639;0.426152;1.592518;0.573194;0.565463;0.707465;0.911906;0.127235;2.421082;37.326633;1.251126;0.227205;-41.708072;-0.401106;0.401047;ORGANIZING
2026.07.23 17:53:00;XAUUSDm;4042.857;0.427394;0.308904;0.527339;0.538485;0.687075;0.895254;0.123166;2.425300;37.342530;1.275941;0.222574;-41.763533;-0.400593;0.401170;ORGANIZING
2026.07.23 17:54:00;XAUUSDm;4043.117;0.430295;0.381075;0.485152;0.516873;0.666007;0.881569;0.119117;2.434033;37.358719;1.288530;0.216939;-41.830734;-0.400497;0.401193;ORGANIZING
2026.07.23 17:55:00;XAUUSDm;4043.606;0.446371;0.727830;0.446340;0.514101;0.644352;0.880357;0.115102;2.441054;37.375383;1.253356;0.209869;-41.911105;-0.401906;0.400855;ORGANIZING
2026.07.23 17:56:00;XAUUSDm;4042.634;0.439651;1.499352;0.410632;0.550477;0.622087;0.906051;0.111132;2.446504;37.392911;1.130088;0.200149;-42.025941;-0.406090;0.399850;ORGANIZING
2026.07.23 17:57:00;XAUUSDm;4042.457;0.437691;0.284365;0.377782;0.524729;0.599668;0.888181;0.107218;2.450515;37.410670;1.142815;0.194542;-42.073415;-0.405988;0.399874;ORGANIZING
2026.07.23 17:58:00;XAUUSDm;4042.812;0.441773;0.576243;0.347559;0.515312;0.577142;0.881016;0.103368;2.453206;37.428813;1.119987;0.187879;-42.132571;-0.407006;0.399630;ORGANIZING
2026.07.23 17:59:00;XAUUSDm;4041.855;0.439118;1.517458;0.319755;0.553876;0.554388;0.906909;0.099590;2.454688;37.447810;1.000924;0.178366;-42.236100;-0.411054;0.398659;ORGANIZING
2026.07.23 18:00:00;XAUUSDm;4042.990;0.546259;1.769622;0.729449;0.603576;0.551927;0.940590;0.115095;2.450710;37.467315;0.914430;0.174144;-41.921125;-0.413860;0.397987;ORGANIZING
2026.07.23 18:01:00;XAUUSDm;4042.504;0.444384;0.764127;0.671093;0.600565;0.546250;0.938442;0.112258;2.446089;37.486856;0.909560;0.172923;-41.986772;-0.414067;0.397937;ORGANIZING
2026.07.23 18:02:00;XAUUSDm;4042.684;0.449490;0.285126;0.617406;0.573868;0.538643;0.919505;0.109330;2.440880;37.506231;0.938618;0.172417;-42.024469;-0.413221;0.398140;ORGANIZING
2026.07.23 18:03:00;XAUUSDm;4043.267;0.454900;0.917330;0.568013;0.580268;0.529232;0.923256;0.106333;2.435135;37.525800;0.912047;0.169531;-42.091759;-0.414162;0.397915;ORGANIZING
2026.07.23 18:04:00;XAUUSDm;4041.687;0.456802;2.418417;0.522572;0.661591;0.517924;0.979308;0.103288;2.428902;37.546347;0.782847;0.162166;-42.231822;-0.418406;0.396898;ORGANIZING
2026.07.23 18:05:00;XAUUSDm;4041.944;0.449799;0.407859;0.480766;0.638546;0.505461;0.962922;0.100214;2.422225;37.566845;0.791581;0.159906;-42.264042;-0.418257;0.396934;ORGANIZING
2026.07.23 18:06:00;XAUUSDm;4043.648;0.746838;2.586128;1.040895;0.725816;0.518530;1.000000;0.123210;2.411070;37.587843;0.714410;0.159054;-41.822794;-0.420615;0.396370;ORGANIZING
2026.07.23 18:07:00;XAUUSDm;4043.214;0.494383;0.692075;0.957623;0.713758;0.526423;0.993535;0.121213;2.399894;37.608452;0.737537;0.162734;-41.880377;-0.419737;0.396580;ORGANIZING
2026.07.23 18:08:00;XAUUSDm;4043.962;0.572077;1.192564;1.386681;0.727170;0.551878;1.000000;0.136605;2.393760;37.628623;0.758939;0.169416;-41.477965;-0.418761;0.396813;ORGANIZING
2026.07.23 18:09:00;XAUUSDm;4043.424;0.466588;0.870071;1.275747;0.723277;0.570941;1.000000;0.135322;2.387188;37.648309;0.789381;0.175902;-41.569917;-0.417523;0.397110;ORGANIZING
2026.07.23 18:10:00;XAUUSDm;4043.071;0.458455;0.603192;1.173687;0.705854;0.584943;0.990848;0.133659;2.380216;37.667471;0.828702;0.181675;-41.642445;-0.416055;0.397461;ORGANIZING
2026.07.23 18:11:00;XAUUSDm;4043.316;0.494331;0.423700;1.079792;0.680048;0.594461;0.975676;0.131670;2.372883;37.686111;0.874146;0.186667;-41.701013;-0.414442;0.397847;ORGANIZING
2026.07.23 18:12:00;XAUUSDm;4043.535;0.461018;0.386584;0.993408;0.653485;0.599998;0.959666;0.129406;2.365221;37.704298;0.918151;0.190590;-41.753630;-0.412926;0.398211;ORGANIZING
2026.07.23 18:13:00;XAUUSDm;4042.410;0.496611;1.957134;0.913936;0.706668;0.601665;0.999107;0.126909;2.357260;37.722904;0.851411;0.188560;-41.882311;-0.415030;0.397707;ORGANIZING
2026.07.23 18:14:00;XAUUSDm;4042.022;0.456099;0.677706;0.840821;0.693186;0.600189;0.992299;0.124220;2.349031;37.741323;0.865841;0.189547;-41.940000;-0.414547;0.397822;ORGANIZING
2026.07.23 18:15:00;XAUUSDm;4041.943;0.448501;0.138982;0.773555;0.653472;0.596077;0.966781;0.121372;2.340558;37.759341;0.912169;0.191332;-41.967041;-0.413068;0.398177;ORGANIZING
2026.07.23 18:16:00;XAUUSDm;4043.273;0.481406;2.263059;0.711671;0.722030;0.589189;1.000000;0.118398;2.331865;37.778096;0.816018;0.185730;-42.099792;-0.416233;0.397419;ORGANIZING
2026.07.23 18:17:00;XAUUSDm;4042.999;0.491800;0.464911;0.654737;0.697390;0.580289;0.985416;0.115324;2.322976;37.796694;0.832087;0.185060;-42.135658;-0.415784;0.397526;ORGANIZING
2026.07.23 18:18:00;XAUUSDm;4043.987;0.459678;1.638909;0.602358;0.732861;0.569391;1.000000;0.112177;2.313909;37.815774;0.776944;0.180247;-42.229057;-0.417679;0.397072;ORGANIZING
2026.07.23 18:19:00;XAUUSDm;4042.940;0.462091;1.719720;0.554170;0.770816;0.556759;1.000000;0.108978;2.304683;37.835394;0.722298;0.174835;-42.322604;-0.419589;0.396615;ORGANIZING
2026.07.23 18:20:00;XAUUSDm;4042.818;0.620237;0.203299;1.019348;0.731305;0.565932;0.975930;0.126788;2.296059;37.854349;0.773866;0.179425;-41.846067;-0.417813;0.397040;ORGANIZING
2026.07.23 18:21:00;XAUUSDm;4041.577;0.466474;1.986808;0.937800;0.782761;0.570122;1.000000;0.124526;2.287246;37.873647;0.728347;0.178468;-41.972029;-0.419226;0.396702;ORGANIZING
2026.07.23 18:22:00;XAUUSDm;4041.034;0.452941;0.857657;0.862776;0.775104;0.570933;0.999376;0.122051;2.278263;37.892762;0.736590;0.179798;-42.034784;-0.418912;0.396777;ORGANIZING
2026.07.23 18:23:00;XAUUSDm;4041.490;0.455267;0.714846;0.793754;0.760672;0.568801;0.993690;0.119399;2.269129;37.911684;0.747761;0.180617;-42.086858;-0.418536;0.396867;ORGANIZING
2026.07.23 18:24:00;XAUUSDm;4041.984;0.550768;0.765322;1.206829;0.749529;0.584762;0.989876;0.134083;2.264626;37.930130;0.780173;0.185743;-41.685486;-0.417308;0.397161;ORGANIZING
2026.07.23 18:25:00;XAUUSDm;4041.845;0.751527;0.232077;1.770475;0.711961;0.621769;0.968046;0.155561;2.266200;37.947476;0.873320;0.198412;-41.110716;-0.413880;0.397982;ORGANIZING
2026.07.23 18:26:00;XAUUSDm;4042.954;0.481394;1.789518;1.628837;0.753403;0.650540;1.000000;0.154865;2.260749;37.964607;0.863468;0.205281;-41.269861;-0.413832;0.397994;ORGANIZING
2026.07.23 18:27:00;XAUUSDm;4043.539;0.539011;0.934445;2.033095;0.749444;0.693035;1.000000;0.167335;2.260200;37.980843;0.924731;0.218143;-40.859226;-0.411351;0.398588;ORGANIZING
2026.07.23 18:28:00;XAUUSDm;4045.032;0.465320;2.283713;1.870447;0.812297;0.726750;1.000000;0.167100;2.253736;37.996968;0.894684;0.224782;-41.053742;-0.411920;0.398452;ORGANIZING
2026.07.23 18:29:00;XAUUSDm;4044.702;0.460242;0.507224;1.720811;0.782509;0.753252;0.988601;0.166227;2.246918;38.012197;0.962612;0.235711;-41.146933;-0.409336;0.399071;ORGANIZING
2026.07.23 18:30:00;XAUUSDm;4047.097;0.441625;3.631869;1.583146;0.909912;0.772638;1.000000;0.164799;2.239778;38.028241;0.849135;0.233109;-41.391523;-0.412870;0.398224;ORGANIZING
2026.07.23 18:31:00;XAUUSDm;4046.604;0.443938;0.781746;1.456495;0.888050;0.786173;0.998129;0.162892;2.232346;38.043722;0.885279;0.239447;-41.479581;-0.411469;0.398560;ORGANIZING
2026.07.23 18:32:00;XAUUSDm;4045.645;0.450197;1.486591;1.339975;0.902254;0.794327;1.000000;0.160573;2.224650;38.059104;0.880380;0.241622;-41.597503;-0.411507;0.398551;ORGANIZING
2026.07.23 18:33:00;XAUUSDm;4045.906;0.444089;0.403887;1.232777;0.861449;0.797906;0.984756;0.157904;2.216715;38.073928;0.926237;0.246566;-41.653933;-0.409885;0.398940;ORGANIZING
2026.07.23 18:34:00;XAUUSDm;4045.618;0.443845;0.465402;1.134155;0.825689;0.797419;0.972105;0.154940;2.208565;38.088322;0.965762;0.250038;-41.709447;-0.408525;0.399266;ORGANIZING
2026.07.23 18:35:00;XAUUSDm;4045.475;0.443909;0.235391;1.043423;0.780225;0.793398;0.951743;0.151730;2.200221;38.102259;1.016883;0.253306;-41.749565;-0.406828;0.399673;ORGANIZING
2026.07.23 18:36:00;XAUUSDm;4046.409;0.444894;1.495405;0.959949;0.800116;0.786006;0.976082;0.148317;2.191703;38.116457;0.982364;0.250309;-41.850658;-0.408014;0.399389;ORGANIZING
2026.07.23 18:37:00;XAUUSDm;4045.730;0.446263;1.065968;0.883153;0.797689;0.775760;0.984419;0.144741;2.183028;38.130749;0.972510;0.248207;-41.925063;-0.408414;0.399292;ORGANIZING
2026.07.23 18:38:00;XAUUSDm;4045.396;0.457123;0.520022;0.812501;0.768290;0.763165;0.973231;0.141036;2.174215;38.144910;0.993328;0.247496;-41.968038;-0.407825;0.399434;ORGANIZING
2026.07.23 18:39:00;XAUUSDm;4045.495;0.447174;0.155802;0.747501;0.722403;0.748638;0.949557;0.137235;2.165277;38.158814;1.036317;0.247491;-41.990102;-0.406536;0.399743;ORGANIZING
2026.07.23 18:40:00;XAUUSDm;4045.589;0.446139;0.148181;0.687701;0.678719;0.732482;0.926312;0.133363;2.157767;38.172530;1.079213;0.246640;-42.013325;-0.405292;0.400042;ORGANIZING
2026.07.23 18:41:00;XAUUSDm;4046.053;0.441673;0.727045;0.632685;0.666485;0.714834;0.924006;0.129446;2.150029;38.186398;1.072543;0.242649;-42.064314;-0.405691;0.399946;ORGANIZING
2026.07.23 18:42:00;XAUUSDm;4045.911;0.441096;0.229640;0.582070;0.630347;0.696066;0.904234;0.125504;2.142086;38.200201;1.104260;0.240194;-42.087592;-0.404863;0.400145;ORGANIZING
2026.07.23 18:43:00;XAUUSDm;4046.049;0.441495;0.223750;0.535504;0.596095;0.676400;0.884809;0.121557;2.133958;38.213974;1.134718;0.237199;-42.109195;-0.404098;0.400328;ORGANIZING
2026.07.23 18:44:00;XAUUSDm;4046.372;0.441834;0.522637;0.492664;0.578894;0.655962;0.876388;0.117621;2.130430;38.227948;1.133129;0.232039;-42.154319;-0.404404;0.400255;ORGANIZING
2026.07.23 18:45:00;XAUUSDm;4046.654;0.441305;0.459373;0.453251;0.559799;0.634951;0.865909;0.113711;2.132950;38.242176;1.134247;0.226246;-42.207096;-0.404660;0.400193;ORGANIZING
2026.07.23 18:46:00;XAUUSDm;4046.966;0.442916;0.519411;0.416991;0.545081;0.613513;0.857761;0.109838;2.134404;38.256701;1.125544;0.219950;-42.259763;-0.405236;0.400055;ORGANIZING
2026.07.23 18:47:00;XAUUSDm;4047.946;0.442405;1.589000;0.383631;0.585006;0.591535;0.887199;0.106014;2.140226;38.272122;1.011159;0.208931;-42.374444;-0.409219;0.399099;ORGANIZING
2026.07.23 18:48:00;XAUUSDm;4047.585;0.446807;0.585222;0.352941;0.573187;0.569412;0.880340;0.102248;2.144700;38.287913;0.993415;0.201909;-42.432644;-0.410102;0.398888;ORGANIZING
2026.07.23 18:49:00;XAUUSDm;4047.194;0.447078;0.645705;0.324706;0.565424;0.547242;0.875707;0.098548;2.147938;38.304102;0.967844;0.194616;-42.490549;-0.411234;0.398616;ORGANIZING
2026.07.23 18:50:00;XAUUSDm;4046.964;0.623900;0.391529;0.792631;0.545785;0.548236;0.862210;0.117016;2.145103;38.320046;1.004491;0.195247;-42.049204;-0.410103;0.398887;ORGANIZING
2026.07.23 18:51:00;XAUUSDm;4046.777;0.573271;0.321604;1.222584;0.523611;0.566893;0.847384;0.132663;2.136717;38.335311;1.082660;0.202970;-41.608206;-0.407372;0.399543;ORGANIZING
2026.07.23 18:52:00;XAUUSDm;4046.947;0.453603;0.292468;1.124777;0.500716;0.579988;0.832605;0.130920;2.128185;38.350001;1.158318;0.210154;-41.664163;-0.404743;0.400173;ORGANIZING
2026.07.23 18:53:00;XAUUSDm;4046.349;0.488398;1.028269;1.034795;0.515494;0.588624;0.844036;0.128874;2.119524;38.364578;1.141865;0.212969;-41.753449;-0.405096;0.400089;ORGANIZING
2026.07.23 18:54:00;XAUUSDm;4046.294;0.470127;0.099808;0.952011;0.482937;0.593491;0.822498;0.126569;2.110748;38.378645;1.228920;0.218175;-41.790714;-0.402224;0.400778;ORGANIZING
2026.07.23 18:55:00;XAUUSDm;4046.980;0.450771;1.225788;0.875850;0.508210;0.594777;0.841043;0.124049;2.101870;38.392851;1.170338;0.217538;-41.882270;-0.404013;0.400349;ORGANIZING
2026.07.23 18:56:00;XAUUSDm;4046.467;0.792240;0.957411;1.470031;0.518774;0.620819;0.849458;0.147555;2.096462;38.406587;1.196704;0.224707;-41.322544;-0.402864;0.400625;ORGANIZING
2026.07.23 18:57:00;XAUUSDm;4045.624;0.641716;1.549632;1.951318;0.557901;0.662777;0.879129;0.164242;2.096661;38.419877;1.187983;0.235127;-40.885488;-0.402604;0.400687;ORGANIZING
2026.07.23 18:58:00;XAUUSDm;4045.525;0.605317;0.186434;2.405306;0.526072;0.718117;0.860633;0.178729;2.102106;38.431796;1.365054;0.255839;-40.396115;-0.396256;0.402212;ORGANIZING
2026.07.23 18:59:00;XAUUSDm;4045.941;0.479029;0.787014;2.212882;0.524757;0.763564;0.864312;0.179414;2.106249;38.442835;1.455082;0.271690;-40.562472;-0.392763;0.403052;ORGANIZING
2026.07.23 19:00:00;XAUUSDm;4047.585;0.439952;2.965368;2.035851;0.631516;0.800029;0.944128;0.179295;2.109199;38.454241;1.266839;0.273982;-40.826865;-0.398296;0.401722;ORGANIZING
2026.07.23 19:01:00;XAUUSDm;4047.734;0.442028;0.269693;1.872983;0.597424;0.828826;0.926798;0.178473;2.111056;38.464750;1.387332;0.287094;-40.939424;-0.394025;0.402749;ORGANIZING
2026.07.23 19:02:00;XAUUSDm;4047.851;0.440027;0.212557;1.723144;0.561604;0.850705;0.908046;0.177042;2.111912;38.474471;1.514776;0.298435;-41.040132;-0.389635;0.403805;ORGANIZING
2026.07.23 19:03:00;XAUUSDm;4046.643;0.466433;2.188009;1.585293;0.625910;0.865973;0.959041;0.175082;2.111850;38.484529;1.383541;0.297295;-41.233038;-0.393629;0.402844;ORGANIZING
2026.07.23 19:04:00;XAUUSDm;4045.248;0.448068;2.437788;1.458469;0.699185;0.875246;1.000000;0.172669;2.110949;38.495125;1.251810;0.293431;-41.427830;-0.397774;0.401847;ORGANIZING
2026.07.23 19:05:00;XAUUSDm;4045.967;0.460350;1.228976;1.341792;0.708170;0.879397;1.000000;0.169870;2.109279;38.505712;1.241789;0.294377;-41.550991;-0.398028;0.401786;ORGANIZING
2026.07.23 19:06:00;XAUUSDm;4045.938;0.449377;0.051876;1.234448;0.657767;0.879235;0.972761;0.166743;2.106908;38.515774;1.336697;0.299935;-41.607159;-0.394902;0.402538;ORGANIZING
2026.07.23 19:07:00;XAUUSDm;4045.960;0.438757;0.039713;1.135693;0.609280;0.875271;0.945940;0.163344;2.103894;38.525400;1.436567;0.304281;-41.658192;-0.391689;0.403311;ORGANIZING
2026.07.23 19:08:00;XAUUSDm;4045.313;0.438983;1.182469;1.044837;0.620434;0.867725;0.959936;0.159720;2.100293;38.535253;1.398578;0.301247;-41.763150;-0.392980;0.403000;ORGANIZING
2026.07.23 19:09:00;XAUUSDm;4043.499;0.435720;3.224889;0.961250;0.733302;0.856597;1.000000;0.155913;2.096157;38.546416;1.168137;0.286932;-41.966010;-0.400609;0.401166;ORGANIZING
2026.07.23 19:10:00;XAUUSDm;4043.935;0.437561;0.766553;0.884350;0.717832;0.842874;0.997286;0.151962;2.086594;38.557602;1.174193;0.285103;-42.025323;-0.400519;0.401188;ORGANIZING
2026.07.23 19:11:00;XAUUSDm;4044.251;0.375791;0.574253;0.813602;0.693796;0.826963;0.987799;0.147902;2.080250;38.568804;1.191939;0.283018;-42.078339;-0.400091;0.401290;ORGANIZING
2026.07.23 19:12:00;XAUUSDm;4043.654;0.372442;1.082777;0.748514;0.696706;0.809078;0.996300;0.143761;2.073612;38.580325;1.161291;0.277645;-42.154185;-0.401279;0.401005;ORGANIZING
2026.07.23 19:13:00;XAUUSDm;4043.433;0.378642;0.404273;0.688633;0.665903;0.789683;0.980610;0.139567;2.066705;38.591858;1.185884;0.274943;-42.191989;-0.400676;0.401150;ORGANIZING
2026.07.23 19:14:00;XAUUSDm;4043.356;0.381647;0.143038;0.633542;0.623966;0.769105;0.956180;0.135343;2.059557;38.603311;1.232608;0.272842;-42.214428;-0.399380;0.401461;ORGANIZING
2026.07.23 19:15:00;XAUUSDm;4044.530;0.387178;2.100104;0.582859;0.682391;0.747123;1.000000;0.131110;2.052189;38.615714;1.094861;0.260713;-42.334721;-0.404119;0.400323;ORGANIZING
2026.07.23 19:16:00;XAUUSDm;4045.105;0.412486;1.048619;0.536230;0.685760;0.724232;1.000000;0.126886;2.051266;38.628600;1.056102;0.252882;-42.410201;-0.405673;0.399950;ORGANIZING
2026.07.23 19:17:00;XAUUSDm;4045.335;0.628095;0.424950;1.007302;0.658234;0.724025;0.984314;0.144095;2.050450;38.641206;1.099950;0.253796;-41.957204;-0.404312;0.400277;ORGANIZING
2026.07.23 19:18:00;XAUUSDm;4044.826;0.464741;0.975918;0.926718;0.659638;0.719572;0.989064;0.140920;2.054983;38.653961;1.090858;0.251991;-42.059116;-0.404675;0.400190;ORGANIZING
2026.07.23 19:19:00;XAUUSDm;4045.074;0.441117;0.476996;0.852580;0.636115;0.712313;0.976074;0.137581;2.058311;38.666659;1.119787;0.251522;-42.129664;-0.403830;0.400392;ORGANIZING
2026.07.23 19:20:00;XAUUSDm;4045.811;0.393185;1.514093;0.784374;0.665767;0.702384;0.999720;0.134112;2.060535;38.679874;1.054999;0.245553;-42.248177;-0.406072;0.399854;ORGANIZING
2026.07.23 19:21:00;XAUUSDm;4046.990;0.449495;2.355738;0.721624;0.736218;0.689947;1.000000;0.130544;2.061745;38.694055;0.937150;0.235597;-42.403281;-0.410106;0.398887;ORGANIZING
2026.07.23 19:22:00;XAUUSDm;4046.518;0.406421;0.961813;0.663894;0.733699;0.675662;1.000000;0.126903;2.062029;38.708499;0.920899;0.231183;-42.480506;-0.410814;0.398717;ORGANIZING
2026.07.23 19:23:00;XAUUSDm;4046.900;0.639661;0.774596;1.143640;0.722231;0.683408;0.996552;0.144545;2.056136;38.722614;0.946246;0.233811;-42.019159;-0.409922;0.398931;ORGANIZING
2026.07.23 19:24:00;XAUUSDm;4047.899;0.376947;1.968938;1.052149;0.770898;0.685922;1.000000;0.141893;2.049918;38.737104;0.889771;0.231519;-42.153552;-0.411731;0.398497;ORGANIZING
2026.07.23 19:25:00;XAUUSDm;4048.134;0.383166;0.461490;0.967977;0.741709;0.684911;0.986118;0.139007;2.043407;38.751257;0.923423;0.234228;-42.204905;-0.410586;0.398772;ORGANIZING
2026.07.23 19:26:00;XAUUSDm;4047.218;0.405587;1.800102;0.890539;0.780930;0.680506;1.000000;0.135928;2.036629;38.765823;0.871404;0.230408;-42.320822;-0.412337;0.398352;ORGANIZING
2026.07.23 19:27:00;XAUUSDm;4048.142;0.382620;1.798505;0.819295;0.818199;0.673121;1.000000;0.132694;2.029610;38.780838;0.822686;0.225841;-42.431228;-0.414027;0.397947;ORGANIZING
2026.07.23 19:28:00;XAUUSDm;4047.193;0.388474;1.803977;0.753752;0.854026;0.663132;1.000000;0.129336;2.022372;38.796340;0.776478;0.220622;-42.536898;-0.415675;0.397552;ORGANIZING
2026.07.23 19:29:00;XAUUSDm;4048.072;0.365724;1.622789;0.693452;0.879201;0.650929;1.000000;0.125885;2.014939;38.812262;0.740364;0.215538;-42.628729;-0.417012;0.397232;ORGANIZING
2026.07.23 19:30:00;XAUUSDm;4049.607;0.363625;2.690717;0.637976;0.956758;0.636576;1.000000;0.122364;2.007328;38.829172;0.665347;0.206249;-42.770762;-0.419727;0.396582;ORGANIZING
2026.07.23 19:31:00;XAUUSDm;4047.483;0.374235;3.518420;0.586938;1.000000;0.620520;1.000000;0.118798;1.999558;38.846757;0.620520;0.198990;-42.876010;-0.421435;0.396173;ORGANIZING
2026.07.23 19:32:00;XAUUSDm;4047.556;0.370400;0.121202;0.539983;0.943650;0.603490;0.973400;0.115206;1.991645;38.864040;0.639528;0.197833;-42.877919;-0.420923;0.396296;ORGANIZING
2026.07.23 19:33:00;XAUUSDm;4046.479;0.376251;1.734076;0.496784;0.971101;0.585301;1.000000;0.111605;1.983605;38.881881;0.602719;0.190881;-42.961318;-0.422374;0.395949;ORGANIZING
2026.07.23 19:34:00;XAUUSDm;4047.304;0.370481;1.307200;0.457041;0.976200;0.566269;1.000000;0.108012;1.975452;38.900072;0.580075;0.185076;-43.019891;-0.423344;0.395717;ORGANIZING
2026.07.23 19:35:00;XAUUSDm;4047.052;0.382045;0.399670;0.420478;0.936048;0.546795;0.982769;0.104440;1.967199;38.918169;0.584152;0.181799;-43.030222;-0.423385;0.395707;ORGANIZING
2026.07.23 19:36:00;XAUUSDm;4047.214;0.388011;0.258159;0.386840;0.891218;0.527056;0.961063;0.100900;1.958857;38.936128;0.591388;0.178604;-43.032964;-0.423328;0.395721;ORGANIZING
2026.07.23 19:37:00;XAUUSDm;4047.313;0.390682;0.162322;0.355892;0.844232;0.507199;0.936638;0.097402;1.955577;38.953983;0.600782;0.175065;-43.041080;-0.423223;0.395746;ORGANIZING
2026.07.23 19:38:00;XAUUSDm;4047.018;0.387078;0.484735;0.327421;0.816113;0.487253;0.924231;0.093955;1.951792;38.971917;0.597040;0.170257;-43.064850;-0.423576;0.395661;ORGANIZING
2026.07.23 19:39:00;XAUUSDm;4047.732;0.380883;1.160900;0.301227;0.823607;0.467150;0.935803;0.090567;1.947546;38.990285;0.567200;0.163241;-43.121742;-0.424822;0.395363;ORGANIZING
2026.07.23 19:40:00;XAUUSDm;4047.255;0.409198;0.769380;0.277129;0.811553;0.447092;0.933148;0.087244;1.942881;39.008888;0.550909;0.157334;-43.156470;-0.425606;0.395176;ORGANIZING
2026.07.23 19:41:00;XAUUSDm;4047.850;0.447466;0.947241;0.254959;0.809396;0.427114;0.936695;0.083990;1.937833;39.027818;0.527695;0.150859;-43.198787;-0.426626;0.394932;ORGANIZING
2026.07.23 19:42:00;XAUUSDm;4046.987;0.526096;1.344237;0.649531;0.827595;0.427003;0.953898;0.099519;1.928288;39.046836;0.515957;0.149542;-42.853512;-0.427044;0.394832;ORGANIZING
2026.07.23 19:43:00;XAUUSDm;4046.644;0.665426;0.538546;1.148600;0.804603;0.448179;0.942844;0.119497;1.918696;39.065106;0.557019;0.157654;-42.349316;-0.425407;0.395224;ORGANIZING
2026.07.23 19:44:00;XAUUSDm;4045.665;0.386169;1.493790;1.056712;0.830099;0.463455;0.966310;0.118116;1.909148;39.083229;0.558313;0.162197;-42.447690;-0.425141;0.395287;ORGANIZING
2026.07.23 19:45:00;XAUUSDm;4046.077;0.389727;0.633944;0.972175;0.811022;0.474467;0.958811;0.116437;1.899644;39.100846;0.585024;0.167828;-42.497390;-0.424058;0.395546;ORGANIZING
2026.07.23 19:46:00;XAUUSDm;4045.345;0.395706;1.118787;0.894401;0.816921;0.481576;0.968485;0.114504;1.890185;39.118286;0.589502;0.170674;-42.568608;-0.423781;0.395612;ORGANIZING
2026.07.23 19:47:00;XAUUSDm;4046.610;0.409039;1.908800;0.822849;0.861883;0.485043;1.000000;0.112357;1.880769;39.136012;0.562771;0.169892;-42.676255;-0.424622;0.395411;ORGANIZING
2026.07.23 19:48:00;XAUUSDm;4045.586;0.408441;1.503185;0.757021;0.884247;0.485375;1.000000;0.110030;1.871398;39.153861;0.548913;0.169375;-42.758569;-0.425064;0.395306;ORGANIZING
2026.07.23 19:49:00;XAUUSDm;4045.997;0.397045;0.603418;0.696459;0.860498;0.483151;0.989971;0.107557;1.862071;39.171423;0.561478;0.170717;-42.791568;-0.424620;0.395412;ORGANIZING
2026.07.23 19:50:00;XAUUSDm;4046.955;0.388319;1.435421;0.640742;0.879582;0.478504;1.000000;0.104965;1.852789;39.189177;0.544013;0.168645;-42.865019;-0.425247;0.395262;ORGANIZING
2026.07.23 19:51:00;XAUUSDm;4049.678;0.397502;3.787837;0.589483;1.000000;0.471269;1.000000;0.102280;1.843550;39.208187;0.471269;0.159978;-43.039094;-0.427863;0.394637;AGING
2026.07.23 19:52:00;XAUUSDm;4050.017;0.394507;0.468672;0.542324;0.964008;0.462477;0.984983;0.099523;1.834356;39.226921;0.479744;0.159591;-43.053886;-0.427628;0.394693;AGING
2026.07.23 19:53:00;XAUUSDm;4049.257;0.392623;1.063889;0.498938;0.959753;0.452224;0.991228;0.096717;1.825205;39.245726;0.471188;0.156931;-43.098161;-0.428018;0.394600;AGING
2026.07.23 19:54:00;XAUUSDm;4050.271;0.392030;1.434757;0.459023;0.974458;0.440645;1.000000;0.093877;1.816099;39.264819;0.452194;0.152766;-43.159561;-0.428796;0.394414;AGING
2026.07.23 19:55:00;XAUUSDm;4049.926;0.394517;0.493379;0.422302;0.941592;0.428176;0.985554;0.091019;1.807037;39.283742;0.454736;0.150785;-43.170967;-0.428819;0.394408;AGING
2026.07.23 19:56:00;XAUUSDm;4049.983;0.397218;0.081450;0.388517;0.890021;0.415087;0.957096;0.088157;1.798019;39.302320;0.466379;0.149516;-43.161088;-0.428533;0.394477;AGING
2026.07.23 19:57:00;XAUUSDm;4050.643;0.393398;0.926212;0.357436;0.883529;0.401315;0.959100;0.085303;1.789044;39.321020;0.454218;0.145516;-43.194492;-0.429098;0.394342;AGING
2026.07.23 19:58:00;XAUUSDm;4050.216;0.397165;0.602954;0.328841;0.861474;0.387084;0.949621;0.082468;1.780113;39.339694;0.449327;0.142098;-43.210404;-0.429415;0.394266;AGING
2026.07.23 19:59:00;XAUUSDm;4049.891;0.413997;0.479068;0.302534;0.834612;0.372546;0.936038;0.079660;1.771225;39.358301;0.446370;0.138725;-43.219604;-0.429673;0.394205;AGING
2026.07.23 20:00:00;XAUUSDm;4050.197;0.407328;0.452797;0.278331;0.808070;0.357813;0.921913;0.076887;1.762381;39.376850;0.442800;0.135160;-43.227312;-0.429958;0.394136;AGING
2026.07.23 20:01:00;XAUUSDm;4049.380;0.443327;1.191275;0.256065;0.820074;0.342796;0.934031;0.074156;1.753580;39.395730;0.418006;0.129464;-43.272417;-0.430987;0.393891;AGING
2026.07.23 20:02:00;XAUUSDm;4049.657;0.412612;0.407701;0.235579;0.792599;0.327785;0.918205;0.071472;1.748952;39.414590;0.413557;0.125443;-43.284674;-0.431321;0.393811;AGING
2026.07.23 20:03:00;XAUUSDm;4049.291;0.413005;0.536405;0.216733;0.773234;0.312818;0.907344;0.068841;1.749526;39.433561;0.404558;0.120705;-43.313978;-0.431828;0.393690;AGING
2026.07.23 20:04:00;XAUUSDm;4049.068;0.406818;0.325433;0.199394;0.744588;0.298009;0.889386;0.066266;1.749352;39.452541;0.400233;0.116400;-43.330960;-0.432173;0.393608;AGING
2026.07.23 20:05:00;XAUUSDm;4048.311;0.426077;1.118334;0.183443;0.757315;0.283208;0.899719;0.063750;1.748492;39.471934;0.373963;0.110217;-43.387083;-0.433270;0.393346;AGING
2026.07.23 20:06:00;XAUUSDm;4048.931;0.406186;0.914724;0.168767;0.759521;0.268528;0.902475;0.061297;1.747006;39.491629;0.353549;0.104574;-43.430460;-0.434165;0.393132;AGING
2026.07.23 20:07:00;XAUUSDm;4049.008;0.426078;0.114118;0.155266;0.721880;0.254218;0.877028;0.058907;1.744947;39.511213;0.352160;0.100651;-43.431317;-0.434403;0.393076;AGING
2026.07.23 20:08:00;XAUUSDm;4049.594;0.406021;0.866505;0.142845;0.724027;0.240112;0.878722;0.056582;1.742364;39.531075;0.331634;0.095170;-43.470038;-0.435292;0.392863;AGING
2026.07.23 20:09:00;XAUUSDm;4048.617;0.423179;1.414179;0.131417;0.753733;0.226111;0.899443;0.054325;1.739302;39.551483;0.299988;0.088763;-43.534942;-0.436562;0.392560;AGING
2026.07.23 20:10:00;XAUUSDm;4048.679;0.442834;0.091532;0.120904;0.716100;0.212586;0.873067;0.052134;1.735804;39.571750;0.296866;0.084897;-43.530238;-0.436849;0.392492;AGING
2026.07.23 20:11:00;XAUUSDm;4049.197;0.605475;0.779956;0.575010;0.715041;0.221732;0.871633;0.072233;1.727270;39.591739;0.310097;0.088180;-43.109043;-0.436288;0.392626;AGING
2026.07.23 20:12:00;XAUUSDm;4048.885;0.469118;0.472055;0.529010;0.698457;0.227430;0.860176;0.070921;1.718767;39.611362;0.325617;0.091405;-43.132756;-0.435661;0.392775;ORGANIZING
2026.07.23 20:13:00;XAUUSDm;4049.594;0.681366;1.062204;1.040034;0.712096;0.255581;0.869729;0.092926;1.715584;39.630528;0.358913;0.101396;-42.664030;-0.434163;0.393133;AGING
2026.07.23 20:14:00;XAUUSDm;4049.646;0.535402;0.080180;1.441585;0.675389;0.298021;0.845348;0.108358;1.716832;39.648489;0.441258;0.119181;-42.234651;-0.430803;0.393935;ORGANIZING
2026.07.23 20:15:00;XAUUSDm;4049.094;0.486235;0.842903;1.326258;0.677804;0.333094;0.849055;0.108706;1.717287;39.665778;0.491431;0.133035;-42.336216;-0.428605;0.394459;ORGANIZING
2026.07.23 20:16:00;XAUUSDm;4048.755;0.447706;0.526938;1.220158;0.663599;0.362118;0.841585;0.108576;1.717017;39.682342;0.545688;0.145476;-42.414851;-0.426356;0.394997;ORGANIZING
2026.07.23 20:17:00;XAUUSDm;4048.458;0.412684;0.470831;1.122545;0.646718;0.385700;0.832409;0.108028;1.716083;39.698256;0.596397;0.156102;-42.484950;-0.424303;0.395488;ORGANIZING
2026.07.23 20:18:00;XAUUSDm;4048.482;0.418881;0.039196;1.032741;0.608628;0.404486;0.808427;0.107116;1.714542;39.713398;0.664586;0.166435;-42.528115;-0.421741;0.396100;ORGANIZING
2026.07.23 20:19:00;XAUUSDm;4048.636;0.434988;0.257611;0.950122;0.582987;0.418928;0.792898;0.105892;1.712445;39.727974;0.718589;0.174457;-42.578584;-0.419719;0.396584;ORGANIZING
2026.07.23 20:20:00;XAUUSDm;4047.684;0.400203;1.624185;0.874112;0.626669;0.429195;0.825699;0.104397;1.709840;39.742755;0.684883;0.175834;-42.694592;-0.420662;0.396358;ORGANIZING
2026.07.23 20:21:00;XAUUSDm;4048.248;0.434105;1.016326;0.804183;0.637568;0.435872;0.836025;0.102674;1.706772;39.757481;0.683648;0.178124;-42.773886;-0.420584;0.396377;ORGANIZING
2026.07.23 20:22:00;XAUUSDm;4048.883;0.460933;1.121551;0.739849;0.653050;0.439340;0.849612;0.100757;1.703281;39.772258;0.672751;0.178805;-42.854195;-0.420877;0.396307;ORGANIZING
2026.07.23 20:23:00;XAUUSDm;4048.665;0.479351;0.397086;0.680661;0.631465;0.440136;0.837300;0.098679;1.699404;39.786764;0.697008;0.181160;-42.893596;-0.420032;0.396509;ORGANIZING
2026.07.23 20:24:00;XAUUSDm;4048.902;0.754309;0.441144;1.246392;0.613146;0.465502;0.826888;0.122031;1.701377;39.800599;0.759203;0.191049;-42.348667;-0.417671;0.397074;ORGANIZING
2026.07.23 20:25:00;XAUUSDm;4049.293;0.432235;0.724047;1.146681;0.609381;0.484515;0.827560;0.120915;1.702502;39.814027;0.795094;0.199160;-42.439047;-0.416189;0.397429;ORGANIZING
2026.07.23 20:26:00;XAUUSDm;4049.017;0.921955;0.508943;1.838147;0.594669;0.529921;0.820641;0.149443;1.710684;39.826482;0.891120;0.215872;-41.773336;-0.412473;0.398319;ORGANIZING
2026.07.23 20:27:00;XAUUSDm;4050.032;0.422893;1.810496;1.691095;0.644862;0.566260;0.860516;0.149323;1.717489;39.838781;0.878111;0.225451;-41.959910;-0.412384;0.398341;ORGANIZING
2026.07.23 20:28:00;XAUUSDm;4050.105;0.486091;0.131252;1.555808;0.607856;0.595699;0.840218;0.148621;1.723031;39.850176;0.980000;0.240249;-42.049829;-0.408588;0.399251;ORGANIZING
2026.07.23 20:29:00;XAUUSDm;4050.124;0.403162;0.035037;1.431343;0.567301;0.618932;0.817238;0.147414;1.727415;39.860744;1.091012;0.253440;-42.127427;-0.404598;0.400208;ORGANIZING
2026.07.23 20:30:00;XAUUSDm;4049.289;0.474530;1.519729;1.316836;0.602544;0.636286;0.846985;0.145768;1.730737;39.871351;1.056000;0.256665;-42.273784;-0.405487;0.399995;ORGANIZING
2026.07.23 20:31:00;XAUUSDm;4049.892;0.465760;1.097162;1.211489;0.614549;0.648450;0.860843;0.143747;1.728448;39.881812;1.055165;0.260763;-42.380813;-0.405307;0.400038;ORGANIZING
2026.07.23 20:32:00;XAUUSDm;4049.760;0.444416;0.246738;1.114570;0.583189;0.656157;0.844381;0.141406;1.725662;39.891777;1.125118;0.267791;-42.438375;-0.402857;0.400626;ORGANIZING
2026.07.23 20:33:00;XAUUSDm;4049.390;0.692976;0.690917;1.634302;0.575453;0.684578;0.843959;0.160322;1.722976;39.901070;1.189634;0.278425;-41.924239;-0.400390;0.401219;ORGANIZING
2026.07.23 20:34:00;XAUUSDm;4049.858;0.679249;0.890919;2.143739;0.577534;0.729678;0.851214;0.177778;1.721383;39.909466;1.263436;0.294617;-41.411905;-0.397366;0.401945;ORGANIZING
2026.07.23 20:35:00;XAUUSDm;4049.951;0.440687;0.179218;1.972240;0.543025;0.765852;0.833916;0.177464;1.719236;39.916771;1.410345;0.313909;-41.515103;-0.391994;0.403237;ORGANIZING
2026.07.23 20:36:00;XAUUSDm;4050.031;0.400748;0.158140;1.814460;0.508464;0.794518;0.816475;0.176480;1.716582;39.923131;1.562586;0.330839;-41.608741;-0.386580;0.404541;ORGANIZING
2026.07.23 20:37:00;XAUUSDm;4050.101;0.377724;0.145234;1.669304;0.474412;0.816406;0.799158;0.174914;1.713467;39.928682;1.720879;0.345526;-41.694146;-0.381097;0.405862;ORGANIZING
2026.07.23 20:38:00;XAUUSDm;4050.282;0.365821;0.389147;1.535759;0.453821;0.832148;0.790930;0.172845;1.709930;39.933677;1.833649;0.356137;-41.785140;-0.377184;0.406806;ORGANIZING
2026.07.23 20:39:00;XAUUSDm;4050.099;0.385106;0.397342;1.412899;0.434354;0.842378;0.783204;0.170346;1.706008;39.938233;1.939383;0.364554;-41.870017;-0.373591;0.407674;ORGANIZING
2026.07.23 20:40:00;XAUUSDm;4049.710;0.360152;0.866023;1.299867;0.439090;0.847593;0.792065;0.167480;1.701736;39.942689;1.930343;0.367193;-41.972750;-0.373730;0.407640;ORGANIZING
2026.07.23 20:41:00;XAUUSDm;4049.506;0.401597;0.511535;1.195877;0.425760;0.848421;0.788108;0.164306;1.697144;39.946950;1.992721;0.370941;-42.051310;-0.371671;0.408137;ORGANIZING
2026.07.23 20:42:00;XAUUSDm;4049.356;0.585239;0.379728;1.634807;0.406490;0.867015;0.779565;0.178037;1.697608;39.950650;2.132930;0.379914;-41.606608;-0.367016;0.409262;ORGANIZING
2026.07.23 20:43:00;XAUUSDm;4049.702;0.427588;0.894658;1.504022;0.413558;0.879009;0.789825;0.175674;1.697353;39.954179;2.125480;0.384420;-41.730761;-0.367015;0.409263;ORGANIZING
2026.07.23 20:44:00;XAUUSDm;4049.818;0.445099;0.314551;1.383701;0.391027;0.885781;0.779339;0.172907;1.690240;39.957276;2.265265;0.392951;-41.805115;-0.362394;0.410380;ORGANIZING
2026.07.23 20:45:00;XAUUSDm;4049.286;0.999945;1.428111;2.133659;0.425166;0.920555;0.808098;0.201759;1.691658;39.960034;2.165167;0.397034;-41.117820;-0.365193;0.409703;ORGANIZING
2026.07.23 20:46:00;XAUUSDm;4049.418;0.502257;0.352922;2.510352;0.403143;0.965641;0.799228;0.210506;1.689922;39.961651;2.395282;0.419193;-40.689657;-0.357182;0.411642;ORGANIZING
2026.07.23 20:47:00;XAUUSDm;4049.260;0.471333;0.434090;2.309524;0.385377;1.000000;0.793816;0.210022;1.687657;39.962382;2.594860;0.438009;-40.833592;-0.350254;0.413321;ORGANIZING
2026.07.23 20:48:00;XAUUSDm;4049.701;0.501691;1.210674;2.685792;0.406642;1.000000;0.815757;0.218334;1.690518;39.963353;2.459165;0.431873;-40.501908;-0.354631;0.412260;ORGANIZING
2026.07.23 20:49:00;XAUUSDm;4049.495;0.477492;0.569249;2.470929;0.394772;1.000000;0.814771;0.218161;1.692461;39.964226;2.533105;0.433765;-40.709313;-0.352319;0.412820;ORGANIZING
2026.07.23 20:50:00;XAUUSDm;4049.259;0.946594;0.654683;3.180874;0.387768;1.000000;0.816803;0.242750;1.702639;39.965130;2.578862;0.428604;-40.062802;-0.351204;0.413090;ORGANIZING
2026.07.23 20:51:00;XAUUSDm;4049.102;0.462412;0.452085;2.926404;0.370984;1.000000;0.812534;0.243336;1.711275;39.965952;2.695535;0.429997;-40.319755;-0.347634;0.413956;ORGANIZING
2026.07.23 20:52:00;XAUUSDm;4047.730;0.444672;3.716344;2.692292;0.518252;1.000000;0.922684;0.242875;1.718496;39.968320;1.929564;0.403287;-40.717022;-0.371949;0.408070;ORGANIZING
2026.07.23 20:53:00;XAUUSDm;4047.926;0.449267;0.535841;2.476909;0.499131;1.000000;0.917646;0.241500;1.718330;39.970494;2.003481;0.406676;-40.912377;-0.369562;0.408647;ORGANIZING
2026.07.23 20:54:00;XAUUSDm;4048.314;0.448338;1.051263;2.278756;0.506738;1.000000;0.930775;0.239333;1.711088;39.972673;1.973407;0.406974;-41.101497;-0.370449;0.408433;ORGANIZING
2026.07.23 20:55:00;XAUUSDm;4049.393;0.476925;2.873349;2.096456;0.605068;1.000000;1.000000;0.236481;1.703775;39.975761;1.652706;0.392877;-41.364887;-0.380775;0.405940;ORGANIZING
2026.07.23 20:56:00;XAUUSDm;4049.018;0.456958;1.011818;1.928739;0.605406;1.000000;1.000000;0.233043;1.696399;39.978779;1.651784;0.394501;-41.514330;-0.380721;0.405953;ORGANIZING
2026.07.23 20:57:00;XAUUSDm;4049.183;0.460685;0.443096;1.774440;0.577290;1.000000;0.988665;0.229106;1.688968;39.981442;1.732230;0.400743;-41.620441;-0.377996;0.406610;ORGANIZING
2026.07.23 22:00:00;XAUUSDm;4049.172;0.455860;0.030481;1.632485;0.529950;1.000000;0.963147;0.224748;1.681491;39.983556;1.886971;0.410477;-41.693500;-0.372867;0.407848;ORGANIZING
2026.07.23 22:01:00;XAUUSDm;4049.557;0.479519;1.103025;1.501886;0.538604;1.000000;0.975909;0.220041;1.673973;39.985682;1.856653;0.411080;-41.810428;-0.373746;0.407636;ORGANIZING
2026.07.23 22:02:00;XAUUSDm;4049.309;0.493541;0.703028;1.381735;0.526825;0.998289;0.974060;0.215046;1.666422;39.987649;1.894916;0.414521;-41.897386;-0.372426;0.407955;ORGANIZING
2026.07.23 22:03:00;XAUUSDm;4048.935;0.475311;1.068938;1.271196;0.533965;0.992285;0.984907;0.209821;1.658843;39.989731;1.858335;0.413000;-41.997542;-0.373600;0.407671;ORGANIZING
2026.07.23 22:04:00;XAUUSDm;4048.881;0.483376;0.156649;1.169501;0.495253;0.982696;0.963262;0.204415;1.655202;39.991582;1.984230;0.417304;-42.053871;-0.369608;0.408636;ORGANIZING
2026.07.23 22:05:00;XAUUSDm;4048.827;0.461405;0.162837;1.075941;0.458979;0.969982;0.942401;0.198872;1.651207;39.993284;2.113350;0.420077;-42.106497;-0.365596;0.409606;ORGANIZING
2026.07.23 22:06:00;XAUUSDm;4049.018;0.463805;0.571172;0.989865;0.445189;0.954476;0.936369;0.193232;1.646889;39.995115;2.143982;0.417657;-42.176205;-0.364798;0.409799;ORGANIZING
2026.07.23 22:07:00;XAUUSDm;4049.875;0.473543;2.516887;0.910676;0.529684;0.936141;0.998450;0.187530;1.650884;39.998198;1.767358;0.395313;-42.357894;-0.377214;0.406799;ORGANIZING
2026.07.23 22:08:00;XAUUSDm;4049.468;0.820224;1.190546;1.525844;0.544004;0.944649;1.000000;0.208912;1.652475;40.001270;1.736474;0.392722;-41.797555;-0.378270;0.406544;ORGANIZING
2026.07.23 22:09:00;XAUUSDm;4048.987;0.512551;1.392024;1.910258;0.567512;0.966553;1.000000;0.217687;1.648205;40.004096;1.703140;0.397202;-41.426582;-0.379046;0.406357;ORGANIZING
2026.07.23 22:10:00;XAUUSDm;4049.198;0.472613;0.604100;1.757437;0.550011;0.981343;0.993763;0.214444;1.649248;40.006462;1.784226;0.406572;-41.545075;-0.376145;0.407057;ORGANIZING
2026.07.23 22:11:00;XAUUSDm;4049.238;0.510503;0.115274;2.140315;0.508647;1.000000;0.970521;0.222865;1.644308;40.007991;1.966000;0.420907;-41.110670;-0.369975;0.408547;ORGANIZING
2026.07.23 22:12:00;XAUUSDm;4049.154;0.618584;0.254823;2.604253;0.475956;1.000000;0.953272;0.234919;1.641853;40.009169;2.101036;0.425039;-40.634415;-0.365717;0.409576;ORGANIZING
2026.07.23 22:13:00;XAUUSDm;4049.005;0.627594;0.463683;3.074949;0.455342;1.000000;0.944358;0.246708;1.635129;40.010074;2.196151;0.427866;-40.154141;-0.362722;0.410301;ORGANIZING
2026.07.23 22:14:00;XAUUSDm;4049.022;0.440197;0.055020;2.828953;0.415326;1.000000;0.921866;0.246672;1.628320;40.010510;2.407747;0.436621;-40.346867;-0.355937;0.411944;ORGANIZING
2026.07.23 22:15:00;XAUUSDm;4049.492;0.437457;1.496720;2.602636;0.449396;1.000000;0.950620;0.245654;1.621435;40.011219;2.225211;0.431688;-40.592157;-0.361659;0.410558;ORGANIZING
2026.07.23 22:16:00;XAUUSDm;4049.574;0.440141;0.263733;2.394426;0.420113;1.000000;0.935177;0.243782;1.614485;40.011565;2.380315;0.438908;-40.753786;-0.356645;0.411772;ORGANIZING
2026.07.23 22:17:00;XAUUSDm;4049.292;0.595015;0.913390;2.840687;0.424776;1.000000;0.942946;0.253906;1.613855;40.011951;2.354180;0.436198;-40.331562;-0.357565;0.411549;ORGANIZING
2026.07.23 22:18:00;XAUUSDm;4049.558;0.455299;0.862125;2.613432;0.426644;1.000000;0.949004;0.252574;1.612632;40.012344;2.343875;0.436329;-40.555968;-0.357867;0.411476;ORGANIZING
2026.07.23 22:19:00;XAUUSDm;4049.677;0.457681;0.409469;2.404357;0.405785;1.000000;0.938961;0.250399;1.610868;40.012510;2.464358;0.441101;-40.736472;-0.354014;0.412409;ORGANIZING
2026.07.23 22:20:00;XAUUSDm;4049.596;0.462607;0.278561;2.212009;0.379424;1.000000;0.924611;0.247496;1.608609;40.012391;2.635574;0.447321;-40.892017;-0.348567;0.413730;ORGANIZING
2026.07.23 22:21:00;XAUUSDm;4049.916;0.466634;1.078167;2.035048;0.394361;1.000000;0.938648;0.243969;1.605898;40.012393;2.535747;0.445587;-41.071441;-0.351648;0.412983;ORGANIZING
2026.07.23 22:22:00;XAUUSDm;4049.834;0.452826;0.291048;1.872244;0.369195;1.000000;0.924521;0.239911;1.602773;40.012113;2.708592;0.452104;-41.194433;-0.346137;0.414319;ORGANIZING
2026.07.23 22:23:00;XAUUSDm;4049.761;0.442037;0.269234;1.722465;0.344197;1.000000;0.909982;0.235405;1.599272;40.011548;2.905310;0.458953;-41.302634;-0.339893;0.415835;ORGANIZING
2026.07.23 22:24:00;XAUUSDm;4050.078;0.436784;1.153398;1.584668;0.364657;1.000000;0.926741;0.230524;1.595428;40.011148;2.742300;0.456494;-41.443042;-0.344906;0.414618;ORGANIZING
2026.07.23 22:25:00;XAUUSDm;4050.018;0.438232;0.223347;1.457894;0.337592;1.000000;0.910191;0.225337;1.591270;40.010437;2.962156;0.464210;-41.523348;-0.337925;0.416314;ORGANIZING
2026.07.23 22:26:00;XAUUSDm;4049.600;0.450872;1.561799;1.341263;0.378802;0.997021;0.940884;0.219901;1.586828;40.010153;2.632035;0.456192;-41.664130;-0.348229;0.413812;ORGANIZING
2026.07.23 22:27:00;XAUUSDm;4049.680;0.499884;0.299200;1.233962;0.354882;0.990071;0.926121;0.214271;1.582126;40.009722;2.789863;0.460224;-41.733366;-0.343293;0.415010;ORGANIZING
2026.07.23 22:28:00;XAUUSDm;4049.304;0.512974;1.375778;1.618692;0.386125;0.999098;0.949359;0.222794;1.575144;40.009352;2.587498;0.457449;-41.373565;-0.349503;0.413503;ORGANIZING
2026.07.23 22:29:00;XAUUSDm;4049.882;0.440546;2.039088;1.489196;0.448791;1.000000;0.995297;0.218129;1.571479;40.009555;2.228207;0.446748;-41.548367;-0.360816;0.410762;ORGANIZING
2026.07.23 22:30:00;XAUUSDm;4049.792;0.449170;0.319557;1.370061;0.422330;0.998316;0.979281;0.213180;1.567495;40.009487;2.363832;0.453161;-41.624790;-0.356427;0.411825;ORGANIZING
2026.07.23 22:31:00;XAUUSDm;4050.060;0.442460;0.945860;1.260456;0.428540;0.992380;0.985572;0.208001;1.568457;40.009609;2.315723;0.450059;-41.738229;-0.358025;0.411438;ORGANIZING
2026.07.23 22:32:00;XAUUSDm;4050.225;0.438886;0.591695;1.159619;0.416850;0.982776;0.979067;0.202643;1.575061;40.009873;2.357625;0.447825;-41.839734;-0.356880;0.411715;ORGANIZING
2026.07.23 22:33:00;XAUUSDm;4049.839;0.442991;1.366372;1.066850;0.444671;0.969803;0.999715;0.197149;1.587266;40.010796;2.180948;0.435068;-41.987644;-0.362818;0.410278;ORGANIZING
2026.07.23 22:34:00;XAUUSDm;4050.179;0.437873;1.187565;0.981502;0.462419;0.953941;1.000000;0.191559;1.597804;40.012320;2.062935;0.423638;-42.118023;-0.366930;0.409283;ORGANIZING
2026.07.23 22:35:00;XAUUSDm;4050.222;0.445346;0.153440;0.902982;0.427891;0.935816;0.977075;0.185907;1.606812;40.013950;2.187040;0.421423;-42.188483;-0.363318;0.410157;ORGANIZING
2026.07.23 22:36:00;XAUUSDm;4050.215;0.447923;0.025174;0.830743;0.389039;0.915805;0.950265;0.180224;1.614415;40.015669;2.354017;0.419387;-42.247437;-0.358410;0.411344;ORGANIZING
2026.07.23 22:37:00;XAUUSDm;4049.747;0.457817;1.690874;0.764284;0.435815;0.893845;0.982494;0.174535;1.627107;40.018421;2.050975;0.399492;-42.399391;-0.368496;0.408904;ORGANIZING
2026.07.23 22:38:00;XAUUSDm;4050.123;0.451738;1.334943;0.703141;0.462894;0.870331;1.000000;0.168866;1.638074;40.022024;1.880194;0.383434;-42.525326;-0.374422;0.407473;ORGANIZING
2026.07.23 22:39:00;XAUUSDm;4049.891;0.496929;0.819383;0.646890;0.463312;0.845660;0.999589;0.163235;1.647458;40.026219;1.825249;0.371881;-42.618368;-0.376648;0.406936;ORGANIZING
2026.07.23 22:40:00;XAUUSDm;4049.607;0.991753;1.014286;1.390704;0.473948;0.854546;1.000000;0.192264;1.647434;40.030342;1.803039;0.369350;-41.938435;-0.377441;0.406744;ORGANIZING
2026.07.23 22:41:00;XAUUSDm;4049.831;0.588066;0.798973;1.831754;0.473108;0.878999;0.999693;0.204703;1.641230;40.033905;1.857925;0.379035;-41.488126;-0.375310;0.407258;ORGANIZING
2026.07.23 22:42:00;XAUUSDm;4049.617;0.487804;0.764504;1.685214;0.470098;0.896201;0.998626;0.201795;1.634894;40.037031;1.906414;0.388506;-41.599092;-0.373382;0.407724;ORGANIZING
2026.07.23 22:43:00;XAUUSDm;4048.939;0.437435;2.335193;1.550397;0.545429;0.907105;1.000000;0.198446;1.628440;40.040627;1.663106;0.382371;-41.782327;-0.380988;0.405889;ORGANIZING
2026.07.23 22:44:00;XAUUSDm;4049.321;0.439127;1.411991;1.426365;0.570615;0.912547;1.000000;0.194726;1.621881;40.044302;1.599235;0.382263;-41.909218;-0.382910;0.405425;ORGANIZING
2026.07.23 22:45:00;XAUUSDm;4049.454;0.445419;0.493910;1.312256;0.548528;0.913307;0.989102;0.190695;1.615228;40.047673;1.665014;0.387907;-41.982484;-0.380654;0.405969;ORGANIZING
2026.07.23 22:46:00;XAUUSDm;4049.761;0.512610;1.146978;1.696713;0.560185;0.929428;1.000000;0.200383;1.610706;40.050793;1.659146;0.391953;-41.607016;-0.380628;0.405975;ORGANIZING
2026.07.23 22:47:00;XAUUSDm;4049.511;0.506894;0.995699;2.076884;0.563372;0.958512;1.000000;0.209372;1.611082;40.053368;1.701385;0.402090;-41.222252;-0.378854;0.406403;ORGANIZING
2026.07.23 22:48:00;XAUUSDm;4049.566;0.475334;0.224783;1.910733;0.527272;0.979871;0.980195;0.207211;1.605947;40.055102;1.858378;0.418671;-41.318087;-0.373315;0.407740;ORGANIZING
2026.07.23 22:49:00;XAUUSDm;4048.839;0.431106;2.840731;1.757874;0.623348;0.994130;1.000000;0.204494;1.600604;40.057459;1.594825;0.409369;-41.538998;-0.381687;0.405720;ORGANIZING
2026.07.23 22:50:00;XAUUSDm;4050.060;0.474768;4.358846;1.617244;0.790240;1.000000;1.000000;0.201300;1.595073;40.061312;1.265438;0.386606;-41.827055;-0.392707;0.403066;ORGANIZING
2026.07.23 22:51:00;XAUUSDm;4049.707;0.460761;1.263060;1.487865;0.793881;1.000000;1.000000;0.197704;1.589372;40.065145;1.259635;0.387453;-41.945313;-0.392838;0.403034;ORGANIZING
2026.07.23 22:52:00;XAUUSDm;4049.889;0.461624;0.654300;1.368836;0.766902;0.997690;0.994820;0.193771;1.583517;40.068695;1.300936;0.392145;-42.023646;-0.391365;0.403389;ORGANIZING
2026.07.23 22:53:00;XAUUSDm;4049.822;0.957134;0.246305;2.086686;0.720918;1.000000;0.975404;0.219975;1.585798;40.071762;1.387120;0.395775;-41.317539;-0.388598;0.404055;ORGANIZING
2026.07.23 22:54:00;XAUUSDm;4049.657;0.439446;0.601663;1.919751;0.694956;1.000000;0.970022;0.217323;1.587251;40.074585;1.438941;0.400075;-41.458936;-0.386828;0.404481;ORGANIZING
2026.07.23 22:55:00;XAUUSDm;4049.951;0.465603;1.053612;1.766171;0.692888;1.000000;0.980554;0.214135;1.587947;40.077393;1.443234;0.400806;-41.608275;-0.386663;0.404521;ORGANIZING
2026.07.23 22:56:00;XAUUSDm;4049.953;0.467001;0.007266;1.624878;0.638607;1.000000;0.953984;0.210493;1.587949;40.079658;1.565908;0.410332;-41.690272;-0.382506;0.405523;ORGANIZING
2026.07.23 22:57:00;XAUUSDm;4049.261;0.442495;2.544492;1.494887;0.713901;1.000000;1.000000;0.206468;1.587315;40.082671;1.400754;0.398774;-41.889251;-0.388039;0.404190;ORGANIZING
2026.07.23 22:58:00;XAUUSDm;4049.538;0.437332;1.028364;1.375296;0.709625;0.997830;1.000000;0.202124;1.586100;40.085671;1.406138;0.399476;-41.998618;-0.387842;0.404237;ORGANIZING
2026.07.23 22:59:00;XAUUSDm;4049.439;0.444501;0.378267;1.265273;0.673100;0.991557;0.985314;0.197519;1.584353;40.088415;1.473120;0.403897;-42.068430;-0.385612;0.404774;ORGANIZING
2026.07.23 23:00:00;XAUUSDm;4049.366;0.473010;0.281897;1.164051;0.633709;0.981704;0.967607;0.192704;1.578698;40.090905;1.549141;0.408174;-42.121663;-0.383117;0.405375;ORGANIZING
2026.07.23 23:01:00;XAUUSDm;4049.675;0.506485;1.168949;1.543915;0.640837;0.988057;0.981399;0.202062;1.573683;40.093289;1.541824;0.408866;-41.753644;-0.383302;0.405331;ORGANIZING
2026.07.23 23:02:00;XAUUSDm;4049.470;0.507784;0.768481;1.924753;0.627458;1.000000;0.981019;0.211001;1.568210;40.095245;1.593733;0.415512;-41.356372;-0.381412;0.405786;ORGANIZING
2026.07.23 23:03:00;XAUUSDm;4049.211;0.460744;0.962968;1.770773;0.624233;1.000000;0.987772;0.208150;1.562573;40.097113;1.601965;0.417544;-41.492020;-0.381064;0.405870;ORGANIZING
2026.07.23 23:04:00;XAUUSDm;4048.884;0.441386;1.188399;1.629111;0.632442;1.000000;1.000000;0.204826;1.556787;40.099006;1.581174;0.417701;-41.625562;-0.381680;0.405722;ORGANIZING
2026.07.23 23:05:00;XAUUSDm;4049.128;0.453735;0.901567;1.498782;0.625898;1.000000;1.000000;0.201101;1.550868;40.100773;1.597705;0.420545;-41.731828;-0.381042;0.405876;ORGANIZING
2026.07.23 23:06:00;XAUUSDm;4048.874;0.426337;0.926737;1.378879;0.620940;0.998557;1.000000;0.197041;1.546292;40.102475;1.608137;0.422352;-41.832645;-0.380638;0.405973;ORGANIZING
2026.07.23 23:07:00;XAUUSDm;4048.136;0.421056;2.605932;1.268569;0.700218;0.992483;1.000000;0.192704;1.546644;40.105094;1.417390;0.406827;-42.022957;-0.387137;0.404407;ORGANIZING
2026.07.23 23:08:00;XAUUSDm;4048.149;0.422966;0.046739;1.167083;0.647695;0.982856;0.973381;0.188143;1.546347;40.107377;1.517468;0.412586;-42.074114;-0.383847;0.405199;ORGANIZING
2026.07.23 23:09:00;XAUUSDm;4048.345;0.442613;0.700801;1.073717;0.630693;0.969994;0.970425;0.183405;1.545457;40.109738;1.537982;0.411092;-42.154444;-0.383306;0.405330;ORGANIZING
2026.07.23 23:10:00;XAUUSDm;4048.057;0.420212;1.014728;0.987819;0.630495;0.954260;0.978395;0.178529;1.544024;40.112398;1.513510;0.405542;-42.245921;-0.384318;0.405086;ORGANIZING
2026.07.23 23:11:00;XAUUSDm;4047.674;0.420244;1.343483;0.908794;0.647059;0.935978;0.997422;0.173554;1.542095;40.115570;1.446512;0.396146;-42.349155;-0.386797;0.404489;ORGANIZING
2026.07.23 23:12:00;XAUUSDm;4047.517;0.419586;0.547840;0.836090;0.623378;0.915698;0.987761;0.168512;1.539712;40.118887;1.468928;0.392734;-42.406924;-0.386295;0.404609;ORGANIZING
2026.07.23 23:13:00;XAUUSDm;4047.682;0.420645;0.572082;0.769203;0.602500;0.893738;0.979110;0.163430;1.545188;40.122489;1.483383;0.386712;-42.479285;-0.386163;0.404641;ORGANIZING
2026.07.23 23:14:00;XAUUSDm;4048.400;0.426204;2.422075;0.707667;0.675604;0.869965;1.000000;0.158336;1.549583;40.127342;1.287686;0.364991;-42.641151;-0.393120;0.402966;ORGANIZING
2026.07.23 23:15:00;XAUUSDm;4048.807;0.428658;1.341552;0.651054;0.691502;0.844931;1.000000;0.153250;1.552986;40.132888;1.221878;0.352387;-42.740877;-0.395724;0.402340;ORGANIZING
2026.07.23 23:16:00;XAUUSDm;4048.743;0.429005;0.215997;0.598969;0.650828;0.819149;0.977924;0.148191;1.555480;40.138568;1.258626;0.347908;-42.778621;-0.394846;0.402551;ORGANIZING
2026.07.23 23:17:00;XAUUSDm;4048.328;0.433003;1.369637;0.551052;0.670385;0.792551;0.996820;0.143178;1.557141;40.144993;1.182232;0.334310;-42.872413;-0.397818;0.401837;ORGANIZING
2026.07.23 23:18:00;XAUUSDm;4048.152;0.427476;0.588629;0.506968;0.650447;0.765528;0.987545;0.138223;1.558039;40.151767;1.176926;0.326213;-42.922242;-0.398382;0.401701;ORGANIZING
2026.07.23 23:19:00;XAUUSDm;4047.408;0.423913;2.460969;0.466410;0.725662;0.737798;1.000000;0.133340;1.558237;40.159850;1.016723;0.305223;-43.064458;-0.404237;0.400295;ORGANIZING
2026.07.23 23:20:00;XAUUSDm;4048.062;0.428879;2.085459;0.429097;0.778896;0.709638;1.000000;0.128538;1.557796;40.169024;0.911082;0.287859;-43.181853;-0.408275;0.399326;ORGANIZING
2026.07.23 23:21:00;XAUUSDm;4048.896;0.437798;2.566786;0.394770;0.854098;0.681091;1.000000;0.123828;1.561498;40.179558;0.797439;0.268207;-43.328447;-0.412666;0.398273;ORGANIZING
2026.07.23 23:22:00;XAUUSDm;4048.853;0.443531;0.133342;0.363188;0.804438;0.652904;0.974001;0.119215;1.569306;40.190238;0.811627;0.261899;-43.355627;-0.412556;0.398299;ORGANIZING
2026.07.23 23:23:00;XAUUSDm;4048.395;0.436269;1.413929;0.334133;0.821855;0.624843;0.993571;0.114707;1.575826;40.201718;0.760284;0.248705;-43.445663;-0.414756;0.397772;ORGANIZING
2026.07.23 23:24:00;XAUUSDm;4049.089;0.499415;2.096677;0.307402;0.873099;0.596839;1.000000;0.110309;1.581164;40.214323;0.683587;0.232725;-43.566126;-0.417856;0.397030;ORGANIZING
2026.07.23 23:25:00;XAUUSDm;4049.563;0.454336;1.395678;0.282810;0.887291;0.569166;1.000000;0.106023;1.585418;40.227667;0.641464;0.220715;-43.645864;-0.419720;0.396584;ORGANIZING
2026.07.23 23:26:00;XAUUSDm;4049.105;0.490842;1.313676;0.260185;0.897227;0.541915;1.000000;0.101853;1.588678;40.241688;0.603989;0.209415;-43.717876;-0.421410;0.396179;ORGANIZING
2026.07.23 23:27:00;XAUUSDm;4048.886;0.432545;0.637258;0.239371;0.873390;0.515316;0.990869;0.097801;1.591026;40.256026;0.590018;0.201121;-43.752385;-0.422243;0.395980;ORGANIZING
2026.07.23 23:28:00;XAUUSDm;4049.160;0.423347;0.802061;0.220221;0.859517;0.489361;0.987684;0.093868;1.592540;40.270759;0.569343;0.192213;-43.793512;-0.423309;0.395725;ORGANIZING
2026.07.23 23:29:00;XAUUSDm;4049.137;0.430619;0.068160;0.202603;0.810162;0.464266;0.958786;0.090056;1.593288;40.285508;0.573053;0.186190;-43.795490;-0.423499;0.395680;ORGANIZING
2026.07.23 23:30:00;XAUUSDm;4049.581;0.415576;1.303429;0.186395;0.825540;0.439731;0.974000;0.086363;1.593336;40.300902;0.532658;0.175524;-43.859716;-0.425244;0.395263;ORGANIZING
2026.07.23 23:31:00;XAUUSDm;4049.749;0.411210;0.494816;0.171483;0.800209;0.415990;0.960251;0.082791;1.592743;40.316512;0.519852;0.168026;-43.880315;-0.426003;0.395081;ORGANIZING
2026.07.23 23:32:00;XAUUSDm;4049.762;0.414382;0.038748;0.157765;0.753817;0.393163;0.930897;0.079337;1.591562;40.332103;0.521563;0.162148;-43.876791;-0.426246;0.395023;ORGANIZING
2026.07.23 23:33:00;XAUUSDm;4050.388;0.412785;1.871674;0.145144;0.801846;0.370784;0.966601;0.076001;1.589845;40.348604;0.462413;0.150255;-43.966215;-0.428615;0.394457;AGING
2026.07.23 23:34:00;XAUUSDm;4050.366;0.417081;0.067225;0.133532;0.757699;0.349333;0.937782;0.072782;1.587637;40.365071;0.461044;0.144465;-43.960744;-0.428945;0.394378;AGING
2026.07.23 23:35:00;XAUUSDm;4049.280;0.465933;3.135828;0.122849;0.869619;0.328033;1.000000;0.069677;1.584981;40.383056;0.377214;0.129951;-44.111109;-0.432186;0.393604;AGING
2026.07.23 23:36:00;XAUUSDm;4048.878;0.625304;1.154443;0.591828;0.877300;0.330586;1.000000;0.089642;1.577127;40.400989;0.376822;0.129944;-43.689414;-0.432198;0.393602;AGING
2026.07.23 23:37:00;XAUUSDm;4049.281;0.431079;1.147233;0.544481;0.884185;0.329843;1.000000;0.087527;1.569308;40.418927;0.373048;0.129807;-43.742457;-0.432318;0.393573;AGING
2026.07.23 23:38:00;XAUUSDm;4049.425;0.423789;0.407863;0.500923;0.853772;0.327329;0.982339;0.085329;1.561521;40.436533;0.383391;0.130899;-43.755754;-0.431953;0.393660;AGING
2026.07.23 23:39:00;XAUUSDm;4048.422;0.430032;2.797144;0.460849;0.944394;0.322712;1.000000;0.083066;1.553769;40.455060;0.341713;0.125023;-43.889564;-0.433497;0.393291;AGING
2026.07.23 23:40:00;XAUUSDm;4047.648;0.476951;2.213706;0.423981;1.000000;0.316402;1.000000;0.080756;1.546052;40.474193;0.316402;0.120451;-43.987425;-0.434485;0.393056;AGING
2026.07.23 23:41:00;XAUUSDm;4048.192;0.445714;1.539071;0.390063;1.000000;0.308884;1.000000;0.078414;1.538369;40.493399;0.308884;0.118039;-44.028018;-0.434832;0.392973;AGING
2026.07.23 23:42:00;XAUUSDm;4047.974;0.437720;0.615506;0.358858;0.974598;0.300464;0.989287;0.076054;1.530720;40.512443;0.308295;0.116397;-44.041267;-0.434931;0.392949;AGING
2026.07.23 23:43:00;XAUUSDm;4047.857;0.462820;0.329410;0.330149;0.936329;0.291367;0.968853;0.073687;1.523106;40.531210;0.311180;0.115023;-44.039608;-0.434913;0.392954;AGING
2026.07.23 23:44:00;XAUUSDm;4048.365;0.447984;1.403160;0.303737;0.953843;0.281462;0.986633;0.071323;1.515527;40.550274;0.295082;0.110781;-44.092619;-0.435608;0.392788;AGING
2026.07.23 23:45:00;XAUUSDm;4047.582;0.419561;2.105858;0.279438;1.000000;0.270744;1.000000;0.068972;1.507983;40.569939;0.270744;0.105064;-44.173667;-0.436625;0.392546;AGING
2026.07.23 23:46:00;XAUUSDm;4047.372;0.423253;0.558540;0.257083;0.972512;0.259709;0.986963;0.066641;1.500475;40.589475;0.267049;0.102263;-44.179426;-0.436875;0.392486;AGING
2026.07.23 23:47:00;XAUUSDm;4047.827;0.439433;1.225622;0.236516;0.979973;0.248283;0.997648;0.064337;1.493001;40.609239;0.253357;0.097853;-44.219089;-0.437507;0.392335;AGING
2026.07.23 23:48:00;XAUUSDm;4049.486;0.538375;4.159146;0.640298;1.000000;0.256728;1.000000;0.081309;1.489736;40.629002;0.256728;0.099854;-43.874067;-0.437305;0.392383;AGING
2026.07.23 23:49:00;XAUUSDm;4048.655;0.495447;2.009576;0.589074;1.000000;0.261599;1.000000;0.079805;1.486153;40.648631;0.261599;0.101950;-43.929874;-0.437055;0.392443;AGING
2026.07.23 23:50:00;XAUUSDm;4048.205;0.435589;1.068731;0.541948;0.998205;0.264101;1.000000;0.078171;1.482277;40.668154;0.264576;0.103219;-43.981206;-0.436902;0.392479;AGING
2026.07.23 23:51:00;XAUUSDm;4048.185;0.432837;0.048160;0.498592;0.945420;0.264761;0.969422;0.076430;1.478137;40.687094;0.280046;0.105905;-43.978296;-0.436303;0.392622;AGING
2026.07.23 23:52:00;XAUUSDm;4048.752;0.451077;1.341948;0.458705;0.959952;0.263508;0.985135;0.074603;1.473756;40.706161;0.274502;0.105054;-44.040618;-0.436512;0.392572;AGING
2026.07.23 23:53:00;XAUUSDm;4048.578;0.433946;0.413478;0.422008;0.927358;0.260807;0.967738;0.072708;1.469156;40.724910;0.281237;0.105623;-44.053180;-0.436282;0.392627;AGING
2026.07.23 23:54:00;XAUUSDm;4047.519;0.424833;2.431911;0.388248;0.997369;0.256370;1.000000;0.070760;1.464357;40.744400;0.257046;0.101232;-44.167387;-0.437227;0.392402;AGING
2026.07.23 23:55:00;XAUUSDm;4047.794;0.439394;0.630618;0.357188;0.973904;0.250858;0.989548;0.068775;1.459379;40.763716;0.257579;0.100261;-44.185883;-0.437260;0.392394;AGING
2026.07.23 23:56:00;XAUUSDm;4047.642;0.445735;0.350198;0.328613;0.937702;0.244502;0.969578;0.066765;1.454714;40.782750;0.260746;0.099424;-44.190295;-0.437206;0.392407;AGING
2026.07.23 23:57:00;XAUUSDm;4048.087;0.449631;1.039283;0.302324;0.937891;0.237276;0.974355;0.064742;1.449862;40.801882;0.252989;0.096749;-44.229380;-0.437573;0.392319;AGING
2026.07.23 23:58:00;XAUUSDm;4047.923;0.441554;0.380334;0.278138;0.905267;0.229482;0.955830;0.062714;1.444840;40.820793;0.253497;0.095110;-44.233549;-0.437640;0.392304;AGING
2026.07.23 23:59:00;XAUUSDm;4046.921;0.441975;2.240007;0.255887;0.967415;0.220773;1.000000;0.060691;1.439666;40.840449;0.228210;0.089463;-44.331916;-0.438681;0.392055;AGING
2026.07.24 00:00:00;XAUUSDm;4048.177;0.510329;2.691352;0.638633;1.000000;0.230675;1.000000;0.076793;1.434614;40.860181;0.230675;0.091851;-44.013688;-0.438487;0.392101;AGING
2026.07.24 00:01:00;XAUUSDm;4048.923;0.487932;1.574039;0.587543;1.000000;0.236976;1.000000;0.075508;1.429416;40.879736;0.236976;0.094604;-44.065066;-0.438161;0.392179;AGING
2026.07.24 00:02:00;XAUUSDm;4049.066;0.465198;0.301904;0.540539;0.960356;0.241011;0.978209;0.074083;1.424085;40.898760;0.250961;0.098031;-44.073902;-0.437570;0.392320;AGING
2026.07.24 00:03:00;XAUUSDm;4048.879;0.471985;0.394432;0.497296;0.927239;0.243033;0.960370;0.072541;1.418636;40.917358;0.262104;0.100493;-44.086624;-0.437112;0.392429;AGING
2026.07.24 00:04:00;XAUUSDm;4047.254;0.468762;3.301235;0.457513;1.000000;0.242793;1.000000;0.070903;1.413081;40.936633;0.242793;0.097743;-44.204296;-0.437829;0.392258;AGING
2026.07.24 00:05:00;XAUUSDm;4046.970;0.517228;0.579852;0.845434;0.974137;0.260560;0.987776;0.086754;1.411676;40.955280;0.267478;0.105380;-43.820283;-0.436707;0.392526;AGING
2026.07.24 00:06:00;XAUUSDm;4046.219;0.468279;1.491500;0.777799;0.994794;0.273626;1.000000;0.085798;1.409824;40.973854;0.275058;0.109871;-43.908468;-0.436255;0.392634;AGING
2026.07.24 00:07:00;XAUUSDm;4045.962;0.447122;0.513630;0.715575;0.965263;0.283403;0.985980;0.084619;1.407566;40.991914;0.293602;0.115324;-43.942569;-0.435426;0.392831;AGING
2026.07.24 00:08:00;XAUUSDm;4045.316;0.427456;1.267263;0.658329;0.974695;0.290088;0.998787;0.083251;1.400708;41.009866;0.297619;0.117986;-44.004062;-0.435172;0.392892;AGING
2026.07.24 00:09:00;XAUUSDm;4045.761;0.436019;0.883322;0.605663;0.964325;0.294119;0.997659;0.081722;1.393871;41.027566;0.305000;0.120544;-44.043294;-0.434823;0.392975;AGING
2026.07.24 00:10:00;XAUUSDm;4044.533;0.431836;2.383263;0.557210;1.000000;0.295594;1.000000;0.080058;1.387054;41.045525;0.295594;0.119814;-44.126945;-0.435141;0.392899;AGING
2026.07.24 00:11:00;XAUUSDm;4043.792;0.428968;1.443319;0.512633;1.000000;0.294978;1.000000;0.078284;1.380259;41.063428;0.294978;0.119981;-44.172903;-0.435152;0.392897;AGING
2026.07.24 00:12:00;XAUUSDm;4044.200;0.428835;0.783561;0.471622;0.983278;0.292612;0.995165;0.076420;1.373487;41.081143;0.297588;0.120259;-44.200002;-0.435059;0.392919;AGING
2026.07.24 00:13:00;XAUUSDm;4043.605;0.427866;1.136711;0.433893;0.985098;0.288643;1.000000;0.074486;1.366738;41.098889;0.293010;0.118963;-44.243899;-0.435262;0.392871;AGING
2026.07.24 00:14:00;XAUUSDm;4041.670;0.425876;3.529347;0.399181;1.000000;0.283226;1.000000;0.072497;1.360014;41.116824;0.283226;0.116433;-44.299440;-0.435682;0.392770;AGING
2026.07.24 00:15:00;XAUUSDm;4041.616;0.425567;0.100026;0.367247;0.949337;0.276875;0.971038;0.070469;1.353315;41.134313;0.291651;0.116671;-44.287095;-0.435417;0.392834;AGING
2026.07.24 00:16:00;XAUUSDm;4043.771;0.435383;3.755664;0.337867;1.000000;0.269266;1.000000;0.068415;1.346640;41.152394;0.269266;0.111495;-44.375371;-0.436347;0.392612;AGING
2026.07.24 00:17:00;XAUUSDm;4043.349;0.431405;0.730281;0.310838;0.981129;0.260908;0.992954;0.066345;1.339992;41.170387;0.265926;0.109282;-44.392446;-0.436558;0.392561;AGING
2026.07.24 00:18:00;XAUUSDm;4044.635;0.441247;2.150142;0.285971;1.000000;0.251755;1.000000;0.064271;1.333371;41.188686;0.251755;0.105001;-44.446245;-0.437197;0.392409;AGING
2026.07.24 00:19:00;XAUUSDm;4043.277;0.439502;2.173496;0.263093;1.000000;0.242032;1.000000;0.062202;1.326776;41.207113;0.242032;0.101312;-44.479943;-0.437673;0.392295;AGING
2026.07.24 00:20:00;XAUUSDm;4044.209;0.427022;1.468734;0.242045;1.000000;0.231855;1.000000;0.060144;1.324108;41.225717;0.231855;0.097244;-44.520321;-0.438182;0.392174;AGING
2026.07.24 00:21:00;XAUUSDm;4044.994;0.430814;1.213480;0.222682;1.000000;0.221325;1.000000;0.058105;1.321136;41.244502;0.221325;0.093024;-44.558977;-0.438709;0.392049;AGING
2026.07.24 00:22:00;XAUUSDm;4046.014;0.443478;1.529144;0.204867;1.000000;0.210535;1.000000;0.056090;1.317887;41.263470;0.210535;0.088684;-44.596023;-0.439250;0.391920;AGING
2026.07.24 00:23:00;XAUUSDm;4046.855;0.471279;1.252718;0.188478;1.000000;0.199565;1.000000;0.054105;1.314386;41.282623;0.199565;0.084258;-44.631562;-0.439800;0.391789;AGING
2026.07.24 00:24:00;XAUUSDm;4045.992;0.519191;1.254069;0.577871;1.000000;0.208006;1.000000;0.070870;1.309018;41.301553;0.208006;0.087402;-44.275450;-0.439390;0.391886;AGING
2026.07.24 00:25:00;XAUUSDm;4045.620;0.508025;0.552027;0.958891;0.973441;0.232463;0.986801;0.086377;1.303607;41.319674;0.238805;0.098358;-43.881730;-0.437918;0.392237;AGING
2026.07.24 00:26:00;XAUUSDm;4045.058;0.525078;0.830035;1.352699;0.961622;0.271556;0.984338;0.101749;1.302838;41.336887;0.282394;0.114764;-43.483427;-0.435790;0.392745;AGING
2026.07.24 00:27:00;XAUUSDm;4045.186;0.590800;0.190595;1.795799;0.917639;0.325488;0.960118;0.118816;1.307126;41.352625;0.354702;0.138885;-43.000862;-0.432415;0.393550;AGING
2026.07.24 00:28:00;XAUUSDm;4044.931;0.760110;0.378451;2.365881;0.884170;0.396580;0.943918;0.141380;1.317666;41.366712;0.448534;0.169246;-42.406512;-0.428082;0.394585;AGING
2026.07.24 00:29:00;XAUUSDm;4046.580;0.573542;2.401270;2.796038;0.952093;0.477329;0.999874;0.155819;1.332981;41.380016;0.501347;0.195555;-42.036342;-0.425182;0.395277;ORGANIZING
2026.07.24 00:30:00;XAUUSDm;4046.179;0.478374;0.590348;2.572355;0.924460;0.546386;0.990994;0.159212;1.346468;41.391798;0.591033;0.224837;-42.208875;-0.421027;0.396271;ORGANIZING
2026.07.24 00:31:00;XAUUSDm;4046.542;0.442411;0.537268;2.366566;0.894172;0.605041;0.980686;0.161541;1.358275;41.402221;0.676650;0.250640;-42.364417;-0.417169;0.397194;ORGANIZING
2026.07.24 00:32:00;XAUUSDm;4046.322;0.457807;0.325598;2.177241;0.853643;0.654230;0.963412;0.162930;1.368540;41.411359;0.766398;0.274297;-42.496469;-0.413293;0.398123;ORGANIZING
2026.07.24 00:33:00;XAUUSDm;4047.281;0.343524;1.384798;2.003062;0.867116;0.694606;0.983863;0.163492;1.377389;41.419912;0.801054;0.288458;-42.671121;-0.411545;0.398542;ORGANIZING
2026.07.24 00:34:00;XAUUSDm;4046.043;0.325305;1.750764;1.842817;0.897406;0.726907;1.000000;0.163330;1.384938;41.428197;0.810009;0.297221;-42.852415;-0.410839;0.398711;ORGANIZING
2026.07.24 00:35:00;XAUUSDm;4045.874;0.330463;0.243221;1.695391;0.850159;0.752181;0.979229;0.162535;1.391295;41.435568;0.884754;0.312889;-42.945813;-0.407813;0.399437;ORGANIZING
2026.07.24 00:36:00;XAUUSDm;4048.051;0.333106;2.965213;1.559760;0.940868;0.770589;1.000000;0.161190;1.396557;41.443530;0.819020;0.308407;-43.169542;-0.410009;0.398910;ORGANIZING
2026.07.24 00:37:00;XAUUSDm;4048.949;0.313354;1.208549;1.434979;0.938840;0.783165;1.000000;0.159369;1.400816;41.451263;0.834183;0.313388;-43.292329;-0.409305;0.399079;ORGANIZING
2026.07.24 00:38:00;XAUUSDm;4049.255;0.330686;0.427386;1.320181;0.897604;0.790681;0.985536;0.157141;1.404154;41.458467;0.880880;0.321559;-43.367798;-0.407496;0.399513;ORGANIZING
2026.07.24 00:39:00;XAUUSDm;4048.623;0.320538;0.887640;1.214567;0.881292;0.793600;0.987610;0.154564;1.406648;41.465475;0.900496;0.324912;-43.461025;-0.406740;0.399694;ORGANIZING
2026.07.24 00:40:00;XAUUSDm;4048.593;0.341701;0.042638;1.117401;0.823488;0.792624;0.959946;0.151694;1.408368;41.471941;0.962521;0.332539;-43.505529;-0.404497;0.400232;ORGANIZING
2026.07.24 00:41:00;XAUUSDm;4047.894;0.393726;0.974651;1.028009;0.815193;0.788020;0.965770;0.148579;1.409380;41.478426;0.966667;0.332056;-43.593508;-0.404397;0.400256;ORGANIZING
2026.07.24 00:42:00;XAUUSDm;4049.101;0.384044;1.653470;0.945768;0.841347;0.780085;0.995039;0.145262;1.409742;41.485335;0.927186;0.325530;-43.710837;-0.405908;0.399894;ORGANIZING
2026.07.24 00:43:00;XAUUSDm;4049.482;0.408819;0.518989;0.870107;0.809627;0.769489;0.983462;0.141782;1.409509;41.492137;0.950424;0.325928;-43.764751;-0.405191;0.400066;ORGANIZING
2026.07.24 00:44:00;XAUUSDm;4049.326;0.374326;0.217859;0.800498;0.764649;0.756665;0.961628;0.138174;1.404688;41.498697;0.989559;0.327914;-43.791905;-0.403918;0.400371;ORGANIZING
2026.07.24 00:45:00;XAUUSDm;4049.384;0.361203;0.081493;0.736458;0.715358;0.741972;0.935659;0.134467;1.399889;41.505010;1.037204;0.329807;-43.810649;-0.402394;0.400737;ORGANIZING
2026.07.24 00:46:00;XAUUSDm;4049.549;0.344065;0.231748;0.677542;0.676338;0.725668;0.915729;0.130689;1.399641;41.511257;1.072937;0.328852;-43.845046;-0.401369;0.400983;ORGANIZING
2026.07.24 00:47:00;XAUUSDm;4049.914;0.337391;0.513810;0.623338;0.653698;0.707956;0.906236;0.126865;1.404367;41.517678;1.083002;0.324018;-43.902547;-0.401309;0.400998;ORGANIZING
2026.07.24 00:48:00;XAUUSDm;4049.706;0.335114;0.292439;0.573471;0.621476;0.689137;0.889193;0.123015;1.415270;41.524263;1.108871;0.319080;-43.959700;-0.400780;0.401125;ORGANIZING
2026.07.24 00:49:00;XAUUSDm;4048.924;0.428102;1.106301;0.527594;0.631935;0.669237;0.901098;0.119158;1.430878;41.531506;1.059028;0.306712;-44.066683;-0.402894;0.400617;ORGANIZING
2026.07.24 00:50:00;XAUUSDm;4049.464;0.370833;0.779738;0.485386;0.625940;0.648545;0.901021;0.115311;1.444593;41.539241;1.036114;0.296702;-44.151057;-0.404081;0.400332;ORGANIZING
2026.07.24 00:51:00;XAUUSDm;4048.962;0.414561;0.730012;0.446555;0.618173;0.627258;0.899071;0.111487;1.456570;41.547443;1.014698;0.286913;-44.227916;-0.405213;0.400060;ORGANIZING
2026.07.24 00:52:00;XAUUSDm;4048.972;0.396538;0.014599;0.410831;0.575449;0.605712;0.872017;0.107699;1.466952;41.555753;1.052590;0.281713;-44.263959;-0.404337;0.400271;ORGANIZING
2026.07.24 00:53:00;XAUUSDm;4048.486;0.590752;0.703349;0.853895;0.569730;0.605840;0.869883;0.124467;1.471108;41.564044;1.063381;0.279794;-43.865190;-0.404109;0.400326;ORGANIZING
2026.07.24 00:54:00;XAUUSDm;4049.052;0.370599;0.845028;0.785583;0.571378;0.602171;0.873369;0.121659;1.474325;41.572458;1.053893;0.277836;-43.948050;-0.404491;0.400234;ORGANIZING
2026.07.24 00:55:00;XAUUSDm;4049.472;0.348186;0.624517;0.722736;0.561991;0.596022;0.868917;0.118718;1.476680;41.580924;1.060554;0.276270;-44.014954;-0.404370;0.400263;ORGANIZING
2026.07.24 00:56:00;XAUUSDm;4049.510;0.508233;0.057728;1.103911;0.524858;0.607131;0.844681;0.131841;1.473855;41.588769;1.156754;0.284964;-43.613977;-0.401049;0.401060;ORGANIZING
2026.07.24 00:57:00;XAUUSDm;4050.329;0.514597;1.223301;1.489859;0.547637;0.632791;0.862547;0.144547;1.467035;41.596260;1.155493;0.293065;-43.244409;-0.400682;0.401148;ORGANIZING
2026.07.24 00:58:00;XAUUSDm;4049.544;0.982720;1.167668;2.226899;0.565983;0.683934;0.878285;0.174171;1.468767;41.602928;1.208400;0.309623;-42.543954;-0.398267;0.401729;ORGANIZING
2026.07.24 00:59:00;XAUUSDm;4050.024;0.502329;0.713246;2.603646;0.559667;0.744285;0.878605;0.184300;1.475314;41.608392;1.329870;0.335372;-42.139357;-0.393335;0.402915;ORGANIZING
2026.07.24 01:00:00;XAUUSDm;4047.357;0.594035;3.800445;3.049172;0.706821;0.814993;0.987320;0.197361;1.487255;41.614033;1.153041;0.340796;-41.825921;-0.398369;0.401704;ORGANIZING
2026.07.24 01:01:00;XAUUSDm;4045.076;0.405229;3.113738;2.805239;0.810867;0.873768;1.000000;0.199690;1.497591;41.619643;1.077574;0.348372;-42.146064;-0.400254;0.401251;ORGANIZING
2026.07.24 01:02:00;XAUUSDm;4042.686;0.323349;3.095053;2.580820;0.907601;0.921875;1.000000;0.200926;1.506453;41.625346;1.015728;0.352536;-42.445011;-0.401901;0.400856;ORGANIZING
2026.07.24 01:03:00;XAUUSDm;4041.885;0.317138;1.031791;2.374354;0.895373;0.960577;1.000000;0.201203;1.513964;41.630227;1.072824;0.367961;-42.621003;-0.399417;0.401452;ORGANIZING
2026.07.24 01:04:00;XAUUSDm;4043.830;0.350689;2.504765;2.184406;0.956631;0.990462;1.000000;0.200641;1.520233;41.635187;1.035365;0.369920;-42.858697;-0.400443;0.401206;ORGANIZING
2026.07.24 01:05:00;XAUUSDm;4043.659;0.352036;0.219552;2.009653;0.899967;1.000000;0.979707;0.199346;1.525364;41.639440;1.111151;0.380999;-42.979174;-0.397616;0.401885;ORGANIZING
2026.07.24 01:06:00;XAUUSDm;4042.897;0.343779;1.014647;1.848881;0.885701;1.000000;0.987907;0.197418;1.529450;41.643592;1.129049;0.382765;-43.134148;-0.396990;0.402036;ORGANIZING
2026.07.24 01:07:00;XAUUSDm;4042.857;0.342060;0.053810;1.700970;0.824107;1.000000;0.962123;0.194942;1.532579;41.647159;1.213435;0.391907;-43.225338;-0.394002;0.402754;ORGANIZING
2026.07.24 01:08:00;XAUUSDm;4043.466;0.357233;0.834452;1.564893;0.804624;1.000000;0.964477;0.191999;1.534831;41.650553;1.242816;0.395030;-43.343944;-0.392964;0.403004;ORGANIZING
2026.07.24 01:09:00;XAUUSDm;4042.900;0.364809;0.792739;1.439701;0.784030;1.000000;0.965187;0.188659;1.536278;41.653756;1.275462;0.398571;-43.447957;-0.391808;0.403282;ORGANIZING
2026.07.24 01:10:00;XAUUSDm;4042.421;0.352542;0.679510;1.324525;0.758804;0.996211;0.961791;0.184984;1.536988;41.656790;1.312870;0.401572;-43.538802;-0.390535;0.403588;ORGANIZING
2026.07.24 01:11:00;XAUUSDm;4041.446;0.347959;1.375720;1.218563;0.769725;0.988313;0.982753;0.181033;1.537023;41.660091;1.283981;0.397267;-43.659052;-0.391617;0.403328;ORGANIZING
2026.07.24 01:12:00;XAUUSDm;4042.011;0.358018;0.807581;1.121078;0.751852;0.976927;0.982958;0.176856;1.536440;41.663435;1.299360;0.396295;-43.743875;-0.391204;0.403427;ORGANIZING
2026.07.24 01:13:00;XAUUSDm;4041.825;0.363220;0.270932;1.031392;0.708267;0.962620;0.964227;0.172497;1.530533;41.666571;1.359119;0.399212;-43.786888;-0.389266;0.403894;ORGANIZING
2026.07.24 01:14:00;XAUUSDm;4042.575;0.367997;1.096075;0.948881;0.708405;0.945616;0.974879;0.167998;1.524513;41.669988;1.334852;0.393856;-43.868919;-0.390262;0.403654;ORGANIZING
2026.07.24 01:15:00;XAUUSDm;4043.088;0.374305;0.746638;0.872970;0.691405;0.926377;0.972771;0.163394;1.518393;41.673558;1.339848;0.390351;-43.929189;-0.390287;0.403648;ORGANIZING
2026.07.24 01:16:00;XAUUSDm;4043.675;0.390869;0.853719;0.803133;0.680993;0.905223;0.974323;0.158716;1.513809;41.677402;1.329269;0.384626;-43.995089;-0.390891;0.403503;ORGANIZING
2026.07.24 01:17:00;XAUUSDm;4043.231;0.367176;0.639862;0.738882;0.660832;0.882517;0.968172;0.153993;1.513750;41.681497;1.335463;0.378994;-44.056415;-0.390986;0.403480;ORGANIZING
2026.07.24 01:18:00;XAUUSDm;4044.204;0.409977;1.373789;0.679771;0.678829;0.858370;0.987758;0.149249;1.521652;41.686335;1.264486;0.365306;-44.168824;-0.393800;0.402803;ORGANIZING
2026.07.24 01:19:00;XAUUSDm;4044.610;0.407868;0.594088;0.625390;0.657425;0.833231;0.979203;0.144505;1.533826;41.691583;1.267417;0.356729;-44.247050;-0.394141;0.402721;ORGANIZING
2026.07.24 01:20:00;XAUUSDm;4043.726;0.476847;1.275503;0.575358;0.671664;0.807167;0.994631;0.139782;1.550895;41.697665;1.201743;0.341681;-44.368157;-0.396864;0.402066;ORGANIZING
2026.07.24 01:21:00;XAUUSDm;4042.352;0.545559;1.926312;0.984527;0.718253;0.800879;1.000000;0.153251;1.561348;41.704443;1.115037;0.329193;-44.066488;-0.400089;0.401291;ORGANIZING
2026.07.24 01:22:00;XAUUSDm;4042.715;0.999950;0.506884;1.734490;0.691667;0.824929;0.988105;0.183086;1.562005;41.710482;1.192668;0.338535;-43.332911;-0.397293;0.401963;ORGANIZING
2026.07.24 01:23:00;XAUUSDm;4043.709;0.489562;1.386641;1.595731;0.709917;0.841203;1.000000;0.180870;1.561981;41.716376;1.184930;0.342960;-43.475062;-0.397304;0.401960;ORGANIZING
2026.07.24 01:24:00;XAUUSDm;4044.912;0.512671;1.679839;1.980234;0.741589;0.871188;1.000000;0.191052;1.556213;41.721931;1.174758;0.350036;-43.106626;-0.397255;0.401972;ORGANIZING
2026.07.24 01:25:00;XAUUSDm;4045.189;0.493942;0.385633;1.821816;0.706368;0.893541;0.985184;0.189420;1.550310;41.726627;1.264980;0.365292;-43.197098;-0.393786;0.402806;ORGANIZING
2026.07.24 01:26:00;XAUUSDm;4043.865;0.517709;1.888084;2.210098;0.747583;0.928844;1.000000;0.199363;1.546170;41.730987;1.242463;0.372563;-42.830696;-0.394098;0.402731;ORGANIZING
2026.07.24 01:27:00;XAUUSDm;4045.230;0.477301;1.920966;2.033290;0.787675;0.955541;1.000000;0.198235;1.541763;41.735171;1.213116;0.378032;-43.014012;-0.394705;0.402585;ORGANIZING
2026.07.24 01:28:00;XAUUSDm;4043.903;0.592444;1.815321;2.477623;0.819947;0.996433;1.000000;0.210540;1.543181;41.738874;1.215241;0.387164;-42.592208;-0.394185;0.402710;ORGANIZING
2026.07.24 01:29:00;XAUUSDm;4042.881;0.999601;1.383324;3.227324;0.828187;1.000000;1.000000;0.237498;1.553342;41.742689;1.207457;0.381821;-41.925232;-0.394685;0.402590;ORGANIZING
2026.07.24 01:30:00;XAUUSDm;4042.338;0.826796;0.724909;3.847420;0.803023;1.000000;0.998684;0.256628;1.570804;41.746427;1.245295;0.380162;-41.356894;-0.393633;0.402843;ORGANIZING
2026.07.24 01:31:00;XAUUSDm;4042.154;0.496995;0.249066;3.539627;0.755325;1.000000;0.981430;0.259187;1.586160;41.749842;1.323933;0.384516;-41.656234;-0.391056;0.403463;ORGANIZING
2026.07.24 01:32:00;XAUUSDm;4042.276;0.577943;0.170139;3.973084;0.706066;1.000000;0.962106;0.267900;1.606750;41.752970;1.416299;0.387489;-41.235252;-0.388137;0.404166;ORGANIZING
2026.07.24 01:33:00;XAUUSDm;4044.532;0.456993;2.989822;3.655237;0.800254;1.000000;1.000000;0.270397;1.624954;41.757222;1.249604;0.370974;-41.692942;-0.393963;0.402764;ORGANIZING
2026.07.24 01:34:00;XAUUSDm;4043.702;0.474960;1.080673;3.362818;0.794275;1.000000;1.000000;0.271498;1.640969;41.761575;1.259011;0.369448;-42.017966;-0.393757;0.402813;ORGANIZING
2026.07.24 01:35:00;XAUUSDm;4042.668;0.526338;1.312916;3.757572;0.800207;1.000000;1.000000;0.277661;1.661610;41.766193;1.249677;0.365033;-41.687370;-0.394258;0.402693;ORGANIZING
2026.07.24 01:36:00;XAUUSDm;4043.697;0.993411;1.278515;4.502630;0.804122;1.000000;1.000000;0.301031;1.690297;41.771137;1.243592;0.357724;-41.055285;-0.394806;0.402561;ORGANIZING
2026.07.24 01:37:00;XAUUSDm;4043.398;0.607066;0.372113;4.957930;0.762522;1.000000;0.988560;0.308745;1.724036;41.776003;1.311438;0.357743;-40.646155;-0.392770;0.403051;ORGANIZING
2026.07.24 01:38:00;XAUUSDm;4044.434;0.560469;1.263291;5.378282;0.767560;1.000000;1.000000;0.314325;1.762401;41.781302;1.302830;0.351582;-40.324032;-0.393336;0.402914;ORGANIZING
2026.07.24 01:39:00;XAUUSDm;4043.671;0.465143;0.930828;4.948019;0.755723;1.000000;1.000000;0.320122;1.796815;41.786828;1.323235;0.348109;-40.828406;-0.392897;0.403020;ORGANIZING
2026.07.24 01:40:00;XAUUSDm;4044.747;0.462374;1.295730;4.552178;0.762724;1.000000;1.000000;0.323908;1.827599;41.792731;1.311091;0.343144;-41.306291;-0.393510;0.402873;ORGANIZING
2026.07.24 01:41:00;XAUUSDm;4045.776;0.443181;1.223602;4.188003;0.765768;1.000000;1.000000;0.325921;1.850496;41.798893;1.305879;0.339883;-41.729492;-0.393829;0.402796;ORGANIZING
2026.07.24 01:42:00;XAUUSDm;4047.092;0.441463;1.517738;3.852963;0.783366;1.000000;1.000000;0.326377;1.862428;41.805351;1.276542;0.336454;-42.113365;-0.394881;0.402543;ORGANIZING
2026.07.24 01:43:00;XAUUSDm;4047.618;0.442353;0.606075;3.544726;0.754502;1.000000;0.997636;0.325470;1.872606;41.811622;1.325378;0.338687;-42.417551;-0.393304;0.402922;ORGANIZING
2026.07.24 01:44:00;XAUUSDm;4049.840;0.441131;2.466149;3.261148;0.820084;1.000000;1.000000;0.323375;1.876052;41.818584;1.219387;0.331179;-42.776375;-0.396859;0.402067;ORGANIZING
2026.07.24 01:45:00;XAUUSDm;4049.269;0.442551;0.631623;3.000256;0.790661;1.000000;0.998425;0.320251;1.878457;41.825275;1.264765;0.334519;-43.013095;-0.395331;0.402435;ORGANIZING
2026.07.24 01:46:00;XAUUSDm;4049.337;0.440950;0.075170;2.760236;0.734886;1.000000;0.977320;0.316240;1.874566;41.831369;1.360755;0.341800;-43.187631;-0.392087;0.403215;ORGANIZING
2026.07.24 01:47:00;XAUUSDm;4048.468;0.444474;0.959564;2.539417;0.726120;1.000000;0.987767;0.311469;1.870254;41.837333;1.377182;0.343898;-43.387482;-0.391490;0.403359;ORGANIZING
2026.07.24 01:48:00;XAUUSDm;4048.656;0.441778;0.210366;2.336263;0.680333;1.000000;0.971459;0.306053;1.862316;41.842760;1.469870;0.351037;-43.523567;-0.388352;0.404114;ORGANIZING
2026.07.24 01:49:00;XAUUSDm;4047.945;0.441479;0.791495;2.149362;0.665891;1.000000;0.975872;0.300095;1.863784;41.848056;1.501748;0.353386;-43.692344;-0.387278;0.404373;ORGANIZING
2026.07.24 01:50:00;XAUUSDm;4046.309;0.442931;1.864005;1.977413;0.705796;1.000000;1.000000;0.293688;1.873166;41.853846;1.416839;0.348111;-43.915936;-0.390089;0.403696;ORGANIZING
2026.07.24 01:51:00;XAUUSDm;4046.417;0.442343;0.129462;1.819220;0.656980;1.000000;0.979810;0.286913;1.881004;41.859226;1.522117;0.353995;-44.032819;-0.386637;0.404527;ORGANIZING
2026.07.24 01:52:00;XAUUSDm;4046.994;0.441800;0.723094;1.673683;0.640285;1.000000;0.980867;0.279844;1.894593;41.864575;1.561804;0.355275;-44.180052;-0.385382;0.404829;ORGANIZING
2026.07.24 01:53:00;XAUUSDm;4045.783;0.457982;1.502183;1.539788;0.663380;1.000000;1.000000;0.272547;1.906274;41.870271;1.507431;0.351840;-44.351506;-0.387185;0.404395;ORGANIZING
2026.07.24 01:54:00;XAUUSDm;4046.143;0.446906;0.464840;1.416605;0.633453;0.997054;0.990809;0.265079;1.916205;41.875827;1.573998;0.354226;-44.458189;-0.385069;0.404905;ORGANIZING
2026.07.24 01:55:00;XAUUSDm;4045.126;0.446768;1.285097;1.303277;0.646094;0.989816;1.000000;0.257491;1.931167;41.881803;1.532000;0.349172;-44.612121;-0.386581;0.404541;ORGANIZING
2026.07.24 01:56:00;XAUUSDm;4044.517;0.468893;0.772529;1.199015;0.632620;0.978917;1.000000;0.249830;1.954547;41.888096;1.547402;0.345054;-44.751539;-0.386325;0.404602;ORGANIZING
2026.07.24 01:57:00;XAUUSDm;4043.696;0.527529;1.021220;1.594661;0.632471;0.985119;1.000000;0.257121;1.978407;41.894503;1.557571;0.343487;-44.418250;-0.386099;0.404657;ORGANIZING
2026.07.24 01:58:00;XAUUSDm;4042.616;0.449573;1.327825;1.467088;0.647537;0.985547;1.000000;0.250643;2.007627;41.901343;1.521994;0.339165;-44.612786;-0.387382;0.404348;ORGANIZING
2026.07.24 01:59:00;XAUUSDm;4043.504;0.596855;1.083191;1.914729;0.649609;1.000000;1.000000;0.260493;2.027922;41.908119;1.539389;0.340365;-44.219828;-0.386800;0.404488;ORGANIZING
2026.07.24 02:00:00;XAUUSDm;4044.004;0.470324;0.609593;1.761551;0.627608;1.000000;0.995453;0.255127;2.045689;41.914852;1.593352;0.341481;-44.382541;-0.385125;0.404891;ORGANIZING
2026.07.24 02:01:00;XAUUSDm;4045.047;0.470427;1.269505;1.620627;0.639703;1.000000;1.000000;0.249417;2.061134;41.921860;1.563226;0.338954;-44.562038;-0.386156;0.404643;ORGANIZING
2026.07.24 02:02:00;XAUUSDm;4044.774;0.444071;0.334665;1.490977;0.604451;1.000000;0.985443;0.243429;2.074448;41.928649;1.654395;0.342193;-44.677877;-0.383259;0.405341;ORGANIZING
2026.07.24 02:03:00;XAUUSDm;4044.652;0.441565;0.149793;1.371699;0.561718;0.996698;0.964715;0.237221;2.085806;41.935190;1.774375;0.345506;-44.774567;-0.379493;0.406249;ORGANIZING
2026.07.24 02:04:00;XAUUSDm;4042.708;0.436314;2.318868;1.261963;0.629641;0.988981;1.000000;0.230847;2.095369;41.942661;1.570705;0.334583;-44.973791;-0.386150;0.404645;ORGANIZING
2026.07.24 02:05:00;XAUUSDm;4042.424;0.436828;0.340626;1.161006;0.595411;0.977795;0.985002;0.224353;2.103285;41.950092;1.642218;0.334512;-45.061977;-0.384008;0.405161;ORGANIZING
2026.07.24 02:06:00;XAUUSDm;4042.820;0.437184;0.477143;1.068125;0.569942;0.963565;0.975079;0.217779;2.109689;41.957617;1.690638;0.332561;-45.150805;-0.382653;0.405487;ORGANIZING
2026.07.24 02:07:00;XAUUSDm;4043.904;0.439293;1.286280;0.982675;0.586487;0.946532;0.993593;0.211163;2.114708;41.965698;1.613900;0.325005;-45.274720;-0.385333;0.404841;ORGANIZING
2026.07.24 02:08:00;XAUUSDm;4043.212;0.438992;0.826644;0.904061;0.579565;0.927195;0.995141;0.204535;2.118457;41.974135;1.599813;0.319441;-45.368427;-0.386034;0.404672;ORGANIZING
2026.07.24 02:09:00;XAUUSDm;4044.778;0.442815;1.820253;0.831736;0.623055;0.905682;1.000000;0.197925;2.121041;41.983462;1.453614;0.307843;-45.507030;-0.390999;0.403477;ORGANIZING
2026.07.24 02:10:00;XAUUSDm;4044.347;0.448187;0.506308;0.765197;0.599104;0.882632;0.989648;0.191355;2.122558;41.993026;1.473253;0.302996;-45.572127;-0.390653;0.403560;ORGANIZING
2026.07.24 02:11:00;XAUUSDm;4044.862;0.451961;0.617447;0.703982;0.582369;0.858303;0.983319;0.184848;2.123097;42.002914;1.473815;0.296959;-45.638889;-0.390938;0.403492;ORGANIZING
2026.07.24 02:12:00;XAUUSDm;4044.780;0.446365;0.098979;0.647663;0.541033;0.833075;0.958836;0.178422;2.122742;42.012891;1.539786;0.293110;-45.675513;-0.389151;0.403922;ORGANIZING
2026.07.24 02:13:00;XAUUSDm;4045.108;0.473896;0.402385;0.595850;0.517439;0.807098;0.945605;0.172091;2.121568;42.023139;1.559792;0.287111;-45.724949;-0.388851;0.403994;ORGANIZING
2026.07.24 02:14:00;XAUUSDm;4045.587;0.482392;0.598256;0.548182;0.505338;0.780528;0.939471;0.165870;2.119644;42.033778;1.544567;0.279674;-45.781434;-0.389679;0.403795;ORGANIZING
2026.07.24 02:15:00;XAUUSDm;4045.393;0.533667;0.242804;0.948432;0.476601;0.773901;0.920893;0.177589;2.112594;42.044192;1.623792;0.279711;-45.378827;-0.387301;0.404367;ORGANIZING
2026.07.24 02:16:00;XAUUSDm;4045.170;0.472644;0.287009;0.872558;0.451643;0.763853;0.904923;0.172504;2.105296;42.054484;1.691275;0.279857;-45.425316;-0.385269;0.404857;ORGANIZING
2026.07.24 02:17:00;XAUUSDm;4045.418;0.446900;0.328634;0.802753;0.430216;0.751509;0.890791;0.167369;2.102689;42.064783;1.746821;0.278309;-45.480850;-0.383680;0.405240;ORGANIZING
2026.07.24 02:18:00;XAUUSDm;4045.250;0.441428;0.229678;0.738533;0.405158;0.737225;0.873509;0.162211;2.099461;42.075085;1.819597;0.276442;-45.527829;-0.381590;0.405743;ORGANIZING
2026.07.24 02:19:00;XAUUSDm;4045.052;0.447724;0.276931;0.679450;0.384003;0.721288;0.858307;0.157055;2.101316;42.085512;1.878342;0.272970;-45.585518;-0.380001;0.406127;ORGANIZING
2026.07.24 02:20:00;XAUUSDm;4045.364;0.449112;0.439214;0.625094;0.372337;0.703933;0.849135;0.151920;2.102174;42.096179;1.890577;0.268019;-45.647677;-0.379882;0.406155;ORGANIZING
2026.07.24 02:21:00;XAUUSDm;4044.081;0.455682;1.751919;0.575087;0.427238;0.685100;0.886050;0.146824;2.102119;42.107770;1.603556;0.255999;-45.772707;-0.389093;0.403936;ORGANIZING
2026.07.24 02:22:00;XAUUSDm;4042.928;0.443911;1.531290;0.529080;0.468738;0.665091;0.913772;0.141783;2.101227;42.120168;1.418895;0.245263;-45.880757;-0.395170;0.402473;ORGANIZING
2026.07.24 02:23:00;XAUUSDm;4044.943;0.510453;2.693346;0.911919;0.566667;0.663292;0.981020;0.153836;2.095319;42.133522;1.170514;0.235559;-45.623288;-0.403107;0.400566;ORGANIZING
2026.07.24 02:24:00;XAUUSDm;4046.483;0.436770;2.020096;0.838966;0.626073;0.657555;1.000000;0.149792;2.089072;42.147523;1.050285;0.229518;-45.754803;-0.407016;0.399628;ORGANIZING
2026.07.24 02:25:00;XAUUSDm;4045.983;0.436644;0.665194;0.771849;0.614878;0.649320;0.993525;0.145658;2.082518;42.161510;1.056016;0.228388;-45.811572;-0.406900;0.399656;ORGANIZING
2026.07.24 02:26:00;XAUUSDm;4046.186;0.436813;0.276138;0.710101;0.584954;0.639016;0.973514;0.141463;2.075686;42.175336;1.092420;0.228049;-45.845471;-0.405825;0.399914;ORGANIZING
2026.07.24 02:27:00;XAUUSDm;4047.809;0.435950;2.130984;0.653293;0.649475;0.626513;1.000000;0.137230;2.068601;42.189987;0.964645;0.219421;-45.971319;-0.410090;0.398891;ORGANIZING
2026.07.24 02:28:00;XAUUSDm;4046.592;0.436874;1.590351;0.601029;0.683989;0.612246;1.000000;0.132982;2.061289;42.205195;0.895111;0.212714;-46.064449;-0.412511;0.398310;ORGANIZING
2026.07.24 02:29:00;XAUUSDm;4046.622;0.441748;0.039969;0.552947;0.639543;0.596846;0.971053;0.128737;2.053770;42.220191;0.933239;0.211494;-46.074954;-0.411428;0.398570;ORGANIZING
2026.07.24 02:30:00;XAUUSDm;4046.794;0.439387;0.234812;0.508711;0.607370;0.580481;0.949791;0.124512;2.046066;42.235116;0.955730;0.208961;-46.094448;-0.410880;0.398701;ORGANIZING
2026.07.24 02:31:00;XAUUSDm;4047.396;0.439165;0.831538;0.468014;0.606968;0.563203;0.950010;0.120321;2.038195;42.250303;0.927896;0.203654;-46.143086;-0.411980;0.398437;ORGANIZING
2026.07.24 02:32:00;XAUUSDm;4046.782;0.441594;0.864886;0.430573;0.608600;0.545190;0.951242;0.116177;2.030175;42.265787;0.895810;0.197895;-46.191329;-0.413231;0.398138;ORGANIZING
2026.07.24 02:33:00;XAUUSDm;4044.931;0.553173;2.513511;0.845453;0.692942;0.547020;1.000000;0.131112;2.022520;42.282001;0.789416;0.192168;-45.889736;-0.416709;0.397304;ORGANIZING
2026.07.24 02:34:00;XAUUSDm;4044.346;0.447154;0.831344;0.777817;0.688922;0.545084;0.998686;0.127938;2.014704;42.298136;0.791213;0.192503;-45.949442;-0.416638;0.397321;ORGANIZING
2026.07.24 02:35:00;XAUUSDm;4044.369;0.450805;0.033202;0.715592;0.645234;0.540768;0.969372;0.124653;2.006959;42.313842;0.838097;0.194742;-45.965940;-0.415120;0.397685;ORGANIZING
2026.07.24 02:36:00;XAUUSDm;4043.219;0.440989;1.609833;0.658344;0.682649;0.534027;0.996151;0.121282;1.999066;42.329979;0.782287;0.190520;-46.060954;-0.417005;0.397234;ORGANIZING
2026.07.24 02:37:00;XAUUSDm;4042.823;0.438494;0.561782;0.605677;0.665925;0.525420;0.985193;0.117852;1.991042;42.346040;0.789008;0.189353;-46.098656;-0.416862;0.397268;ORGANIZING
2026.07.24 02:38:00;XAUUSDm;4042.369;0.438330;0.639239;0.557223;0.654082;0.515197;0.977209;0.114382;1.982900;42.362106;0.787665;0.187252;-46.138331;-0.417007;0.397233;ORGANIZING
2026.07.24 02:39:00;XAUUSDm;4042.532;0.439879;0.233104;0.512645;0.622729;0.503700;0.955169;0.110892;1.974653;42.378006;0.808859;0.185986;-46.155480;-0.416435;0.397370;ORGANIZING
2026.07.24 02:40:00;XAUUSDm;4043.268;0.442039;1.080351;0.471633;0.635536;0.490939;0.963431;0.107398;1.966315;42.394206;0.772480;0.181209;-46.214594;-0.417765;0.397052;ORGANIZING
2026.07.24 02:41:00;XAUUSDm;4042.700;0.448275;0.822640;0.433903;0.635073;0.477184;0.962263;0.103914;1.957895;42.410592;0.751385;0.176939;-46.258196;-0.418611;0.396849;ORGANIZING
2026.07.24 02:42:00;XAUUSDm;4041.921;0.455057;1.121670;0.399190;0.649859;0.462546;0.971479;0.100454;1.949404;42.427333;0.711763;0.171331;-46.315173;-0.420081;0.396497;ORGANIZING
2026.07.24 02:43:00;XAUUSDm;4042.054;0.438524;0.197640;0.367255;0.617997;0.447417;0.947910;0.097028;1.945104;42.444016;0.723979;0.168194;-46.331605;-0.419871;0.396548;ORGANIZING
2026.07.24 02:44:00;XAUUSDm;4041.797;0.435217;0.383079;0.337875;0.597303;0.431885;0.931537;0.093646;1.940389;42.460755;0.723059;0.164131;-46.356369;-0.420102;0.396492;ORGANIZING
2026.07.24 02:45:00;XAUUSDm;4040.599;0.434691;1.776130;0.310845;0.647606;0.415730;0.964376;0.090315;1.935297;42.478270;0.641948;0.155517;-46.450527;-0.422966;0.395807;ORGANIZING
2026.07.24 02:46:00;XAUUSDm;4041.198;0.435213;0.888329;0.285977;0.651328;0.399307;0.964875;0.087043;1.929862;42.496095;0.613067;0.149652;-46.495949;-0.424125;0.395530;ORGANIZING
2026.07.24 02:47:00;XAUUSDm;4035.253;0.432215;7.653390;0.263099;0.993445;0.381047;1.000000;0.083834;1.924115;42.517650;0.383561;0.126957;-46.882848;-0.432145;0.393614;AGING
2026.07.24 02:48:00;XAUUSDm;4030.327;0.432119;5.770177;0.242051;1.000000;0.362778;1.000000;0.080695;1.918084;42.539575;0.362778;0.120975;-46.932304;-0.433068;0.393394;AGING
2026.07.24 02:49:00;XAUUSDm;4026.521;0.431988;4.172971;0.222687;1.000000;0.344612;1.000000;0.077629;1.911796;42.561801;0.344612;0.115277;-46.973352;-0.433898;0.393196;AGING
2026.07.24 02:50:00;XAUUSDm;4029.147;0.432485;2.750948;0.204872;1.000000;0.326617;1.000000;0.074638;1.905276;42.584322;0.326617;0.109606;-47.012660;-0.434721;0.393000;AGING
2026.07.24 02:51:00;XAUUSDm;4029.214;0.432630;0.071653;0.188482;0.947050;0.309116;0.970120;0.071725;1.898545;42.606595;0.326399;0.105959;-46.996587;-0.434910;0.392954;AGING
2026.07.24 02:52:00;XAUUSDm;4028.585;0.432772;0.667601;0.173404;0.926896;0.291985;0.962042;0.068893;1.891624;42.628941;0.315014;0.101124;-47.011481;-0.435493;0.392815;AGING
2026.07.24 02:53:00;XAUUSDm;4028.945;0.433262;0.380172;0.159531;0.893720;0.275326;0.944088;0.066142;1.889025;42.651262;0.308068;0.096644;-47.020457;-0.435926;0.392712;AGING
2026.07.24 02:54:00;XAUUSDm;4025.569;0.432905;3.460506;0.146769;1.000000;0.258478;1.000000;0.063473;1.885890;42.674951;0.258478;0.087639;-47.168430;-0.437864;0.392250;AGING
2026.07.24 02:55:00;XAUUSDm;4024.202;0.432887;1.370783;0.135027;1.000000;0.242023;1.000000;0.060887;1.882266;42.698933;0.242023;0.082233;-47.208188;-0.438628;0.392068;AGING
2026.07.24 02:56:00;XAUUSDm;4026.263;0.433494;1.999922;0.124225;1.000000;0.225985;1.000000;0.058382;1.878196;42.723195;0.225985;0.076955;-47.246142;-0.439373;0.391890;AGING
2026.07.24 02:57:00;XAUUSDm;4026.312;0.433617;0.048523;0.114287;0.947906;0.210639;0.968742;0.055960;1.873719;42.747199;0.222215;0.073200;-47.229538;-0.439674;0.391819;AGING
2026.07.24 02:58:00;XAUUSDm;4024.526;0.433514;1.731090;0.105144;0.982853;0.195556;0.997382;0.053619;1.868871;42.771805;0.198968;0.067309;-47.298938;-0.440666;0.391582;AGING
2026.07.24 02:59:00;XAUUSDm;4024.508;0.433565;0.017986;0.096733;0.930698;0.181184;0.964980;0.051359;1.863686;42.796125;0.194676;0.063669;-47.278996;-0.440976;0.391508;AGING
2026.07.24 03:00:00;XAUUSDm;4025.373;0.433726;0.856911;0.088994;0.923385;0.167297;0.962995;0.049178;1.858194;42.820595;0.181178;0.059100;-47.302432;-0.441610;0.391357;AGING
2026.07.24 03:01:00;XAUUSDm;4024.153;0.433782;1.191942;0.081875;0.933467;0.153812;0.972730;0.047075;1.852423;42.845378;0.164775;0.054294;-47.342155;-0.442342;0.391183;AGING
2026.07.24 03:02:00;XAUUSDm;4024.568;0.438762;0.402834;0.075325;0.903859;0.140927;0.954431;0.045049;1.846400;42.870062;0.155917;0.050415;-47.340567;-0.442802;0.391074;AGING
2026.07.24 03:03:00;XAUUSDm;4025.593;0.439263;0.981669;0.069299;0.904931;0.128484;0.956961;0.043098;1.840147;42.894943;0.141982;0.046082;-47.368582;-0.443436;0.390922;AGING
2026.07.24 03:04:00;XAUUSDm;4026.571;0.440011;0.927788;0.063755;0.903504;0.116493;0.957448;0.041220;1.833688;42.919985;0.128934;0.041928;-47.393057;-0.444036;0.390780;AGING
2026.07.24 03:05:00;XAUUSDm;4027.679;0.440999;1.033197;0.058654;0.907659;0.104922;0.961542;0.039414;1.827041;42.945233;0.115597;0.037822;-47.422226;-0.444641;0.390636;AGING
2026.07.24 03:06:00;XAUUSDm;4027.388;0.441019;0.271010;0.053962;0.873728;0.093954;0.938753;0.037678;1.820226;42.970294;0.107532;0.034395;-47.411914;-0.445054;0.390537;AGING
2026.07.24 03:07:00;XAUUSDm;4027.652;0.445006;0.245792;0.049645;0.840452;0.083569;0.915818;0.036010;1.813260;42.995160;0.099434;0.031070;-47.400937;-0.445463;0.390440;AGING
2026.07.24 03:08:00;XAUUSDm;4028.269;0.466515;0.569682;0.045673;0.825242;0.073664;0.904964;0.034408;1.806157;43.020000;0.089264;0.027633;-47.407035;-0.445940;0.390326;AGING
2026.07.24 03:09:00;XAUUSDm;4027.008;0.611559;1.141879;0.504343;0.839601;0.086560;0.914460;0.055621;1.799943;43.044665;0.103097;0.032117;-47.004490;-0.445301;0.390479;AGING
2026.07.24 03:10:00;XAUUSDm;4026.833;0.470249;0.158863;0.463995;0.803833;0.096085;0.889961;0.054857;1.793534;43.068717;0.119533;0.036228;-47.009253;-0.444603;0.390645;AGING
2026.07.24 03:11:00;XAUUSDm;4028.270;0.516311;1.300853;0.851229;0.826762;0.122705;0.906262;0.071476;1.791194;43.092442;0.148416;0.045625;-46.670612;-0.443266;0.390963;AGING
2026.07.24 03:12:00;XAUUSDm;4030.157;0.482826;1.685815;0.783130;0.867261;0.144062;0.936048;0.071307;1.788335;43.116117;0.166111;0.052830;-46.775471;-0.442375;0.391175;AGING
2026.07.24 03:13:00;XAUUSDm;4030.948;0.471342;0.722467;0.720480;0.857140;0.161589;0.931069;0.070874;1.785003;43.139306;0.188521;0.059561;-46.826133;-0.441366;0.391415;AGING
2026.07.24 03:14:00;XAUUSDm;4031.649;0.447238;0.650230;0.662842;0.843563;0.175702;0.923720;0.070213;1.781239;43.162040;0.208286;0.065195;-46.869962;-0.440492;0.391624;AGING
2026.07.24 03:15:00;XAUUSDm;4032.189;0.445347;0.500519;0.609814;0.822896;0.186801;0.911365;0.069353;1.777081;43.184304;0.227004;0.069980;-46.903453;-0.439691;0.391815;AGING
2026.07.24 03:16:00;XAUUSDm;4032.039;0.389303;0.139170;0.561029;0.784974;0.195301;0.886766;0.068325;1.772563;43.205974;0.248799;0.074376;-46.916394;-0.438817;0.392023;AGING
2026.07.24 03:17:00;XAUUSDm;4031.888;0.389711;0.144032;0.516147;0.749021;0.201495;0.863161;0.067153;1.767719;43.227111;0.269011;0.077981;-46.928234;-0.438031;0.392210;AGING
2026.07.24 03:18:00;XAUUSDm;4031.641;0.378950;0.240044;0.474855;0.719542;0.205631;0.843703;0.065860;1.762578;43.247820;0.285780;0.080703;-46.943751;-0.437391;0.392363;AGING
2026.07.24 03:19:00;XAUUSDm;4029.334;0.398947;2.147005;0.436867;0.786803;0.207500;0.891623;0.064466;1.757166;43.269109;0.263726;0.079550;-47.054809;-0.438111;0.392191;AGING
2026.07.24 03:20:00;XAUUSDm;4029.399;0.410877;0.060613;0.401917;0.746343;0.207867;0.864794;0.062990;1.751509;43.289930;0.278514;0.081171;-47.055489;-0.437586;0.392316;AGING
2026.07.24 03:21:00;XAUUSDm;4031.116;0.381683;1.568495;0.369764;0.783293;0.206563;0.891628;0.061448;1.745631;43.311088;0.263711;0.079743;-47.132213;-0.438102;0.392193;AGING
2026.07.24 03:22:00;XAUUSDm;4030.074;0.390778;0.944491;0.340183;0.787222;0.203949;0.895629;0.059855;1.739551;43.332277;0.259074;0.078847;-47.174180;-0.438285;0.392150;AGING
2026.07.24 03:23:00;XAUUSDm;4029.945;0.400514;0.120696;0.312968;0.749817;0.200402;0.870602;0.058223;1.733290;43.353100;0.267268;0.078857;-47.172573;-0.438039;0.392208;AGING
2026.07.24 03:24:00;XAUUSDm;4030.130;0.410985;0.174397;0.287931;0.717038;0.196049;0.848272;0.056564;1.726865;43.373618;0.273416;0.078405;-47.173534;-0.437877;0.392247;AGING
2026.07.24 03:25:00;XAUUSDm;4030.105;0.444256;0.023566;0.264896;0.678443;0.191056;0.821387;0.054887;1.720294;43.393785;0.281609;0.077867;-47.166637;-0.437658;0.392299;ORGANIZING
2026.07.24 03:26:00;XAUUSDm;4029.723;0.448034;0.365382;0.243705;0.658969;0.185448;0.807348;0.053203;1.713590;43.413801;0.281422;0.076449;-47.177202;-0.437735;0.392281;ORGANIZING
2026.07.24 03:27:00;XAUUSDm;4030.652;0.424141;0.879618;0.224208;0.666292;0.179205;0.811740;0.051517;1.706767;43.433948;0.268959;0.073912;-47.213395;-0.438236;0.392161;ORGANIZING
2026.07.24 03:28:00;XAUUSDm;4029.563;0.530042;1.018862;0.621740;0.680337;0.192177;0.820792;0.068818;1.703994;43.453947;0.282473;0.078339;-46.865992;-0.437609;0.392311;ORGANIZING
2026.07.24 03:29:00;XAUUSDm;4030.226;0.415820;0.614549;0.572001;0.673204;0.201447;0.815982;0.067864;1.696151;43.473612;0.299237;0.082655;-46.901397;-0.436890;0.392482;ORGANIZING
2026.07.24 03:30:00;XAUUSDm;4032.708;0.382455;2.228487;0.526241;0.746939;0.207826;0.867795;0.066759;1.688292;43.493808;0.278237;0.083064;-47.016783;-0.437500;0.392337;AGING
2026.07.24 03:31:00;XAUUSDm;4032.193;0.401266;0.462838;0.484141;0.728578;0.212046;0.855958;0.065526;1.683522;43.513688;0.291041;0.085584;-47.044173;-0.436990;0.392459;AGING
2026.07.24 03:32:00;XAUUSDm;4031.160;0.575708;0.924153;0.915922;0.734115;0.235611;0.860638;0.083839;1.676432;43.533081;0.320946;0.094457;-46.636204;-0.435649;0.392778;AGING
2026.07.24 03:33:00;XAUUSDm;4031.134;0.982026;0.023305;1.652442;0.693863;0.287366;0.834266;0.116473;1.677370;43.551046;0.414154;0.115515;-45.892785;-0.431800;0.393697;ORGANIZING
2026.07.24 03:34:00;XAUUSDm;4031.914;0.926785;0.692656;2.347531;0.688055;0.360412;0.833386;0.145403;1.685830;43.567577;0.523813;0.143061;-45.210155;-0.427133;0.394811;ORGANIZING
2026.07.24 03:35:00;XAUUSDm;4032.504;0.870259;0.529652;3.000225;0.672927;0.450049;0.827845;0.170768;1.701305;43.582318;0.668794;0.176837;-44.549115;-0.421094;0.396255;ORGANIZING
2026.07.24 03:36:00;XAUUSDm;4031.628;0.781070;0.782506;3.586027;0.669405;0.551741;0.832235;0.191520;1.723048;43.595208;0.824226;0.213524;-43.955980;-0.414597;0.397810;ORGANIZING
2026.07.24 03:37:00;XAUUSDm;4031.644;0.928259;0.015986;4.282221;0.625699;0.666616;0.810369;0.216753;1.752093;43.605653;1.065394;0.256930;-43.220209;-0.405192;0.400066;ORGANIZING
2026.07.24 03:38:00;XAUUSDm;4032.353;0.608563;0.773545;4.738644;0.619759;0.786456;0.816667;0.228737;1.785971;43.613982;1.268971;0.298526;-42.738056;-0.397005;0.402032;ORGANIZING
2026.07.24 03:39:00;XAUUSDm;4031.519;0.424592;0.973026;4.359552;0.621693;0.890628;0.830145;0.236255;1.816268;43.620549;1.432584;0.333043;-43.097107;-0.390370;0.403628;ORGANIZING
2026.07.24 03:40:00;XAUUSDm;4032.612;0.395600;1.322508;4.010788;0.638921;0.980252;0.855647;0.241880;1.843275;43.625766;1.534230;0.359847;-43.443957;-0.385981;0.404685;ORGANIZING
2026.07.24 03:41:00;XAUUSDm;4032.325;0.503553;0.345425;4.388453;0.604641;1.000000;0.846255;0.248669;1.874246;43.630554;1.653873;0.366629;-43.092573;-0.382052;0.405632;ORGANIZING
2026.07.24 03:42:00;XAUUSDm;4032.252;0.424465;0.089053;4.037377;0.558862;1.000000;0.828456;0.253790;1.901847;43.635161;1.789351;0.368392;-43.467919;-0.377900;0.406634;ORGANIZING
2026.07.24 03:43:00;XAUUSDm;4030.939;0.536152;1.565331;4.439491;0.589185;1.000000;0.863129;0.261206;1.933603;43.640389;1.697259;0.359196;-43.179701;-0.381122;0.405856;ORGANIZING
2026.07.24 03:44:00;XAUUSDm;4031.455;0.482220;0.660184;4.084332;0.572735;1.000000;0.865168;0.265904;1.961899;43.645736;1.746007;0.357074;-43.589743;-0.379766;0.406183;ORGANIZING
2026.07.24 03:45:00;XAUUSDm;4030.044;0.999585;1.803241;4.834021;0.614261;1.000000;0.907308;0.290093;1.997780;43.651856;1.627973;0.344574;-43.007842;-0.383932;0.405179;ORGANIZING
2026.07.24 03:46:00;XAUUSDm;4030.754;0.489540;0.939825;4.447299;0.610539;1.000000;0.918599;0.294924;2.029827;43.658260;1.637897;0.340682;-43.471003;-0.383829;0.405204;ORGANIZING
2026.07.24 03:47:00;XAUUSDm;4030.922;0.772486;0.221683;5.026664;0.571096;1.000000;0.904529;0.309146;2.067703;43.664648;1.751019;0.339219;-42.962778;-0.380508;0.406004;ORGANIZING
2026.07.24 03:48:00;XAUUSDm;4031.546;0.426372;0.849442;4.624531;0.565013;1.000000;0.913421;0.313796;2.097392;43.671272;1.769870;0.335999;-43.434130;-0.380104;0.406102;ORGANIZING
2026.07.24 03:49:00;XAUUSDm;4031.530;0.452620;0.021782;4.254568;0.517852;1.000000;0.893197;0.316604;2.123731;43.677688;1.931055;0.338045;-43.821641;-0.375166;0.407293;ORGANIZING
2026.07.24 03:50:00;XAUUSDm;4030.454;0.415603;1.456455;3.914203;0.544782;1.000000;0.923992;0.317792;2.146992;43.684605;1.835597;0.332274;-44.244752;-0.378318;0.406533;ORGANIZING
2026.07.24 03:51:00;XAUUSDm;4031.439;0.511066;1.341816;4.297502;0.564634;1.000000;0.949739;0.321067;2.174390;43.691996;1.771060;0.326788;-43.950043;-0.380529;0.405999;ORGANIZING
2026.07.24 03:52:00;XAUUSDm;4031.179;0.999885;0.355687;5.047416;0.534186;1.000000;0.940184;0.342510;2.204833;43.699386;1.872006;0.324514;-43.280842;-0.377614;0.406702;ORGANIZING
2026.07.24 03:53:00;XAUUSDm;4030.776;0.544885;0.560860;5.456080;0.515520;1.000000;0.938896;0.345817;2.231846;43.706859;1.939789;0.323292;-42.921626;-0.375642;0.407178;ORGANIZING
2026.07.24 03:54:00;XAUUSDm;4029.941;0.444503;1.166723;5.019594;0.528080;1.000000;0.958973;0.350351;2.247407;43.714614;1.893652;0.319914;-43.418617;-0.377195;0.406804;ORGANIZING
2026.07.24 03:55:00;XAUUSDm;4028.956;0.436988;1.381061;4.618026;0.550729;1.000000;0.986008;0.352912;2.252348;43.722645;1.815775;0.316858;-43.865868;-0.379684;0.406203;ORGANIZING
2026.07.24 03:56:00;XAUUSDm;4028.847;0.440943;0.153612;4.248584;0.510873;1.000000;0.969226;0.353738;2.247712;43.730231;1.957433;0.321303;-44.195420;-0.375212;0.407282;ORGANIZING
2026.07.24 03:57:00;XAUUSDm;4029.022;0.441750;0.247245;3.908697;0.477692;1.000000;0.956338;0.353046;2.240209;43.737410;2.093400;0.325633;-44.492913;-0.370916;0.408320;ORGANIZING
2026.07.24 03:58:00;XAUUSDm;4028.990;0.438078;0.045970;3.596001;0.436106;1.000000;0.936832;0.351028;2.240434;43.744175;2.293022;0.330298;-44.767204;-0.364694;0.409824;ORGANIZING
2026.07.24 03:59:00;XAUUSDm;4029.371;0.445355;0.561533;3.308321;0.422377;1.000000;0.935982;0.347861;2.239744;43.750797;2.367553;0.332228;-45.040062;-0.362362;0.410388;ORGANIZING
2026.07.24 04:00:00;XAUUSDm;4028.095;0.435877;1.821504;3.043656;0.472333;1.000000;0.979151;0.343701;2.238217;43.757902;2.117148;0.327412;-45.350415;-0.370115;0.408513;ORGANIZING
2026.07.24 04:01:00;XAUUSDm;4028.137;0.437114;0.062442;2.800163;0.431839;1.000000;0.959095;0.338691;2.242908;43.764650;2.315678;0.331847;-45.559523;-0.363937;0.410007;ORGANIZING
2026.07.24 04:02:00;XAUUSDm;4028.860;0.439699;1.113438;2.576150;0.445919;1.000000;0.976352;0.332957;2.246306;43.771572;2.242560;0.330559;-45.799866;-0.366195;0.409461;ORGANIZING
2026.07.24 04:03:00;XAUUSDm;4029.330;0.454291;0.731040;2.370058;0.440175;1.000000;0.979419;0.326613;2.255769;43.778531;2.271824;0.330846;-46.013413;-0.365303;0.409676;ORGANIZING
2026.07.24 04:04:00;XAUUSDm;4029.105;0.446378;0.355226;2.180453;0.415927;1.000000;0.969004;0.319763;2.263529;43.785326;2.404265;0.333420;-46.187384;-0.361201;0.410669;ORGANIZING
2026.07.24 04:05:00;XAUUSDm;4029.273;0.482187;0.268388;2.006017;0.388550;1.000000;0.955674;0.312497;2.280491;43.792016;2.573668;0.335397;-46.360526;-0.356020;0.411923;ORGANIZING
2026.07.24 04:06:00;XAUUSDm;4029.158;0.454251;0.183923;1.845536;0.358319;1.000000;0.939600;0.304896;2.295107;43.798550;2.790808;0.338030;-46.511339;-0.349374;0.413534;ORGANIZING
2026.07.24 04:07:00;XAUUSDm;4029.515;0.458179;0.567225;1.697893;0.348764;1.000000;0.937238;0.297033;2.316919;43.805207;2.867265;0.337528;-46.683983;-0.347106;0.414084;ORGANIZING
2026.07.24 04:08:00;XAUUSDm;4028.416;0.441832;1.700133;1.562062;0.396333;1.000000;0.974336;0.288973;2.335959;43.812530;2.523132;0.330987;-46.896665;-0.357757;0.411503;ORGANIZING
2026.07.24 04:09:00;XAUUSDm;4029.069;0.445949;1.064662;1.437097;0.409749;0.998057;0.987611;0.280773;2.352454;43.820191;2.435774;0.327987;-47.061240;-0.360527;0.410832;ORGANIZING
2026.07.24 04:10:00;XAUUSDm;4028.254;0.447798;1.297068;1.322129;0.434154;0.991705;1.000000;0.272483;2.366612;43.828365;2.284223;0.322689;-47.226875;-0.365339;0.409668;ORGANIZING
2026.07.24 04:11:00;XAUUSDm;4027.508;0.439308;1.225120;1.216359;0.453868;0.981488;1.000000;0.264147;2.385591;43.837130;2.162495;0.316241;-47.392626;-0.369313;0.408707;ORGANIZING
2026.07.24 04:12:00;XAUUSDm;4028.691;0.445944;1.933828;1.119050;0.508237;0.967740;1.000000;0.255805;2.412946;43.846987;1.904113;0.304609;-47.605936;-0.377646;0.406695;ORGANIZING
2026.07.24 04:13:00;XAUUSDm;4028.385;0.449184;0.497335;1.029526;0.488337;0.951234;0.991360;0.247491;2.445147;43.857297;1.947906;0.299038;-47.750150;-0.376611;0.406945;ORGANIZING
2026.07.24 04:14:00;XAUUSDm;4028.253;0.457164;0.214907;0.947164;0.455640;0.932430;0.972846;0.239235;2.473646;43.867941;2.046415;0.294279;-47.869748;-0.373894;0.407601;ORGANIZING
2026.07.24 04:15:00;XAUUSDm;4028.643;0.568212;0.627494;1.373323;0.445585;0.933142;0.969132;0.248581;2.493724;43.878671;2.094197;0.292715;-47.502402;-0.372538;0.407928;ORGANIZING
2026.07.24 04:16:00;XAUUSDm;4028.516;0.558519;0.206028;1.792212;0.414944;0.950118;0.951124;0.257096;2.505820;43.888877;2.289751;0.298981;-47.087322;-0.366358;0.409421;ORGANIZING
2026.07.24 04:17:00;XAUUSDm;4028.440;0.502659;0.126802;2.169206;0.381534;0.979960;0.931271;0.263091;2.510685;43.898199;2.568472;0.310575;-46.678120;-0.357417;0.411585;ORGANIZING
2026.07.24 04:18:00;XAUUSDm;4028.103;0.477227;0.576739;1.995670;0.371695;1.000000;0.928070;0.258613;2.514135;43.907058;2.690374;0.318021;-46.828581;-0.353388;0.412561;ORGANIZING
2026.07.24 04:19:00;XAUUSDm;4028.421;0.472307;0.550726;1.836016;0.360647;1.000000;0.923915;0.253665;2.516288;43.915827;2.772795;0.319428;-46.980364;-0.350845;0.413178;ORGANIZING
2026.07.24 04:20:00;XAUUSDm;4028.563;0.516167;0.267611;2.223142;0.335995;1.000000;0.909823;0.260338;2.511911;43.924306;2.976233;0.321725;-46.581659;-0.344627;0.414686;ORGANIZING
2026.07.24 04:21:00;XAUUSDm;4028.870;0.483091;0.583140;2.045290;0.328352;1.000000;0.907500;0.256214;2.506900;43.932659;3.045508;0.323471;-46.741950;-0.342461;0.415212;ORGANIZING
2026.07.24 04:22:00;XAUUSDm;4029.619;0.481206;1.438227;1.881667;0.363846;1.000000;0.935043;0.251584;2.501311;43.941310;2.748414;0.320848;-46.929280;-0.351505;0.413017;ORGANIZING
2026.07.24 04:23:00;XAUUSDm;4029.589;0.583639;0.057597;2.319396;0.328534;1.000000;0.913138;0.260892;2.489311;43.949489;3.043827;0.324809;-46.459032;-0.342445;0.415216;ORGANIZING
2026.07.24 04:24:00;XAUUSDm;4029.455;0.542142;0.263811;2.726002;0.305298;1.000000;0.899543;0.268177;2.482320;43.957365;3.275493;0.327247;-46.037655;-0.335373;0.416934;ORGANIZING
2026.07.24 04:25:00;XAUUSDm;4029.853;0.493162;0.789526;2.507922;0.309509;1.000000;0.905079;0.265673;2.474927;43.965209;3.230924;0.327857;-46.247996;-0.336679;0.416616;ORGANIZING
2026.07.24 04:26:00;XAUUSDm;4029.786;0.487278;0.137318;2.307288;0.280899;1.000000;0.887505;0.262421;2.467170;43.972690;3.559993;0.332172;-46.405483;-0.326592;0.419070;ORGANIZING
2026.07.24 04:27:00;XAUUSDm;4029.727;0.607213;0.120709;2.762698;0.252890;1.000000;0.869852;0.272070;2.465482;43.979874;3.954290;0.334399;-45.945170;-0.314651;0.421980;ORGANIZING
2026.07.24 04:28:00;XAUUSDm;4029.525;0.456771;0.422029;2.541682;0.241347;1.000000;0.863701;0.269517;2.462951;43.986917;4.143414;0.336268;-46.151518;-0.308884;0.423387;ORGANIZING
2026.07.24 04:29:00;XAUUSDm;4029.928;0.465858;0.857410;2.338348;0.252150;1.000000;0.872914;0.266208;2.459649;43.994035;3.965893;0.335795;-46.359551;-0.314233;0.422082;ORGANIZING
2026.07.24 04:30:00;XAUUSDm;4030.007;0.443139;0.175657;2.151280;0.228325;1.000000;0.857827;0.262251;2.455642;44.000874;4.379715;0.339418;-46.513707;-0.301638;0.425157;ORGANIZING
2026.07.24 04:31:00;XAUUSDm;4030.263;0.435196;0.570004;1.979177;0.225409;1.000000;0.856932;0.257744;2.450992;44.007638;4.436374;0.340815;-46.671342;-0.299868;0.425590;ORGANIZING
2026.07.24 04:32:00;XAUUSDm;4029.548;0.465006;1.547753;1.820843;0.271526;1.000000;0.890132;0.252773;2.445755;44.014811;3.682882;0.336694;-46.862551;-0.322679;0.420023;ORGANIZING
2026.07.24 04:33:00;XAUUSDm;4029.306;0.460773;0.549326;1.675176;0.265416;1.000000;0.887051;0.247418;2.439983;44.021865;3.767664;0.338660;-46.986907;-0.320037;0.420667;ORGANIZING
2026.07.24 04:34:00;XAUUSDm;4029.046;0.466293;0.597125;1.541162;0.262002;1.000000;0.885563;0.241748;2.433723;44.028822;3.816767;0.340429;-47.100604;-0.318476;0.421047;ORGANIZING
2026.07.24 04:35:00;XAUUSDm;4028.703;0.893931;0.828382;2.211610;0.270321;1.000000;0.892023;0.263183;2.429937;44.035825;3.699307;0.337446;-46.480776;-0.322149;0.420152;ORGANIZING
2026.07.24 04:36:00;XAUUSDm;4027.644;0.457873;2.515200;2.034681;0.362565;1.000000;0.958045;0.258870;2.420212;44.043653;2.758127;0.328769;-46.729701;-0.350818;0.413184;ORGANIZING
2026.07.24 04:37:00;XAUUSDm;4027.777;0.470907;0.316411;1.871906;0.340257;1.000000;0.944649;0.254065;2.411084;44.051166;2.938954;0.332734;-46.849816;-0.345195;0.414548;ORGANIZING
2026.07.24 04:38:00;XAUUSDm;4027.701;0.506424;0.185647;2.251724;0.312527;1.000000;0.926976;0.260353;2.401589;44.058307;3.199728;0.336194;-46.442994;-0.337198;0.416490;ORGANIZING
2026.07.24 04:39:00;XAUUSDm;4027.517;0.454986;0.445801;2.071586;0.299190;1.000000;0.919247;0.256342;2.391937;44.065219;3.342354;0.339274;-46.589381;-0.332766;0.417568;ORGANIZING
2026.07.24 04:40:00;XAUUSDm;4026.848;0.435366;1.653485;1.905859;0.346905;1.000000;0.953917;0.251811;2.383150;44.072519;2.882633;0.335360;-46.783488;-0.346753;0.414170;ORGANIZING
2026.07.24 04:41:00;XAUUSDm;4026.836;0.431847;0.031158;1.753391;0.311118;1.000000;0.930434;0.246844;2.374153;44.079372;3.214218;0.341051;-46.879094;-0.336521;0.416655;ORGANIZING
2026.07.24 04:42:00;XAUUSDm;4026.926;0.427116;0.235763;1.613119;0.287350;1.000000;0.914760;0.241516;2.364968;44.085895;3.480077;0.345562;-46.973093;-0.328320;0.418650;ORGANIZING
2026.07.24 04:43:00;XAUUSDm;4026.551;0.425395;0.983787;1.484070;0.302172;1.000000;0.925629;0.235892;2.361497;44.092532;3.309376;0.344880;-47.105411;-0.333475;0.417395;ORGANIZING
2026.07.24 04:44:00;XAUUSDm;4026.663;0.426393;0.305410;1.365344;0.282334;0.997803;0.912178;0.230034;2.363296;44.099032;3.534126;0.346982;-47.204878;-0.326627;0.419062;ORGANIZING
2026.07.24 04:45:00;XAUUSDm;4027.035;0.426141;1.049484;1.256117;0.300735;0.991371;0.925035;0.223994;2.363997;44.105852;3.296493;0.343186;-47.335081;-0.333946;0.417281;ORGANIZING
2026.07.24 04:46:00;XAUUSDm;4026.073;0.423085;2.589363;1.155627;0.395339;0.980888;0.991126;0.217818;2.363694;44.113824;2.481131;0.329505;-47.535673;-0.359091;0.411180;ORGANIZING
2026.07.24 04:47:00;XAUUSDm;4026.177;0.423409;0.281005;1.063177;0.370005;0.967343;0.973895;0.211550;2.368871;44.121866;2.614408;0.327866;-47.622192;-0.355174;0.412128;ORGANIZING
2026.07.24 04:48:00;XAUUSDm;4027.326;0.430003;2.927836;0.978123;0.478549;0.950574;1.000000;0.205225;2.372662;44.131367;1.986366;0.311007;-47.836993;-0.374859;0.407368;ORGANIZING
2026.07.24 04:49:00;XAUUSDm;4026.686;0.426956;1.609577;0.899873;0.516089;0.931299;1.000000;0.198876;2.375183;44.141654;1.804530;0.301377;-47.974691;-0.380795;0.405935;ORGANIZING
2026.07.24 04:50:00;XAUUSDm;4026.455;0.426463;0.613188;0.827883;0.502318;0.910109;0.993422;0.192532;2.376541;44.152240;1.811817;0.296318;-48.054713;-0.380830;0.405927;ORGANIZING
2026.07.24 04:51:00;XAUUSDm;4026.333;0.426235;0.322478;0.761653;0.475124;0.887388;0.976678;0.186217;2.376834;44.163012;1.867698;0.292079;-48.115197;-0.379365;0.406280;ORGANIZING
2026.07.24 04:52:00;XAUUSDm;4026.671;0.429864;0.911985;0.700720;0.479219;0.863284;0.980931;0.179953;2.376151;44.174300;1.801437;0.284412;-48.201723;-0.381736;0.405708;ORGANIZING
2026.07.24 04:53:00;XAUUSDm;4027.124;0.434052;1.223399;0.644663;0.499163;0.837988;0.995716;0.173758;2.374575;44.186278;1.678788;0.274976;-48.299456;-0.385888;0.404708;ORGANIZING
2026.07.24 04:54:00;XAUUSDm;4026.788;0.433644;0.902013;0.593090;0.502545;0.811822;0.998518;0.167649;2.372183;44.198788;1.615421;0.266838;-48.376086;-0.388195;0.404152;ORGANIZING
2026.07.24 04:55:00;XAUUSDm;4026.802;0.436224;0.037897;0.545643;0.463077;0.785204;0.970764;0.161639;2.376982;44.211485;1.695624;0.261587;-48.420956;-0.386052;0.404668;ORGANIZING
2026.07.24 04:56:00;XAUUSDm;4027.052;0.475847;0.671826;0.501991;0.457810;0.758156;0.965958;0.155739;2.380424;44.224704;1.656049;0.253227;-48.494694;-0.387657;0.404281;ORGANIZING
2026.07.24 04:57:00;XAUUSDm;4028.005;0.569122;2.481512;0.928833;0.543832;0.751841;1.000000;0.169294;2.377952;44.238885;1.382488;0.243229;-48.196537;-0.396364;0.402186;ORGANIZING
2026.07.24 04:58:00;XAUUSDm;4027.387;0.527153;1.650553;1.324198;0.584131;0.761853;1.000000;0.180598;2.375338;44.253243;1.304249;0.242623;-47.863195;-0.398741;0.401615;ORGANIZING
2026.07.24 04:59:00;XAUUSDm;4027.133;0.504391;0.693156;1.702491;0.574345;0.785940;0.995581;0.190483;2.367152;44.266939;1.368409;0.250940;-47.468124;-0.396401;0.402177;ORGANIZING
2026.07.24 05:00:00;XAUUSDm;4026.818;0.981111;0.883739;2.438324;0.574096;0.834990;0.998334;0.217750;2.360641;44.279587;1.454443;0.264867;-46.737151;-0.393123;0.402966;ORGANIZING
2026.07.24 05:01:00;XAUUSDm;4026.604;0.547870;0.618855;2.849226;0.559634;0.894238;0.992673;0.227408;2.359796;44.290896;1.597896;0.284170;-46.281475;-0.387855;0.404234;ORGANIZING
2026.07.24 05:02:00;XAUUSDm;4025.824;0.438746;2.309469;2.621288;0.629241;0.942580;1.000000;0.227434;2.358079;44.301918;1.497963;0.293204;-46.538317;-0.390401;0.403621;ORGANIZING
2026.07.24 05:03:00;XAUUSDm;4027.537;0.444543;4.681863;2.411585;0.813021;0.980808;1.000000;0.226548;2.355564;44.313987;1.206375;0.288886;-46.898838;-0.399364;0.401465;ORGANIZING
2026.07.24 05:04:00;XAUUSDm;4028.566;0.427426;2.680944;2.218658;0.886801;1.000000;1.000000;0.224867;2.352319;44.326379;1.127649;0.288685;-47.148893;-0.401736;0.400895;ORGANIZING
2026.07.24 05:05:00;XAUUSDm;4029.295;0.424669;1.866359;2.041166;0.915779;1.000000;1.000000;0.222498;2.348408;44.339020;1.091967;0.286805;-47.355446;-0.402901;0.400616;ORGANIZING
2026.07.24 05:06:00;XAUUSDm;4028.628;0.423213;1.661684;1.877872;0.933074;1.000000;1.000000;0.219538;2.343888;44.351790;1.071726;0.286000;-47.533844;-0.403548;0.400460;ORGANIZING
2026.07.24 05:07:00;XAUUSDm;4027.953;0.429649;1.632880;1.727643;0.948064;1.000000;1.000000;0.216072;2.338814;44.364659;1.054781;0.285474;-47.694853;-0.404083;0.400332;ORGANIZING
2026.07.24 05:08:00;XAUUSDm;4028.153;0.452826;0.487045;1.589431;0.905013;1.000000;0.989609;0.212179;2.333233;44.377041;1.104956;0.289819;-47.783447;-0.402360;0.400745;ORGANIZING
2026.07.24 05:09:00;XAUUSDm;4029.112;0.424858;2.264677;1.462277;0.952997;0.999972;1.000000;0.207928;2.327190;44.389844;1.049292;0.286680;-47.950829;-0.404187;0.400307;ORGANIZING
2026.07.24 05:10:00;XAUUSDm;4031.427;0.417238;4.958023;1.345295;1.000000;0.995138;1.000000;0.203381;2.320729;44.403148;0.995138;0.282380;-48.110935;-0.406027;0.399865;ORGANIZING
2026.07.24 05:11:00;XAUUSDm;4030.244;0.419608;2.441995;1.237671;1.000000;0.986239;1.000000;0.198593;2.313885;44.416562;0.986239;0.280782;-48.217608;-0.406374;0.399782;ORGANIZING
2026.07.24 05:12:00;XAUUSDm;4029.988;0.422098;0.539424;1.138657;0.957246;0.973961;0.990831;0.193614;2.306695;44.429723;1.017461;0.281691;-48.274969;-0.405392;0.400018;ORGANIZING
2026.07.24 05:13:00;XAUUSDm;4029.866;0.427389;0.256077;1.047565;0.902709;0.958812;0.971891;0.188488;2.299191;44.442565;1.062150;0.282803;-48.314254;-0.403995;0.400353;ORGANIZING
2026.07.24 05:14:00;XAUUSDm;4027.711;0.460405;4.169569;0.963760;1.000000;0.940541;1.000000;0.183254;2.291401;44.456669;0.940541;0.270686;-48.501678;-0.408249;0.399332;ORGANIZING
2026.07.24 05:15:00;XAUUSDm;4027.498;0.477623;0.415091;0.886659;0.951944;0.920198;0.985942;0.177946;2.283355;44.470618;0.966651;0.269596;-48.538306;-0.407521;0.399507;ORGANIZING
2026.07.24 05:16:00;XAUUSDm;4026.337;0.478690;2.170012;0.815726;0.994443;0.897719;1.000000;0.172595;2.275075;44.485358;0.902735;0.260805;-48.661698;-0.409878;0.398941;ORGANIZING
2026.07.24 05:17:00;XAUUSDm;4026.784;0.453700;0.823538;0.750468;0.967944;0.873750;0.999865;0.167229;2.265483;44.500218;0.902686;0.256936;-48.709368;-0.410073;0.398895;ORGANIZING
2026.07.24 05:18:00;XAUUSDm;4023.076;0.428670;6.049927;0.690431;1.000000;0.848306;1.000000;0.161869;2.260494;44.515856;0.848306;0.247872;-48.821845;-0.412157;0.398395;ORGANIZING
2026.07.24 05:19:00;XAUUSDm;4024.472;0.436337;2.206208;0.635196;1.000000;0.821808;1.000000;0.156537;2.259864;44.532019;0.821808;0.240548;-48.907818;-0.413318;0.398117;ORGANIZING
2026.07.24 05:20:00;XAUUSDm;4024.433;0.438732;0.061713;0.584380;0.936649;0.794792;0.972639;0.151251;2.267104;44.548161;0.848548;0.236898;-48.942348;-0.412699;0.398265;ORGANIZING
2026.07.24 05:21:00;XAUUSDm;4026.428;0.706256;2.992171;1.114072;1.000000;0.792872;1.000000;0.170173;2.273120;44.565034;0.792872;0.230266;-48.544677;-0.414701;0.397786;ORGANIZING
2026.07.24 05:22:00;XAUUSDm;4027.383;0.448888;1.422104;1.024946;1.000000;0.786384;1.000000;0.166121;2.277718;44.582084;0.786384;0.228345;-48.658432;-0.414991;0.397716;ORGANIZING
2026.07.24 05:23:00;XAUUSDm;4029.222;0.445991;2.614147;0.942951;1.000000;0.776797;1.000000;0.161915;2.281016;44.599358;0.776797;0.225621;-48.765471;-0.415415;0.397614;ORGANIZING
2026.07.24 05:24:00;XAUUSDm;4027.260;0.455207;2.660267;0.867515;1.000000;0.764517;1.000000;0.157591;2.283122;44.616899;0.764517;0.222197;-48.866293;-0.415955;0.397485;ORGANIZING
2026.07.24 05:25:00;XAUUSDm;4027.130;0.444750;0.177290;0.798113;0.943574;0.750171;0.976721;0.153181;2.284137;44.634173;0.795032;0.221886;-48.904099;-0.415055;0.397701;ORGANIZING
2026.07.24 05:26:00;XAUUSDm;4027.588;0.471817;0.635017;0.734264;0.913143;0.733971;0.970123;0.148715;2.284152;44.651466;0.803785;0.219357;-48.962108;-0.414919;0.397733;ORGANIZING
2026.07.24 05:27:00;XAUUSDm;4025.724;0.445105;2.466065;0.675523;0.976110;0.715788;1.000000;0.144216;2.283253;44.669744;0.733307;0.210304;-49.109481;-0.417486;0.397119;ORGANIZING
2026.07.24 05:28:00;XAUUSDm;4026.084;0.447179;0.472726;0.621481;0.936625;0.696389;0.986593;0.139707;2.281516;44.687998;0.743510;0.207392;-49.149198;-0.417325;0.397157;ORGANIZING
2026.07.24 05:29:00;XAUUSDm;4026.098;0.438396;0.018466;0.571763;0.876789;0.676118;0.957598;0.135208;2.279014;44.706033;0.771130;0.205444;-49.163384;-0.416594;0.397332;ORGANIZING
2026.07.24 05:30:00;XAUUSDm;4027.597;0.436181;1.934843;0.526022;0.916169;0.654721;0.996534;0.130734;2.275811;44.724859;0.714629;0.197044;-49.273377;-0.418709;0.396826;ORGANIZING
2026.07.24 05:31:00;XAUUSDm;4028.971;0.468565;1.713260;0.483940;0.942929;0.632470;1.000000;0.126302;2.271970;44.744358;0.670750;0.189294;-49.367421;-0.420413;0.396418;ORGANIZING
2026.07.24 05:32:00;XAUUSDm;4029.193;0.542266;0.275907;0.890640;0.896929;0.630475;0.979077;0.140322;2.263090;44.763349;0.702927;0.191033;-48.945986;-0.419361;0.396670;ORGANIZING
2026.07.24 05:33:00;XAUUSDm;4028.934;0.523417;0.322822;1.283203;0.855614;0.644924;0.961020;0.152934;2.254131;44.781548;0.753756;0.197667;-48.523164;-0.417504;0.397114;ORGANIZING
2026.07.24 05:34:00;XAUUSDm;4031.110;0.425634;2.579483;1.180547;0.928909;0.653539;1.000000;0.150420;2.245028;44.800217;0.703555;0.196591;-48.685936;-0.419064;0.396741;ORGANIZING
2026.07.24 05:35:00;XAUUSDm;4029.888;0.443318;1.419973;1.086103;0.940391;0.657763;1.000000;0.147621;2.235797;44.818823;0.699457;0.197894;-48.782185;-0.419122;0.396727;ORGANIZING
2026.07.24 05:36:00;XAUUSDm;4029.286;0.433071;0.705430;0.999215;0.915488;0.658250;0.994857;0.144584;2.226453;44.837078;0.719015;0.200287;-48.837177;-0.418415;0.396896;ORGANIZING
2026.07.24 05:37:00;XAUUSDm;4028.159;0.487248;1.289710;0.919277;0.921034;0.655313;1.000000;0.141352;2.217009;44.855352;0.711497;0.199827;-48.918518;-0.418664;0.396837;ORGANIZING
2026.07.24 05:38:00;XAUUSDm;4027.441;0.417762;0.829847;0.845735;0.903368;0.649474;0.998992;0.137962;2.207477;44.873471;0.718947;0.199912;-48.972507;-0.418436;0.396891;ORGANIZING
2026.07.24 05:39:00;XAUUSDm;4026.217;0.463818;1.395826;0.778076;0.915002;0.640980;1.000000;0.134446;2.197869;44.891780;0.700523;0.197387;-49.052356;-0.419115;0.396729;ORGANIZING
2026.07.24 05:40:00;XAUUSDm;4025.920;0.476721;0.338184;0.715830;0.873341;0.630423;0.981542;0.130836;2.188194;44.909787;0.721852;0.197478;-49.074935;-0.418471;0.396883;ORGANIZING
2026.07.24 05:41:00;XAUUSDm;4027.961;0.472644;2.226707;0.658564;0.928401;0.617669;1.000000;0.127158;2.181808;44.928535;0.665304;0.190794;-49.198635;-0.420501;0.396397;ORGANIZING
2026.07.24 05:42:00;XAUUSDm;4026.976;0.706098;1.059664;1.188137;0.922611;0.629069;1.000000;0.147279;2.172531;44.946905;0.681836;0.194012;-48.691929;-0.419844;0.396554;ORGANIZING
2026.07.24 05:43:00;XAUUSDm;4025.887;0.423550;1.155732;1.093086;0.921686;0.635025;1.000000;0.144667;2.163169;44.965054;0.688982;0.196631;-48.774301;-0.419499;0.396637;ORGANIZING
2026.07.24 05:44:00;XAUUSDm;4024.890;0.440948;1.043455;1.005639;0.915074;0.637051;1.000000;0.141806;2.153735;44.983001;0.696175;0.198420;-48.846466;-0.419194;0.396710;ORGANIZING
2026.07.24 05:45:00;XAUUSDm;4027.205;0.997015;2.311533;1.753401;0.972156;0.669256;1.000000;0.172104;2.152519;45.000862;0.688425;0.203003;-48.199607;-0.419197;0.396709;ORGANIZING
2026.07.24 05:46:00;XAUUSDm;4026.795;0.537662;0.408082;2.156647;0.930567;0.713727;0.985307;0.183661;2.155980;45.017453;0.766981;0.218251;-47.756928;-0.416078;0.397456;ORGANIZING
2026.07.24 05:47:00;XAUUSDm;4028.465;0.431832;1.638797;1.984115;0.951704;0.749234;1.000000;0.183105;2.158286;45.033568;0.787256;0.227517;-47.934705;-0.415006;0.397712;ORGANIZING
2026.07.24 05:48:00;XAUUSDm;4028.264;0.443174;0.198872;1.825386;0.899077;0.777267;0.978369;0.181886;2.159534;45.048609;0.864516;0.239860;-48.027873;-0.412071;0.398416;ORGANIZING
2026.07.24 05:49:00;XAUUSDm;4028.006;0.451093;0.255248;1.679355;0.851341;0.798545;0.959426;0.180093;2.159812;45.062750;0.937985;0.250230;-48.116001;-0.409349;0.399068;ORGANIZING
2026.07.24 05:50:00;XAUUSDm;4027.486;0.967376;0.512376;2.404887;0.818422;0.845323;0.950082;0.207365;2.167802;45.075706;1.032869;0.264694;-47.394251;-0.405779;0.399925;ORGANIZING
2026.07.24 05:51:00;XAUUSDm;4025.774;0.417373;1.638528;2.212496;0.842520;0.882032;0.981436;0.206616;2.174248;45.088233;1.046897;0.273635;-47.597954;-0.404911;0.400133;ORGANIZING
2026.07.24 05:52:00;XAUUSDm;4025.171;0.410188;0.579084;2.035497;0.811708;0.910676;0.974585;0.205136;2.174826;45.099884;1.121926;0.285329;-47.725342;-0.402076;0.400814;ORGANIZING
2026.07.24 05:53:00;XAUUSDm;4024.839;0.409412;0.327520;1.872657;0.769285;0.932073;0.959118;0.203021;2.169846;45.110634;1.211609;0.296635;-47.820923;-0.398820;0.401596;ORGANIZING
2026.07.24 05:54:00;XAUUSDm;4023.624;0.398877;1.194221;1.722844;0.771890;0.946777;0.974452;0.200360;2.164420;45.121062;1.226570;0.301842;-47.952891;-0.398111;0.401766;ORGANIZING
2026.07.24 05:55:00;XAUUSDm;4022.403;0.400460;1.188622;1.585017;0.773791;0.955474;0.988960;0.197234;2.158587;45.131276;1.234795;0.305301;-48.076218;-0.397691;0.401867;ORGANIZING
2026.07.24 05:56:00;XAUUSDm;4023.500;0.405739;1.059044;1.458215;0.768945;0.958825;0.998317;0.193712;2.152384;45.141313;1.246936;0.307805;-48.185409;-0.397202;0.401985;ORGANIZING
2026.07.24 05:57:00;XAUUSDm;4022.696;0.407409;0.774253;1.341558;0.750033;0.957480;0.997254;0.189859;2.145845;45.151122;1.276583;0.310292;-48.273526;-0.396188;0.402229;ORGANIZING
2026.07.24 05:58:00;XAUUSDm;4022.554;0.409396;0.136899;1.234233;0.700227;0.952116;0.973787;0.185733;2.139001;45.160472;1.359725;0.314753;-48.323816;-0.393471;0.402882;ORGANIZING
2026.07.24 05:59:00;XAUUSDm;4022.978;0.418619;0.413030;1.135495;0.666825;0.943167;0.960661;0.181383;2.131880;45.169596;1.414415;0.316490;-48.384284;-0.391743;0.403298;ORGANIZING
2026.07.24 06:00:00;XAUUSDm;4024.552;0.457378;1.555736;1.044655;0.692407;0.930843;0.987837;0.176856;2.124509;45.179148;1.344358;0.310927;-48.498785;-0.394123;0.402725;ORGANIZING
2026.07.24 06:01:00;XAUUSDm;4024.823;0.419636;0.272773;0.961083;0.652809;0.915863;0.969000;0.172192;2.116911;45.188528;1.402958;0.311316;-48.542596;-0.392345;0.403153;ORGANIZING
2026.07.24 06:02:00;XAUUSDm;4025.571;0.453347;0.745510;0.884196;0.639126;0.898501;0.967204;0.167426;2.109366;45.198043;1.405826;0.308136;-48.608057;-0.392418;0.403135;ORGANIZING
2026.07.24 06:03:00;XAUUSDm;4023.965;0.437215;1.554665;0.813460;0.666933;0.878929;0.993625;0.162592;2.101615;45.208150;1.317866;0.299859;-48.711108;-0.395471;0.402401;ORGANIZING
2026.07.24 06:04:00;XAUUSDm;4025.090;0.781254;1.111199;1.399401;0.671568;0.885522;1.000000;0.183759;2.095045;45.218105;1.318588;0.300139;-48.162360;-0.395435;0.402410;ORGANIZING
2026.07.24 06:05:00;XAUUSDm;4024.934;0.429706;0.154260;1.287449;0.627992;0.886521;0.976831;0.180169;2.089229;45.227547;1.411675;0.305972;-48.220366;-0.392351;0.403151;ORGANIZING
2026.07.24 06:06:00;XAUUSDm;4025.964;0.497078;1.021157;1.184453;0.629920;0.883314;0.984688;0.176310;2.088505;45.237065;1.402264;0.305145;-48.328849;-0.392675;0.403074;ORGANIZING
2026.07.24 06:07:00;XAUUSDm;4025.923;0.428037;0.040978;1.089697;0.582807;0.876608;0.957829;0.172233;2.087007;45.246231;1.504114;0.308443;-48.381212;-0.389454;0.403849;ORGANIZING
2026.07.24 06:08:00;XAUUSDm;4026.959;0.461284;1.093865;1.002521;0.590827;0.866619;0.968618;0.167980;2.084800;45.255655;1.466788;0.304760;-48.482903;-0.390758;0.403535;ORGANIZING
2026.07.24 06:09:00;XAUUSDm;4027.122;0.493878;0.176705;0.922319;0.552789;0.853972;0.946781;0.163591;2.081947;45.264923;1.544843;0.305172;-48.532496;-0.388396;0.404103;ORGANIZING
2026.07.24 06:10:00;XAUUSDm;4027.424;0.990940;0.325536;1.665524;0.524347;0.872840;0.930763;0.192571;2.078931;45.273499;1.664623;0.312191;-47.802486;-0.384452;0.405054;ORGANIZING
2026.07.24 06:11:00;XAUUSDm;4027.618;0.435713;0.217567;1.532282;0.491551;0.884567;0.912541;0.189605;2.075338;45.281477;1.799542;0.320903;-47.886065;-0.379969;0.406134;ORGANIZING
2026.07.24 06:12:00;XAUUSDm;4030.383;0.409011;2.979911;1.409700;0.598278;0.890495;0.991535;0.186254;2.071219;45.290362;1.488431;0.311825;-48.103391;-0.389756;0.403776;ORGANIZING
2026.07.24 06:13:00;XAUUSDm;4030.272;0.409079;0.124256;1.296924;0.556767;0.891826;0.967699;0.182580;2.066621;45.298759;1.601794;0.317832;-48.165178;-0.386055;0.404667;ORGANIZING
2026.07.24 06:14:00;XAUUSDm;4030.816;0.405782;0.628931;1.193170;0.542538;0.888983;0.962233;0.178639;2.061584;45.307021;1.638562;0.319461;-48.247852;-0.384870;0.404953;ORGANIZING
2026.07.24 06:15:00;XAUUSDm;4030.671;0.408569;0.167580;1.097716;0.506011;0.882562;0.940672;0.174479;2.056149;45.314991;1.744156;0.322498;-48.301981;-0.381550;0.405753;ORGANIZING
2026.07.24 06:16:00;XAUUSDm;4030.447;0.410996;0.260290;1.009899;0.476074;0.872992;0.922966;0.170146;2.050352;45.322795;1.833735;0.323742;-48.356974;-0.378801;0.406416;ORGANIZING
2026.07.24 06:17:00;XAUUSDm;4030.268;0.410781;0.216476;0.929107;0.445634;0.860699;0.904194;0.165679;2.044225;45.330480;1.931403;0.324115;-48.406114;-0.375852;0.407128;ORGANIZING
2026.07.24 06:18:00;XAUUSDm;4030.249;0.411781;0.023169;0.854778;0.407297;0.846101;0.879156;0.161111;2.037798;45.338009;2.077358;0.324649;-48.442244;-0.371447;0.408191;ORGANIZING
2026.07.24 06:19:00;XAUUSDm;4033.927;0.409345;4.117133;0.786396;0.575866;0.828617;0.998125;0.156475;2.031100;45.347506;1.438905;0.299850;-48.683508;-0.391840;0.403274;ORGANIZING
2026.07.24 06:20:00;XAUUSDm;4035.145;0.410007;1.372054;0.723484;0.599103;0.809255;1.000000;0.151797;2.024156;45.357554;1.350777;0.291618;-48.775823;-0.394896;0.402539;ORGANIZING
2026.07.24 06:21:00;XAUUSDm;4035.222;0.410590;0.089350;0.665606;0.557431;0.788610;0.973440;0.147101;2.016990;45.367526;1.414722;0.289768;-48.798923;-0.393070;0.402978;ORGANIZING
2026.07.24 06:22:00;XAUUSDm;4035.603;0.411101;0.440483;0.612357;0.535811;0.766847;0.959935;0.142408;2.009624;45.377643;1.431190;0.285302;-48.838313;-0.392799;0.403044;ORGANIZING
2026.07.24 06:23:00;XAUUSDm;4036.195;0.409575;0.679195;0.563369;0.527643;0.744141;0.955094;0.137737;2.002076;45.388058;1.410311;0.278970;-48.887818;-0.393742;0.402817;ORGANIZING
2026.07.24 06:24:00;XAUUSDm;4035.974;0.410649;0.265459;0.518299;0.499651;0.720799;0.935777;0.133104;2.000877;45.398647;1.442604;0.273690;-48.927161;-0.393037;0.402986;ORGANIZING
2026.07.24 06:25:00;XAUUSDm;4036.823;0.409960;1.029016;0.476835;0.511704;0.696819;0.943699;0.128522;1.998979;45.409817;1.361764;0.264026;-49.002867;-0.395946;0.402287;ORGANIZING
2026.07.24 06:26:00;XAUUSDm;4039.111;0.409127;2.664245;0.438688;0.605394;0.671985;1.000000;0.124003;1.996442;45.422396;1.109995;0.246524;-49.158006;-0.404374;0.400262;ORGANIZING
2026.07.24 06:27:00;XAUUSDm;4036.553;0.410757;2.882578;0.403593;0.705814;0.646433;1.000000;0.119558;1.993320;45.436459;0.915869;0.229338;-49.318001;-0.411057;0.398659;ORGANIZING
2026.07.24 06:28:00;XAUUSDm;4035.398;0.412853;1.288861;0.371306;0.722037;0.620728;1.000000;0.115194;1.989666;45.451161;0.859690;0.219579;-49.390884;-0.413230;0.398138;ORGANIZING
2026.07.24 06:29:00;XAUUSDm;4036.336;0.412132;1.053435;0.341601;0.726193;0.595051;1.000000;0.110920;1.985525;45.466377;0.819411;0.210814;-49.448807;-0.414877;0.397743;ORGANIZING
2026.07.24 06:30:00;XAUUSDm;4033.796;0.416341;2.715764;0.314273;0.813770;0.569095;1.000000;0.106740;1.989110;45.483024;0.699331;0.195591;-49.605126;-0.419241;0.396698;ORGANIZING
2026.07.24 06:31:00;XAUUSDm;4034.872;0.414586;1.174698;0.289131;0.820435;0.543368;1.000000;0.102660;1.991596;45.500277;0.662293;0.186424;-49.676724;-0.420810;0.396323;ORGANIZING
2026.07.24 06:32:00;XAUUSDm;4035.150;0.420690;0.308259;0.266001;0.783959;0.518164;0.979382;0.098684;1.993075;45.517684;0.660959;0.180186;-49.700994;-0.421162;0.396239;ORGANIZING
2026.07.24 06:33:00;XAUUSDm;4034.880;0.420867;0.304926;0.244721;0.749644;0.493531;0.959230;0.094813;1.993631;45.535246;0.658353;0.173895;-49.723528;-0.421555;0.396145;ORGANIZING
2026.07.24 06:34:00;XAUUSDm;4034.744;0.423770;0.156639;0.225143;0.710123;0.469542;0.934458;0.091052;1.993343;45.552890;0.661213;0.168023;-49.737118;-0.421762;0.396095;ORGANIZING
2026.07.24 06:35:00;XAUUSDm;4034.963;0.421503;0.265030;0.207132;0.678477;0.446199;0.914215;0.087400;1.992282;45.570674;0.657647;0.161774;-49.755185;-0.422182;0.395995;ORGANIZING
2026.07.24 06:36:00;XAUUSDm;4035.642;0.418539;0.816400;0.190561;0.676450;0.423387;0.913850;0.083858;1.990514;45.588876;0.625896;0.153913;-49.800122;-0.423527;0.395673;ORGANIZING
2026.07.24 06:37:00;XAUUSDm;4035.366;0.420466;0.343360;0.175316;0.651327;0.401256;0.896818;0.080428;1.988100;45.607245;0.616059;0.147529;-49.819054;-0.424142;0.395526;ORGANIZING
2026.07.24 06:38:00;XAUUSDm;4035.766;0.421099;0.495172;0.161291;0.635495;0.379783;0.885575;0.077107;1.985094;45.625855;0.597618;0.140780;-49.844679;-0.425032;0.395313;ORGANIZING
2026.07.24 06:39:00;XAUUSDm;4035.363;0.463580;0.497101;0.148388;0.620979;0.358978;0.874678;0.073897;1.981549;45.644701;0.578084;0.134126;-49.869206;-0.425951;0.395094;ORGANIZING
2026.07.24 06:40:00;XAUUSDm;4034.685;0.613244;0.833067;0.608321;0.624404;0.361474;0.875808;0.093199;1.972793;45.663443;0.578911;0.134357;-49.450036;-0.425915;0.395102;ORGANIZING
2026.07.24 06:41:00;XAUUSDm;4035.695;0.603536;1.262784;1.060972;0.649094;0.382877;0.892614;0.111172;1.966882;45.681945;0.589864;0.140395;-49.043298;-0.425284;0.395253;ORGANIZING
2026.07.24 06:42:00;XAUUSDm;4035.529;0.986249;0.209840;1.800659;0.619473;0.432023;0.872608;0.142597;1.968931;45.699189;0.697404;0.158192;-48.309037;-0.421168;0.396237;ORGANIZING
2026.07.24 06:43:00;XAUUSDm;4034.281;0.445722;1.541883;1.656606;0.656953;0.471926;0.901023;0.142670;1.970019;45.716020;0.718356;0.170392;-48.469819;-0.419930;0.396534;ORGANIZING
2026.07.24 06:44:00;XAUUSDm;4034.046;0.443760;0.297544;1.524078;0.629544;0.504782;0.884895;0.142163;1.970226;45.731922;0.801821;0.184097;-48.557386;-0.416741;0.397297;ORGANIZING
2026.07.24 06:45:00;XAUUSDm;4036.215;0.536322;2.681883;1.926319;0.722066;0.550955;0.952765;0.155167;1.974870;45.747873;0.763026;0.193175;-48.252738;-0.417450;0.397127;ORGANIZING
2026.07.24 06:46:00;XAUUSDm;4035.762;0.424374;0.569181;1.772214;0.703402;0.588661;0.944771;0.155114;1.978331;45.762917;0.836876;0.207505;-48.372334;-0.414518;0.397829;ORGANIZING
2026.07.24 06:47:00;XAUUSDm;4036.251;0.666042;0.619317;2.271745;0.687425;0.642635;0.938809;0.172335;1.987121;45.776809;0.934844;0.225733;-47.868765;-0.410668;0.398752;ORGANIZING
2026.07.24 06:48:00;XAUUSDm;4034.509;0.491015;2.120305;2.090006;0.746216;0.686676;0.986193;0.172805;1.994372;45.790482;0.920211;0.235696;-48.094370;-0.410609;0.398766;ORGANIZING
2026.07.24 06:49:00;XAUUSDm;4034.145;0.434757;0.443697;1.922805;0.717357;0.722511;0.973254;0.172525;2.000212;45.803207;1.007186;0.249996;-48.220722;-0.407285;0.399563;ORGANIZING
2026.07.24 06:50:00;XAUUSDm;4034.309;0.558085;0.207024;2.341369;0.677390;0.771630;0.952474;0.184827;2.010482;45.814653;1.139123;0.268608;-47.769662;-0.402396;0.400737;ORGANIZING
2026.07.24 06:51:00;XAUUSDm;4032.950;0.438760;1.669656;2.154059;0.711570;0.811189;0.984044;0.184951;2.019079;45.825736;1.139997;0.278223;-47.980119;-0.401889;0.400859;ORGANIZING
2026.07.24 06:52:00;XAUUSDm;4032.328;0.425049;0.766557;1.981735;0.698096;0.842589;0.982906;0.184320;2.026141;45.836127;1.206981;0.289693;-48.130821;-0.399306;0.401479;ORGANIZING
2026.07.24 06:53:00;XAUUSDm;4033.254;0.446620;1.160663;1.823196;0.704373;0.866530;0.995578;0.183031;2.031795;45.846158;1.230215;0.296838;-48.290456;-0.398252;0.401732;ORGANIZING
2026.07.24 06:54:00;XAUUSDm;4035.225;0.571661;2.419177;2.251942;0.772782;0.904646;1.000000;0.195316;2.041904;45.856212;1.170635;0.300546;-47.946847;-0.399854;0.401348;ORGANIZING
2026.07.24 06:55:00;XAUUSDm;4036.284;0.458770;1.271614;2.071786;0.779631;0.933977;1.000000;0.194558;2.050341;45.865832;1.197974;0.308801;-48.129498;-0.398621;0.401644;ORGANIZING
2026.07.24 06:56:00;XAUUSDm;4036.970;0.459015;0.830589;1.906043;0.763499;0.955845;1.000000;0.193117;2.057244;45.874922;1.251927;0.317150;-48.277257;-0.396585;0.402133;ORGANIZING
2026.07.24 06:57:00;XAUUSDm;4036.269;0.488490;0.835399;1.753560;0.747977;0.970981;1.000000;0.191086;2.062741;45.883610;1.298142;0.323466;-48.414699;-0.394882;0.402543;ORGANIZING
2026.07.24 06:58:00;XAUUSDm;4037.394;0.444570;1.337852;1.613275;0.758051;0.979974;1.000000;0.188546;2.066947;45.892260;1.292754;0.325190;-48.568048;-0.394958;0.402524;ORGANIZING
2026.07.24 06:59:00;XAUUSDm;4035.802;0.590169;1.830979;2.055902;0.792098;1.000000;1.000000;0.201250;2.075687;45.900938;1.262469;0.325835;-48.191008;-0.395834;0.402314;ORGANIZING
2026.07.24 07:00:00;XAUUSDm;4038.059;0.419117;2.484096;1.891430;0.856698;1.000000;1.000000;0.199411;2.078140;45.910287;1.167272;0.319056;-48.430656;-0.399029;0.401546;ORGANIZING
2026.07.24 07:01:00;XAUUSDm;4037.884;0.437660;0.192689;1.740115;0.803498;1.000000;0.978723;0.197006;2.074540;45.919067;1.244558;0.325199;-48.525543;-0.396403;0.402177;ORGANIZING
2026.07.24 07:02:00;XAUUSDm;4039.190;0.421863;1.485745;1.600906;0.817610;1.000000;1.000000;0.194116;2.066165;45.927905;1.223077;0.324898;-48.665172;-0.397063;0.402018;ORGANIZING
2026.07.24 07:03:00;XAUUSDm;4038.362;0.420315;0.926838;1.472834;0.803072;1.000000;1.000000;0.190814;2.057672;45.936512;1.245219;0.327701;-48.763723;-0.396258;0.402212;ORGANIZING
2026.07.24 07:04:00;XAUUSDm;4038.220;0.420574;0.160394;1.355007;0.750938;0.997231;0.977292;0.187165;2.049075;45.944568;1.327981;0.333837;-48.815746;-0.393469;0.402883;ORGANIZING
2026.07.24 07:05:00;XAUUSDm;4039.532;0.426954;1.443884;1.246606;0.765640;0.990203;1.000000;0.183226;2.045626;45.952876;1.293300;0.330675;-48.939413;-0.394667;0.402594;ORGANIZING
2026.07.24 07:06:00;XAUUSDm;4041.973;0.413948;2.561385;1.146878;0.835624;0.979189;1.000000;0.179052;2.041652;45.962065;1.171806;0.320381;-49.113029;-0.398827;0.401594;ORGANIZING
2026.07.24 07:07:00;XAUUSDm;4042.086;0.415434;0.118737;1.055128;0.780195;0.965204;0.975423;0.174687;2.043609;45.970999;1.237130;0.321896;-49.167456;-0.396791;0.402084;ORGANIZING
2026.07.24 07:08:00;XAUUSDm;4043.174;0.409944;1.118122;0.970717;0.777788;0.948440;0.986531;0.170173;2.044584;45.980254;1.219407;0.316934;-49.268399;-0.397571;0.401896;ORGANIZING
2026.07.24 07:09:00;XAUUSDm;4045.619;0.407555;2.578026;0.893060;0.848831;0.928965;1.000000;0.165547;2.044659;45.990610;1.094405;0.303679;-49.437827;-0.401984;0.400836;ORGANIZING
2026.07.24 07:10:00;XAUUSDm;4046.233;0.407450;0.655759;0.821615;0.820598;0.907593;0.993746;0.160842;2.049633;46.001160;1.106014;0.299430;-49.513500;-0.401848;0.400868;ORGANIZING
2026.07.24 07:11:00;XAUUSDm;4045.188;0.407842;1.093462;0.755886;0.816089;0.884542;1.000000;0.156086;2.053367;46.012164;1.083878;0.292358;-49.606731;-0.402866;0.400624;ORGANIZING
2026.07.24 07:12:00;XAUUSDm;4046.028;0.408062;0.870593;0.695415;0.801124;0.860155;1.000000;0.151305;2.055963;46.023532;1.073686;0.285918;-49.683622;-0.403494;0.400473;ORGANIZING
2026.07.24 07:13:00;XAUUSDm;4046.565;0.409376;0.557193;0.639782;0.771724;0.834768;0.989797;0.146522;2.057517;46.035129;1.081692;0.280522;-49.740382;-0.403523;0.400466;ORGANIZING
2026.07.24 07:14:00;XAUUSDm;4045.269;0.412325;1.315389;0.588599;0.782212;0.808431;1.000000;0.141755;2.063863;46.047421;1.033519;0.270575;-49.843839;-0.405466;0.400000;ORGANIZING
2026.07.24 07:15:00;XAUUSDm;4044.750;0.415160;0.530317;0.541511;0.753449;0.781550;0.988523;0.137022;2.068847;46.060013;1.037298;0.264098;-49.902136;-0.405676;0.399949;ORGANIZING
2026.07.24 07:16:00;XAUUSDm;4045.613;0.415288;0.908268;0.498191;0.745559;0.754218;0.990509;0.132336;2.072581;46.073110;1.011615;0.255626;-49.976095;-0.406870;0.399663;ORGANIZING
2026.07.24 07:17:00;XAUUSDm;4045.231;0.415544;0.421336;0.458335;0.714263;0.726719;0.975220;0.127712;2.075170;46.086470;1.017439;0.249120;-50.021444;-0.407021;0.399627;ORGANIZING
2026.07.24 07:18:00;XAUUSDm;4046.167;0.415938;1.037395;0.421668;0.715885;0.699045;0.981866;0.123160;2.076710;46.100415;0.976476;0.239747;-50.095328;-0.408718;0.399219;ORGANIZING
2026.07.24 07:19:00;XAUUSDm;4047.179;0.413148;1.119791;0.387935;0.722100;0.671310;0.991004;0.118689;2.083007;46.115040;0.929664;0.229602;-50.181285;-0.410630;0.398761;ORGANIZING
2026.07.24 07:20:00;XAUUSDm;4047.063;0.415966;0.135631;0.356900;0.679350;0.643876;0.965220;0.114306;2.087937;46.129835;0.947783;0.223445;-50.212894;-0.410394;0.398818;ORGANIZING
2026.07.24 07:21:00;XAUUSDm;4049.029;0.414268;2.251850;0.328348;0.745097;0.616309;1.000000;0.110018;2.091615;46.145876;0.827153;0.209150;-50.349582;-0.414728;0.397779;ORGANIZING
2026.07.24 07:22:00;XAUUSDm;4048.679;0.417978;0.400229;0.302080;0.715528;0.589185;0.982859;0.105831;2.094145;46.162189;0.823427;0.202087;-50.386404;-0.415193;0.397668;ORGANIZING
2026.07.24 07:23:00;XAUUSDm;4047.386;0.418348;1.444757;0.277914;0.740206;0.562307;1.000000;0.101748;2.095623;46.179301;0.759663;0.191419;-50.474028;-0.417639;0.397082;ORGANIZING
2026.07.24 07:24:00;XAUUSDm;4047.981;0.417624;0.658084;0.255681;0.724853;0.535949;0.991594;0.097772;2.096139;46.196792;0.739389;0.183622;-50.517837;-0.418637;0.396843;ORGANIZING
2026.07.24 07:25:00;XAUUSDm;4049.370;0.418381;1.497510;0.235226;0.752767;0.509949;1.000000;0.093906;2.095772;46.215079;0.677433;0.173308;-50.602026;-0.421012;0.396275;ORGANIZING
2026.07.24 07:26:00;XAUUSDm;4048.799;0.424884;0.617044;0.216408;0.735782;0.484587;0.989883;0.090152;2.094598;46.233691;0.658602;0.165924;-50.637976;-0.421946;0.396051;ORGANIZING
2026.07.24 07:27:00;XAUUSDm;4049.974;0.422829;1.245548;0.199096;0.751579;0.459736;1.000000;0.086510;2.092685;46.252939;0.611694;0.156865;-50.704075;-0.423806;0.395606;ORGANIZING
2026.07.24 07:28:00;XAUUSDm;4050.168;0.425165;0.206550;0.183168;0.715132;0.435696;0.975257;0.082981;2.090097;46.272277;0.609253;0.150853;-50.714700;-0.424180;0.395517;ORGANIZING
2026.07.24 07:29:00;XAUUSDm;4048.610;0.446543;1.618970;0.168514;0.751610;0.412123;1.000000;0.079564;2.086892;46.292420;0.548320;0.141231;-50.796305;-0.426489;0.394965;ORGANIZING
2026.07.24 07:30:00;XAUUSDm;4050.060;0.443932;1.482951;0.155033;0.779935;0.389088;1.000000;0.076260;2.083123;46.313268;0.498872;0.132373;-50.867849;-0.428415;0.394505;AGING
2026.07.24 07:31:00;XAUUSDm;4049.264;0.442385;0.817668;0.142631;0.774040;0.366782;0.996287;0.073067;2.078840;46.334462;0.473855;0.125355;-50.902903;-0.429517;0.394242;AGING
2026.07.24 07:32:00;XAUUSDm;4048.674;0.458865;0.600827;0.131220;0.758044;0.345264;0.985004;0.069984;2.074088;46.355878;0.455468;0.118970;-50.925581;-0.430387;0.394034;AGING
2026.07.24 07:33:00;XAUUSDm;4050.646;0.442037;1.979006;0.120723;0.812186;0.324189;1.000000;0.067010;2.068908;46.378205;0.399155;0.109965;-51.017316;-0.432527;0.393523;AGING
2026.07.24 07:34:00;XAUUSDm;4053.481;0.427002;2.703966;0.111065;0.900292;0.303404;1.000000;0.064142;2.063339;46.401773;0.337006;0.100207;-51.142559;-0.434879;0.392962;AGING
2026.07.24 07:35:00;XAUUSDm;4051.432;0.429809;1.958779;0.102180;0.947148;0.283132;1.000000;0.061380;2.057416;46.426156;0.298931;0.092348;-51.225582;-0.436415;0.392596;AGING
2026.07.24 07:36:00;XAUUSDm;4050.871;0.434260;0.535193;0.094005;0.920888;0.263737;0.985880;0.058719;2.051170;46.450602;0.286394;0.087019;-51.233527;-0.437057;0.392442;AGING
2026.07.24 07:37:00;XAUUSDm;4049.869;0.436812;0.946640;0.086485;0.916900;0.245091;0.986562;0.056159;2.044633;46.475315;0.267304;0.081218;-51.262224;-0.437920;0.392237;AGING
2026.07.24 07:38:00;XAUUSDm;4048.887;0.454375;0.941262;0.079566;0.913217;0.227182;0.986942;0.053697;2.037831;46.500282;0.248771;0.075608;-51.289807;-0.438756;0.392037;AGING
2026.07.24 07:39:00;XAUUSDm;4047.033;0.938780;1.727737;0.783651;0.949399;0.243613;1.000000;0.086217;2.031599;46.525220;0.256597;0.079425;-50.682986;-0.438331;0.392139;AGING
2026.07.24 07:40:00;XAUUSDm;4047.432;0.695134;0.370205;1.305002;0.915567;0.280197;0.980975;0.107973;2.030922;46.549081;0.306037;0.091734;-50.157239;-0.436232;0.392639;AGING
2026.07.24 07:41:00;XAUUSDm;4046.879;0.454332;0.520882;1.200602;0.890229;0.309861;0.968651;0.107795;2.029490;46.572081;0.348068;0.102348;-50.226417;-0.434441;0.393066;AGING
2026.07.24 07:42:00;XAUUSDm;4046.571;0.455055;0.291838;1.104553;0.854112;0.334165;0.948735;0.107207;2.027367;46.594212;0.391242;0.111810;-50.278755;-0.432672;0.393488;AGING
2026.07.24 07:43:00;XAUUSDm;4046.844;0.595517;0.261916;1.551191;0.817819;0.375589;0.928449;0.124179;2.029963;46.615178;0.459257;0.126377;-49.814501;-0.429903;0.394149;AGING
2026.07.24 07:44:00;XAUUSDm;4048.312;0.712423;1.422122;2.085508;0.840522;0.434179;0.950073;0.144686;2.038111;46.635281;0.516558;0.143610;-49.321711;-0.427323;0.394766;ORGANIZING
2026.07.24 07:45:00;XAUUSDm;4047.951;0.478419;0.354512;1.918668;0.807538;0.483160;0.934293;0.145794;2.044755;46.654141;0.598312;0.161156;-49.440949;-0.423993;0.395562;ORGANIZING
2026.07.24 07:46:00;XAUUSDm;4047.857;0.515299;0.093397;2.305142;0.762168;0.543598;0.909964;0.157828;2.055419;46.671445;0.713226;0.182697;-49.011366;-0.419468;0.396644;ORGANIZING
2026.07.24 07:47:00;XAUUSDm;4047.731;0.449962;0.126638;2.120731;0.719520;0.594273;0.888072;0.159157;2.064358;46.687398;0.825931;0.201925;-49.138943;-0.415126;0.397684;ORGANIZING
2026.07.24 07:48:00;XAUUSDm;4046.976;0.437017;0.764511;1.951072;0.709884;0.636266;0.889318;0.159682;2.071715;46.702489;0.896296;0.216323;-49.287828;-0.412295;0.398362;ORGANIZING
2026.07.24 07:49:00;XAUUSDm;4047.504;0.498151;0.546425;1.794987;0.688985;0.670414;0.882905;0.159502;2.077622;46.716746;0.973045;0.229114;-49.414579;-0.409353;0.399067;ORGANIZING
2026.07.24 07:50:00;XAUUSDm;4047.492;0.446326;0.013024;1.651388;0.641779;0.697564;0.858042;0.158707;2.082197;46.730035;1.086923;0.241984;-49.504670;-0.405293;0.400041;ORGANIZING
2026.07.24 07:51:00;XAUUSDm;4047.609;0.473116;0.127144;1.519277;0.602096;0.718385;0.838015;0.157377;2.085552;46.742544;1.193140;0.252506;-49.592837;-0.401581;0.400933;ORGANIZING
2026.07.24 07:52:00;XAUUSDm;4047.340;0.489463;0.299062;1.397735;0.572577;0.733486;0.824660;0.155585;2.087790;46.754478;1.281026;0.260475;-49.682584;-0.398545;0.401662;ORGANIZING
2026.07.24 07:53:00;XAUUSDm;4047.897;0.437577;0.623001;1.285916;0.560428;0.743401;0.823048;0.153397;2.089003;46.766104;1.326488;0.265232;-49.782015;-0.396944;0.402047;ORGANIZING
2026.07.24 07:54:00;XAUUSDm;4047.665;0.411885;0.258969;1.183042;0.530487;0.748767;0.808674;0.150871;2.089278;46.777326;1.411471;0.270251;-49.856301;-0.394143;0.402720;ORGANIZING
2026.07.24 07:55:00;XAUUSDm;4048.379;0.429618;0.807784;1.088399;0.529377;0.749981;0.813923;0.148059;2.088693;46.788507;1.416725;0.271130;-49.953009;-0.393942;0.402769;ORGANIZING
2026.07.24 07:56:00;XAUUSDm;4048.023;0.432135;0.422702;1.001327;0.509043;0.747607;0.805412;0.145010;2.087323;46.799519;1.468651;0.272712;-50.024295;-0.392305;0.403163;ORGANIZING
2026.07.24 07:57:00;XAUUSDm;4049.502;0.701950;1.700938;1.527790;0.553686;0.766988;0.841831;0.164083;2.091300;46.810629;1.385241;0.273040;-49.580302;-0.394791;0.402565;ORGANIZING
2026.07.24 07:58:00;XAUUSDm;4048.515;0.690354;1.137752;2.045555;0.567549;0.804115;0.857931;0.181767;2.100503;46.821227;1.416820;0.282164;-49.103646;-0.393387;0.402902;ORGANIZING
2026.07.24 07:59:00;XAUUSDm;4048.339;0.472665;0.214081;1.881911;0.533794;0.832873;0.841758;0.180861;2.100983;46.830918;1.560290;0.295803;-49.213615;-0.388401;0.404102;ORGANIZING
2026.07.24 08:00:00;XAUUSDm;4048.468;0.498254;0.158785;1.731358;0.498386;0.854694;0.824184;0.179345;2.094742;46.839755;1.714924;0.308279;-49.300263;-0.383138;0.405370;ORGANIZING
2026.07.24 08:01:00;XAUUSDm;4048.184;0.475020;0.356247;1.592849;0.474185;0.870234;0.814084;0.177304;2.088190;46.847974;1.835220;0.317641;-49.390064;-0.379061;0.406353;ORGANIZING
2026.07.24 08:02:00;XAUUSDm;4047.046;0.633457;1.416903;2.067942;0.503916;0.902756;0.841388;0.192193;2.087383;46.855832;1.791480;0.324325;-48.948203;-0.380039;0.406117;ORGANIZING
2026.07.24 08:03:00;XAUUSDm;4046.889;0.999257;0.197345;2.817384;0.470533;0.958617;0.825573;0.220055;2.089608;46.862261;2.037301;0.344802;-48.176120;-0.371641;0.408145;ORGANIZING
2026.07.24 08:04:00;XAUUSDm;4047.484;0.499617;0.761317;2.591994;0.465899;1.000000;0.831026;0.220322;2.084225;46.867762;2.146386;0.360953;-48.350763;-0.367561;0.409131;ORGANIZING
2026.07.24 08:05:00;XAUUSDm;4045.714;0.435633;2.194505;2.384634;0.532330;1.000000;0.886459;0.219674;2.078464;46.873870;1.878535;0.353299;-48.617841;-0.375979;0.407097;ORGANIZING
2026.07.24 08:06:00;XAUUSDm;4045.781;0.438978;0.084741;2.193863;0.489950;1.000000;0.866088;0.218229;2.069184;46.879461;2.041023;0.360054;-48.750375;-0.370767;0.408356;ORGANIZING
2026.07.24 08:07:00;XAUUSDm;4046.400;0.462082;0.778244;2.018354;0.484365;1.000000;0.870651;0.216093;2.059862;46.884904;2.064559;0.362277;-48.902824;-0.369949;0.408553;ORGANIZING
2026.07.24 08:08:00;XAUUSDm;4046.767;0.776980;0.468112;2.601089;0.463552;1.000000;0.864126;0.234425;2.056063;46.890100;2.157253;0.363103;-48.333539;-0.367127;0.409235;ORGANIZING
2026.07.24 08:09:00;XAUUSDm;4047.359;0.870994;0.763280;3.254335;0.458539;1.000000;0.868801;0.255366;2.060376;46.895289;2.180841;0.360454;-47.730977;-0.366552;0.409374;ORGANIZING
2026.07.24 08:10:00;XAUUSDm;4046.892;0.530966;0.596714;3.652559;0.445448;1.000000;0.868216;0.262509;2.070086;46.900444;2.244933;0.359966;-47.358522;-0.364654;0.409834;ORGANIZING
2026.07.24 08:11:00;XAUUSDm;4046.958;0.520472;0.088636;4.042914;0.407607;1.000000;0.850118;0.268901;2.084972;46.905370;2.453344;0.362125;-46.977810;-0.358293;0.411373;ORGANIZING
2026.07.24 08:12:00;XAUUSDm;4046.221;0.464180;0.979584;3.719480;0.416206;1.000000;0.864061;0.271628;2.097764;46.910510;2.402658;0.358989;-47.346020;-0.359971;0.410967;ORGANIZING
2026.07.24 08:13:00;XAUUSDm;4046.247;0.438370;0.035762;3.421922;0.377184;1.000000;0.844578;0.272924;2.108636;46.915368;2.651228;0.362484;-47.633750;-0.352339;0.412815;ORGANIZING
2026.07.24 08:14:00;XAUUSDm;4046.747;0.480024;0.689541;3.148168;0.372802;1.000000;0.848704;0.272966;2.117744;46.920274;2.682393;0.361859;-47.926326;-0.351435;0.413034;ORGANIZING
2026.07.24 08:15:00;XAUUSDm;4046.511;0.431150;0.336154;2.896315;0.350969;1.000000;0.840318;0.271910;2.125234;46.925036;2.849254;0.363886;-48.173979;-0.346328;0.414273;ORGANIZING
2026.07.24 08:16:00;XAUUSDm;4047.525;0.555692;1.426321;3.313084;0.384737;1.000000;0.870345;0.279153;2.137726;46.930260;2.599180;0.356937;-47.835671;-0.354178;0.412370;ORGANIZING
2026.07.24 08:17:00;XAUUSDm;4046.138;0.409509;1.939426;3.048037;0.442471;1.000000;0.917533;0.278448;2.142239;46.936107;2.260034;0.349265;-48.171916;-0.364736;0.409814;ORGANIZING
2026.07.24 08:18:00;XAUUSDm;4045.249;0.410878;1.219378;2.804194;0.461317;1.000000;0.937844;0.276718;2.139115;46.942112;2.167709;0.347566;-48.430899;-0.367590;0.409123;ORGANIZING
2026.07.24 08:19:00;XAUUSDm;4046.865;0.443735;2.213032;2.579859;0.528902;1.000000;0.992160;0.274098;2.135399;46.948755;1.890708;0.340321;-48.716792;-0.376263;0.407029;ORGANIZING
2026.07.24 08:20:00;XAUUSDm;4047.455;0.471446;0.827466;2.373470;0.523830;1.000000;0.995989;0.270713;2.131143;46.955304;1.909015;0.341800;-48.909376;-0.375640;0.407179;ORGANIZING
2026.07.24 08:21:00;XAUUSDm;4046.650;0.443814;1.128716;2.183592;0.534075;1.000000;1.000000;0.266671;2.126394;46.961909;1.872397;0.341630;-49.098523;-0.376747;0.406912;ORGANIZING
2026.07.24 08:22:00;XAUUSDm;4047.364;0.695061;0.997653;2.704888;0.537254;1.000000;1.000000;0.279402;2.122132;46.968503;1.861318;0.340276;-48.603937;-0.377147;0.406815;ORGANIZING
2026.07.24 08:23:00;XAUUSDm;4047.171;0.725125;0.283782;3.248732;0.504580;1.000000;0.984711;0.292625;2.115835;46.974707;1.981846;0.343284;-48.047473;-0.373380;0.407724;ORGANIZING
2026.07.24 08:24:00;XAUUSDm;4046.948;0.566713;0.355175;3.673767;0.477110;1.000000;0.972920;0.299245;2.116073;46.980639;2.095954;0.345730;-47.614618;-0.369835;0.408581;ORGANIZING
2026.07.24 08:25:00;XAUUSDm;4046.840;0.465341;0.183349;3.379866;0.442422;1.000000;0.955758;0.298978;2.115445;46.986218;2.260287;0.350037;-47.877620;-0.364690;0.409825;ORGANIZING
2026.07.24 08:26:00;XAUUSDm;4048.224;0.418009;2.285714;3.109477;0.514586;1.000000;1.000000;0.297548;2.114024;46.992504;1.943308;0.341745;-48.220759;-0.374614;0.407427;ORGANIZING
2026.07.24 08:27:00;XAUUSDm;4048.734;0.423020;0.856193;2.860718;0.511667;1.000000;1.000000;0.295109;2.111878;46.998739;1.954397;0.342624;-48.463661;-0.374237;0.407518;ORGANIZING
2026.07.24 08:28:00;XAUUSDm;4048.727;0.432002;0.012149;2.631861;0.466691;1.000000;0.975754;0.291796;2.101626;47.004422;2.142746;0.349637;-48.626097;-0.368236;0.408967;ORGANIZING
2026.07.24 08:29:00;XAUUSDm;4052.338;0.402731;5.907083;2.421312;0.718710;1.000000;1.000000;0.287734;2.099448;47.012604;1.391381;0.321969;-49.084366;-0.392160;0.403197;ORGANIZING
2026.07.24 08:30:00;XAUUSDm;4051.978;0.404290;0.589661;2.227607;0.692258;1.000000;0.995709;0.283033;2.103200;47.020558;1.444548;0.324834;-49.257675;-0.390422;0.403616;ORGANIZING
2026.07.24 08:31:00;XAUUSDm;4050.893;0.410037;1.746732;2.049399;0.724982;1.000000;1.000000;0.277791;2.112620;47.028934;1.379345;0.320987;-49.485339;-0.392570;0.403099;ORGANIZING
2026.07.24 08:32:00;XAUUSDm;4050.908;0.405970;0.024378;1.885447;0.669952;1.000000;0.975576;0.272099;2.120397;47.036838;1.492645;0.326536;-49.606335;-0.388894;0.403984;ORGANIZING
2026.07.24 08:33:00;XAUUSDm;4051.182;0.405969;0.445297;1.734611;0.638719;1.000000;0.966540;0.266036;2.126668;47.044492;1.565634;0.329878;-49.734008;-0.386537;0.404551;ORGANIZING
2026.07.24 08:34:00;XAUUSDm;4049.987;0.418991;1.959466;1.595842;0.684756;1.000000;1.000000;0.259673;2.131558;47.052655;1.460374;0.325099;-49.924030;-0.389934;0.403733;ORGANIZING
2026.07.24 08:35:00;XAUUSDm;4049.755;0.419709;0.382031;1.468175;0.649620;0.999407;0.987460;0.253073;2.135181;47.060515;1.538449;0.328982;-50.019061;-0.387397;0.404344;ORGANIZING
2026.07.24 08:36:00;XAUUSDm;4051.687;0.414059;2.999814;1.350721;0.747141;0.993892;1.000000;0.246292;2.144129;47.069550;1.330259;0.316772;-50.252920;-0.394254;0.402694;ORGANIZING
2026.07.24 08:37:00;XAUUSDm;4051.774;0.408414;0.135249;1.242663;0.696669;0.984623;0.978354;0.239380;2.151462;47.078339;1.413330;0.318905;-50.329406;-0.391655;0.403319;ORGANIZING
2026.07.24 08:38:00;XAUUSDm;4051.972;0.405977;0.313232;1.143250;0.657805;0.972043;0.963453;0.232382;2.157314;47.087049;1.477708;0.318964;-50.408952;-0.389721;0.403785;ORGANIZING
2026.07.24 08:39:00;XAUUSDm;4052.473;0.411578;0.793249;1.051790;0.645136;0.956492;0.965629;0.225335;2.161808;47.095988;1.482621;0.315437;-50.507130;-0.389750;0.403778;ORGANIZING
2026.07.24 08:40:00;XAUUSDm;4053.826;0.409538;2.054982;0.967647;0.696498;0.938104;1.000000;0.218276;2.165058;47.105842;1.346887;0.304596;-50.663256;-0.394364;0.402667;ORGANIZING
2026.07.24 08:41:00;XAUUSDm;4053.205;0.409547;0.928973;0.890235;0.689360;0.917531;1.000000;0.211233;2.167166;47.116057;1.330990;0.299088;-50.754448;-0.395116;0.402486;ORGANIZING
2026.07.24 08:42:00;XAUUSDm;4054.652;0.408168;2.090920;0.819016;0.741087;0.894854;1.000000;0.204232;2.175189;47.127322;1.207488;0.286765;-50.913381;-0.399437;0.401448;ORGANIZING
2026.07.24 08:43:00;XAUUSDm;4055.519;0.406747;1.241693;0.753495;0.748221;0.870601;1.000000;0.197296;2.189265;47.139285;1.163562;0.277723;-51.036533;-0.401207;0.401022;ORGANIZING
2026.07.24 08:44:00;XAUUSDm;4054.514;0.408407;1.408155;0.693215;0.763805;0.845023;1.000000;0.190446;2.208124;47.152104;1.106332;0.267211;-51.174811;-0.403449;0.400484;ORGANIZING
2026.07.24 08:45:00;XAUUSDm;4053.741;0.410210;1.081300;0.637758;0.762780;0.818458;1.000000;0.183696;2.224505;47.165608;1.072993;0.258109;-51.288574;-0.404905;0.400134;ORGANIZING
2026.07.24 08:46:00;XAUUSDm;4053.504;0.414656;0.332632;0.586737;0.724903;0.791314;0.983071;0.177062;2.238610;47.179416;1.091613;0.251965;-51.357613;-0.404653;0.400195;ORGANIZING
2026.07.24 08:47:00;XAUUSDm;4052.922;0.419650;0.837941;0.539798;0.714729;0.763661;0.984189;0.170556;2.250626;47.193797;1.068463;0.243521;-51.447430;-0.405770;0.399927;ORGANIZING
2026.07.24 08:48:00;XAUUSDm;4053.137;0.417974;0.316586;0.496615;0.679548;0.735806;0.966792;0.164188;2.260725;47.208483;1.082787;0.237016;-51.505437;-0.405666;0.399952;ORGANIZING
2026.07.24 08:49:00;XAUUSDm;4054.680;0.435692;2.184129;0.456885;0.740061;0.707445;1.000000;0.157965;2.269066;47.224426;0.955928;0.223374;-51.654218;-0.410153;0.398875;ORGANIZING
2026.07.24 08:50:00;XAUUSDm;4054.568;0.431952;0.158613;0.420335;0.696840;0.679242;0.976080;0.151894;2.275793;47.240567;0.974746;0.217390;-51.693206;-0.409888;0.398939;ORGANIZING
2026.07.24 08:51:00;XAUUSDm;4055.950;0.413885;1.898143;0.386708;0.743320;0.650878;1.000000;0.145981;2.281041;47.257793;0.875636;0.205302;-51.817571;-0.413466;0.398081;ORGANIZING
2026.07.24 08:52:00;XAUUSDm;4056.485;0.412376;0.747186;0.355771;0.730496;0.622769;0.996261;0.140228;2.284933;47.275492;0.852529;0.197350;-51.877771;-0.414557;0.397820;ORGANIZING
2026.07.24 08:53:00;XAUUSDm;4056.121;0.414390;0.505443;0.327310;0.706788;0.595063;0.983990;0.134640;2.287581;47.293535;0.841926;0.190176;-51.922393;-0.415233;0.397658;ORGANIZING
2026.07.24 08:54:00;XAUUSDm;4056.134;0.410274;0.018348;0.301125;0.660465;0.567953;0.954905;0.129217;2.289090;47.311671;0.859929;0.184474;-51.939674;-0.414978;0.397719;ORGANIZING
2026.07.24 08:55:00;XAUUSDm;4056.511;0.408826;0.553874;0.277035;0.643776;0.541355;0.945392;0.123961;2.289556;47.330177;0.840906;0.177070;-51.982598;-0.415919;0.397494;ORGANIZING
2026.07.24 08:56:00;XAUUSDm;4056.803;0.413173;0.426178;0.254872;0.622069;0.515354;0.931558;0.118871;2.289067;47.348982;0.828451;0.170083;-52.016701;-0.416642;0.397320;ORGANIZING
2026.07.24 08:57:00;XAUUSDm;4056.866;0.413211;0.093466;0.234482;0.585332;0.490072;0.906385;0.113947;2.287704;47.367911;0.837255;0.164069;-52.031989;-0.416679;0.397312;ORGANIZING
2026.07.24 08:58:00;XAUUSDm;4056.656;0.414654;0.313012;0.215724;0.561914;0.465479;0.889605;0.109188;2.285540;47.387076;0.828381;0.157435;-52.057243;-0.417277;0.397169;ORGANIZING
2026.07.24 08:59:00;XAUUSDm;4057.488;0.413394;1.231316;0.198466;0.586075;0.441371;0.905387;0.104591;2.282646;47.406935;0.753097;0.148444;-52.127647;-0.419985;0.396520;ORGANIZING
2026.07.24 09:00:00;XAUUSDm;4058.863;0.413217;1.981668;0.182588;0.647027;0.417603;0.946717;0.100155;2.279083;47.427844;0.645418;0.137993;-52.233157;-0.423738;0.395623;ORGANIZING
2026.07.24 09:01:00;XAUUSDm;4058.768;0.411584;0.136801;0.167981;0.613164;0.394685;0.921876;0.095878;2.274910;47.448831;0.643686;0.132269;-52.240905;-0.424076;0.395542;ORGANIZING
2026.07.24 09:02:00;XAUUSDm;4059.473;0.415262;1.016143;0.154543;0.625419;0.372398;0.928531;0.091756;2.270180;47.470339;0.595437;0.124658;-52.292691;-0.425904;0.395105;ORGANIZING
2026.07.24 09:03:00;XAUUSDm;4058.064;0.435145;1.952984;0.142179;0.684349;0.350525;0.967598;0.087786;2.264943;47.492822;0.512202;0.115415;-52.389925;-0.428863;0.394398;ORGANIZING
2026.07.24 09:04:00;XAUUSDm;4056.601;0.444630;1.975105;0.130805;0.741877;0.329096;1.000000;0.083966;2.259242;47.516251;0.443600;0.106673;-52.484642;-0.431358;0.393802;AGING
2026.07.24 09:05:00;XAUUSDm;4055.642;0.448614;1.269896;0.120341;0.761696;0.308314;1.000000;0.080291;2.253120;47.540233;0.404773;0.099613;-52.540096;-0.432876;0.393440;AGING
2026.07.24 09:06:00;XAUUSDm;4055.931;0.436690;0.390182;0.110713;0.736954;0.288398;0.981467;0.076758;2.246615;47.564301;0.391338;0.094238;-52.548887;-0.433548;0.393279;AGING
2026.07.24 09:07:00;XAUUSDm;4056.460;0.423072;0.731148;0.101856;0.730895;0.269246;0.975392;0.073363;2.239761;47.588622;0.368378;0.088451;-52.574663;-0.434526;0.393046;AGING
2026.07.24 09:08:00;XAUUSDm;4056.372;0.425893;0.124382;0.093708;0.695185;0.250992;0.948174;0.070102;2.232591;47.612880;0.361043;0.083723;-52.568752;-0.434983;0.392937;ORGANIZING
2026.07.24 09:09:00;XAUUSDm;4057.425;0.432242;1.512410;0.086211;0.731026;0.233266;0.970376;0.066972;2.225135;47.637777;0.319094;0.077160;-52.633539;-0.436569;0.392559;AGING
2026.07.24 09:10:00;XAUUSDm;4056.183;0.459845;1.751072;0.079314;0.777363;0.216014;1.000000;0.063968;2.217420;47.663404;0.277881;0.070622;-52.708214;-0.438132;0.392186;AGING
2026.07.24 09:11:00;XAUUSDm;4054.942;0.499472;1.728412;0.072969;0.820595;0.199250;1.000000;0.061087;2.209470;47.689720;0.242811;0.064458;-52.779210;-0.439493;0.391862;AGING
2026.07.24 09:12:00;XAUUSDm;4053.900;0.432805;1.438114;0.067132;0.847486;0.183046;1.000000;0.058324;2.201309;47.716547;0.215987;0.058912;-52.833122;-0.440575;0.391604;AGING
2026.07.24 09:13:00;XAUUSDm;4054.445;0.454292;0.744943;0.061761;0.838698;0.167568;0.993114;0.055677;2.192958;47.743512;0.199795;0.054276;-52.850151;-0.441292;0.391433;AGING
2026.07.24 09:14:00;XAUUSDm;4054.005;0.439971;0.597875;0.056820;0.823306;0.152825;0.981230;0.053140;2.184436;47.770533;0.185623;0.049928;-52.859346;-0.441935;0.391280;AGING
2026.07.24 09:15:00;XAUUSDm;4053.489;0.425046;0.693455;0.052275;0.813757;0.138766;0.973017;0.050710;2.175762;47.797653;0.170526;0.045643;-52.873312;-0.442602;0.391121;AGING
2026.07.24 09:16:00;XAUUSDm;4054.527;0.435355;1.408069;0.048093;0.840697;0.125193;0.990019;0.048384;2.166951;47.825225;0.148916;0.040966;-52.923305;-0.443484;0.390911;AGING
2026.07.24 09:17:00;XAUUSDm;4054.518;0.433930;0.012377;0.044245;0.796777;0.112437;0.957495;0.046157;2.158018;47.852525;0.141115;0.037467;-52.900970;-0.443893;0.390814;AGING
2026.07.24 09:18:00;XAUUSDm;4054.670;0.442991;0.208202;0.040706;0.765100;0.100407;0.932885;0.044026;2.148978;47.879657;0.131235;0.033943;-52.889652;-0.444366;0.390701;AGING
2026.07.24 09:19:00;XAUUSDm;4054.830;0.435255;0.242043;0.037449;0.736939;0.089061;0.910247;0.041988;2.139844;47.906644;0.120852;0.030513;-52.880735;-0.444849;0.390586;AGING
2026.07.24 09:20:00;XAUUSDm;4054.245;0.420289;0.878985;0.034453;0.742260;0.078207;0.910622;0.040038;2.130626;47.933809;0.105364;0.026848;-52.904735;-0.445497;0.390432;AGING
2026.07.24 09:21:00;XAUUSDm;4054.438;0.421676;0.297977;0.031697;0.718481;0.067972;0.890581;0.038174;2.121335;47.960847;0.094605;0.023618;-52.898679;-0.445981;0.390317;AGING
2026.07.24 09:22:00;XAUUSDm;4053.777;0.415097;1.000575;0.029161;0.731227;0.058152;0.895767;0.036392;2.111983;47.988116;0.079527;0.020194;-52.928779;-0.446604;0.390168;AGING
2026.07.24 09:23:00;XAUUSDm;4054.848;0.430031;1.583008;0.026828;0.772653;0.048593;0.921094;0.034689;2.102576;48.015897;0.062891;0.016699;-52.987658;-0.447278;0.390008;AGING
2026.07.24 09:24:00;XAUUSDm;4054.564;0.449880;0.431388;0.024682;0.754618;0.039577;0.905168;0.033062;2.093125;48.043583;0.052447;0.013738;-52.986314;-0.447740;0.389898;AGING
2026.07.24 09:25:00;XAUUSDm;4055.217;0.632043;0.979363;0.498714;0.765063;0.054091;0.908922;0.055110;2.086443;48.071016;0.070701;0.018610;-52.566380;-0.446948;0.390087;AGING
2026.07.24 09:26:00;XAUUSDm;4055.267;0.546342;0.079476;0.908470;0.729702;0.085504;0.881821;0.072843;2.083988;48.097443;0.117176;0.029622;-52.146832;-0.445004;0.390549;AGING
2026.07.24 09:27:00;XAUUSDm;4054.789;0.456613;0.750463;0.835793;0.729030;0.111390;0.879773;0.072834;2.080907;48.123314;0.152792;0.038640;-52.212645;-0.443484;0.390911;AGING
2026.07.24 09:28:00;XAUUSDm;4054.357;0.446662;0.673296;0.768929;0.724016;0.133033;0.875095;0.072536;2.077255;48.148666;0.183743;0.046291;-52.270302;-0.442173;0.391223;AGING
2026.07.24 09:29:00;XAUUSDm;4053.094;0.422813;1.922784;0.707415;0.781293;0.150580;0.914303;0.071985;2.073081;48.174199;0.192732;0.051457;-52.387628;-0.441645;0.391349;AGING
2026.07.24 09:30:00;XAUUSDm;4052.644;0.428267;0.704446;0.650822;0.774439;0.164730;0.909477;0.071215;2.068431;48.199333;0.212708;0.056529;-52.437512;-0.440792;0.391552;AGING
2026.07.24 09:31:00;XAUUSDm;4052.550;0.441920;0.149620;0.598756;0.739904;0.175971;0.885375;0.070258;2.063346;48.223846;0.237830;0.061239;-52.456230;-0.439803;0.391788;AGING
2026.07.24 09:32:00;XAUUSDm;4053.137;0.530299;0.960626;0.996480;0.747421;0.204349;0.890468;0.086631;2.062323;48.247856;0.273406;0.070553;-52.092355;-0.438270;0.392153;AGING
2026.07.24 09:33:00;XAUUSDm;4053.904;0.583630;1.259318;1.434203;0.768928;0.248596;0.906410;0.104186;2.065736;48.271231;0.323301;0.084589;-51.697204;-0.436071;0.392677;AGING
2026.07.24 09:34:00;XAUUSDm;4053.709;0.721856;0.328914;1.975595;0.741956;0.310596;0.889844;0.126046;2.074595;48.293184;0.418617;0.105552;-51.150232;-0.432164;0.393610;AGING
2026.07.24 09:35:00;XAUUSDm;4053.714;0.797305;0.008658;2.573573;0.699079;0.389529;0.863414;0.149643;2.089435;48.313279;0.557203;0.132576;-50.527411;-0.426655;0.394925;ORGANIZING
2026.07.24 09:36:00;XAUUSDm;4054.102;0.627311;0.668366;3.044056;0.689753;0.478728;0.861825;0.165685;2.108947;48.331692;0.694057;0.161493;-50.047924;-0.421104;0.396253;ORGANIZING
2026.07.24 09:37:00;XAUUSDm;4054.624;0.960491;0.901056;3.764424;0.690743;0.583908;0.868997;0.193419;2.135604;48.348277;0.845333;0.193362;-49.348734;-0.414972;0.397721;ORGANIZING
2026.07.24 09:38:00;XAUUSDm;4054.654;0.999891;0.052118;4.514343;0.647134;0.702795;0.847176;0.221244;2.169663;48.362389;1.086012;0.231332;-48.574198;-0.405853;0.399907;ORGANIZING
2026.07.24 09:39:00;XAUUSDm;4054.856;0.990382;0.368076;5.257130;0.619125;0.832661;0.838151;0.247321;2.211011;48.374037;1.344899;0.270568;-47.820036;-0.396125;0.402244;ORGANIZING
2026.07.24 09:40:00;XAUUSDm;4054.785;0.488087;0.129567;4.836559;0.577994;0.945797;0.822006;0.255983;2.247977;48.383381;1.636344;0.306882;-48.186940;-0.385566;0.404785;ORGANIZING
2026.07.24 09:41:00;XAUUSDm;4055.225;0.469251;0.831538;4.449634;0.571755;1.000000;0.831299;0.262530;2.280917;48.391908;1.749000;0.321006;-48.600923;-0.381480;0.405770;ORGANIZING
2026.07.24 09:42:00;XAUUSDm;4055.676;0.446255;0.855041;4.093664;0.565920;1.000000;0.841319;0.267202;2.310157;48.400668;1.767036;0.318139;-49.027643;-0.381082;0.405866;ORGANIZING
2026.07.24 09:43:00;XAUUSDm;4054.741;0.719610;1.735080;4.633371;0.604378;1.000000;0.881953;0.280828;2.344672;48.410159;1.654595;0.309609;-48.632164;-0.384882;0.404950;ORGANIZING
2026.07.24 09:44:00;XAUUSDm;4055.658;0.461406;1.646438;4.262702;0.636481;1.000000;0.918539;0.285320;2.375329;48.420277;1.571140;0.303294;-49.115353;-0.387701;0.404271;ORGANIZING
2026.07.24 09:45:00;XAUUSDm;4055.633;0.509932;0.045461;4.645151;0.586930;1.000000;0.897967;0.290176;2.404916;48.430195;1.703782;0.304690;-48.762159;-0.383652;0.405246;ORGANIZING
2026.07.24 09:46:00;XAUUSDm;4055.130;0.660276;0.907713;5.140358;0.582969;1.000000;0.908464;0.300428;2.435211;48.440377;1.715358;0.301331;-48.354265;-0.383473;0.405290;ORGANIZING
2026.07.24 09:47:00;XAUUSDm;4055.614;0.467790;0.860353;4.729129;0.576838;1.000000;0.917295;0.305968;2.461968;48.450765;1.733589;0.298974;-48.834346;-0.383044;0.405393;ORGANIZING
2026.07.24 09:48:00;XAUUSDm;4055.465;0.459159;0.265436;4.350799;0.541268;1.000000;0.905189;0.309586;2.485477;48.461033;1.847514;0.299730;-49.241627;-0.379588;0.406226;ORGANIZING
2026.07.24 09:49:00;XAUUSDm;4055.291;0.446796;0.317414;4.002735;0.510075;1.000000;0.895453;0.311510;2.506003;48.471193;1.960495;0.300518;-49.613559;-0.376159;0.407054;ORGANIZING
2026.07.24 09:50:00;XAUUSDm;4054.798;0.447206;0.929242;3.682516;0.511034;1.000000;0.907538;0.311945;2.523790;48.481542;1.956819;0.298796;-49.981529;-0.376356;0.407006;ORGANIZING
2026.07.24 09:51:00;XAUUSDm;4054.820;0.446691;0.041582;3.387915;0.467561;1.000000;0.888148;0.311078;2.539062;48.491608;2.138759;0.301414;-50.271535;-0.370767;0.408356;ORGANIZING
2026.07.24 09:52:00;XAUUSDm;4057.136;0.441325;4.126136;3.116882;0.630490;1.000000;1.000000;0.309076;2.547571;48.503388;1.586069;0.286768;-50.730290;-0.388080;0.404180;ORGANIZING
2026.07.24 09:53:00;XAUUSDm;4058.064;0.441288;1.682135;2.867531;0.663072;1.000000;1.000000;0.306090;2.549166;48.515511;1.508132;0.284226;-51.021564;-0.390545;0.403586;ORGANIZING
2026.07.24 09:54:00;XAUUSDm;4058.082;0.441261;0.034431;2.638129;0.611640;1.000000;0.976918;0.302255;2.543046;48.527058;1.634949;0.289273;-51.191171;-0.386488;0.404563;ORGANIZING
2026.07.24 09:55:00;XAUUSDm;4058.573;0.440675;0.956332;2.427078;0.608875;1.000000;0.986777;0.297695;2.531796;48.538464;1.642375;0.290836;-51.379242;-0.386187;0.404636;ORGANIZING
2026.07.24 09:56:00;XAUUSDm;4059.150;0.441111;1.111368;2.232912;0.613999;1.000000;1.000000;0.292519;2.527248;48.549877;1.628667;0.291225;-51.570497;-0.386579;0.404541;ORGANIZING
2026.07.24 09:57:00;XAUUSDm;4058.947;0.442120;0.395974;2.054279;0.583098;1.000000;0.989097;0.286824;2.531713;48.561025;1.714978;0.293976;-51.726919;-0.383852;0.405198;ORGANIZING
2026.07.24 09:58:00;XAUUSDm;4059.339;0.441602;0.755677;1.889937;0.571727;1.000000;0.990966;0.280700;2.545299;48.572195;1.749087;0.294315;-51.905983;-0.382812;0.405449;ORGANIZING
2026.07.24 09:59:00;XAUUSDm;4059.676;0.441716;0.668094;1.738742;0.556545;1.000000;0.989490;0.274225;2.567756;48.583438;1.796799;0.294245;-52.085204;-0.381384;0.405793;ORGANIZING
2026.07.24 10:00:00;XAUUSDm;4059.344;0.442485;0.682818;1.599643;0.542859;1.000000;0.988355;0.267469;2.587287;48.594740;1.842099;0.294324;-52.247466;-0.380021;0.406122;ORGANIZING
2026.07.24 10:01:00;XAUUSDm;4059.299;0.443479;0.097339;1.471671;0.500583;0.999775;0.966531;0.260494;2.604130;48.605791;1.997221;0.297092;-52.364176;-0.375229;0.407278;ORGANIZING
2026.07.24 10:02:00;XAUUSDm;4059.347;0.445440;0.108494;1.353937;0.460983;0.995188;0.945617;0.253356;2.618506;48.616682;2.158840;0.298600;-52.472264;-0.370305;0.408467;ORGANIZING
2026.07.24 10:03:00;XAUUSDm;4060.048;0.444232;1.573372;1.245622;0.496699;0.986460;0.976455;0.246104;2.639291;48.628313;1.986033;0.291671;-52.663720;-0.375835;0.407132;ORGANIZING
2026.07.24 10:04:00;XAUUSDm;4059.652;0.446849;0.890568;1.145973;0.496663;0.974241;0.982063;0.238781;2.657262;48.640368;1.961575;0.287158;-52.808903;-0.376795;0.406900;ORGANIZING
2026.07.24 10:05:00;XAUUSDm;4059.700;0.446935;0.110269;1.054295;0.457858;0.959159;0.959908;0.231426;2.679884;48.652562;2.094881;0.284687;-52.919587;-0.372919;0.407836;ORGANIZING
2026.07.24 10:06:00;XAUUSDm;4059.380;0.446854;0.760203;0.969951;0.453792;0.941474;0.961018;0.224072;2.708189;48.665352;2.074680;0.278045;-53.072241;-0.373857;0.407609;ORGANIZING
2026.07.24 10:07:00;XAUUSDm;4059.039;0.448796;0.797512;0.892355;0.452149;0.921561;0.963138;0.216748;2.733016;48.678773;2.038180;0.270895;-53.216533;-0.375310;0.407259;ORGANIZING
2026.07.24 10:08:00;XAUUSDm;4059.535;0.447573;1.141647;0.820967;0.468193;0.899687;0.976972;0.209480;2.754649;48.693007;1.921618;0.262122;-53.368804;-0.379245;0.406309;ORGANIZING
2026.07.24 10:09:00;XAUUSDm;4060.204;0.446287;1.504588;0.755289;0.502019;0.876093;1.000000;0.202290;2.773350;48.708239;1.745140;0.251920;-53.530156;-0.385050;0.404910;ORGANIZING
2026.07.24 10:10:00;XAUUSDm;4059.005;0.447345;2.624092;0.694866;0.590600;0.850816;1.000000;0.195197;2.789360;48.725022;1.440594;0.237980;-53.739054;-0.394883;0.402542;ORGANIZING
2026.07.24 10:11:00;XAUUSDm;4059.266;0.447051;0.569521;0.639277;0.572530;0.824627;0.991765;0.188216;2.802900;48.742284;1.440321;0.231400;-53.833142;-0.395220;0.402461;ORGANIZING
2026.07.24 10:12:00;XAUUSDm;4058.249;0.468659;2.185217;0.588135;0.636672;0.797369;1.000000;0.181362;2.814173;48.760845;1.252402;0.219528;-54.003083;-0.401452;0.400964;ORGANIZING
2026.07.24 10:13:00;XAUUSDm;4058.084;0.994497;0.368896;1.334008;0.607336;0.804732;0.984259;0.209588;2.815437;48.778978;1.325019;0.221545;-53.297625;-0.399172;0.401511;ORGANIZING
2026.07.24 10:14:00;XAUUSDm;4058.214;0.636664;0.292661;1.811505;0.575507;0.829546;0.967389;0.222983;2.809626;48.796239;1.441416;0.229911;-52.795914;-0.395262;0.402451;ORGANIZING
2026.07.24 10:15:00;XAUUSDm;4059.201;0.476262;2.189053;1.666585;0.639594;0.846795;1.000000;0.219080;2.803183;48.813731;1.323957;0.231247;-52.984471;-0.398719;0.401620;ORGANIZING
2026.07.24 10:16:00;XAUUSDm;4059.336;0.578934;0.298290;2.100785;0.605593;0.879731;0.983108;0.229836;2.790488;48.830097;1.452677;0.242623;-52.495822;-0.394289;0.402685;ORGANIZING
2026.07.24 10:17:00;XAUUSDm;4060.694;0.446914;2.888256;1.932723;0.702131;0.904108;1.000000;0.226748;2.777751;48.846813;1.287663;0.243917;-52.721112;-0.399174;0.401511;ORGANIZING
2026.07.24 10:18:00;XAUUSDm;4060.194;0.463660;1.060355;1.778105;0.701960;0.921546;1.000000;0.223141;2.764981;48.863052;1.312818;0.249736;-52.841605;-0.398129;0.401762;ORGANIZING
2026.07.24 10:19:00;XAUUSDm;4059.526;0.611764;1.453311;2.236928;0.721097;0.955047;1.000000;0.234925;2.756138;48.878723;1.324436;0.257275;-52.389972;-0.397403;0.401936;ORGANIZING
2026.07.24 10:20:00;XAUUSDm;4059.694;0.504690;0.370044;2.615445;0.684443;0.999571;0.986174;0.242105;2.752515;48.893102;1.460414;0.271692;-51.951769;-0.392603;0.403091;ORGANIZING
2026.07.24 10:21:00;XAUUSDm;4059.412;0.653677;0.616043;3.105703;0.661032;1.000000;0.981693;0.254513;2.755093;48.907263;1.512786;0.272432;-51.481802;-0.390995;0.403478;ORGANIZING
2026.07.24 10:22:00;XAUUSDm;4060.483;0.448867;2.291203;2.857247;0.722540;1.000000;1.000000;0.254210;2.756351;48.922052;1.384006;0.267874;-51.808466;-0.395086;0.402494;ORGANIZING
2026.07.24 10:23:00;XAUUSDm;4060.996;0.453225;1.109525;2.628667;0.721890;1.000000;1.000000;0.252928;2.756399;48.936835;1.385253;0.268009;-52.048712;-0.395042;0.402504;ORGANIZING
2026.07.24 10:24:00;XAUUSDm;4060.399;0.459235;1.269133;2.418374;0.729252;1.000000;1.000000;0.250796;2.755341;48.951681;1.371268;0.267710;-52.274834;-0.395476;0.402400;ORGANIZING
2026.07.24 10:25:00;XAUUSDm;4059.713;0.997278;1.417297;3.166332;0.743654;1.000000;1.000000;0.275655;2.762685;48.966744;1.344711;0.264411;-51.620744;-0.396438;0.402168;ORGANIZING
2026.07.24 10:26:00;XAUUSDm;4060.576;0.441296;1.748663;2.913026;0.773905;1.000000;1.000000;0.274537;2.768302;48.982166;1.292149;0.262003;-51.928723;-0.398135;0.401760;ORGANIZING
2026.07.24 10:27:00;XAUUSDm;4063.229;0.429539;4.948334;2.679984;0.962626;1.000000;1.000000;0.272462;2.772337;48.999516;1.038825;0.249537;-52.371757;-0.406358;0.399786;ORGANIZING
2026.07.24 10:28:00;XAUUSDm;4063.089;0.430454;0.260059;2.465585;0.907498;1.000000;0.983638;0.269559;2.774921;49.016340;1.101931;0.253038;-52.547214;-0.404290;0.400282;ORGANIZING
2026.07.24 10:29:00;XAUUSDm;4061.811;0.437431;2.282714;2.268338;0.956258;1.000000;1.000000;0.265944;2.776177;49.033664;1.045742;0.250101;-52.805826;-0.406123;0.399842;ORGANIZING
2026.07.24 10:30:00;XAUUSDm;4063.437;0.429361;2.751455;2.086871;1.000000;1.000000;1.000000;0.261720;2.776217;49.051426;1.000000;0.247651;-53.040428;-0.407617;0.399484;ORGANIZING
2026.07.24 10:31:00;XAUUSDm;4063.324;0.429737;0.193354;1.919922;0.939668;1.000000;0.980928;0.256981;2.775142;49.068574;1.064206;0.251776;-53.152567;-0.405485;0.399995;ORGANIZING
2026.07.24 10:32:00;XAUUSDm;4063.424;0.428629;0.173190;1.766328;0.881344;1.000000;0.961651;0.251812;2.773048;49.085118;1.134631;0.256003;-53.249854;-0.403161;0.400553;ORGANIZING
2026.07.24 10:33:00;XAUUSDm;4062.390;0.429438;1.784666;1.625022;0.906510;1.000000;0.999270;0.246287;2.762093;49.101804;1.103132;0.255435;-53.400052;-0.404134;0.400319;ORGANIZING
2026.07.24 10:34:00;XAUUSDm;4061.644;0.430570;1.295229;1.495020;0.905946;0.999916;1.000000;0.240472;2.751447;49.118380;1.103726;0.256529;-53.513230;-0.404062;0.400337;ORGANIZING
2026.07.24 10:35:00;XAUUSDm;4061.011;0.435688;1.076311;1.375418;0.894466;0.995225;1.000000;0.234429;2.740602;49.134826;1.112647;0.257198;-53.608710;-0.403761;0.400409;ORGANIZING
2026.07.24 10:36:00;XAUUSDm;4060.907;0.437300;0.179267;1.265385;0.838801;0.986662;0.979479;0.228209;2.735253;49.150833;1.176276;0.259493;-53.664512;-0.401737;0.400895;ORGANIZING
2026.07.24 10:37:00;XAUUSDm;4061.451;0.451044;0.935769;1.164154;0.823917;0.974554;0.985937;0.221860;2.729262;49.166874;1.182831;0.258157;-53.754327;-0.401607;0.400926;ORGANIZING
2026.07.24 10:38:00;XAUUSDm;4060.581;0.474929;1.460320;1.071022;0.836246;0.959251;1.000000;0.215424;2.722687;49.183278;1.147092;0.254149;-53.865473;-0.402880;0.400621;ORGANIZING
2026.07.24 10:39:00;XAUUSDm;4059.881;0.479213;1.154582;0.985340;0.832977;0.941250;1.000000;0.208937;2.721589;49.199999;1.129983;0.250099;-53.967438;-0.403596;0.400449;ORGANIZING
2026.07.24 10:40:00;XAUUSDm;4059.528;0.542630;0.584941;1.392312;0.801751;0.941863;0.992786;0.218838;2.720213;49.216382;1.174758;0.251781;-53.562059;-0.402168;0.400792;ORGANIZING
2026.07.24 10:41:00;XAUUSDm;4059.634;0.512169;0.175160;1.776439;0.751584;0.957448;0.971828;0.227103;2.719904;49.231947;1.273907;0.258868;-53.143658;-0.398839;0.401591;ORGANIZING
2026.07.24 10:42:00;XAUUSDm;4059.165;0.436206;0.825385;1.634324;0.736125;0.966485;0.974651;0.222853;2.718534;49.247164;1.312936;0.262809;-53.265255;-0.397471;0.401920;ORGANIZING
2026.07.24 10:43:00;XAUUSDm;4059.186;0.432059;0.038176;1.503578;0.681898;0.970264;0.949674;0.218248;2.716192;49.261740;1.422887;0.268300;-53.338676;-0.393898;0.402779;ORGANIZING
2026.07.24 10:44:00;XAUUSDm;4058.508;0.431674;1.203664;1.383292;0.688581;0.969136;0.966203;0.213350;2.712962;49.276373;1.407439;0.268095;-53.465150;-0.394372;0.402665;ORGANIZING
2026.07.24 10:45:00;XAUUSDm;4058.871;0.444564;0.647382;1.272629;0.667138;0.963778;0.962511;0.208216;2.718334;49.290952;1.444645;0.268186;-53.574783;-0.393251;0.402935;ORGANIZING
2026.07.24 10:46:00;XAUUSDm;4058.409;0.430069;0.827334;1.170818;0.655872;0.954663;0.965068;0.202895;2.722165;49.305639;1.455562;0.266596;-53.686150;-0.393003;0.402995;ORGANIZING
2026.07.24 10:47:00;XAUUSDm;4059.142;0.425769;1.288180;1.077153;0.668395;0.942164;0.983478;0.197434;2.724582;49.320725;1.409593;0.262411;-53.813835;-0.394592;0.402612;ORGANIZING
2026.07.24 10:48:00;XAUUSDm;4057.959;0.424788;2.022775;0.990981;0.717270;0.926562;1.000000;0.191871;2.725705;49.336624;1.291789;0.254911;-53.971503;-0.398501;0.401673;ORGANIZING
2026.07.24 10:49:00;XAUUSDm;4058.677;0.427055;1.211896;0.911702;0.723470;0.908454;1.000000;0.186241;2.725643;49.352946;1.255689;0.249894;-54.080029;-0.399835;0.401352;ORGANIZING
2026.07.24 10:50:00;XAUUSDm;4058.824;0.425349;0.249677;0.838766;0.681612;0.888423;0.980257;0.180576;2.724496;49.369239;1.303415;0.247700;-54.133805;-0.398513;0.401670;ORGANIZING
2026.07.24 10:51:00;XAUUSDm;4059.220;0.426112;0.664675;0.771665;0.662996;0.866694;0.975532;0.174902;2.722356;49.385758;1.307238;0.243436;-54.204912;-0.398611;0.401646;ORGANIZING
2026.07.24 10:52:00;XAUUSDm;4059.139;0.426005;0.135806;0.709932;0.619303;0.843684;0.952263;0.169244;2.719308;49.402271;1.362312;0.240513;-54.245062;-0.397105;0.402008;ORGANIZING
2026.07.24 10:53:00;XAUUSDm;4057.326;0.425533;2.930433;0.653137;0.717986;0.818999;1.000000;0.163621;2.715430;49.420225;1.140690;0.227687;-54.424178;-0.404395;0.400257;ORGANIZING
2026.07.24 10:54:00;XAUUSDm;4057.874;0.426932;0.881426;0.600886;0.709778;0.793406;1.000000;0.158053;2.710795;49.438562;1.117823;0.221707;-54.491743;-0.405380;0.400020;ORGANIZING
2026.07.24 10:55:00;XAUUSDm;4058.556;0.429622;1.075032;0.552815;0.712172;0.767076;1.000000;0.152554;2.705467;49.457397;1.077093;0.214856;-54.565720;-0.406944;0.399645;ORGANIZING
2026.07.24 10:56:00;XAUUSDm;4058.605;0.430121;0.077904;0.508590;0.665117;0.740444;0.973066;0.147137;2.699507;49.476235;1.113253;0.210847;-54.585608;-0.406060;0.399857;ORGANIZING
2026.07.24 10:57:00;XAUUSDm;4059.422;0.431039;1.279561;0.467903;0.681031;0.713379;0.988943;0.141815;2.692972;49.495707;1.047498;0.202905;-54.665031;-0.408430;0.399289;ORGANIZING
2026.07.24 10:58:00;XAUUSDm;4060.057;0.456980;0.990207;0.430471;0.682222;0.686113;0.993951;0.136596;2.685913;49.515666;1.005703;0.195768;-54.726322;-0.410041;0.398902;ORGANIZING
2026.07.24 10:59:00;XAUUSDm;4059.922;0.810596;0.214082;1.038418;0.645093;0.688321;0.971436;0.160163;2.673014;49.535081;1.067010;0.197892;-54.119790;-0.408095;0.399369;ORGANIZING
2026.07.24 11:00:00;XAUUSDm;4058.981;0.451813;1.504541;0.955344;0.674299;0.685662;0.995701;0.156309;2.664019;49.554751;1.016851;0.196205;-54.228699;-0.409684;0.398988;ORGANIZING
2026.07.24 11:01:00;XAUUSDm;4060.929;0.432702;2.955187;0.878917;0.774630;0.679484;1.000000;0.152315;2.659674;49.575504;0.877173;0.189450;-54.415710;-0.414212;0.397903;ORGANIZING
2026.07.24 11:02:00;XAUUSDm;4059.699;0.454877;1.853973;0.808603;0.815007;0.670460;1.000000;0.148215;2.654633;49.596791;0.822643;0.185320;-54.538430;-0.416055;0.397461;ORGANIZING
2026.07.24 11:03:00;XAUUSDm;4062.553;0.423554;3.979253;0.743915;0.959810;0.658474;1.000000;0.144038;2.648956;49.619710;0.686046;0.175462;-54.763120;-0.420646;0.396362;ORGANIZING
2026.07.24 11:04:00;XAUUSDm;4062.168;0.423172;0.533005;0.684402;0.925301;0.644698;0.988697;0.139812;2.642700;49.642496;0.696745;0.173876;-54.803721;-0.420404;0.396420;ORGANIZING
2026.07.24 11:05:00;XAUUSDm;4062.658;0.423549;0.687835;0.629650;0.900533;0.629378;0.983060;0.135559;2.635917;49.665273;0.698895;0.171399;-54.849729;-0.420463;0.396406;ORGANIZING
2026.07.24 11:06:00;XAUUSDm;4061.836;0.424426;1.132044;0.579278;0.899521;0.612666;0.993019;0.131300;2.628652;49.688301;0.681102;0.167419;-54.915783;-0.421196;0.396231;ORGANIZING
2026.07.24 11:07:00;XAUUSDm;4061.384;0.427675;0.638418;0.532936;0.874213;0.594918;0.985203;0.127052;2.620951;49.711354;0.680518;0.164241;-54.953720;-0.421372;0.396188;ORGANIZING
2026.07.24 11:08:00;XAUUSDm;4061.266;0.424770;0.168485;0.490301;0.827028;0.576453;0.961065;0.122831;2.612853;49.734224;0.697018;0.161802;-54.965867;-0.420999;0.396278;ORGANIZING
2026.07.24 11:09:00;XAUUSDm;4061.000;0.427344;0.384215;0.451077;0.793358;0.557395;0.945174;0.118651;2.604395;49.757054;0.702576;0.158513;-54.988033;-0.420997;0.396278;ORGANIZING
2026.07.24 11:10:00;XAUUSDm;4060.837;0.428446;0.235474;0.414991;0.754316;0.537939;0.924488;0.114522;2.595611;49.779794;0.713147;0.155274;-55.001448;-0.420842;0.396315;ORGANIZING
2026.07.24 11:11:00;XAUUSDm;4061.062;0.429138;0.325577;0.381791;0.722121;0.518202;0.907534;0.110456;2.586532;49.802517;0.717611;0.151560;-55.018621;-0.420894;0.396303;ORGANIZING
2026.07.24 11:12:00;XAUUSDm;4060.747;0.430627;0.466004;0.351248;0.698951;0.498274;0.895946;0.106461;2.577186;49.825313;0.712888;0.147305;-55.042035;-0.421248;0.396218;ORGANIZING
2026.07.24 11:13:00;XAUUSDm;4060.649;0.424646;0.146781;0.323148;0.661377;0.478346;0.873452;0.102543;2.567600;49.848035;0.723258;0.143582;-55.048203;-0.421123;0.396248;ORGANIZING
2026.07.24 11:14:00;XAUUSDm;4061.396;0.424987;1.113828;0.297296;0.674432;0.458272;0.885454;0.098708;2.557798;49.871192;0.679493;0.137580;-55.103068;-0.422736;0.395862;ORGANIZING
2026.07.24 11:15:00;XAUUSDm;4061.506;0.426962;0.166884;0.273513;0.639890;0.438387;0.863759;0.094962;2.547802;49.894301;0.685098;0.133547;-55.107819;-0.422770;0.395854;ORGANIZING
2026.07.24 11:16:00;XAUUSDm;4061.432;0.427766;0.115021;0.251632;0.604878;0.418772;0.840877;0.091308;2.537632;49.917351;0.692324;0.129498;-55.109707;-0.422755;0.395858;ORGANIZING
2026.07.24 11:17:00;XAUUSDm;4060.885;0.435878;0.909786;0.231501;0.611748;0.399284;0.846484;0.087749;2.527308;49.940756;0.652693;0.123740;-55.151834;-0.424232;0.395504;ORGANIZING
2026.07.24 11:18:00;XAUUSDm;4060.783;0.455342;0.169864;0.212981;0.581669;0.380174;0.825874;0.084287;2.516847;49.964138;0.653593;0.119446;-55.154919;-0.424420;0.395460;ORGANIZING
2026.07.24 11:19:00;XAUUSDm;4061.383;0.446284;1.022286;0.195942;0.596096;0.361270;0.835698;0.080925;2.512687;49.988000;0.606060;0.113261;-55.214108;-0.426155;0.395045;ORGANIZING
2026.07.24 11:20:00;XAUUSDm;4060.898;0.442304;0.859777;0.180267;0.602055;0.342664;0.839373;0.077663;2.507875;50.012246;0.569158;0.107499;-55.262443;-0.427550;0.394711;ORGANIZING
2026.07.24 11:21:00;XAUUSDm;4060.828;0.651455;0.124281;0.668858;0.571313;0.348616;0.817063;0.098209;2.497436;50.035961;0.610202;0.110079;-54.781089;-0.426190;0.395036;ORGANIZING
2026.07.24 11:22:00;XAUUSDm;4060.683;0.449937;0.257028;0.615350;0.548626;0.350981;0.800899;0.095974;2.486881;50.059297;0.639746;0.112082;-54.807302;-0.425204;0.395272;ORGANIZING
2026.07.24 11:23:00;XAUUSDm;4061.598;0.452009;1.628809;0.566122;0.595616;0.350831;0.833235;0.093637;2.476225;50.082999;0.589023;0.110831;-54.901384;-0.426788;0.394894;ORGANIZING
2026.07.24 11:24:00;XAUUSDm;4061.598;0.466199;0.001000;0.520832;0.558868;0.348851;0.807384;0.091219;2.465479;50.106265;0.624210;0.111970;-54.908847;-0.425675;0.395160;ORGANIZING
2026.07.24 11:25:00;XAUUSDm;4060.774;0.441449;1.496386;0.479165;0.598767;0.344931;0.834692;0.088742;2.454657;50.129901;0.576069;0.109775;-54.991368;-0.427229;0.394788;ORGANIZING
2026.07.24 11:26:00;XAUUSDm;4059.441;0.440989;2.317294;0.440832;0.677795;0.339126;0.889689;0.086221;2.443768;50.154334;0.500337;0.105720;-55.112149;-0.429704;0.394197;ORGANIZING
2026.07.24 11:27:00;XAUUSDm;4059.622;0.444076;0.318673;0.405566;0.653056;0.332160;0.872721;0.083674;2.432823;50.178549;0.508624;0.104797;-55.126872;-0.429501;0.394245;ORGANIZING
2026.07.24 11:28:00;XAUUSDm;4059.826;0.446583;0.367793;0.373120;0.632150;0.324202;0.857977;0.081112;2.421830;50.202605;0.512857;0.103411;-55.143317;-0.429444;0.394259;ORGANIZING
2026.07.24 11:29:00;XAUUSDm;4059.296;0.444281;0.961434;0.343271;0.642130;0.315272;0.864437;0.078549;2.410799;50.226829;0.490978;0.100678;-55.189113;-0.430237;0.394070;ORGANIZING
2026.07.24 11:30:00;XAUUSDm;4058.854;0.443043;0.799219;0.315809;0.643679;0.305567;0.864904;0.075995;2.399737;50.251152;0.474720;0.097957;-55.224918;-0.430861;0.393921;ORGANIZING
2026.07.24 11:31:00;XAUUSDm;4058.658;0.441611;0.353255;0.290544;0.623046;0.295337;0.849656;0.073458;2.388651;50.275362;0.474021;0.095728;-55.236745;-0.430993;0.393889;ORGANIZING
2026.07.24 11:32:00;XAUUSDm;4060.058;0.464108;2.441321;0.267301;0.708053;0.284182;0.907935;0.070947;2.377547;50.300534;0.401357;0.090029;-55.354094;-0.433458;0.393301;AGING
2026.07.24 11:33:00;XAUUSDm;4059.868;0.460677;0.329381;0.245917;0.683436;0.272773;0.890169;0.068469;2.366432;50.325578;0.399120;0.087474;-55.360126;-0.433653;0.393254;ORGANIZING
2026.07.24 11:34:00;XAUUSDm;4059.945;0.448012;0.136327;0.226243;0.650625;0.261245;0.866181;0.066029;2.355310;50.350412;0.401529;0.085042;-55.356228;-0.433702;0.393243;ORGANIZING
2026.07.24 11:35:00;XAUUSDm;4058.494;0.439968;2.473661;0.208144;0.736552;0.249087;0.924754;0.063633;2.344187;50.376238;0.338179;0.079217;-55.471200;-0.435894;0.392720;AGING
2026.07.24 11:36:00;XAUUSDm;4059.801;0.446693;2.165772;0.191492;0.803031;0.236491;0.970417;0.061284;2.333068;50.402869;0.294498;0.073964;-55.566620;-0.437467;0.392345;AGING
2026.07.24 11:37:00;XAUUSDm;4058.552;0.442501;2.034865;0.176173;0.859893;0.223594;1.000000;0.058986;2.321956;50.430215;0.260025;0.068993;-55.652224;-0.438750;0.392039;AGING
2026.07.24 11:38:00;XAUUSDm;4057.824;0.440481;1.203903;0.162079;0.872622;0.210690;1.000000;0.056741;2.310855;50.457836;0.241445;0.065023;-55.692881;-0.439505;0.391859;AGING
2026.07.24 11:39:00;XAUUSDm;4057.236;0.438188;0.976582;0.149113;0.873606;0.197894;1.000000;0.054552;2.299769;50.485612;0.226525;0.061307;-55.720854;-0.440139;0.391708;AGING
2026.07.24 11:40:00;XAUUSDm;4056.869;0.438412;0.605111;0.137184;0.856223;0.185339;0.988088;0.052421;2.288701;50.513355;0.216461;0.057967;-55.729299;-0.440608;0.391596;AGING
2026.07.24 11:41:00;XAUUSDm;4057.114;0.439041;0.405979;0.126209;0.830004;0.173104;0.969549;0.050349;2.282684;50.541020;0.208558;0.054727;-55.737776;-0.441007;0.391501;AGING
2026.07.24 11:42:00;XAUUSDm;4056.442;0.438265;1.092150;0.116112;0.839650;0.161035;0.975602;0.048336;2.276263;50.568958;0.191788;0.050892;-55.780658;-0.441702;0.391336;AGING
2026.07.24 11:43:00;XAUUSDm;4055.833;0.436791;1.030073;0.106823;0.845950;0.149179;0.979201;0.046384;2.269474;50.597129;0.176344;0.047181;-55.818793;-0.442351;0.391181;AGING
2026.07.24 11:44:00;XAUUSDm;4055.409;0.436570;0.720182;0.098278;0.836678;0.137635;0.971758;0.044492;2.262353;50.625366;0.164501;0.043784;-55.839821;-0.442876;0.391056;AGING
2026.07.24 11:45:00;XAUUSDm;4056.460;0.438577;1.763068;0.090415;0.880245;0.126159;1.000000;0.042660;2.254928;50.654195;0.143323;0.039700;-55.913043;-0.443715;0.390856;AGING
2026.07.24 11:46:00;XAUUSDm;4055.655;0.439559;1.316995;0.083182;0.899559;0.114896;1.000000;0.040889;2.247230;50.683365;0.127725;0.036044;-55.961084;-0.444366;0.390701;AGING
2026.07.24 11:47:00;XAUUSDm;4055.310;0.438750;0.573280;0.076528;0.880947;0.104047;0.986496;0.039177;2.239284;50.712486;0.118108;0.032933;-55.969782;-0.444810;0.390595;AGING
2026.07.24 11:48:00;XAUUSDm;4054.400;0.437522;1.498436;0.070405;0.909741;0.093382;1.000000;0.037525;2.231115;50.742027;0.102647;0.029380;-56.025260;-0.445452;0.390443;AGING
2026.07.24 11:49:00;XAUUSDm;4055.361;0.439618;1.540508;0.064773;0.939412;0.082910;1.000000;0.035930;2.222745;50.771990;0.088257;0.025925;-56.081069;-0.446056;0.390299;AGING
2026.07.24 11:50:00;XAUUSDm;4054.591;0.439036;1.241135;0.059591;0.952840;0.072718;1.000000;0.034393;2.214193;50.802206;0.076318;0.022714;-56.119908;-0.446575;0.390175;AGING
2026.07.24 11:51:00;XAUUSDm;4054.433;0.439003;0.270270;0.054824;0.917257;0.063051;0.975663;0.032911;2.205479;50.832173;0.068739;0.019980;-56.108336;-0.446939;0.390089;AGING
2026.07.24 11:52:00;XAUUSDm;4053.650;0.436881;1.360178;0.050438;0.938142;0.053622;0.990273;0.031485;2.196621;50.862448;0.057158;0.016936;-56.152740;-0.447438;0.389970;AGING
2026.07.24 11:53:00;XAUUSDm;4053.003;0.441135;1.217264;0.046403;0.951025;0.044474;0.999320;0.030113;2.187633;50.892945;0.046764;0.014035;-56.188584;-0.447895;0.389861;AGING
2026.07.24 11:54:00;XAUUSDm;4052.713;0.443144;0.547562;0.042691;0.929963;0.035770;0.984562;0.028793;2.178530;50.923315;0.038463;0.011401;-56.189462;-0.448276;0.389771;AGING
2026.07.24 11:55:00;XAUUSDm;4052.771;0.444803;0.111329;0.039275;0.888316;0.027600;0.955007;0.027524;2.169326;50.953339;0.031070;0.008946;-56.168478;-0.448621;0.389689;AGING
2026.07.24 11:56:00;XAUUSDm;4052.043;0.444966;1.402427;0.036133;0.913469;0.019624;0.971630;0.026305;2.160033;50.983682;0.021483;0.006331;-56.214069;-0.449039;0.389589;AGING
2026.07.24 11:57:00;XAUUSDm;4051.655;0.445696;0.749295;0.033243;0.904868;0.012005;0.964769;0.025134;2.150662;51.013997;0.013267;0.003897;-56.225209;-0.449407;0.389502;AGING
2026.07.24 11:58:00;XAUUSDm;4057.694;0.721333;9.491701;0.574242;1.000000;0.030548;1.000000;0.050927;2.144030;51.044826;0.030548;0.009561;-55.829951;-0.448606;0.389692;AGING
2026.07.24 11:59:00;XAUUSDm;4057.853;0.517123;0.250749;0.962084;0.961927;0.064505;0.975559;0.067773;2.141440;51.074570;0.067059;0.020341;-55.428332;-0.446971;0.390081;AGING
2026.07.24 12:00:00;XAUUSDm;4057.064;0.683929;1.220191;1.475031;0.973550;0.117184;0.986493;0.090032;2.144111;51.103403;0.120368;0.036532;-54.953023;-0.444562;0.390654;AGING
2026.07.24 12:01:00;XAUUSDm;4054.081;0.457546;4.250620;1.357029;1.000000;0.161519;1.000000;0.091430;2.145699;51.131629;0.161519;0.049896;-55.087340;-0.442660;0.391107;AGING
2026.07.24 12:02:00;XAUUSDm;4053.508;0.458324;0.810536;1.248466;0.987296;0.199193;0.996569;0.092287;2.146294;51.158981;0.201757;0.061749;-55.175779;-0.440860;0.391536;AGING
2026.07.24 12:03:00;XAUUSDm;4054.494;0.478896;1.360563;1.148589;1.000000;0.230735;1.000000;0.092666;2.145980;51.185826;0.230735;0.071244;-55.283795;-0.439516;0.391856;AGING
2026.07.24 12:04:00;XAUUSDm;4054.262;0.486121;0.324748;1.056702;0.961623;0.256949;0.979610;0.092627;2.144834;51.211752;0.267204;0.080320;-55.334647;-0.437968;0.392225;AGING
2026.07.24 12:05:00;XAUUSDm;4053.969;0.457841;0.408044;0.972166;0.928805;0.278355;0.962847;0.092223;2.142928;51.236902;0.299691;0.087977;-55.385487;-0.436610;0.392549;AGING
2026.07.24 12:06:00;XAUUSDm;4054.935;0.613091;1.312678;1.431984;0.942431;0.317780;0.978319;0.110603;2.145701;51.261428;0.337192;0.099346;-54.966702;-0.434917;0.392953;AGING
2026.07.24 12:07:00;XAUUSDm;4055.806;0.704749;1.173254;1.960545;0.947617;0.374684;0.989012;0.131500;2.153813;51.284948;0.395396;0.115896;-54.467963;-0.432343;0.393567;AGING
2026.07.24 12:08:00;XAUUSDm;4056.152;0.483395;0.463025;1.803702;0.915894;0.422273;0.975205;0.132768;2.160377;51.307266;0.461051;0.131589;-54.583473;-0.429589;0.394224;AGING
2026.07.24 12:09:00;XAUUSDm;4056.757;0.510394;0.809516;2.186497;0.902129;0.481422;0.974053;0.145269;2.170792;51.328366;0.533651;0.149594;-54.194698;-0.426511;0.394960;ORGANIZING
2026.07.24 12:10:00;XAUUSDm;4056.109;0.500121;0.863286;2.561588;0.890559;0.550050;0.975261;0.156760;2.184958;51.348121;0.617646;0.170174;-53.810478;-0.422962;0.395808;ORGANIZING
2026.07.24 12:11:00;XAUUSDm;4056.112;0.489517;0.004004;2.356661;0.835230;0.608127;0.946753;0.159168;2.197052;51.366281;0.728095;0.190549;-53.949164;-0.418630;0.396845;ORGANIZING
2026.07.24 12:12:00;XAUUSDm;4055.964;0.461488;0.197507;2.168128;0.791181;0.656791;0.926101;0.160637;2.207243;51.383129;0.830140;0.207907;-54.085152;-0.414700;0.397786;ORGANIZING
2026.07.24 12:13:00;XAUUSDm;4055.819;0.448309;0.197564;1.994678;0.748365;0.696886;0.906224;0.161277;2.215690;51.398832;0.931213;0.222980;-54.209567;-0.410915;0.398693;ORGANIZING
2026.07.24 12:14:00;XAUUSDm;4056.481;0.433398;0.885998;1.835104;0.741309;0.729078;0.911161;0.161192;2.222536;51.413889;0.983501;0.233302;-54.358472;-0.408830;0.399193;ORGANIZING
2026.07.24 12:15:00;XAUUSDm;4056.248;0.437966;0.316852;1.688295;0.705504;0.754225;0.896002;0.160473;2.227913;51.428139;1.069058;0.243779;-54.467895;-0.405739;0.399934;ORGANIZING
2026.07.24 12:16:00;XAUUSDm;4057.380;0.421011;1.547844;1.553232;0.732537;0.772782;0.924433;0.159203;2.231944;51.442328;1.054940;0.247395;-54.631144;-0.405982;0.399876;ORGANIZING
2026.07.24 12:17:00;XAUUSDm;4056.769;0.423100;0.825743;1.428973;0.721741;0.785558;0.926551;0.157455;2.234742;51.456182;1.088421;0.252272;-54.747786;-0.404734;0.400176;ORGANIZING
2026.07.24 12:18:00;XAUUSDm;4056.847;0.577870;0.105774;1.862376;0.675232;0.814723;0.903334;0.171253;2.236450;51.469004;1.206582;0.264269;-54.282542;-0.400589;0.401171;ORGANIZING
2026.07.24 12:19:00;XAUUSDm;4056.727;0.511092;0.164559;2.245694;0.633404;0.855913;0.883471;0.181856;2.238104;51.480601;1.351292;0.280318;-53.852316;-0.395445;0.402407;ORGANIZING
2026.07.24 12:20:00;XAUUSDm;4055.811;0.502703;1.240016;2.622722;0.646616;0.907429;0.902315;0.191615;2.238390;51.491302;1.403351;0.294943;-53.467776;-0.393152;0.402959;ORGANIZING
2026.07.24 12:21:00;XAUUSDm;4055.711;0.480092;0.135726;2.412904;0.602923;0.949159;0.882191;0.192525;2.237757;51.500726;1.574263;0.312923;-53.602148;-0.387126;0.404409;ORGANIZING
2026.07.24 12:22:00;XAUUSDm;4055.615;0.461333;0.135078;2.219872;0.560547;0.982231;0.862781;0.192550;2.236282;51.509049;1.752270;0.328573;-53.725159;-0.381003;0.405885;ORGANIZING
2026.07.24 12:23:00;XAUUSDm;4057.505;0.441685;2.537935;2.042282;0.639772;1.000000;0.928150;0.191802;2.234038;51.517788;1.563056;0.326199;-53.966957;-0.386798;0.404488;ORGANIZING
2026.07.24 12:24:00;XAUUSDm;4058.296;0.429782;1.042188;1.878900;0.639893;1.000000;0.938855;0.190381;2.231089;51.526497;1.562761;0.326652;-54.130432;-0.386785;0.404492;ORGANIZING
2026.07.24 12:25:00;XAUUSDm;4058.175;0.431537;0.165215;1.728588;0.596159;1.000000;0.918441;0.188378;2.227498;51.534734;1.677404;0.332001;-54.234057;-0.383078;0.405385;ORGANIZING
2026.07.24 12:26:00;XAUUSDm;4057.798;0.447518;0.528174;1.590301;0.572760;1.000000;0.911374;0.185873;2.217944;51.542641;1.745932;0.335956;-54.332734;-0.380824;0.405928;ORGANIZING
2026.07.24 12:27:00;XAUUSDm;4059.368;0.437515;2.179950;1.463077;0.633119;1.000000;0.962280;0.182941;2.211829;51.551090;1.579481;0.330263;-54.510672;-0.386102;0.404656;ORGANIZING
2026.07.24 12:28:00;XAUUSDm;4059.449;0.440802;0.114526;1.346030;0.587190;0.997627;0.939012;0.179646;2.205346;51.559063;1.698985;0.335655;-54.572580;-0.382248;0.405585;ORGANIZING
2026.07.24 12:29:00;XAUUSDm;4059.705;0.444506;0.365391;1.238348;0.556147;0.991188;0.925223;0.176048;2.203801;51.566839;1.782240;0.337599;-54.653148;-0.379653;0.406211;ORGANIZING
2026.07.24 12:30:00;XAUUSDm;4058.703;0.452789;1.404699;1.139280;0.578751;0.980960;0.948166;0.172199;2.207005;51.575077;1.694960;0.331635;-54.791996;-0.382569;0.405507;ORGANIZING
2026.07.24 12:31:00;XAUUSDm;4056.683;0.657625;2.697578;1.632499;0.665073;0.991081;1.000000;0.188250;2.203212;51.583939;1.490184;0.324250;-54.408355;-0.389082;0.403938;ORGANIZING
2026.07.24 12:32:00;XAUUSDm;4057.085;0.529779;0.540744;2.029833;0.639035;1.000000;0.990515;0.198704;2.193579;51.592265;1.564859;0.329890;-53.986032;-0.386560;0.404546;ORGANIZING
2026.07.24 12:33:00;XAUUSDm;4057.511;0.483307;0.575862;1.867446;0.615876;1.000000;0.982957;0.196888;2.183883;51.600262;1.623702;0.333706;-54.110235;-0.384604;0.405017;ORGANIZING
2026.07.24 12:34:00;XAUUSDm;4056.998;0.686169;0.691804;2.382073;0.599673;1.000000;0.979657;0.212775;2.178433;51.608043;1.667576;0.334350;-53.608060;-0.383255;0.405342;ORGANIZING
2026.07.24 12:35:00;XAUUSDm;4058.103;0.472226;1.487975;2.191507;0.624088;1.000000;1.000000;0.211665;2.172573;51.616010;1.602338;0.332411;-53.817067;-0.385309;0.404847;ORGANIZING
2026.07.24 12:36:00;XAUUSDm;4057.021;0.784331;1.446215;2.779755;0.645194;1.000000;1.000000;0.230494;2.173976;51.624202;1.549921;0.327905;-53.298580;-0.387107;0.404414;ORGANIZING
2026.07.24 12:37:00;XAUUSDm;4056.921;0.968857;0.134542;3.506398;0.599662;1.000000;0.977776;0.255301;2.183880;51.632037;1.667607;0.329073;-52.603663;-0.383518;0.405279;ORGANIZING
2026.07.24 12:38:00;XAUUSDm;4055.636;0.505774;1.711599;3.885728;0.635259;1.000000;1.000000;0.261503;2.193194;51.640322;1.574162;0.323629;-52.299246;-0.386594;0.404538;ORGANIZING
2026.07.24 12:39:00;XAUUSDm;4055.568;0.543278;0.092782;4.293186;0.588135;1.000000;0.977400;0.268800;2.202703;51.648230;1.700291;0.326836;-51.886185;-0.382649;0.405488;ORGANIZING
2026.07.24 12:40:00;XAUUSDm;4056.000;0.976576;0.594927;5.025618;0.568474;1.000000;0.973421;0.291982;2.215719;51.656072;1.759094;0.325079;-51.214329;-0.380973;0.405892;ORGANIZING
2026.07.24 12:41:00;XAUUSDm;4053.242;0.436336;3.544349;4.623569;0.697268;1.000000;1.000000;0.297485;2.226747;51.665312;1.434169;0.310414;-51.787475;-0.391454;0.403367;ORGANIZING
2026.07.24 12:42:00;XAUUSDm;4053.035;0.435532;0.270016;4.253683;0.655905;1.000000;0.984863;0.301105;2.235951;51.674231;1.524610;0.313189;-52.150566;-0.388602;0.404054;ORGANIZING
2026.07.24 12:43:00;XAUUSDm;4053.367;0.405133;0.436658;3.913389;0.624943;1.000000;0.976214;0.303065;2.243482;51.682915;1.600146;0.315309;-52.487564;-0.386230;0.404625;ORGANIZING
2026.07.24 12:44:00;XAUUSDm;4054.948;0.417174;2.011092;3.600317;0.674251;1.000000;1.000000;0.303565;2.249479;51.692152;1.483128;0.309857;-52.872174;-0.390013;0.403714;ORGANIZING
2026.07.24 12:45:00;XAUUSDm;4055.560;0.428469;0.767668;3.312292;0.658921;1.000000;1.000000;0.302788;2.254069;51.701282;1.517632;0.310967;-53.161625;-0.388923;0.403977;ORGANIZING
2026.07.24 12:46:00;XAUUSDm;4053.538;0.400001;2.456567;3.047309;0.728804;1.000000;1.000000;0.300898;2.257368;51.711144;1.372112;0.304222;-53.509171;-0.393626;0.402845;ORGANIZING
2026.07.24 12:47:00;XAUUSDm;4052.298;0.382525;1.475944;2.803524;0.746161;1.000000;1.000000;0.298042;2.259486;51.721200;1.340194;0.302692;-53.778894;-0.394660;0.402596;ORGANIZING
2026.07.24 12:48:00;XAUUSDm;4053.562;0.387968;1.697465;2.579242;0.773726;1.000000;1.000000;0.294354;2.260521;51.731543;1.292447;0.300427;-54.035777;-0.396205;0.402224;ORGANIZING
2026.07.24 12:49:00;XAUUSDm;4053.883;0.388472;0.429213;2.372903;0.736500;1.000000;0.990325;0.289954;2.260564;51.741513;1.357773;0.304227;-54.206145;-0.394055;0.402741;ORGANIZING
2026.07.24 12:50:00;XAUUSDm;4053.883;0.394302;0.001000;2.183071;0.679725;1.000000;0.965847;0.284947;2.259699;51.750908;1.471183;0.310138;-54.336855;-0.390358;0.403631;ORGANIZING
2026.07.24 12:51:00;XAUUSDm;4054.536;0.441204;0.952589;2.008425;0.673368;1.000000;0.975356;0.279432;2.252160;51.760163;1.485071;0.312016;-54.488290;-0.389847;0.403754;ORGANIZING
2026.07.24 12:52:00;XAUUSDm;4055.048;0.446071;0.748232;1.847751;0.657112;1.000000;0.977187;0.273494;2.242720;51.769161;1.521811;0.315127;-54.610950;-0.388589;0.404057;ORGANIZING
2026.07.24 12:53:00;XAUUSDm;4055.200;0.434202;0.227681;1.699931;0.615640;1.000000;0.960526;0.267211;2.233181;51.777649;1.624326;0.320921;-54.694142;-0.385224;0.404868;ORGANIZING
2026.07.24 12:54:00;XAUUSDm;4055.289;0.459130;0.133887;1.563936;0.571552;1.000000;0.940946;0.260650;2.230197;51.785667;1.749621;0.326541;-54.774976;-0.381184;0.405841;ORGANIZING
2026.07.24 12:55:00;XAUUSDm;4054.091;0.398269;1.754437;1.438821;0.610697;0.998138;0.978541;0.253873;2.226572;51.794077;1.634424;0.322903;-54.928706;-0.384822;0.404964;ORGANIZING
2026.07.24 12:56:00;XAUUSDm;4051.848;0.388588;3.166380;1.323716;0.718518;0.991451;1.000000;0.246935;2.230000;51.803733;1.379855;0.310269;-55.160954;-0.393091;0.402973;ORGANIZING
2026.07.24 12:57:00;XAUUSDm;4052.400;0.393960;0.786325;1.217818;0.702079;0.981001;1.000000;0.239883;2.241736;51.813551;1.397279;0.308133;-55.280048;-0.392675;0.403074;ORGANIZING
2026.07.24 12:58:00;XAUUSDm;4053.253;0.429633;1.197798;1.120393;0.707245;0.967179;1.000000;0.232760;2.258180;51.823862;1.367530;0.302415;-55.425416;-0.393853;0.402790;ORGANIZING
2026.07.24 12:59:00;XAUUSDm;4055.919;0.816421;3.538813;1.732709;0.829480;0.978880;1.000000;0.251738;2.272494;51.835304;1.180113;0.291880;-55.001660;-0.400003;0.401312;ORGANIZING
2026.07.24 13:00:00;XAUUSDm;4055.741;0.919981;0.239260;2.422694;0.780392;1.000000;0.982185;0.273650;2.287161;51.845980;1.281408;0.299293;-54.325299;-0.396593;0.402131;ORGANIZING
2026.07.24 13:01:00;XAUUSDm;4053.046;0.971401;3.378040;3.151245;0.890274;1.000000;1.000000;0.296395;2.290448;51.857787;1.123250;0.287595;-53.770503;-0.401923;0.400850;ORGANIZING
2026.07.24 13:02:00;XAUUSDm;4054.314;0.506902;1.545964;3.531422;0.903058;1.000000;1.000000;0.300584;2.286219;51.869680;1.107348;0.286544;-53.414923;-0.402452;0.400723;ORGANIZING
2026.07.24 13:03:00;XAUUSDm;4052.999;0.836377;1.558796;4.158705;0.915845;1.000000;1.000000;0.316919;2.277241;51.881610;1.091887;0.284900;-52.827071;-0.402998;0.400592;ORGANIZING
2026.07.24 13:04:00;XAUUSDm;4052.270;0.423319;0.862783;3.826008;0.893192;1.000000;1.000000;0.317708;2.268112;51.893223;1.119580;0.287438;-53.132047;-0.402041;0.400822;ORGANIZING
2026.07.24 13:05:00;XAUUSDm;4050.565;0.389294;1.949953;3.519928;0.926030;1.000000;1.000000;0.317127;2.258847;51.905072;1.079878;0.285551;-53.463123;-0.403326;0.400513;ORGANIZING
2026.07.24 13:06:00;XAUUSDm;4049.156;0.395969;1.601282;3.238333;0.939793;1.000000;1.000000;0.315350;2.249463;51.916965;1.064064;0.285339;-53.748051;-0.403811;0.400397;ORGANIZING
2026.07.24 13:07:00;XAUUSDm;4047.988;0.398041;1.310798;2.979267;0.938343;1.000000;1.000000;0.312536;2.239974;51.928748;1.065708;0.286463;-53.992843;-0.403706;0.400422;ORGANIZING
2026.07.24 13:08:00;XAUUSDm;4047.718;0.386337;0.301710;2.740925;0.886511;1.000000;0.986499;0.308826;2.230391;51.939917;1.128017;0.291909;-54.163936;-0.401564;0.400937;ORGANIZING
2026.07.24 13:09:00;XAUUSDm;4046.698;0.380775;1.117318;2.521651;0.878052;1.000000;1.000000;0.304349;2.220726;51.950905;1.138885;0.293847;-54.357454;-0.401141;0.401038;ORGANIZING
2026.07.24 13:10:00;XAUUSDm;4047.383;0.385367;0.754173;2.319919;0.851858;1.000000;1.000000;0.299218;2.210991;51.961533;1.173905;0.297436;-54.513889;-0.399911;0.401334;ORGANIZING
2026.07.24 13:11:00;XAUUSDm;4046.868;0.380829;0.561871;2.134326;0.817359;1.000000;0.995138;0.293537;2.201195;51.971719;1.223453;0.301924;-54.644215;-0.398200;0.401745;ORGANIZING
2026.07.24 13:12:00;XAUUSDm;4049.103;0.392428;2.329678;1.963580;0.872974;1.000000;1.000000;0.287397;2.191347;51.982362;1.145509;0.298354;-54.849245;-0.400717;0.401140;ORGANIZING
2026.07.24 13:13:00;XAUUSDm;4047.901;0.386477;1.271151;1.806493;0.872883;1.000000;1.000000;0.280881;2.181456;51.992905;1.145629;0.299830;-54.983971;-0.400640;0.401159;ORGANIZING
2026.07.24 13:14:00;XAUUSDm;4048.226;0.388756;0.347118;1.661974;0.826595;1.000000;0.986980;0.274063;2.171529;52.002887;1.209782;0.305606;-55.058693;-0.398426;0.401691;ORGANIZING
2026.07.24 13:15:00;XAUUSDm;4046.571;0.387173;1.711550;1.529016;0.850843;1.000000;1.000000;0.267008;2.161574;52.013011;1.175305;0.304932;-55.192001;-0.399494;0.401434;ORGANIZING
2026.07.24 13:16:00;XAUUSDm;4046.162;0.399512;0.422695;1.406695;0.809435;0.995732;0.989140;0.259774;2.151595;52.022706;1.230157;0.309156;-55.252453;-0.397637;0.401880;ORGANIZING
2026.07.24 13:17:00;XAUUSDm;4046.567;0.398412;0.428889;1.294159;0.770493;0.987454;0.978623;0.252412;2.141601;52.032078;1.281586;0.312040;-55.308984;-0.395950;0.402286;ORGANIZING
2026.07.24 13:18:00;XAUUSDm;4045.208;0.385845;1.401233;1.190626;0.782281;0.975459;1.000000;0.244968;2.131595;52.041708;1.246941;0.308802;-55.411030;-0.397152;0.401997;ORGANIZING
2026.07.24 13:19:00;XAUUSDm;4046.090;0.379597;0.897820;1.095376;0.768549;0.960334;1.000000;0.237482;2.127311;52.051460;1.249541;0.306489;-55.493884;-0.397189;0.401988;ORGANIZING
2026.07.24 13:20:00;XAUUSDm;4046.447;0.379562;0.368239;1.007746;0.729327;0.942625;0.986200;0.229989;2.130824;52.061209;1.292459;0.305043;-55.561790;-0.395974;0.402280;ORGANIZING
2026.07.24 13:21:00;XAUUSDm;4047.913;0.401067;1.529633;0.927126;0.750490;0.922458;1.000000;0.222521;2.142411;52.071689;1.229142;0.296094;-55.702457;-0.398321;0.401716;ORGANIZING
2026.07.24 13:22:00;XAUUSDm;4047.372;0.387804;0.562850;0.852956;0.722659;0.900421;0.992488;0.215103;2.158483;52.082492;1.245985;0.290811;-55.798946;-0.398080;0.401774;ORGANIZING
2026.07.24 13:23:00;XAUUSDm;4047.954;0.400184;0.603547;0.784720;0.698694;0.876824;0.986404;0.207760;2.181431;52.093756;1.254947;0.283956;-55.909288;-0.398154;0.401756;ORGANIZING
2026.07.24 13:24:00;XAUUSDm;4046.830;0.396428;1.151026;0.721942;0.703775;0.851830;0.999437;0.200511;2.201564;52.105773;1.210374;0.274266;-56.039925;-0.399975;0.401318;ORGANIZING
2026.07.24 13:25:00;XAUUSDm;4046.814;0.417015;0.016758;0.664187;0.652387;0.825976;0.972061;0.193373;2.219114;52.117969;1.266082;0.269497;-56.105167;-0.398543;0.401663;ORGANIZING
2026.07.24 13:26:00;XAUUSDm;4046.981;0.463630;0.178335;0.611052;0.612165;0.799445;0.951049;0.186361;2.234291;52.130444;1.305930;0.263598;-56.173417;-0.397642;0.401879;ORGANIZING
2026.07.24 13:27:00;XAUUSDm;4048.338;0.898387;1.411219;1.284843;0.636129;0.804213;0.973677;0.210733;2.240064;52.143122;1.264229;0.260522;-55.591788;-0.399047;0.401541;ORGANIZING
2026.07.24 13:28:00;XAUUSDm;4047.648;0.999624;0.726561;2.034561;0.624566;0.836988;0.972404;0.237682;2.235927;52.154987;1.340112;0.270155;-54.855222;-0.396289;0.402204;ORGANIZING
2026.07.24 13:29:00;XAUUSDm;4046.396;0.802959;1.286266;2.636780;0.640911;0.888067;0.991708;0.255909;2.225899;52.165894;1.385632;0.284389;-54.245573;-0.394212;0.402704;ORGANIZING
2026.07.24 13:30:00;XAUUSDm;4046.540;0.556979;0.148822;3.054514;0.598546;0.949547;0.971164;0.264000;2.222115;52.175110;1.586424;0.307829;-53.741824;-0.387016;0.404436;ORGANIZING
2026.07.24 13:31:00;XAUUSDm;4049.536;0.436955;3.081163;2.810153;0.703686;0.999610;1.000000;0.263018;2.217763;52.184332;1.420535;0.313902;-54.039816;-0.391689;0.403311;ORGANIZING
2026.07.24 13:32:00;XAUUSDm;4047.595;0.481551;1.927431;2.585341;0.744881;1.000000;1.000000;0.261108;2.212892;52.193910;1.342497;0.310667;-54.301448;-0.394192;0.402709;ORGANIZING
2026.07.24 13:33:00;XAUUSDm;4049.909;0.457172;2.210800;2.378514;0.798177;1.000000;1.000000;0.258394;2.207547;52.203967;1.252856;0.306361;-54.555512;-0.397096;0.402010;ORGANIZING
2026.07.24 13:34:00;XAUUSDm;4049.224;0.541219;0.665850;2.784428;0.771560;1.000000;0.997349;0.265770;2.207734;52.213760;1.296075;0.308160;-54.147900;-0.395710;0.402344;ORGANIZING
2026.07.24 13:35:00;XAUUSDm;4051.991;0.406943;2.581494;2.561674;0.842057;1.000000;1.000000;0.263619;2.207022;52.224251;1.187568;0.301869;-54.445916;-0.399280;0.401485;ORGANIZING
2026.07.24 13:36:00;XAUUSDm;4051.553;0.407625;0.421081;2.356740;0.801008;1.000000;0.988965;0.260685;2.205487;52.234316;1.248427;0.306074;-54.610929;-0.397243;0.401975;ORGANIZING
2026.07.24 13:37:00;XAUUSDm;4054.461;0.398476;2.708795;2.168200;0.876397;1.000000;1.000000;0.257078;2.203200;52.245111;1.141035;0.299700;-54.873864;-0.400784;0.401124;ORGANIZING
2026.07.24 13:38:00;XAUUSDm;4055.655;0.397216;1.113661;1.994744;0.868261;1.000000;1.000000;0.252896;2.200226;52.255796;1.151728;0.301079;-55.035557;-0.400394;0.401218;ORGANIZING
2026.07.24 13:39:00;XAUUSDm;4056.027;0.400388;0.346640;1.835165;0.822180;1.000000;0.985984;0.248231;2.196622;52.265984;1.216279;0.306088;-55.142705;-0.398207;0.401743;ORGANIZING
2026.07.24 13:40:00;XAUUSDm;4054.384;0.410179;1.485507;1.688352;0.835346;1.000000;1.000000;0.243160;2.192445;52.276262;1.197109;0.305721;-55.294467;-0.398801;0.401601;ORGANIZING
2026.07.24 13:41:00;XAUUSDm;4054.236;0.417788;0.135046;1.553284;0.780331;1.000000;0.978237;0.237755;2.187745;52.285943;1.281508;0.311932;-55.363990;-0.395958;0.402284;ORGANIZING
2026.07.24 13:42:00;XAUUSDm;4052.321;0.427746;1.703767;1.429021;0.806503;0.997852;1.000000;0.232081;2.182567;52.295877;1.237258;0.309781;-55.504801;-0.397393;0.401939;ORGANIZING
2026.07.24 13:43:00;XAUUSDm;4051.541;0.445929;0.686293;1.314699;0.780535;0.991433;0.997143;0.226193;2.176954;52.305623;1.270196;0.311411;-55.586318;-0.396324;0.402196;ORGANIZING
2026.07.24 13:44:00;XAUUSDm;4051.911;0.427824;0.323948;1.209523;0.737877;0.981339;0.981498;0.220142;2.170945;52.315084;1.329949;0.313631;-55.644272;-0.394420;0.402654;ORGANIZING
2026.07.24 13:45:00;XAUUSDm;4052.706;0.421896;0.700996;1.112761;0.716406;0.967962;0.979385;0.213973;2.164576;52.324535;1.351135;0.312755;-55.717315;-0.393828;0.402796;ORGANIZING
2026.07.24 13:46:00;XAUUSDm;4055.804;0.411138;2.691105;1.023741;0.795782;0.951306;1.000000;0.207725;2.157880;52.335045;1.195435;0.300914;-55.886991;-0.399091;0.401531;ORGANIZING
2026.07.24 13:47:00;XAUUSDm;4055.928;0.417454;0.108521;0.941841;0.742393;0.932378;0.976069;0.201434;2.150520;52.345327;1.255909;0.301316;-55.917409;-0.397257;0.401972;ORGANIZING
2026.07.24 13:48:00;XAUUSDm;4059.606;0.408267;3.067198;0.866494;0.839986;0.910867;1.000000;0.195130;2.151448;52.357024;1.084384;0.285846;-56.112804;-0.403176;0.400549;ORGANIZING
2026.07.24 13:49:00;XAUUSDm;4058.593;0.409344;0.868723;0.797174;0.823205;0.887649;1.000000;0.188839;2.159087;52.369094;1.078284;0.279915;-56.203328;-0.403656;0.400434;ORGANIZING
2026.07.24 13:50:00;XAUUSDm;4058.662;0.409876;0.059283;0.733400;0.767256;0.863211;0.973684;0.182586;2.171503;52.381217;1.125062;0.276551;-56.260039;-0.402421;0.400731;ORGANIZING
2026.07.24 13:51:00;XAUUSDm;4056.097;0.426467;2.208732;0.674728;0.822066;0.837311;1.000000;0.176390;2.182000;52.394512;1.018545;0.263268;-56.421317;-0.406280;0.399804;ORGANIZING
2026.07.24 13:52:00;XAUUSDm;4058.094;0.413464;1.698303;0.620750;0.849131;0.810341;1.000000;0.170270;2.190735;52.408704;0.954317;0.252432;-56.548754;-0.408749;0.399212;ORGANIZING
2026.07.24 13:53:00;XAUUSDm;4057.642;0.421044;0.390119;0.571090;0.809974;0.782846;0.984614;0.164239;2.197856;52.423125;0.966508;0.246794;-56.603353;-0.408665;0.399232;ORGANIZING
2026.07.24 13:54:00;XAUUSDm;4059.558;0.414002;1.620488;0.525403;0.834843;0.754718;1.000000;0.158311;2.209457;52.438474;0.904025;0.235657;-56.728732;-0.411096;0.398649;ORGANIZING
2026.07.24 13:55:00;XAUUSDm;4058.148;0.428559;1.198511;0.483371;0.837932;0.726249;1.000000;0.152497;2.219193;52.454520;0.866716;0.226272;-56.826212;-0.412685;0.398269;ORGANIZING
2026.07.24 13:56:00;XAUUSDm;4059.782;0.419187;1.383620;0.444701;0.850691;0.697553;1.000000;0.146806;2.227217;52.471348;0.819984;0.216315;-56.927832;-0.414585;0.397813;ORGANIZING
2026.07.24 13:57:00;XAUUSDm;4059.626;0.434317;0.134399;0.409125;0.800925;0.669080;0.974842;0.141245;2.233672;52.488312;0.835383;0.210678;-56.960866;-0.414405;0.397856;ORGANIZING
2026.07.24 13:58:00;XAUUSDm;4066.558;0.413285;5.357198;0.376395;1.000000;0.639725;1.000000;0.135819;2.238687;52.507905;0.639725;0.189576;-57.240796;-0.421329;0.396199;ORGANIZING
2026.07.24 13:59:00;XAUUSDm;4067.346;0.413299;0.611175;0.346283;0.967764;0.610779;0.991145;0.130534;2.242382;52.527791;0.631124;0.182831;-57.284324;-0.421925;0.396056;ORGANIZING
2026.07.24 14:00:00;XAUUSDm;4070.002;0.408386;1.998886;0.318581;1.000000;0.582010;1.000000;0.125392;2.244868;52.548599;0.582010;0.172690;-57.388529;-0.423905;0.395583;ORGANIZING
2026.07.24 14:01:00;XAUUSDm;4065.571;0.413785;3.149119;0.293094;1.000000;0.553666;1.000000;0.120397;2.246246;52.569988;0.553666;0.164456;-57.456513;-0.425167;0.395281;ORGANIZING
2026.07.24 14:02:00;XAUUSDm;4066.468;0.410235;0.649859;0.269647;0.971420;0.525959;0.991959;0.115549;2.246608;52.591649;0.541434;0.157776;-57.491778;-0.425868;0.395113;ORGANIZING
2026.07.24 14:03:00;XAUUSDm;4064.928;0.411557;1.110262;0.248075;0.967843;0.498820;1.000000;0.110850;2.246041;52.613812;0.515394;0.150033;-57.548542;-0.427037;0.394834;ORGANIZING
2026.07.24 14:04:00;XAUUSDm;4062.721;0.415895;1.549098;0.228229;0.986929;0.472189;1.000000;0.106300;2.244624;52.636683;0.478442;0.141465;-57.625043;-0.428573;0.394467;AGING
2026.07.24 14:05:00;XAUUSDm;4063.516;0.416504;0.564831;0.209971;0.956380;0.446359;0.988490;0.101898;2.242429;52.659744;0.466717;0.135231;-57.648449;-0.429237;0.394309;AGING
2026.07.24 14:06:00;XAUUSDm;4060.542;0.445307;2.038662;0.193173;1.000000;0.420991;1.000000;0.097643;2.239522;52.683720;0.420991;0.126152;-57.743887;-0.431063;0.393873;AGING
2026.07.24 14:07:00;XAUUSDm;4058.271;0.500389;1.517926;0.568464;1.000000;0.415357;1.000000;0.111525;2.232059;52.707733;0.415357;0.124225;-57.411079;-0.431328;0.393809;AGING
2026.07.24 14:08:00;XAUUSDm;4059.021;0.775400;0.505411;1.150015;0.966963;0.435414;0.986593;0.135027;2.223734;52.730932;0.450290;0.130923;-56.829987;-0.429945;0.394139;AGING
2026.07.24 14:09:00;XAUUSDm;4062.196;0.457330;2.075435;1.058013;1.000000;0.449402;1.000000;0.132875;2.215223;52.754096;0.449402;0.134226;-56.942878;-0.429807;0.394173;AGING
2026.07.24 14:10:00;XAUUSDm;4061.919;0.463631;0.181259;0.973372;0.950075;0.459325;0.975995;0.130464;2.206547;52.776476;0.483461;0.139736;-56.967875;-0.428509;0.394482;AGING
2026.07.24 14:11:00;XAUUSDm;4061.316;0.436557;0.399089;0.895503;0.913339;0.465590;0.960369;0.127834;2.197722;52.798275;0.509767;0.143750;-57.001633;-0.427520;0.394719;ORGANIZING
2026.07.24 14:12:00;XAUUSDm;4059.480;0.559272;1.194659;1.314957;0.918093;0.489515;0.973044;0.142415;2.193675;52.819602;0.533186;0.150426;-56.605404;-0.426483;0.394966;ORGANIZING
2026.07.24 14:13:00;XAUUSDm;4060.255;0.480189;0.503018;1.209760;0.887549;0.507406;0.961577;0.140554;2.189094;52.840220;0.571693;0.157717;-56.669899;-0.424963;0.395330;ORGANIZING
2026.07.24 14:14:00;XAUUSDm;4058.889;0.719408;0.883833;1.749316;0.877215;0.546047;0.963776;0.160504;2.190387;52.859975;0.622478;0.169154;-56.143611;-0.422868;0.395831;ORGANIZING
2026.07.24 14:15:00;XAUUSDm;4058.823;0.714462;0.042676;2.285163;0.824567;0.601708;0.937155;0.179271;2.197453;52.878161;0.729725;0.187958;-55.569308;-0.418710;0.396825;ORGANIZING
2026.07.24 14:16:00;XAUUSDm;4058.774;0.613664;0.031732;2.745411;0.772892;0.669563;0.911739;0.193320;2.209473;52.894594;0.866309;0.210840;-55.058099;-0.413469;0.398081;ORGANIZING
2026.07.24 14:17:00;XAUUSDm;4057.330;0.495531;0.934072;2.525778;0.767559;0.726343;0.919287;0.194636;2.219592;52.909939;0.946302;0.228281;-55.253833;-0.410197;0.398865;ORGANIZING
2026.07.24 14:18:00;XAUUSDm;4056.973;0.417089;0.231930;2.323716;0.726251;0.773482;0.902042;0.195007;2.227968;52.924011;1.065034;0.245610;-55.399014;-0.405768;0.399927;ORGANIZING
2026.07.24 14:19:00;XAUUSDm;4058.240;0.418920;0.822962;2.137818;0.715617;0.811736;0.906099;0.194552;2.234743;52.937280;1.134317;0.258111;-55.561932;-0.403065;0.400576;ORGANIZING
2026.07.24 14:20:00;XAUUSDm;4058.798;0.418692;0.360502;1.966793;0.681626;0.842007;0.893813;0.193375;2.240051;52.949657;1.235291;0.270303;-55.689337;-0.399426;0.401450;ORGANIZING
2026.07.24 14:21:00;XAUUSDm;4061.048;0.451361;1.467787;1.809449;0.704094;0.864848;0.920670;0.191574;2.244015;52.961841;1.228313;0.275457;-55.862814;-0.399378;0.401462;ORGANIZING
2026.07.24 14:22:00;XAUUSDm;4061.875;0.451645;0.547450;1.664693;0.678965;0.881165;0.914312;0.189233;2.246745;52.973475;1.297806;0.282883;-55.978537;-0.396922;0.402052;ORGANIZING
2026.07.24 14:23:00;XAUUSDm;4062.236;0.489611;0.245315;1.531518;0.639659;0.891686;0.897521;0.186430;2.248346;52.984521;1.394002;0.290033;-56.070528;-0.393678;0.402832;ORGANIZING
2026.07.24 14:24:00;XAUUSDm;4064.634;0.527078;1.592467;1.926827;0.669466;0.916827;0.928369;0.196874;2.254090;52.995420;1.369489;0.293814;-55.723161;-0.394225;0.402701;ORGANIZING
2026.07.24 14:25:00;XAUUSDm;4066.078;0.492275;0.976085;1.772680;0.666460;0.934539;0.936929;0.194737;2.258447;53.005978;1.402242;0.299566;-55.871588;-0.392954;0.403006;ORGANIZING
2026.07.24 14:26:00;XAUUSDm;4068.195;0.427279;1.399244;1.630866;0.684409;0.945908;0.959926;0.192091;2.261531;53.016519;1.382081;0.301434;-56.031399;-0.393466;0.402883;ORGANIZING
2026.07.24 14:27:00;XAUUSDm;4065.728;0.427514;1.640140;1.500397;0.713277;0.951544;0.990457;0.189010;2.259543;53.027217;1.334045;0.300947;-56.185660;-0.394931;0.402531;ORGANIZING
2026.07.24 14:28:00;XAUUSDm;4065.319;0.432752;0.274784;1.380365;0.672322;0.952340;0.972024;0.185561;2.250549;53.037399;1.416495;0.306373;-56.249235;-0.392186;0.403191;ORGANIZING
2026.07.24 14:29:00;XAUUSDm;4065.826;0.459059;0.340008;1.269936;0.636659;0.948838;0.956398;0.181805;2.241415;53.047203;1.490339;0.310090;-56.311528;-0.389785;0.403769;ORGANIZING
2026.07.24 14:30:00;XAUUSDm;4065.642;0.456615;0.125858;1.168341;0.592142;0.941595;0.933692;0.177794;2.232158;53.056614;1.590150;0.313646;-56.358724;-0.386613;0.404533;ORGANIZING
2026.07.24 14:31:00;XAUUSDm;4066.658;0.437777;0.686802;1.074874;0.578043;0.930961;0.931274;0.173578;2.222791;53.066003;1.610538;0.312990;-56.430949;-0.386034;0.404672;ORGANIZING
2026.07.24 14:32:00;XAUUSDm;4066.820;0.425888;0.112168;0.988884;0.536130;0.917500;0.908680;0.169198;2.214938;53.075164;1.711337;0.314184;-56.473183;-0.382951;0.405415;ORGANIZING
2026.07.24 14:33:00;XAUUSDm;4065.843;0.435777;0.674631;0.909773;0.524705;0.901480;0.906411;0.164694;2.206863;53.084450;1.718069;0.311256;-56.541015;-0.382895;0.405429;ORGANIZING
2026.07.24 14:34:00;XAUUSDm;4064.468;0.435715;0.936457;0.836991;0.527263;0.883212;0.913226;0.160098;2.204952;53.094107;1.675087;0.305365;-56.631268;-0.384479;0.405047;ORGANIZING
2026.07.24 14:35:00;XAUUSDm;4066.028;0.426002;1.051496;0.770032;0.535811;0.863009;0.923669;0.155442;2.209078;53.104296;1.610659;0.297555;-56.736106;-0.386802;0.404487;ORGANIZING
2026.07.24 14:36:00;XAUUSDm;4064.342;0.434701;1.158476;0.708429;0.549684;0.841157;0.937328;0.150750;2.218403;53.115154;1.530255;0.288182;-56.853557;-0.389683;0.403794;ORGANIZING
2026.07.24 14:37:00;XAUUSDm;4062.550;0.436823;1.203719;0.651755;0.565563;0.817929;0.951928;0.146046;2.226051;53.126712;1.446221;0.278429;-56.966784;-0.392692;0.403069;ORGANIZING
2026.07.24 14:38:00;XAUUSDm;4061.853;0.439301;0.487720;0.599615;0.545312;0.793749;0.940792;0.141351;2.232162;53.138611;1.455588;0.271941;-57.037584;-0.392735;0.403059;ORGANIZING
2026.07.24 14:39:00;XAUUSDm;4060.662;0.486893;0.831321;0.551645;0.543737;0.768756;0.941908;0.136681;2.236863;53.151042;1.413837;0.263518;-57.121466;-0.394409;0.402656;ORGANIZING
2026.07.24 14:40:00;XAUUSDm;4061.366;0.483580;0.487076;0.507514;0.525529;0.743232;0.930773;0.132054;2.240271;53.163835;1.414255;0.256477;-57.183269;-0.394748;0.402575;ORGANIZING
2026.07.24 14:41:00;XAUUSDm;4061.907;0.651048;0.385086;0.995800;0.503642;0.741396;0.916296;0.149866;2.237206;53.176416;1.472069;0.256475;-56.717006;-0.393014;0.402992;ORGANIZING
2026.07.24 14:42:00;XAUUSDm;4059.939;0.510982;1.401410;1.379036;0.533703;0.754792;0.938520;0.161534;2.228877;53.188946;1.414256;0.258127;-56.369643;-0.394666;0.402595;ORGANIZING
2026.07.24 14:43:00;XAUUSDm;4061.661;0.745808;1.204448;1.938392;0.552144;0.788547;0.953481;0.181425;2.221801;53.200915;1.428154;0.266818;-55.832573;-0.393814;0.402799;ORGANIZING
2026.07.24 14:44:00;XAUUSDm;4060.443;0.450339;0.860327;1.783321;0.551782;0.814092;0.956571;0.180108;2.212127;53.212272;1.475385;0.276524;-55.951111;-0.391912;0.403257;ORGANIZING
2026.07.24 14:45:00;XAUUSDm;4058.841;0.428915;1.128503;1.640655;0.564337;0.832893;0.968892;0.178235;2.202387;53.223281;1.475880;0.282820;-56.075314;-0.391583;0.403336;ORGANIZING
2026.07.24 14:46:00;XAUUSDm;4061.503;0.430426;1.848431;1.509403;0.611883;0.845487;1.000000;0.175886;2.192590;53.234416;1.381778;0.283686;-56.228362;-0.394362;0.402668;ORGANIZING
2026.07.24 14:47:00;XAUUSDm;4059.474;0.431886;1.373173;1.388650;0.633038;0.852609;1.000000;0.173130;2.182744;53.245522;1.346852;0.285257;-56.349048;-0.395332;0.402434;ORGANIZING
2026.07.24 14:48:00;XAUUSDm;4060.753;0.443071;0.937312;1.277558;0.631200;0.854939;1.000000;0.170028;2.172858;53.256464;1.354467;0.287463;-56.440938;-0.394993;0.402516;ORGANIZING
2026.07.24 14:49:00;XAUUSDm;4063.177;0.474613;1.734824;1.175354;0.669282;0.852851;1.000000;0.166637;2.162940;53.267729;1.274276;0.284392;-56.567960;-0.397552;0.401901;ORGANIZING
2026.07.24 14:50:00;XAUUSDm;4063.815;0.505970;0.470189;1.554831;0.642271;0.866580;0.987289;0.177279;2.155990;53.278380;1.349244;0.291235;-56.165777;-0.394961;0.402524;ORGANIZING
2026.07.24 14:51:00;XAUUSDm;4063.419;0.457655;0.310296;1.430445;0.608340;0.874380;0.969799;0.174634;2.148766;53.288463;1.437320;0.298246;-56.238779;-0.391968;0.403244;ORGANIZING
2026.07.24 14:52:00;XAUUSDm;4061.584;0.435068;1.417032;1.316009;0.631287;0.877144;0.991564;0.171624;2.141293;53.298646;1.389453;0.297922;-56.362615;-0.393420;0.402894;ORGANIZING
2026.07.24 14:53:00;XAUUSDm;4061.431;0.441095;0.120737;1.210728;0.588217;0.875704;0.967092;0.168307;2.133596;53.308350;1.488744;0.302999;-56.413941;-0.390188;0.403672;ORGANIZING
2026.07.24 14:54:00;XAUUSDm;4061.778;0.467442;0.282109;1.113870;0.555397;0.870525;0.949008;0.164734;2.125697;53.317751;1.567391;0.305895;-56.469617;-0.387684;0.404275;ORGANIZING
2026.07.24 14:55:00;XAUUSDm;4061.752;0.440656;0.021406;1.024760;0.511287;0.862123;0.922308;0.160953;2.117616;53.326797;1.686182;0.309021;-56.508339;-0.383964;0.405171;ORGANIZING
2026.07.24 14:56:00;XAUUSDm;4064.081;0.914887;1.938023;1.710925;0.565382;0.881958;0.963491;0.187214;2.117053;53.335982;1.559935;0.307340;-55.917014;-0.387835;0.404239;ORGANIZING
2026.07.24 14:57:00;XAUUSDm;4065.628;0.452584;1.303000;1.574051;0.584623;0.894403;0.981927;0.184697;2.115691;53.345098;1.529879;0.310017;-56.062041;-0.388603;0.404054;ORGANIZING
2026.07.24 14:58:00;XAUUSDm;4064.844;0.453040;0.659966;1.448127;0.570502;0.901374;0.977123;0.181758;2.113597;53.353911;1.579966;0.314522;-56.165623;-0.386875;0.404470;ORGANIZING
2026.07.24 14:59:00;XAUUSDm;4063.433;0.456814;1.224125;1.332277;0.585156;0.903352;0.992129;0.178463;2.110836;53.362804;1.543779;0.314269;-56.290928;-0.387973;0.404205;ORGANIZING
2026.07.24 15:00:00;XAUUSDm;4064.022;0.459677;0.508241;1.225695;0.563243;0.901043;0.981439;0.174869;2.107463;53.371490;1.599741;0.316647;-56.372659;-0.386175;0.404638;ORGANIZING
2026.07.24 15:01:00;XAUUSDm;4065.641;0.439543;1.372941;1.127639;0.585707;0.894772;1.000000;0.171028;2.098244;53.380434;1.527677;0.313407;-56.482275;-0.388499;0.404079;ORGANIZING
2026.07.24 15:02:00;XAUUSDm;4065.618;0.423245;0.020123;1.037428;0.539533;0.885309;0.971690;0.166987;2.091169;53.389035;1.640881;0.316443;-56.522144;-0.384951;0.404933;ORGANIZING
2026.07.24 15:03:00;XAUUSDm;4064.719;0.449665;0.784851;0.954434;0.534092;0.872907;0.970995;0.162788;2.090553;53.397823;1.634374;0.313158;-56.611256;-0.385311;0.404847;ORGANIZING
2026.07.24 15:04:00;XAUUSDm;4064.028;0.439742;0.610456;0.878079;0.520452;0.858001;0.964074;0.158466;2.089153;53.406759;1.648568;0.309964;-56.686368;-0.385045;0.404911;ORGANIZING
2026.07.24 15:05:00;XAUUSDm;4064.536;0.421615;0.445309;0.807833;0.499535;0.840988;0.951464;0.154055;2.087035;53.415805;1.683541;0.306860;-56.748700;-0.384151;0.405126;ORGANIZING
2026.07.24 15:06:00;XAUUSDm;4062.216;0.627953;1.955825;1.278798;0.555530;0.845044;0.992008;0.169900;2.078906;53.425249;1.521149;0.301335;-56.354550;-0.389299;0.403886;ORGANIZING
2026.07.24 15:07:00;XAUUSDm;4062.283;0.453315;0.057825;1.176494;0.513744;0.844152;0.965258;0.166521;2.070633;53.434210;1.643137;0.306864;-56.401615;-0.385363;0.404834;ORGANIZING
2026.07.24 15:08:00;XAUUSDm;4062.573;0.517131;0.250579;1.564342;0.483703;0.859310;0.946073;0.177587;2.063148;53.442492;1.776526;0.315408;-55.984011;-0.380934;0.405902;ORGANIZING
2026.07.24 15:09:00;XAUUSDm;4063.320;0.999246;0.651310;2.313777;0.474897;0.900899;0.941972;0.206179;2.064216;53.449865;1.897041;0.328161;-55.250877;-0.376681;0.406928;ORGANIZING
2026.07.24 15:10:00;XAUUSDm;4070.388;0.394318;5.534327;2.128674;0.709850;0.932055;1.000000;0.205126;2.059633;53.458919;1.313031;0.313337;-55.637557;-0.394942;0.402528;ORGANIZING
2026.07.24 15:11:00;XAUUSDm;4069.082;0.412319;1.037958;1.958380;0.707615;0.955494;1.000000;0.203384;2.054615;53.467431;1.350303;0.322191;-55.777168;-0.393381;0.402904;ORGANIZING
2026.07.24 15:12:00;XAUUSDm;4067.472;0.413928;1.263835;1.801710;0.716316;0.971922;1.000000;0.201048;2.049199;53.475648;1.356835;0.327626;-55.918825;-0.392914;0.403016;ORGANIZING
2026.07.24 15:13:00;XAUUSDm;4069.503;0.400279;1.553584;1.657573;0.738741;0.981988;1.000000;0.198203;2.043421;53.483830;1.329273;0.329486;-56.066257;-0.393648;0.402840;ORGANIZING
2026.07.24 15:14:00;XAUUSDm;4074.495;0.389006;3.672803;1.524967;0.865804;0.985929;1.000000;0.194923;2.037315;53.493142;1.138744;0.318243;-56.312525;-0.399926;0.401330;ORGANIZING
2026.07.24 15:15:00;XAUUSDm;4078.434;0.385167;2.795441;1.402970;0.942567;0.984565;1.000000;0.191277;2.030910;53.503186;1.044557;0.311103;-56.502592;-0.403108;0.400566;ORGANIZING
2026.07.24 15:16:00;XAUUSDm;4077.279;0.394977;0.831031;1.290732;0.917299;0.978892;1.000000;0.187325;2.024958;53.513031;1.067146;0.312787;-56.585270;-0.402346;0.400749;ORGANIZING
2026.07.24 15:17:00;XAUUSDm;4078.686;0.396878;1.028028;1.187474;0.903258;0.969386;1.000000;0.183121;2.018699;53.522862;1.073211;0.312194;-56.672901;-0.402194;0.400785;ORGANIZING
2026.07.24 15:18:00;XAUUSDm;4078.955;0.395960;0.196948;1.092476;0.848555;0.956706;0.978302;0.178715;2.012162;53.532335;1.127454;0.314765;-56.713462;-0.400438;0.401207;ORGANIZING
2026.07.24 15:19:00;XAUUSDm;4077.181;0.399129;1.275176;1.005078;0.850752;0.941046;0.994948;0.174149;2.005373;53.542076;1.106134;0.310548;-56.805748;-0.401289;0.401003;ORGANIZING
2026.07.24 15:20:00;XAUUSDm;4081.451;0.391701;2.899043;0.924672;0.934345;0.922453;1.000000;0.169462;1.998356;53.552954;0.987272;0.297358;-56.975811;-0.405514;0.399988;ORGANIZING
2026.07.24 15:21:00;XAUUSDm;4077.401;0.409318;2.640880;0.850698;1.000000;0.901392;1.000000;0.164688;1.991134;53.564837;0.901392;0.285628;-57.124391;-0.408677;0.399229;ORGANIZING
2026.07.24 15:22:00;XAUUSDm;4074.312;0.427936;1.940180;0.782642;1.000000;0.878511;1.000000;0.159856;1.983726;53.577104;0.878511;0.279462;-57.203115;-0.409672;0.398991;ORGANIZING
2026.07.24 15:23:00;XAUUSDm;4074.609;0.420174;0.188151;0.720031;0.941837;0.854390;0.977180;0.154994;1.976152;53.589196;0.907152;0.278033;-57.218904;-0.408884;0.399180;ORGANIZING
2026.07.24 15:24:00;XAUUSDm;4074.064;0.420019;0.348930;0.662428;0.895104;0.829247;0.960616;0.150124;1.968427;53.601247;0.926425;0.275163;-57.241779;-0.408449;0.399284;ORGANIZING
2026.07.24 15:25:00;XAUUSDm;4074.247;0.422340;0.119266;0.609434;0.839727;0.803370;0.936423;0.145268;1.960569;53.613182;0.956703;0.272739;-57.251780;-0.407662;0.399473;ORGANIZING
2026.07.24 15:26:00;XAUUSDm;4073.194;0.414740;0.691980;0.560679;0.816273;0.776828;0.932952;0.140442;1.957948;53.625388;0.951677;0.266524;-57.300933;-0.408123;0.399362;ORGANIZING
2026.07.24 15:27:00;XAUUSDm;4073.788;0.412494;0.396592;0.515825;0.779752;0.749886;0.919095;0.135663;1.954764;53.637735;0.961698;0.261268;-57.332631;-0.408086;0.399371;ORGANIZING
2026.07.24 15:28:00;XAUUSDm;4075.781;0.406102;1.308017;0.474559;0.791168;0.722490;0.937456;0.130943;1.955888;53.650756;0.913195;0.251039;-57.418537;-0.410052;0.398900;ORGANIZING
2026.07.24 15:29:00;XAUUSDm;4074.912;0.413162;0.572751;0.436594;0.765797;0.694986;0.929274;0.126294;1.964881;53.664163;0.907532;0.243260;-57.480730;-0.410611;0.398766;ORGANIZING
2026.07.24 15:30:00;XAUUSDm;4074.192;0.528487;0.474446;0.832960;0.737330;0.687614;0.917775;0.139798;1.968014;53.677464;0.932573;0.241680;-57.109843;-0.409939;0.398927;ORGANIZING
2026.07.24 15:31:00;XAUUSDm;4076.765;0.433102;1.651264;0.766323;0.769274;0.676858;0.948340;0.136140;1.970094;53.691321;0.879865;0.235387;-57.229882;-0.411835;0.398472;ORGANIZING
2026.07.24 15:32:00;XAUUSDm;4074.999;0.432188;1.136305;0.705017;0.774088;0.663985;0.959684;0.132398;1.971211;53.705494;0.857764;0.230735;-57.317797;-0.412730;0.398258;ORGANIZING
2026.07.24 15:33:00;XAUUSDm;4075.036;0.457714;0.024335;0.648616;0.723321;0.649563;0.931581;0.128598;1.971444;53.719451;0.898028;0.230067;-57.344678;-0.411556;0.398539;ORGANIZING
2026.07.24 15:34:00;XAUUSDm;4074.141;0.992316;0.591149;1.392853;0.703721;0.668258;0.924166;0.159380;1.962908;53.732752;0.949606;0.236467;-56.619938;-0.409688;0.398987;ORGANIZING
2026.07.24 15:35:00;XAUUSDm;4073.890;0.453519;0.168799;1.281424;0.663610;0.680380;0.903307;0.156982;1.954309;53.745323;1.025271;0.245191;-56.669711;-0.406982;0.399636;ORGANIZING
2026.07.24 15:36:00;XAUUSDm;4075.703;0.613065;1.233333;1.741224;0.678489;0.710162;0.920352;0.172123;1.949042;53.757395;1.046682;0.253661;-56.226830;-0.405917;0.399892;ORGANIZING
2026.07.24 15:37:00;XAUUSDm;4077.990;0.838613;1.550340;2.370183;0.707878;0.760524;0.948426;0.194965;1.951124;53.768775;1.074372;0.266480;-55.638124;-0.404445;0.400245;ORGANIZING
2026.07.24 15:38:00;XAUUSDm;4077.613;0.620863;0.258730;2.835830;0.670210;0.823139;0.931110;0.208499;1.958802;53.778602;1.228181;0.290092;-55.124445;-0.398650;0.401637;ORGANIZING
2026.07.24 15:39:00;XAUUSDm;4077.792;0.827519;0.126751;3.456470;0.626574;0.901219;0.910255;0.229106;1.973522;53.786579;1.438328;0.318542;-54.460720;-0.390923;0.403495;ORGANIZING
2026.07.24 15:40:00;XAUUSDm;4079.127;0.479714;0.936080;3.179952;0.624025;0.966588;0.919178;0.231477;1.986207;53.793349;1.548957;0.340143;-54.706202;-0.386524;0.404554;ORGANIZING
2026.07.24 15:41:00;XAUUSDm;4076.223;0.604850;1.967053;3.633590;0.671845;1.000000;0.963955;0.242585;2.004105;53.800109;1.488439;0.342638;-54.331744;-0.388215;0.404147;ORGANIZING
2026.07.24 15:42:00;XAUUSDm;4073.870;0.890432;1.582721;4.301414;0.697389;1.000000;0.994103;0.263847;2.029272;53.807375;1.433921;0.334391;-53.789588;-0.390263;0.403654;ORGANIZING
2026.07.24 15:43:00;XAUUSDm;4072.722;0.498858;0.761991;3.957301;0.680619;1.000000;0.995213;0.267860;2.051499;53.814697;1.469251;0.333336;-54.176732;-0.389256;0.403896;ORGANIZING
2026.07.24 15:44:00;XAUUSDm;4072.053;0.486415;0.442162;3.640717;0.648696;1.000000;0.985232;0.270296;2.071024;53.821894;1.541554;0.334446;-54.512514;-0.387031;0.404432;ORGANIZING
2026.07.24 15:45:00;XAUUSDm;4072.403;0.499290;0.230339;3.349459;0.607778;1.000000;0.968271;0.271344;2.088069;53.828852;1.645338;0.337019;-54.805998;-0.383789;0.405213;ORGANIZING
2026.07.24 15:46:00;XAUUSDm;4070.719;0.457237;1.117749;3.081503;0.613277;1.000000;0.982999;0.271175;2.102837;53.836013;1.630586;0.334752;-55.115811;-0.384345;0.405079;ORGANIZING
2026.07.24 15:47:00;XAUUSDm;4071.415;0.461619;0.467246;2.834982;0.585975;1.000000;0.974439;0.269942;2.115514;53.843028;1.706557;0.336538;-55.364934;-0.381976;0.405650;ORGANIZING
2026.07.24 15:48:00;XAUUSDm;4072.233;0.422881;0.548898;2.608184;0.564121;1.000000;0.968993;0.267785;2.126273;53.849932;1.772669;0.338046;-55.593986;-0.379918;0.406147;ORGANIZING
2026.07.24 15:49:00;XAUUSDm;4072.699;0.470114;0.316714;2.399529;0.531751;1.000000;0.955536;0.264829;2.135271;53.856602;1.880580;0.341082;-55.789023;-0.376529;0.406964;ORGANIZING
2026.07.24 15:50:00;XAUUSDm;4073.813;0.900395;0.751758;3.074825;0.522751;1.000000;0.957673;0.285352;2.147013;53.863300;1.912956;0.338396;-55.175957;-0.375692;0.407166;ORGANIZING
2026.07.24 15:51:00;XAUUSDm;4073.774;0.423803;0.026892;2.828839;0.477958;1.000000;0.935083;0.283384;2.156903;53.869649;2.092233;0.342672;-55.399342;-0.370099;0.408517;ORGANIZING
2026.07.24 15:52:00;XAUUSDm;4074.362;0.723990;0.402310;3.371832;0.454176;1.000000;0.926354;0.296364;2.172787;53.875918;2.201791;0.342076;-54.896565;-0.366842;0.409304;ORGANIZING
2026.07.24 15:53:00;XAUUSDm;4075.528;0.800809;0.794874;3.972438;0.451211;1.000000;0.932125;0.311576;2.195161;53.882382;2.216260;0.338072;-54.374630;-0.366609;0.409361;ORGANIZING
2026.07.24 15:54:00;XAUUSDm;4075.337;0.544390;0.131100;4.380730;0.415205;1.000000;0.914994;0.316412;2.214064;53.888675;2.408448;0.339480;-53.984102;-0.360773;0.410773;ORGANIZING
2026.07.24 15:55:00;XAUUSDm;4075.846;0.463989;0.349367;4.030272;0.391913;1.000000;0.906272;0.318114;2.230483;53.894899;2.551585;0.340077;-54.353734;-0.356449;0.411820;ORGANIZING
2026.07.24 15:56:00;XAUUSDm;4076.309;0.722050;0.326107;4.571809;0.368623;1.000000;0.897100;0.329285;2.247636;53.901061;2.712799;0.339496;-53.851718;-0.351641;0.412984;ORGANIZING
2026.07.24 15:57:00;XAUUSDm;4075.780;0.441893;0.370184;4.206064;0.348701;1.000000;0.890183;0.331108;2.254757;53.907096;2.867787;0.340766;-54.221462;-0.346928;0.414128;ORGANIZING
2026.07.24 15:58:00;XAUUSDm;4076.635;0.567712;0.593618;4.631848;0.340947;1.000000;0.891392;0.335842;2.261443;53.913120;2.933009;0.340341;-53.816788;-0.344993;0.414597;ORGANIZING
2026.07.24 15:59:00;XAUUSDm;4077.462;0.887301;0.573541;5.297324;0.332576;1.000000;0.892022;0.352324;2.268544;53.919131;3.006827;0.338588;-53.196120;-0.342866;0.415114;ORGANIZING
2026.07.24 16:00:00;XAUUSDm;4075.667;0.397725;1.343100;4.873538;0.363103;1.000000;0.920141;0.355897;2.274137;53.925503;2.754042;0.334098;-53.675137;-0.350674;0.413219;ORGANIZING
2026.07.24 16:01:00;XAUUSDm;4077.103;0.572267;1.072394;5.302738;0.378567;1.000000;0.937926;0.359562;2.279458;53.932084;2.641538;0.331391;-53.285953;-0.354184;0.412368;ORGANIZING
2026.07.24 16:02:00;XAUUSDm;4076.042;0.425413;0.798898;4.878519;0.379584;1.000000;0.945645;0.362795;2.273832;53.938618;2.634464;0.331542;-53.712936;-0.354389;0.412319;ORGANIZING
2026.07.24 16:03:00;XAUUSDm;4076.161;0.389955;0.092260;4.488238;0.345218;1.000000;0.928474;0.364169;2.267772;53.944748;2.896724;0.335891;-54.065611;-0.346304;0.414279;ORGANIZING
2026.07.24 16:04:00;XAUUSDm;4076.615;0.376588;0.378624;4.129179;0.326888;1.000000;0.921975;0.363914;2.261318;53.950630;3.059153;0.338740;-54.398802;-0.341288;0.415497;ORGANIZING
2026.07.24 16:05:00;XAUUSDm;4075.108;0.403420;1.309934;3.798844;0.356040;1.000000;0.948291;0.362235;2.254505;53.956735;2.808672;0.336385;-54.747411;-0.348921;0.413644;ORGANIZING
2026.07.24 16:06:00;XAUUSDm;4075.229;0.375607;0.107102;3.494937;0.323593;1.000000;0.931527;0.359318;2.247367;53.962445;3.090299;0.341264;-55.004472;-0.340228;0.415754;ORGANIZING
2026.07.24 16:07:00;XAUUSDm;4076.112;0.373633;0.788900;3.215342;0.326859;1.000000;0.939112;0.355332;2.239934;53.968113;3.059427;0.342217;-55.270162;-0.341106;0.415541;ORGANIZING
2026.07.24 16:08:00;XAUUSDm;4076.671;0.375134;0.496854;2.958115;0.315358;1.000000;0.936069;0.350427;2.232233;53.973589;3.170996;0.345063;-55.496153;-0.337617;0.416388;ORGANIZING
2026.07.24 16:09:00;XAUUSDm;4076.141;0.385211;0.481731;2.721465;0.303677;1.000000;0.932432;0.344738;2.224292;53.978868;3.292973;0.348104;-55.699139;-0.333806;0.417315;ORGANIZING
2026.07.24 16:10:00;XAUUSDm;4075.878;0.415556;0.257828;2.503748;0.281385;1.000000;0.920887;0.338387;2.218881;53.983871;3.553856;0.352280;-55.876043;-0.325770;0.419270;ORGANIZING
2026.07.24 16:11:00;XAUUSDm;4075.410;0.434952;0.493452;2.303448;0.271988;1.000000;0.917770;0.331483;2.213040;53.988721;3.676634;0.355049;-56.046307;-0.321949;0.420201;ORGANIZING
2026.07.24 16:12:00;XAUUSDm;4075.376;0.493310;0.038318;2.119172;0.240304;1.000000;0.898591;0.324122;2.214502;53.993269;4.161389;0.359851;-56.191650;-0.307166;0.423807;ORGANIZING
2026.07.24 16:13:00;XAUUSDm;4074.848;0.565959;0.591968;2.543642;0.237888;1.000000;0.899204;0.329140;2.217717;53.997825;4.203666;0.359099;-55.785785;-0.305935;0.424107;ORGANIZING
2026.07.24 16:14:00;XAUUSDm;4074.939;0.709792;0.103074;3.075986;0.211147;1.000000;0.882859;0.339300;2.219676;54.002134;4.736039;0.360995;-55.255247;-0.289869;0.428036;ORGANIZING
2026.07.24 16:15:00;XAUUSDm;4075.573;0.825278;0.710858;3.694945;0.216132;1.000000;0.888715;0.353283;2.211931;54.006414;4.626792;0.359538;-54.658030;-0.293219;0.427216;ORGANIZING
2026.07.24 16:16:00;XAUUSDm;4074.207;0.396151;1.520921;3.399349;0.261372;1.000000;0.923207;0.350399;2.212596;54.011154;3.825966;0.354062;-54.999166;-0.317518;0.421281;ORGANIZING
2026.07.24 16:17:00;XAUUSDm;4074.637;0.452461;0.480522;3.127401;0.252329;1.000000;0.919977;0.346476;2.212320;54.015800;3.963074;0.355729;-55.258320;-0.313321;0.422304;ORGANIZING
2026.07.24 16:18:00;XAUUSDm;4075.003;0.412778;0.424436;2.877209;0.240935;1.000000;0.914759;0.341662;2.218804;54.020398;4.150501;0.356964;-55.505056;-0.307637;0.423692;ORGANIZING
2026.07.24 16:19:00;XAUUSDm;4074.601;0.375196;0.471289;2.647032;0.232452;1.000000;0.911196;0.336088;2.234213;54.025065;4.301955;0.356792;-55.751086;-0.303102;0.424799;ORGANIZING
2026.07.24 16:20:00;XAUUSDm;4074.835;0.486553;0.277494;2.435270;0.214705;1.000000;0.900780;0.329871;2.247425;54.029686;4.657563;0.358166;-55.963713;-0.292365;0.427425;ORGANIZING
2026.07.24 16:21:00;XAUUSDm;4075.098;0.393608;0.329963;2.240448;0.200467;1.000000;0.892347;0.323119;2.266811;54.034359;4.988341;0.358372;-56.174237;-0.282431;0.429858;ORGANIZING
2026.07.24 16:22:00;XAUUSDm;4075.043;0.456769;0.072099;2.061212;0.174049;1.000000;0.874947;0.315925;2.283650;54.038936;5.745507;0.360539;-56.350921;-0.259608;0.435460;ORGANIZING
2026.07.24 16:23:00;XAUUSDm;4076.028;0.957537;1.259913;2.779365;0.208342;1.000000;0.899478;0.336036;2.289320;54.043912;4.799795;0.352896;-55.723602;-0.288361;0.428405;ORGANIZING
2026.07.24 16:24:00;XAUUSDm;4077.234;0.531247;1.530418;3.177800;0.254446;1.000000;0.933322;0.339156;2.287387;54.049331;3.930107;0.347103;-55.379064;-0.314742;0.421958;ORGANIZING
2026.07.24 16:25:00;XAUUSDm;4077.331;0.384591;0.123576;2.923576;0.227903;1.000000;0.916852;0.334909;2.284703;54.054457;4.387841;0.351183;-55.598008;-0.300806;0.425361;ORGANIZING
2026.07.24 16:26:00;XAUUSDm;4077.577;0.381689;0.326433;2.689690;0.212829;1.000000;0.907909;0.329858;2.281332;54.059398;4.698606;0.354105;-55.804918;-0.291337;0.427677;ORGANIZING
2026.07.24 16:27:00;XAUUSDm;4076.791;0.505141;1.086266;3.068546;0.236501;1.000000;0.925696;0.332308;2.271393;54.064477;4.228314;0.352088;-55.439836;-0.305546;0.424202;ORGANIZING
2026.07.24 16:28:00;XAUUSDm;4074.208;0.377765;3.364596;2.823062;0.372906;1.000000;1.000000;0.327967;2.261387;54.070820;2.681644;0.337580;-55.799372;-0.352672;0.412735;ORGANIZING
2026.07.24 16:29:00;XAUUSDm;4073.768;0.380829;0.569270;2.597217;0.362724;1.000000;0.996403;0.322861;2.251323;54.076961;2.756918;0.340494;-55.990834;-0.350268;0.413317;ORGANIZING
2026.07.24 16:30:00;XAUUSDm;4071.172;0.358858;3.252562;2.389440;0.487216;1.000000;1.000000;0.317107;2.241209;54.084245;2.052479;0.328350;-56.298652;-0.372008;0.408056;ORGANIZING
2026.07.24 16:31:00;XAUUSDm;4072.707;0.380937;1.991541;2.198284;0.542432;1.000000;1.000000;0.310809;2.231055;54.091980;1.843549;0.324223;-56.519855;-0.378482;0.406493;ORGANIZING
2026.07.24 16:32:00;XAUUSDm;4072.260;0.374757;0.610122;2.022422;0.525817;1.000000;0.997233;0.304062;2.220867;54.099446;1.901804;0.327789;-56.652698;-0.376556;0.406958;ORGANIZING
2026.07.24 16:33:00;XAUUSDm;4072.129;0.381344;0.183911;1.860628;0.488721;1.000000;0.979409;0.296948;2.216593;54.106500;2.046156;0.333082;-56.761675;-0.371961;0.408067;ORGANIZING
2026.07.24 16:34:00;XAUUSDm;4072.442;0.385705;0.443858;1.711778;0.466478;1.000000;0.971057;0.289543;2.219152;54.113356;2.143723;0.336115;-56.885447;-0.368883;0.408811;ORGANIZING
2026.07.24 16:35:00;XAUUSDm;4071.155;0.362623;1.777821;1.574836;0.512045;1.000000;1.000000;0.281913;2.229257;54.120769;1.952952;0.330774;-57.080320;-0.374873;0.407364;ORGANIZING
2026.07.24 16:36:00;XAUUSDm;4070.584;0.372255;0.813784;1.448849;0.507132;0.998006;1.000000;0.274117;2.237616;54.128256;1.967941;0.330590;-57.211999;-0.374432;0.407470;ORGANIZING
2026.07.24 16:37:00;XAUUSDm;4070.518;0.368608;0.095783;1.332941;0.466605;0.991820;0.977946;0.266207;2.244372;54.135530;2.125611;0.333140;-57.298532;-0.369575;0.408644;ORGANIZING
2026.07.24 16:38:00;XAUUSDm;4068.222;0.356759;3.195013;1.226306;0.583189;0.981299;1.000000;0.258228;2.249660;54.144232;1.682645;0.317462;-57.535591;-0.383648;0.405247;ORGANIZING
2026.07.24 16:39:00;XAUUSDm;4068.101;0.358761;0.170011;1.128201;0.542904;0.967617;0.979988;0.250222;2.253600;54.152845;1.782299;0.317592;-57.607574;-0.380651;0.405970;ORGANIZING
2026.07.24 16:40:00;XAUUSDm;4067.356;0.356867;1.057728;1.037945;0.549293;0.951012;0.991467;0.242224;2.256305;54.161881;1.731339;0.312030;-57.719273;-0.382458;0.405534;ORGANIZING
2026.07.24 16:41:00;XAUUSDm;4067.694;0.358000;0.475842;0.954909;0.526600;0.932024;0.981898;0.234264;2.257879;54.171085;1.769890;0.308746;-57.795037;-0.381466;0.405773;ORGANIZING
2026.07.24 16:42:00;XAUUSDm;4067.404;0.357894;0.411721;0.878517;0.502215;0.911033;0.970141;0.226371;2.258416;54.180471;1.814028;0.304999;-57.862710;-0.380329;0.406047;ORGANIZING
2026.07.24 16:43:00;XAUUSDm;4067.785;0.357236;0.553248;0.808235;0.486546;0.888338;0.963473;0.218566;2.266835;54.190238;1.825803;0.298908;-57.951014;-0.380281;0.406059;ORGANIZING
2026.07.24 16:44:00;XAUUSDm;4067.838;0.355586;0.077271;0.743576;0.448316;0.864350;0.940105;0.210871;2.279843;54.200232;1.927993;0.294094;-58.022050;-0.377456;0.406741;ORGANIZING
2026.07.24 16:45:00;XAUUSDm;4065.972;0.353428;2.616964;0.684090;0.539461;0.838743;1.000000;0.203302;2.290839;54.211760;1.554779;0.276484;-58.216669;-0.389532;0.403830;ORGANIZING
2026.07.24 16:46:00;XAUUSDm;4067.288;0.357658;1.802493;0.629363;0.585838;0.811994;1.000000;0.195873;2.299988;54.224379;1.386038;0.263489;-58.360582;-0.395244;0.402455;ORGANIZING
2026.07.24 16:47:00;XAUUSDm;4066.142;0.358194;1.543559;0.579014;0.617484;0.784405;1.000000;0.188597;2.313384;54.237999;1.270324;0.251455;-58.496025;-0.399318;0.401476;ORGANIZING
2026.07.24 16:48:00;XAUUSDm;4064.638;0.360879;1.990945;0.532693;0.670469;0.756082;1.000000;0.181483;2.324720;54.252830;1.127691;0.238011;-58.646930;-0.404269;0.400287;ORGANIZING
2026.07.24 16:49:00;XAUUSDm;4065.400;0.353122;1.010449;0.490078;0.672346;0.727462;1.000000;0.174539;2.334168;54.268346;1.081974;0.228686;-58.740568;-0.406106;0.399846;ORGANIZING
2026.07.24 16:50:00;XAUUSDm;4065.005;0.359535;0.543987;0.450871;0.651379;0.698814;0.990148;0.167773;2.341883;54.284302;1.072821;0.221071;-58.805308;-0.406762;0.399689;ORGANIZING
2026.07.24 16:51:00;XAUUSDm;4065.199;0.354005;0.276637;0.414802;0.618666;0.670332;0.971048;0.161188;2.348008;54.300562;1.083513;0.214310;-58.852486;-0.406779;0.399685;ORGANIZING
2026.07.24 16:52:00;XAUUSDm;4064.612;0.353570;0.848511;0.381617;0.616752;0.641984;0.972400;0.154787;2.352676;54.317417;1.040913;0.205487;-58.925494;-0.408498;0.399272;ORGANIZING
2026.07.24 16:53:00;XAUUSDm;4064.520;0.353758;0.133090;0.351088;0.579729;0.614051;0.948442;0.148575;2.356008;54.334493;1.059204;0.199088;-58.958249;-0.408269;0.399327;ORGANIZING
2026.07.24 16:54:00;XAUUSDm;4065.836;0.357177;1.857445;0.323001;0.631334;0.586180;0.985457;0.142550;2.358116;54.352664;0.928479;0.187158;-59.076149;-0.412788;0.398244;ORGANIZING
2026.07.24 16:55:00;XAUUSDm;4066.228;0.365942;0.571262;0.297161;0.616606;0.558793;0.975950;0.136715;2.359102;54.371245;0.906240;0.179536;-59.123531;-0.413836;0.397993;ORGANIZING
2026.07.24 16:56:00;XAUUSDm;4066.065;0.368908;0.237250;0.273388;0.586463;0.532034;0.954880;0.131068;2.359061;54.390060;0.907191;0.172930;-59.151358;-0.414138;0.397920;ORGANIZING
2026.07.24 16:57:00;XAUUSDm;4067.121;0.380847;1.529327;0.251517;0.622965;0.505620;0.979573;0.125608;2.358080;54.409758;0.811635;0.162754;-59.242962;-0.417513;0.397112;ORGANIZING
2026.07.24 16:58:00;XAUUSDm;4067.154;0.486553;0.048531;0.231396;0.584131;0.479988;0.951383;0.120333;2.356239;54.429562;0.821712;0.156823;-59.255454;-0.417507;0.397113;ORGANIZING
2026.07.24 16:59:00;XAUUSDm;4066.980;0.475970;0.258598;0.212884;0.558255;0.455105;0.931347;0.115242;2.353611;54.449578;0.815228;0.150343;-59.277551;-0.418026;0.396989;ORGANIZING
2026.07.24 17:00:00;XAUUSDm;4067.066;0.837029;0.128489;0.840656;0.527664;0.461460;0.907281;0.140869;2.343816;54.469064;0.874533;0.153189;-58.663982;-0.416105;0.397449;ORGANIZING
2026.07.24 17:01:00;XAUUSDm;4067.682;0.999944;0.916285;1.590614;0.537866;0.497528;0.912526;0.171323;2.338454;54.487876;0.925003;0.163250;-57.957155;-0.414087;0.397932;ORGANIZING
2026.07.24 17:02:00;XAUUSDm;4067.810;0.516333;0.189866;1.977864;0.510516;0.545337;0.893229;0.182120;2.337755;54.505452;1.068209;0.179956;-57.532516;-0.408956;0.399162;ORGANIZING
2026.07.24 17:03:00;XAUUSDm;4068.059;0.550683;0.372431;2.390876;0.492705;0.605017;0.881376;0.193664;2.341893;54.521698;1.227951;0.199790;-57.089623;-0.403172;0.400550;ORGANIZING
2026.07.24 17:04:00;XAUUSDm;4067.723;0.686907;0.498901;2.906056;0.480914;0.678249;0.874767;0.209740;2.351808;54.536460;1.410333;0.222928;-56.556165;-0.396544;0.402143;ORGANIZING
2026.07.24 17:05:00;XAUUSDm;4066.036;0.820397;2.428946;3.521354;0.564751;0.765566;0.936504;0.230018;2.368422;54.550481;1.355582;0.242023;-56.025191;-0.397231;0.401978;ORGANIZING
2026.07.24 17:06:00;XAUUSDm;4064.705;0.447365;1.918310;3.239646;0.617117;0.839491;0.978918;0.232602;2.382682;54.563689;1.360343;0.259711;-56.332239;-0.396204;0.402225;ORGANIZING
2026.07.24 17:07:00;XAUUSDm;4065.251;0.469253;0.784302;2.980474;0.608687;0.901710;0.980248;0.233931;2.394783;54.575689;1.481403;0.278529;-56.559621;-0.391631;0.403325;ORGANIZING
2026.07.24 17:08:00;XAUUSDm;4065.141;0.495994;0.159180;2.742036;0.568177;0.953292;0.959698;0.234156;2.404903;54.586354;1.677807;0.297232;-56.737322;-0.384804;0.404969;ORGANIZING
2026.07.24 17:09:00;XAUUSDm;4065.630;0.566866;0.705852;3.167186;0.555995;1.000000;0.959009;0.243706;2.419650;54.596111;1.798577;0.310622;-56.311631;-0.380512;0.406004;ORGANIZING
2026.07.24 17:10:00;XAUUSDm;4065.722;0.476524;0.133345;2.913811;0.514863;1.000000;0.938640;0.244189;2.432181;54.605581;1.942266;0.313359;-56.559373;-0.376064;0.407077;ORGANIZING
2026.07.24 17:11:00;XAUUSDm;4065.925;0.476169;0.294741;2.680706;0.483857;1.000000;0.924650;0.243635;2.442679;54.614847;2.066728;0.315440;-56.790625;-0.372226;0.408003;ORGANIZING
2026.07.24 17:12:00;XAUUSDm;4063.394;0.459244;3.428331;2.466249;0.611080;1.000000;1.000000;0.242176;2.451312;54.625470;1.636446;0.302611;-57.157277;-0.385776;0.404735;ORGANIZING
2026.07.24 17:13:00;XAUUSDm;4063.972;0.490906;0.791651;2.268950;0.600109;1.000000;1.000000;0.239932;2.458234;54.636054;1.666364;0.303189;-57.363546;-0.384850;0.404958;ORGANIZING
2026.07.24 17:14:00;XAUUSDm;4064.356;0.456424;0.538056;2.087434;0.577006;1.000000;0.992230;0.237012;2.463587;54.646460;1.733084;0.305101;-57.537230;-0.382752;0.405463;ORGANIZING
2026.07.24 17:15:00;XAUUSDm;4064.345;0.451524;0.015450;1.920439;0.528928;1.000000;0.966338;0.233511;2.467502;54.656424;1.890615;0.309603;-57.666939;-0.377801;0.406657;ORGANIZING
2026.07.24 17:16:00;XAUUSDm;4064.137;0.451382;0.292463;1.766804;0.497105;1.000000;0.950925;0.229517;2.470098;54.666096;2.011647;0.312821;-57.795628;-0.374010;0.407573;ORGANIZING
2026.07.24 17:17:00;XAUUSDm;4064.859;0.449991;1.017016;1.625459;0.503101;1.000000;0.961271;0.225108;2.471487;54.675842;1.987674;0.312530;-57.946675;-0.374743;0.407395;ORGANIZING
2026.07.24 17:18:00;XAUUSDm;4065.472;0.455446;0.914216;1.495423;0.503656;1.000000;0.967503;0.220355;2.471770;54.685596;1.985480;0.312913;-58.078080;-0.374790;0.407384;ORGANIZING
2026.07.24 17:19:00;XAUUSDm;4066.646;0.532658;1.713368;1.894916;0.544142;1.000000;1.000000;0.229312;2.476232;54.695800;1.837755;0.307722;-57.756113;-0.379481;0.406252;ORGANIZING
2026.07.24 17:20:00;XAUUSDm;4066.027;0.467032;0.958709;1.743323;0.544870;1.000000;1.000000;0.225426;2.472877;54.705977;1.835299;0.308340;-57.904131;-0.379524;0.406242;ORGANIZING
2026.07.24 17:21:00;XAUUSDm;4065.991;0.455490;0.058472;1.603857;0.500550;1.000000;0.974936;0.221128;2.460645;54.715589;1.997801;0.314236;-57.975829;-0.374354;0.407489;ORGANIZING
2026.07.24 17:22:00;XAUUSDm;4066.036;0.456054;0.074057;1.475548;0.459226;1.000000;0.951145;0.216487;2.453365;54.724715;2.177578;0.319583;-58.048097;-0.368694;0.408857;ORGANIZING
2026.07.24 17:23:00;XAUUSDm;4065.581;0.451169;0.740898;1.357505;0.453309;0.997141;0.951363;0.211565;2.451432;54.733820;2.199692;0.319975;-58.158477;-0.368010;0.409022;ORGANIZING
2026.07.24 17:24:00;XAUUSDm;4068.887;0.466486;4.905190;1.248904;0.655961;0.989283;1.000000;0.206416;2.455746;54.745151;1.508144;0.298145;-58.487251;-0.389848;0.403754;ORGANIZING
2026.07.24 17:25:00;XAUUSDm;4067.892;0.456070;1.489209;1.148992;0.677837;0.977714;1.000000;0.201091;2.467191;54.757047;1.442402;0.292193;-58.644744;-0.392118;0.403207;ORGANIZING
2026.07.24 17:26:00;XAUUSDm;4068.713;0.446256;1.219657;1.057072;0.685374;0.962961;1.000000;0.195633;2.476681;54.769409;1.405016;0.286793;-58.779376;-0.393510;0.402873;ORGANIZING
2026.07.24 17:27:00;XAUUSDm;4068.864;0.447165;0.223757;0.972507;0.643034;0.945673;0.979679;0.190079;2.484377;54.781769;1.470643;0.285057;-58.855537;-0.391628;0.403325;ORGANIZING
2026.07.24 17:28:00;XAUUSDm;4067.931;0.449333;1.440749;0.894706;0.664006;0.925954;1.000000;0.184465;2.490429;54.794795;1.394496;0.277323;-58.987929;-0.394299;0.402683;ORGANIZING
2026.07.24 17:29:00;XAUUSDm;4068.181;0.451063;0.384521;0.823130;0.631513;0.904403;0.984915;0.178821;2.501417;54.808036;1.432122;0.273089;-59.072492;-0.393382;0.402903;ORGANIZING
2026.07.24 17:30:00;XAUUSDm;4069.275;0.449156;1.664790;0.757279;0.665089;0.881041;1.000000;0.173172;2.510475;54.822171;1.324697;0.263097;-59.216235;-0.397104;0.402008;ORGANIZING
2026.07.24 17:31:00;XAUUSDm;4069.447;0.449150;0.263069;0.696697;0.627367;0.856495;0.980268;0.167543;2.517763;54.836492;1.365222;0.258551;-59.281279;-0.396116;0.402246;ORGANIZING
2026.07.24 17:32:00;XAUUSDm;4068.923;0.446649;0.795748;0.640961;0.618656;0.830892;0.979674;0.161953;2.523427;54.851295;1.343060;0.251478;-59.368857;-0.397134;0.402001;ORGANIZING
2026.07.24 17:33:00;XAUUSDm;4069.435;0.447714;0.774443;0.589684;0.609828;0.804471;0.978160;0.156419;2.527603;54.866580;1.319177;0.244234;-59.450296;-0.398213;0.401742;ORGANIZING
2026.07.24 17:34:00;XAUUSDm;4068.385;0.450039;1.541714;0.542510;0.640332;0.777259;1.000000;0.150957;2.530414;54.882742;1.213837;0.233994;-59.566047;-0.401885;0.400859;ORGANIZING
2026.07.24 17:35:00;XAUUSDm;4068.077;0.450894;0.473919;0.499109;0.616467;0.749715;0.986871;0.145579;2.531975;54.899232;1.216149;0.227599;-59.621983;-0.402136;0.400799;ORGANIZING
2026.07.24 17:36:00;XAUUSDm;4068.286;0.450773;0.332930;0.459180;0.587295;0.722032;0.969078;0.140296;2.532392;54.915989;1.229418;0.221483;-59.667448;-0.402043;0.400822;ORGANIZING
2026.07.24 17:37:00;XAUUSDm;4067.766;0.453891;0.845199;0.422446;0.585750;0.694223;0.969653;0.135118;2.531760;54.933279;1.185187;0.213435;-59.736116;-0.403773;0.400406;ORGANIZING
2026.07.24 17:38:00;XAUUSDm;4067.880;0.456134;0.194062;0.388650;0.552281;0.666579;0.947236;0.130052;2.530169;54.950772;1.206957;0.207495;-59.768265;-0.403417;0.400492;ORGANIZING
2026.07.24 17:39:00;XAUUSDm;4067.943;0.467728;0.109859;0.357558;0.516828;0.639222;0.922480;0.125104;2.532891;54.968485;1.236816;0.201341;-59.804524;-0.402828;0.400633;ORGANIZING
2026.07.24 17:40:00;XAUUSDm;4068.087;0.459148;0.253325;0.328953;0.490869;0.612201;0.903438;0.120279;2.534371;54.986493;1.247179;0.194626;-59.845507;-0.402853;0.400627;ORGANIZING
2026.07.24 17:41:00;XAUUSDm;4068.286;0.457985;0.350019;0.302637;0.471582;0.585570;0.888278;0.115581;2.534711;55.004845;1.241713;0.187570;-59.888804;-0.403370;0.400503;ORGANIZING
2026.07.24 17:42:00;XAUUSDm;4068.082;0.459126;0.363714;0.278426;0.454478;0.559392;0.873964;0.111012;2.534009;55.023542;1.230845;0.180478;-59.930244;-0.404051;0.400339;ORGANIZING
2026.07.24 17:43:00;XAUUSDm;4066.922;0.466032;1.992306;0.256152;0.520181;0.533320;0.916991;0.106576;2.532352;55.043401;1.025258;0.168820;-60.051965;-0.410801;0.398720;ORGANIZING
2026.07.24 17:44:00;XAUUSDm;4066.582;0.457017;0.604208;0.235660;0.513716;0.507785;0.909774;0.102271;2.529823;55.063680;0.988454;0.161416;-60.098140;-0.412276;0.398367;ORGANIZING
2026.07.24 17:45:00;XAUUSDm;4066.222;0.461254;0.640478;0.216807;0.509898;0.482819;0.903928;0.098100;2.526496;55.084388;0.946893;0.154034;-60.143852;-0.413892;0.397979;ORGANIZING
2026.07.24 17:46:00;XAUUSDm;4066.801;0.459223;1.015077;0.199463;0.525501;0.458365;0.911252;0.094063;2.522439;55.105700;0.872243;0.145883;-60.206377;-0.416539;0.397345;ORGANIZING
2026.07.24 17:47:00;XAUUSDm;4065.955;0.454336;1.494172;0.183506;0.564767;0.434342;0.934946;0.090157;2.517717;55.127838;0.769064;0.136902;-60.290507;-0.420083;0.396497;ORGANIZING
2026.07.24 17:48:00;XAUUSDm;4065.389;0.455541;0.981174;0.168825;0.576901;0.410923;0.939720;0.086383;2.512387;55.150513;0.712294;0.129397;-60.345206;-0.422161;0.396000;ORGANIZING
2026.07.24 17:49:00;XAUUSDm;4065.965;0.456234;0.984784;0.155319;0.589076;0.388131;0.944320;0.082740;2.506503;55.173706;0.658881;0.122118;-60.397818;-0.424128;0.395529;ORGANIZING
2026.07.24 17:50:00;XAUUSDm;4066.380;0.453502;0.701630;0.142894;0.586942;0.366053;0.938722;0.079224;2.500115;55.197255;0.623662;0.115610;-60.433927;-0.425510;0.395199;ORGANIZING
2026.07.24 17:51:00;XAUUSDm;4065.145;0.451047;2.045176;0.131462;0.652532;0.344363;0.980221;0.075834;2.493266;55.221826;0.527733;0.106891;-60.536735;-0.428823;0.394407;ORGANIZING
2026.07.24 17:52:00;XAUUSDm;4063.961;0.450688;1.894461;0.120945;0.707741;0.323133;1.000000;0.072568;2.486000;55.247301;0.456569;0.098929;-60.628101;-0.431356;0.393802;AGING
2026.07.24 17:53:00;XAUUSDm;4063.474;0.450327;0.773335;0.111269;0.704558;0.302664;0.994607;0.069424;2.478354;55.273077;0.429579;0.093060;-60.659258;-0.432460;0.393539;AGING
2026.07.24 17:54:00;XAUUSDm;4063.508;0.451935;0.054513;0.102368;0.666003;0.283123;0.964133;0.066398;2.470364;55.298778;0.425108;0.088400;-60.652813;-0.432827;0.393452;ORGANIZING
2026.07.24 17:55:00;XAUUSDm;4064.552;0.454795;1.709122;0.094178;0.712496;0.264077;0.992532;0.063487;2.462062;55.325242;0.370636;0.081554;-60.730580;-0.434803;0.392980;AGING
2026.07.24 17:56:00;XAUUSDm;4064.500;0.454559;0.088849;0.086644;0.676032;0.245934;0.963125;0.060690;2.453477;55.351618;0.363790;0.077090;-60.723405;-0.435232;0.392878;ORGANIZING
2026.07.24 17:57:00;XAUUSDm;4064.641;0.456012;0.244300;0.079713;0.649527;0.228624;0.940090;0.058002;2.444637;55.377987;0.351985;0.072529;-60.724454;-0.435814;0.392739;ORGANIZING
2026.07.24 17:58:00;XAUUSDm;4064.917;0.456374;0.475469;0.073336;0.636252;0.212062;0.925858;0.055420;2.435567;55.404464;0.333300;0.067811;-60.737292;-0.436610;0.392549;ORGANIZING
2026.07.24 17:59:00;XAUUSDm;4063.428;0.453724;2.479683;0.067469;0.724182;0.195737;0.982182;0.052943;2.426290;55.432054;0.270287;0.061103;-60.851495;-0.438836;0.392018;AGING
2026.07.24 18:00:00;XAUUSDm;4063.798;0.454310;0.610521;0.062071;0.714584;0.180130;0.971027;0.050566;2.416827;55.459766;0.252077;0.056610;-60.866933;-0.439607;0.391835;AGING
2026.07.24 18:01:00;XAUUSDm;4063.089;0.453489;1.150675;0.057106;0.732786;0.165088;0.979084;0.048286;2.407198;55.487864;0.225288;0.051780;-60.909424;-0.440652;0.391586;AGING
2026.07.24 18:02:00;XAUUSDm;4062.611;0.453531;0.831160;0.052537;0.734403;0.150676;0.975597;0.046100;2.397421;55.516169;0.205168;0.047413;-60.934400;-0.441474;0.391390;AGING
2026.07.24 18:03:00;XAUUSDm;4061.986;0.455912;1.084994;0.048334;0.748919;0.136815;0.981039;0.044005;2.387512;55.544797;0.182683;0.043018;-60.971601;-0.442369;0.391177;AGING
2026.07.24 18:04:00;XAUUSDm;4063.052;0.458082;1.807760;0.044467;0.799125;0.123314;1.000000;0.041998;2.377486;55.574096;0.154312;0.038313;-61.044408;-0.443455;0.390918;AGING
2026.07.24 18:05:00;XAUUSDm;4064.332;0.463883;2.081098;0.040910;0.860757;0.110112;1.000000;0.040076;2.367358;55.604175;0.127925;0.033692;-61.128778;-0.444478;0.390675;AGING
2026.07.24 18:06:00;XAUUSDm;4063.036;0.457787;2.035112;0.037637;0.917273;0.097229;1.000000;0.038236;2.357139;55.634975;0.105997;0.029351;-61.208132;-0.445353;0.390466;AGING
2026.07.24 18:07:00;XAUUSDm;4063.214;0.460496;0.284372;0.034626;0.883683;0.085094;0.976291;0.036475;2.346843;55.665578;0.096295;0.026046;-61.196175;-0.445809;0.390358;AGING
2026.07.24 18:08:00;XAUUSDm;4063.082;0.462152;0.214174;0.031856;0.848506;0.073686;0.950894;0.034789;2.336478;55.695954;0.086842;0.022886;-61.181452;-0.446250;0.390253;AGING
2026.07.24 18:09:00;XAUUSDm;4063.279;0.460769;0.330105;0.029308;0.821112;0.062939;0.930384;0.033177;2.326056;55.726167;0.076651;0.019790;-61.173499;-0.446711;0.390143;AGING
2026.07.24 18:10:00;XAUUSDm;4063.452;0.460011;0.294288;0.026963;0.793512;0.052826;0.909282;0.031636;2.315585;55.756202;0.066572;0.016820;-61.164366;-0.447162;0.390036;AGING
2026.07.24 18:11:00;XAUUSDm;4062.609;0.461244;1.395695;0.024806;0.822565;0.043046;0.927413;0.030162;2.305073;55.786617;0.052331;0.013632;-61.211801;-0.447748;0.389896;AGING
2026.07.24 18:12:00;XAUUSDm;4062.446;0.467135;0.268817;0.022822;0.794016;0.033867;0.905418;0.028753;2.294529;55.816825;0.042653;0.010864;-61.200717;-0.448177;0.389794;AGING
2026.07.24 18:13:00;XAUUSDm;4062.354;0.472465;0.153564;0.020996;0.761316;0.025285;0.880110;0.027406;2.283959;55.846772;0.033212;0.008229;-61.184540;-0.448592;0.389696;AGING
2026.07.24 18:14:00;XAUUSDm;4061.539;0.463538;1.483761;0.019316;0.796933;0.016941;0.902197;0.026120;2.273370;55.877137;0.021257;0.005471;-61.236793;-0.449089;0.389577;AGING
2026.07.24 18:15:00;XAUUSDm;4062.859;0.465238;2.375040;0.017771;0.875500;0.008618;0.954660;0.024891;2.262767;55.908347;0.009844;0.002725;-61.332775;-0.449568;0.389463;AGING
2026.07.24 18:16:00;XAUUSDm;4062.724;0.464287;0.249050;0.016349;0.844005;0.000854;0.930835;0.023718;2.252156;55.939291;0.001012;0.000274;-61.317842;-0.449956;0.389371;AGING
2026.07.24 18:17:00;XAUUSDm;4061.669;0.459212;1.883458;0.015041;0.895960;0.000000;0.965007;0.022597;2.241542;55.970666;0.000000;0.000000;-61.379865;-0.450000;0.389361;AGING
2026.07.24 18:18:00;XAUUSDm;4060.781;0.457257;1.587869;0.013838;0.930556;0.000000;0.987598;0.021528;2.230930;56.002281;0.000000;0.000000;-61.423914;-0.450000;0.389361;AGING
2026.07.24 18:19:00;XAUUSDm;4060.121;0.458630;1.163119;0.012731;0.942184;0.000000;0.994495;0.020507;2.220322;56.033906;0.000000;0.000000;-61.445017;-0.450000;0.389361;AGING
2026.07.24 18:20:00;XAUUSDm;4059.353;0.456894;1.369179;0.011712;0.963534;0.000000;1.000000;0.019532;2.209724;56.065639;0.000000;0.000000;-61.475973;-0.450000;0.389361;AGING
2026.07.24 18:21:00;XAUUSDm;4058.936;0.457310;0.736983;0.010775;0.952206;0.000000;0.991478;0.018603;2.199139;56.097152;0.000000;0.000000;-61.474066;-0.450000;0.389361;AGING
2026.07.24 18:22:00;XAUUSDm;4057.337;0.456352;2.722536;0.009913;1.000000;0.000000;1.000000;0.017715;2.188570;56.129038;0.000000;0.000000;-61.531695;-0.450000;0.389361;AGING
2026.07.24 18:23:00;XAUUSDm;4058.283;0.458329;1.587248;0.009120;1.000000;0.000000;1.000000;0.016869;2.178019;56.160818;0.000000;0.000000;-61.541474;-0.450000;0.389361;AGING
2026.07.24 18:24:00;XAUUSDm;4057.624;0.456262;1.120405;0.008391;1.000000;0.000000;1.000000;0.016062;2.167490;56.192493;0.000000;0.000000;-61.551206;-0.450000;0.389361;AGING
2026.07.24 18:25:00;XAUUSDm;4056.803;0.455027;1.371900;0.007719;1.000000;0.000000;1.000000;0.015293;2.156984;56.224063;0.000000;0.000000;-61.560897;-0.450000;0.389361;AGING
2026.07.24 18:26:00;XAUUSDm;4056.662;0.455680;0.236149;0.007102;0.961807;0.000000;0.973800;0.014559;2.146504;56.255146;0.000000;0.000000;-61.531979;-0.450000;0.389361;AGING
2026.07.24 18:27:00;XAUUSDm;4056.356;0.455377;0.516194;0.006534;0.939527;0.000000;0.958294;0.013860;2.136053;56.285902;0.000000;0.000000;-61.518720;-0.450000;0.389361;AGING
2026.07.24 18:28:00;XAUUSDm;4055.791;0.455239;0.938819;0.006011;0.939491;0.000000;0.958097;0.013193;2.125631;56.316553;0.000000;0.000000;-61.527681;-0.450000;0.389361;AGING
2026.07.24 18:29:00;XAUUSDm;4055.138;0.455024;1.064177;0.005530;0.945726;0.000000;0.962272;0.012557;2.115241;56.347163;0.000000;0.000000;-61.542954;-0.450000;0.389361;AGING
2026.07.24 18:30:00;XAUUSDm;4055.841;0.455302;1.125160;0.005088;0.954697;0.000000;0.968412;0.011951;2.104883;56.377759;0.000000;0.000000;-61.561037;-0.450000;0.389361;AGING
2026.07.24 18:31:00;XAUUSDm;4054.238;0.455029;2.455275;0.004681;1.000000;0.000000;1.000000;0.011374;2.094560;56.408704;0.000000;0.000000;-61.615892;-0.450000;0.389361;AGING
2026.07.24 18:32:00;XAUUSDm;4054.356;0.455222;0.181215;0.004306;0.959061;0.000000;0.971741;0.010824;2.084272;56.439138;0.000000;0.000000;-61.584085;-0.450000;0.389361;AGING
2026.07.24 18:33:00;XAUUSDm;4052.960;0.454754;2.128438;0.003962;1.000000;0.000000;1.000000;0.010300;2.074021;56.469878;0.000000;0.000000;-61.634559;-0.450000;0.389361;AGING
2026.07.24 18:34:00;XAUUSDm;4054.169;0.455714;1.795740;0.003645;1.000000;0.000000;1.000000;0.009801;2.063808;56.500516;0.000000;0.000000;-61.644089;-0.450000;0.389361;AGING
2026.07.24 18:35:00;XAUUSDm;4054.283;0.455256;0.170572;0.003353;0.958529;0.000000;0.971313;0.009326;2.053633;56.530637;0.000000;0.000000;-61.611730;-0.450000;0.389361;AGING
2026.07.24 18:36:00;XAUUSDm;4055.512;0.456110;1.803798;0.003085;1.000000;0.000000;1.000000;0.008873;2.043498;56.561072;0.000000;0.000000;-61.662728;-0.450000;0.389361;AGING
2026.07.24 18:37:00;XAUUSDm;4055.732;0.457084;0.328938;0.002838;0.966447;0.000000;0.976823;0.008441;2.033402;56.591071;0.000000;0.000000;-61.638367;-0.450000;0.389361;AGING
2026.07.24 18:38:00;XAUUSDm;4056.757;0.459780;1.511799;0.002611;0.993715;0.000000;0.995843;0.008031;2.023347;56.621242;0.000000;0.000000;-61.675101;-0.450000;0.389361;AGING
2026.07.24 18:39:00;XAUUSDm;4055.743;0.459586;1.476498;0.002402;1.000000;0.000000;1.000000;0.007640;2.013334;56.651375;0.000000;0.000000;-61.690920;-0.450000;0.389361;AGING
2026.07.24 18:40:00;XAUUSDm;4054.580;0.459921;1.657356;0.002210;1.000000;0.000000;1.000000;0.007267;2.003362;56.681409;0.000000;0.000000;-61.700457;-0.450000;0.389361;AGING
2026.07.24 18:41:00;XAUUSDm;4053.638;0.424503;1.353721;0.002033;1.000000;0.000000;1.000000;0.006913;1.993433;56.711343;0.000000;0.000000;-61.710001;-0.450000;0.389361;AGING
2026.07.24 18:42:00;XAUUSDm;4053.299;0.435180;0.499293;0.001871;0.974965;0.000000;0.982717;0.006575;1.983546;56.740928;0.000000;0.000000;-61.694265;-0.450000;0.389361;AGING
2026.07.24 18:43:00;XAUUSDm;4051.555;0.424709;2.476921;0.001721;1.000000;0.000000;1.000000;0.006254;1.973702;56.770665;0.000000;0.000000;-61.728857;-0.450000;0.389361;AGING
2026.07.24 18:44:00;XAUUSDm;4052.290;0.435437;1.023506;0.001583;1.000000;0.000000;1.000000;0.005948;1.963902;56.800304;0.000000;0.000000;-61.738421;-0.450000;0.389361;AGING
2026.07.24 18:45:00;XAUUSDm;4053.566;0.444991;1.765455;0.001457;1.000000;0.000000;1.000000;0.005657;1.954145;56.829845;0.000000;0.000000;-61.747993;-0.450000;0.389361;AGING
2026.07.24 18:46:00;XAUUSDm;4054.450;0.505161;1.195564;0.380327;1.000000;0.010660;1.000000;0.024318;1.948107;56.859113;0.010660;0.003586;-61.412975;-0.449501;0.389479;AGING
2026.07.24 18:47:00;XAUUSDm;4054.910;0.607465;0.616804;0.835926;0.980627;0.040938;0.987439;0.045882;1.946660;56.887567;0.041747;0.013769;-60.976414;-0.448059;0.389822;AGING
2026.07.24 18:48:00;XAUUSDm;4053.258;0.484310;2.136299;0.769052;1.000000;0.065688;1.000000;0.046931;1.944557;56.915699;0.065688;0.021958;-61.063937;-0.446931;0.390091;AGING
2026.07.24 18:49:00;XAUUSDm;4053.586;0.633419;0.437287;1.244116;0.970551;0.109637;0.981948;0.068338;1.947220;56.942684;0.112963;0.036716;-60.590599;-0.444775;0.390604;AGING
2026.07.24 18:50:00;XAUUSDm;4054.315;0.644699;0.962681;1.727640;0.967964;0.169582;0.983665;0.089097;1.954710;56.968519;0.175195;0.056306;-60.126875;-0.441929;0.391281;AGING
2026.07.24 18:51:00;XAUUSDm;4055.183;0.831884;1.141444;2.351553;0.973247;0.248159;0.992306;0.115838;1.968405;56.992973;0.254980;0.081164;-59.534993;-0.438292;0.392148;AGING
2026.07.24 18:52:00;XAUUSDm;4054.773;0.986673;0.540128;3.091558;0.946628;0.345859;0.980534;0.147046;1.989435;57.015416;0.365359;0.112179;-58.797591;-0.433430;0.393308;AGING
2026.07.24 18:53:00;XAUUSDm;4054.493;0.633685;0.372251;3.566821;0.910992;0.451823;0.964391;0.163457;2.015117;57.035641;0.495968;0.146242;-58.285136;-0.427809;0.394650;AGING
2026.07.24 18:54:00;XAUUSDm;4054.440;0.997184;0.072412;4.314709;0.860026;0.572299;0.938892;0.192679;2.048152;57.053277;0.665443;0.184561;-57.507956;-0.420809;0.396323;ORGANIZING
2026.07.24 18:55:00;XAUUSDm;4055.294;0.714234;1.180536;4.850385;0.864606;0.699193;0.954094;0.209829;2.086381;57.068803;0.808684;0.221207;-56.976250;-0.414679;0.397791;ORGANIZING
2026.07.24 18:56:00;XAUUSDm;4054.690;0.771197;0.851232;5.428783;0.849953;0.832600;0.957838;0.228257;2.130206;57.081952;0.979584;0.259505;-56.387449;-0.407637;0.399479;ORGANIZING
2026.07.24 18:57:00;XAUUSDm;4055.166;0.888592;0.665250;6.095227;0.824066;0.973055;0.955586;0.250166;2.180479;57.092537;1.180798;0.298968;-55.709612;-0.399628;0.401402;ORGANIZING
2026.07.24 18:58:00;XAUUSDm;4054.873;0.506361;0.407658;6.474997;0.783785;1.000000;0.945164;0.256647;2.234301;57.102717;1.275861;0.305369;-55.393399;-0.396456;0.402164;ORGANIZING
2026.07.24 18:59:00;XAUUSDm;4054.422;0.613165;0.623083;6.934871;0.755749;1.000000;0.942874;0.266808;2.292454;57.113199;1.323190;0.301658;-55.052601;-0.395221;0.402461;ORGANIZING
2026.07.24 19:00:00;XAUUSDm;4052.557;0.505941;2.461526;7.314327;0.821038;1.000000;1.000000;0.272440;2.354113;57.124951;1.217970;0.290058;-54.884769;-0.398958;0.401563;ORGANIZING
2026.07.24 19:01:00;XAUUSDm;4052.851;0.829064;0.393743;7.936125;0.779674;1.000000;0.988316;0.289908;2.421683;57.136964;1.282588;0.286429;-54.403696;-0.397201;0.401985;ORGANIZING
2026.07.24 19:02:00;XAUUSDm;4055.215;0.529501;2.989756;8.333251;0.870178;1.000000;1.000000;0.295269;2.492889;57.150595;1.149191;0.273348;-54.263837;-0.401857;0.400866;ORGANIZING
2026.07.24 19:03:00;XAUUSDm;4055.758;0.388631;0.678988;7.666591;0.840618;1.000000;0.999099;0.313839;2.557073;57.164572;1.189601;0.269431;-55.080422;-0.400840;0.401110;ORGANIZING
2026.07.24 19:04:00;XAUUSDm;4054.550;0.494963;1.495827;7.053264;0.853379;1.000000;1.000000;0.328813;2.614804;57.179254;1.171813;0.263366;-55.866604;-0.401677;0.400909;ORGANIZING
2026.07.24 19:05:00;XAUUSDm;4054.790;0.671383;0.305351;7.556801;0.805977;1.000000;0.987196;0.337549;2.677284;57.194086;1.240730;0.261725;-55.472929;-0.399692;0.401386;ORGANIZING
2026.07.24 19:06:00;XAUUSDm;4053.860;0.916086;1.159775;8.243865;0.803667;1.000000;1.000000;0.355025;2.742533;57.209548;1.244296;0.256330;-54.964466;-0.399855;0.401347;ORGANIZING
2026.07.24 19:07:00;XAUUSDm;4053.160;0.551179;0.880747;8.657250;0.787521;1.000000;1.000000;0.357943;2.807033;57.225494;1.269807;0.253005;-54.685718;-0.399256;0.401491;ORGANIZING
2026.07.24 19:08:00;XAUUSDm;4053.885;0.897468;0.915959;9.330351;0.773943;1.000000;1.000000;0.373701;2.878611;57.242020;1.292085;0.248370;-54.190236;-0.398819;0.401596;ORGANIZING
2026.07.24 19:09:00;XAUUSDm;4053.007;0.913364;1.103181;10.015374;0.770405;1.000000;1.000000;0.389267;2.951931;57.259243;1.298019;0.243214;-53.696669;-0.398899;0.401577;ORGANIZING
2026.07.24 19:10:00;XAUUSDm;4052.981;0.620689;0.033289;10.480891;0.713549;1.000000;0.979789;0.393080;3.024703;57.276625;1.401445;0.242053;-53.344850;-0.395854;0.402309;ORGANIZING
2026.07.24 19:11:00;XAUUSDm;4054.288;0.762831;1.636122;11.053014;0.739678;1.000000;1.000000;0.402032;3.096595;57.294988;1.351940;0.235943;-52.978904;-0.397645;0.401878;ORGANIZING
2026.07.24 19:12:00;XAUUSDm;4053.890;0.762320;0.513668;11.624754;0.708377;1.000000;0.997049;0.410517;3.166443;57.313736;1.411677;0.233354;-52.551281;-0.395982;0.402278;ORGANIZING
2026.07.24 19:13:00;XAUUSDm;4053.549;0.736464;0.447084;12.177102;0.675313;1.000000;0.992169;0.417609;3.236714;57.332857;1.480796;0.230966;-52.139713;-0.394028;0.402748;ORGANIZING
2026.07.24 19:14:00;XAUUSDm;4052.364;0.484367;1.532513;11.202933;0.698173;1.000000;1.000000;0.445437;3.289413;57.352732;1.432311;0.225580;-53.317670;-0.395752;0.402333;ORGANIZING
2026.07.24 19:15:00;XAUUSDm;4050.312;0.357119;2.571880;10.306699;0.771858;1.000000;1.000000;0.467977;3.327529;57.373726;1.295575;0.218945;-54.429896;-0.400186;0.401268;ORGANIZING
2026.07.24 19:16:00;XAUUSDm;4051.092;0.395603;0.962203;9.482163;0.761375;1.000000;1.000000;0.485805;3.351425;57.394854;1.313413;0.217457;-55.348526;-0.399725;0.401378;ORGANIZING
2026.07.24 19:17:00;XAUUSDm;4051.479;0.394212;0.476448;8.723590;0.727129;1.000000;0.998679;0.499443;3.360951;57.415735;1.375272;0.217983;-56.140063;-0.397843;0.401831;ORGANIZING
2026.07.24 19:18:00;XAUUSDm;4051.487;0.408511;0.009986;8.025703;0.671272;1.000000;0.981555;0.509365;3.359654;57.436044;1.489710;0.220250;-56.819651;-0.394296;0.402684;ORGANIZING
2026.07.24 19:19:00;XAUUSDm;4050.742;0.401535;0.927817;7.383646;0.664099;1.000000;0.997502;0.516000;3.347343;57.456159;1.505800;0.220875;-57.463297;-0.393782;0.402807;ORGANIZING
2026.07.24 19:20:00;XAUUSDm;4050.451;0.496123;0.366167;6.792955;0.629202;1.000000;0.993465;0.519734;3.335820;57.475809;1.589314;0.222978;-58.023166;-0.391172;0.403435;ORGANIZING
2026.07.24 19:21:00;XAUUSDm;4050.669;0.482225;0.284217;6.249518;0.591953;1.000000;0.986832;0.520919;3.336007;57.495089;1.689323;0.224776;-58.551377;-0.388082;0.404179;ORGANIZING
2026.07.24 19:22:00;XAUUSDm;4050.569;0.366413;0.130436;5.749557;0.548877;1.000000;0.975091;0.519872;3.345164;57.514029;1.821901;0.226556;-59.043421;-0.384015;0.405159;ORGANIZING
2026.07.24 19:23:00;XAUUSDm;4049.818;0.347840;0.996338;5.289592;0.551250;1.000000;0.994030;0.516876;3.352208;57.533064;1.814058;0.226227;-59.532891;-0.384267;0.405098;ORGANIZING
2026.07.24 19:24:00;XAUUSDm;4049.444;0.359536;0.507421;4.866425;0.529059;1.000000;0.995089;0.512191;3.357316;57.551927;1.890149;0.227347;-59.953574;-0.381928;0.405662;ORGANIZING
2026.07.24 19:25:00;XAUUSDm;4050.532;0.378618;1.438126;4.477111;0.554512;1.000000;1.000000;0.506047;3.371326;57.571186;1.803387;0.225638;-60.403333;-0.384617;0.405014;ORGANIZING
2026.07.24 19:26:00;XAUUSDm;4050.632;0.411751;0.136247;4.118942;0.513599;1.000000;0.987480;0.498653;3.395719;57.590279;1.947044;0.226862;-60.773679;-0.380246;0.406068;ORGANIZING
2026.07.24 19:27:00;XAUUSDm;4050.894;0.466705;0.356560;3.789427;0.485747;1.000000;0.982851;0.490196;3.427418;57.609411;2.058685;0.227099;-61.140960;-0.376884;0.406879;ORGANIZING
2026.07.24 19:28:00;XAUUSDm;4051.566;0.458479;0.923407;3.486273;0.487630;1.000000;0.997927;0.480844;3.468722;57.628974;2.050735;0.225368;-61.529463;-0.377210;0.406800;ORGANIZING
2026.07.24 19:29:00;XAUUSDm;4051.319;0.527697;0.346715;3.882045;0.460584;1.000000;0.991964;0.476590;3.512712;57.648707;2.171155;0.224725;-61.205850;-0.373629;0.407664;ORGANIZING
2026.07.24 19:30:00;XAUUSDm;4051.589;0.580804;0.388747;4.317649;0.436992;1.000000;0.987532;0.474541;3.556780;57.668645;2.288370;0.223798;-60.850632;-0.370159;0.408503;ORGANIZING
2026.07.24 19:31:00;XAUUSDm;4051.457;0.421819;0.194593;3.972237;0.404872;1.000000;0.976388;0.468085;3.609804;57.688792;2.469914;0.223077;-61.277205;-0.364749;0.409811;ORGANIZING
2026.07.24 19:32:00;XAUUSDm;4052.881;0.691667;2.034169;4.490987;0.466337;1.000000;1.000000;0.470618;3.663093;57.710086;2.144371;0.217389;-60.952858;-0.374799;0.407382;ORGANIZING
2026.07.24 19:33:00;XAUUSDm;4053.472;0.999890;0.872995;5.240905;0.466670;1.000000;1.000000;0.484583;3.714139;57.731894;2.142841;0.214344;-60.355104;-0.374998;0.407334;ORGANIZING
2026.07.24 19:34:00;XAUUSDm;4054.139;0.484212;0.987241;4.821632;0.472699;1.000000;1.000000;0.481317;3.759382;57.754215;2.115513;0.212161;-60.886680;-0.375927;0.407110;ORGANIZING
2026.07.24 19:35:00;XAUUSDm;4055.305;0.420933;1.731460;4.435902;0.515637;1.000000;1.000000;0.476538;3.799293;57.777364;1.939350;0.208704;-61.408761;-0.381384;0.405793;ORGANIZING
2026.07.24 19:36:00;XAUUSDm;4054.007;0.448383;1.904063;4.081029;0.565058;1.000000;1.000000;0.470455;3.834308;57.801358;1.769730;0.205346;-61.894911;-0.386641;0.404526;ORGANIZING
2026.07.24 19:37:00;XAUUSDm;4055.510;0.430903;2.139319;3.754547;0.623771;1.000000;1.000000;0.463256;3.864827;57.826244;1.603152;0.201945;-62.351633;-0.391808;0.403282;ORGANIZING
2026.07.24 19:38:00;XAUUSDm;4055.530;0.430676;0.029854;3.454183;0.574075;1.000000;0.982259;0.455111;3.891218;57.850897;1.741932;0.203235;-62.663447;-0.387580;0.404300;ORGANIZING
2026.07.24 19:39:00;XAUUSDm;4055.475;0.423993;0.082774;3.177849;0.529510;1.000000;0.966706;0.446173;3.913820;57.875330;1.888538;0.204520;-62.946976;-0.383118;0.405375;ORGANIZING
2026.07.24 19:40:00;XAUUSDm;4057.763;0.410055;3.289058;2.923621;0.647488;1.000000;1.000000;0.436575;3.932944;57.901134;1.544431;0.199322;-63.364040;-0.393701;0.402827;ORGANIZING
2026.07.24 19:41:00;XAUUSDm;4056.588;0.416671;1.674314;2.689731;0.678829;1.000000;1.000000;0.426441;3.948877;57.927411;1.473125;0.197857;-63.667145;-0.395913;0.402295;ORGANIZING
2026.07.24 19:42:00;XAUUSDm;4057.491;0.411274;1.268900;2.474553;0.688332;1.000000;1.000000;0.415878;3.961883;57.953913;1.452786;0.197391;-63.923215;-0.396547;0.402142;ORGANIZING
2026.07.24 19:43:00;XAUUSDm;4057.015;0.410267;0.665213;2.276588;0.667177;1.000000;1.000000;0.404982;3.972203;57.980307;1.498854;0.198241;-64.125266;-0.395122;0.402485;ORGANIZING
2026.07.24 19:44:00;XAUUSDm;4056.792;0.409917;0.310170;2.094461;0.629326;1.000000;0.990030;0.393840;3.980062;58.006401;1.589001;0.199871;-64.289069;-0.392336;0.403155;ORGANIZING
2026.07.24 19:45:00;XAUUSDm;4057.150;0.413267;0.504908;1.926904;0.603105;1.000000;0.986835;0.382525;3.985664;58.032289;1.658085;0.201155;-64.444868;-0.390200;0.403669;ORGANIZING
2026.07.24 19:46:00;XAUUSDm;4055.910;0.420942;1.718023;1.772752;0.638851;1.000000;1.000000;0.371107;3.989197;58.058569;1.565310;0.200034;-64.645276;-0.393039;0.402986;ORGANIZING
2026.07.24 19:47:00;XAUUSDm;4055.729;0.424988;0.252843;1.630932;0.599551;1.000000;0.986838;0.359642;3.990836;58.084473;1.667916;0.202019;-64.754049;-0.389862;0.403751;ORGANIZING
2026.07.24 19:48:00;XAUUSDm;4055.239;0.439078;0.680745;1.500457;0.583610;0.996459;0.988712;0.348184;3.990740;58.110288;1.707405;0.202428;-64.874830;-0.388656;0.404041;ORGANIZING
2026.07.24 19:49:00;XAUUSDm;4055.287;0.435077;0.067440;1.380421;0.537873;0.988775;0.968654;0.336777;3.995803;58.135849;1.838307;0.203015;-64.969684;-0.384700;0.404994;ORGANIZING
2026.07.24 19:50:00;XAUUSDm;4053.934;0.471917;1.928724;1.269987;0.587640;0.977072;1.000000;0.325460;4.006300;58.162247;1.662705;0.198616;-65.166347;-0.390188;0.403672;ORGANIZING
2026.07.24 19:51:00;XAUUSDm;4054.430;0.452298;0.703008;1.168388;0.573867;0.962121;1.000000;0.314266;4.014307;58.188886;1.676558;0.196253;-65.289391;-0.389891;0.403744;ORGANIZING
2026.07.24 19:52:00;XAUUSDm;4054.339;0.523393;0.137862;1.560933;0.532824;0.964988;0.980824;0.318180;4.023536;58.215150;1.811082;0.197965;-64.905486;-0.385769;0.404736;ORGANIZING
2026.07.24 19:53:00;XAUUSDm;4055.211;0.496056;1.308013;1.436059;0.552284;0.962376;1.000000;0.308515;4.041467;58.241840;1.742540;0.196313;-65.095653;-0.387908;0.404221;ORGANIZING
2026.07.24 19:54:00;XAUUSDm;4055.540;0.525088;0.506871;1.829875;0.530766;0.976047;0.993539;0.312780;4.051177;58.268138;1.838942;0.199408;-64.720897;-0.384861;0.404955;ORGANIZING
2026.07.24 19:55:00;XAUUSDm;4054.043;0.533806;2.220344;2.230229;0.595724;1.000000;1.000000;0.317159;4.052978;58.294625;1.678631;0.201375;-64.400394;-0.389572;0.403820;ORGANIZING
2026.07.24 19:56:00;XAUUSDm;4053.361;0.663391;1.019036;2.727772;0.596889;1.000000;1.000000;0.326178;4.046246;58.321057;1.675353;0.201235;-63.935022;-0.389678;0.403795;ORGANIZING
2026.07.24 19:57:00;XAUUSDm;4053.035;0.452549;0.492611;2.509550;0.571675;1.000000;0.993658;0.320780;4.038465;58.347158;1.749245;0.202802;-64.127773;-0.387383;0.404348;ORGANIZING
2026.07.24 19:58:00;XAUUSDm;4053.483;0.466743;0.682677;2.308786;0.557225;1.000000;0.994001;0.314779;4.029726;58.373028;1.794606;0.204010;-64.310478;-0.385961;0.404690;ORGANIZING
2026.07.24 19:59:00;XAUUSDm;4053.523;0.470722;0.062551;2.124083;0.512492;1.000000;0.972417;0.308276;4.020115;58.398354;1.951251;0.206574;-64.443544;-0.381134;0.405853;ORGANIZING
2026.07.24 20:00:00;XAUUSDm;4053.669;0.422018;0.227457;1.954157;0.478240;1.000000;0.957133;0.301358;4.009709;58.423233;2.091001;0.208798;-64.569451;-0.376830;0.406892;ORGANIZING
2026.07.24 20:01:00;XAUUSDm;4054.949;0.484577;1.995821;1.797824;0.534119;1.000000;1.000000;0.294107;3.998580;58.448560;1.872242;0.207176;-64.770228;-0.383474;0.405289;ORGANIZING
2026.07.24 20:02:00;XAUUSDm;4054.888;0.445392;0.096124;1.653998;0.492219;1.000000;0.978658;0.286593;3.986792;58.473350;2.031615;0.209837;-64.858342;-0.378560;0.406474;ORGANIZING
2026.07.24 20:03:00;XAUUSDm;4053.937;0.433989;1.470315;1.521678;0.521124;1.000000;1.000000;0.278879;3.974408;58.498306;1.918929;0.209450;-65.004325;-0.381960;0.405654;ORGANIZING
2026.07.24 20:04:00;XAUUSDm;4053.900;0.435987;0.059310;1.399944;0.478033;0.996064;0.976837;0.271022;3.961481;58.522779;2.083670;0.211454;-65.069810;-0.376917;0.406871;ORGANIZING
2026.07.24 20:05:00;XAUUSDm;4054.107;0.431810;0.352677;1.287949;0.451844;0.988101;0.964477;0.263071;3.948063;58.547017;2.186817;0.211903;-65.145078;-0.373800;0.407623;ORGANIZING
2026.07.24 20:06:00;XAUUSDm;4053.871;0.457035;0.409680;1.184913;0.429974;0.976601;0.954266;0.255069;3.934201;58.571126;2.271303;0.211420;-65.218126;-0.371290;0.408229;ORGANIZING
2026.07.24 20:07:00;XAUUSDm;4053.239;0.440615;1.087855;1.090120;0.443336;0.961881;0.967869;0.247055;3.919938;58.595521;2.169644;0.208636;-65.320843;-0.374479;0.407459;ORGANIZING
2026.07.24 20:08:00;XAUUSDm;4053.058;0.447470;0.309709;1.002910;0.417417;0.944547;0.953481;0.239063;3.905314;58.619858;2.262837;0.207056;-65.378571;-0.371762;0.408115;ORGANIZING
2026.07.24 20:09:00;XAUUSDm;4053.023;0.442688;0.061380;0.922677;0.380724;0.925038;0.930624;0.231121;3.890365;58.644068;2.429681;0.205463;-65.420048;-0.366836;0.409306;ORGANIZING
2026.07.24 20:10:00;XAUUSDm;4053.044;0.538443;0.037180;1.326510;0.345046;0.924334;0.907443;0.239757;3.871478;58.667746;2.678869;0.207423;-64.984419;-0.359263;0.411138;ORGANIZING
2026.07.24 20:11:00;XAUUSDm;4053.162;0.485706;0.209659;1.220389;0.319790;0.918979;0.891412;0.233075;3.852641;58.691091;2.873695;0.208598;-65.042944;-0.353359;0.412568;ORGANIZING
2026.07.24 20:12:00;XAUUSDm;4053.504;0.540023;0.602473;1.625407;0.315545;0.930634;0.889457;0.241672;3.834022;58.713974;2.949294;0.211930;-64.624867;-0.350925;0.413158;ORGANIZING
2026.07.24 20:13:00;XAUUSDm;4052.975;0.431493;0.939242;1.495374;0.328117;0.936161;0.899658;0.236090;3.815445;58.736687;2.853133;0.213752;-64.736339;-0.353718;0.412481;ORGANIZING
2026.07.24 20:14:00;XAUUSDm;4052.604;0.415278;0.658783;1.375744;0.325927;0.936796;0.899490;0.230267;3.800909;58.759219;2.874251;0.215004;-64.834959;-0.353022;0.412650;ORGANIZING
2026.07.24 20:15:00;XAUUSDm;4052.472;0.446639;0.242629;1.265685;0.303026;0.933183;0.884560;0.224257;3.791550;58.781501;3.079546;0.216073;-64.917274;-0.346810;0.414156;ORGANIZING
2026.07.24 20:16:00;XAUUSDm;4052.871;0.609450;0.725428;1.722772;0.305483;0.948280;0.886839;0.235898;3.782643;58.803417;3.104204;0.219305;-64.474929;-0.345909;0.414375;ORGANIZING
2026.07.24 20:17:00;XAUUSDm;4052.915;0.956008;0.080636;2.439778;0.275275;0.988242;0.866878;0.259954;3.764427;58.824049;3.590020;0.229842;-63.720065;-0.330807;0.418044;ORGANIZING
2026.07.24 20:18:00;XAUUSDm;4052.759;0.510181;0.291404;2.822414;0.256316;1.000000;0.855835;0.266088;3.750741;58.844120;3.901430;0.234020;-63.311680;-0.321256;0.420370;ORGANIZING
2026.07.24 20:19:00;XAUUSDm;4052.677;0.480052;0.154124;2.596620;0.231207;1.000000;0.840588;0.264073;3.736713;58.863799;4.325135;0.236295;-63.499957;-0.308431;0.423498;ORGANIZING
2026.07.24 20:20:00;XAUUSDm;4052.328;0.431267;0.654023;2.388891;0.232348;1.000000;0.843301;0.261256;3.722377;58.883346;4.303898;0.237193;-63.694068;-0.309023;0.423353;ORGANIZING
2026.07.24 20:21:00;XAUUSDm;4052.011;0.394186;0.589965;2.197780;0.230228;1.000000;0.843578;0.257749;3.707764;58.902726;4.343513;0.238337;-63.866201;-0.307778;0.423657;ORGANIZING
2026.07.24 20:22:00;XAUUSDm;4052.393;0.397644;0.739622;2.021957;0.235698;1.000000;0.848961;0.253652;3.692905;58.922012;4.242716;0.239105;-64.028868;-0.310763;0.422928;ORGANIZING
2026.07.24 20:23:00;XAUUSDm;4053.312;0.499207;1.757036;1.860201;0.291765;1.000000;0.889621;0.249058;3.677826;58.941708;3.427416;0.237043;-64.227039;-0.335325;0.416945;ORGANIZING
2026.07.24 20:24:00;XAUUSDm;4053.519;0.583360;0.402849;2.297720;0.277319;1.000000;0.881301;0.258481;3.668414;58.961165;3.605953;0.237857;-63.794554;-0.329929;0.418258;ORGANIZING
2026.07.24 20:25:00;XAUUSDm;4054.585;0.541785;2.082682;2.704059;0.347587;1.000000;0.932397;0.265874;3.664233;58.981283;2.876975;0.233771;-63.485026;-0.352002;0.412897;ORGANIZING
2026.07.24 20:26:00;XAUUSDm;4053.653;0.744043;1.847300;3.262091;0.402573;1.000000;0.973724;0.280481;3.666684;59.001976;2.484022;0.229899;-63.036789;-0.363984;0.409995;ORGANIZING
2026.07.24 20:27:00;XAUUSDm;4053.799;0.516743;0.305836;3.649648;0.377736;1.000000;0.960165;0.285835;3.673946;59.022493;2.647351;0.230547;-62.670143;-0.359052;0.411189;ORGANIZING
2026.07.24 20:28:00;XAUUSDm;4053.740;0.492538;0.123390;3.357676;0.345019;1.000000;0.940882;0.286142;3.679124;59.042734;2.898393;0.232003;-62.960609;-0.351448;0.413031;ORGANIZING
2026.07.24 20:29:00;XAUUSDm;4053.732;0.492859;0.016764;3.089062;0.308606;1.000000;0.918553;0.285266;3.682392;59.062644;3.240377;0.233849;-63.217504;-0.341096;0.415543;ORGANIZING
2026.07.24 20:30:00;XAUUSDm;4053.291;0.733266;1.001635;3.639012;0.323258;1.000000;0.931445;0.298500;3.687105;59.082748;3.093509;0.232080;-62.738203;-0.345591;0.414452;ORGANIZING
2026.07.24 20:31:00;XAUUSDm;4053.396;0.750236;0.250668;4.201689;0.299628;1.000000;0.918065;0.311709;3.698483;59.102729;3.337471;0.232028;-62.221050;-0.338274;0.416229;ORGANIZING
2026.07.24 20:32:00;XAUUSDm;4053.785;0.702539;0.952031;4.728593;0.312248;1.000000;0.930164;0.322469;3.711022;59.122962;3.202580;0.230110;-61.773598;-0.342417;0.415222;ORGANIZING
2026.07.24 20:33:00;XAUUSDm;4053.734;0.485981;0.127468;4.350306;0.283009;1.000000;0.913356;0.325259;3.721016;59.143002;3.533454;0.230985;-62.168257;-0.332447;0.417645;ORGANIZING
2026.07.24 20:34:00;XAUUSDm;4052.409;0.828457;3.138769;4.971649;0.405797;1.000000;1.000000;0.340064;3.738370;59.164444;2.464285;0.223004;-61.755460;-0.364921;0.409769;ORGANIZING
2026.07.24 20:35:00;XAUUSDm;4054.013;0.423206;3.587885;4.573917;0.544902;1.000000;1.000000;0.342947;3.752761;59.187420;1.835194;0.215489;-62.349820;-0.384170;0.405122;ORGANIZING
2026.07.24 20:36:00;XAUUSDm;4053.920;0.456091;0.219278;4.208004;0.508620;1.000000;0.984678;0.344095;3.758849;59.210095;1.966103;0.216846;-62.716601;-0.380175;0.406085;ORGANIZING
2026.07.24 20:37:00;XAUUSDm;4053.899;0.466324;0.049891;3.871363;0.465684;1.000000;0.964004;0.343723;3.754371;59.232295;2.147379;0.219117;-63.022803;-0.374623;0.407424;ORGANIZING
2026.07.24 20:38:00;XAUUSDm;4054.359;0.423402;1.094404;3.561654;0.477120;1.000000;0.980598;0.342022;3.742991;59.254496;2.095909;0.219196;-63.339989;-0.376163;0.407053;ORGANIZING
2026.07.24 20:39:00;XAUUSDm;4054.113;0.431235;0.579806;3.276722;0.462254;1.000000;0.978541;0.339167;3.731077;59.276430;2.163312;0.220629;-63.602452;-0.374069;0.407558;ORGANIZING
2026.07.24 20:40:00;XAUUSDm;4053.961;0.421968;0.379753;3.014584;0.438129;1.000000;0.969454;0.335316;3.718679;59.297998;2.282432;0.222612;-63.829533;-0.370396;0.408445;ORGANIZING
2026.07.24 20:41:00;XAUUSDm;4054.906;0.396626;2.309158;2.773417;0.511681;1.000000;1.000000;0.330609;3.705842;59.320173;1.954344;0.219871;-64.131337;-0.380376;0.406036;ORGANIZING
2026.07.24 20:42:00;XAUUSDm;4054.783;0.404902;0.300088;2.551544;0.481101;1.000000;0.987074;0.325172;3.692609;59.341910;2.078566;0.222277;-64.307028;-0.376529;0.406964;ORGANIZING
2026.07.24 20:43:00;XAUUSDm;4055.284;0.413029;1.244844;2.347421;0.499288;1.000000;1.000000;0.319119;3.679018;59.363693;2.002851;0.222349;-64.511835;-0.378797;0.406417;ORGANIZING
2026.07.24 20:44:00;XAUUSDm;4055.269;0.420820;0.037862;2.159627;0.456217;1.000000;0.977494;0.312553;3.662004;59.384875;2.191940;0.225694;-64.630579;-0.372957;0.407827;ORGANIZING
2026.07.24 20:45:00;XAUUSDm;4055.366;0.496774;0.263458;1.986857;0.426579;1.000000;0.963442;0.305564;3.650866;59.405650;2.344232;0.228154;-64.758231;-0.368265;0.408960;ORGANIZING
2026.07.24 20:46:00;XAUUSDm;4055.912;0.409404;1.494008;1.827908;0.459950;1.000000;0.992707;0.298233;3.646953;59.426719;2.174148;0.227008;-64.949134;-0.373425;0.407714;ORGANIZING
2026.07.24 20:47:00;XAUUSDm;4055.403;0.428816;1.378955;1.681676;0.485901;1.000000;1.000000;0.290633;3.648398;59.448062;2.058034;0.225992;-65.130349;-0.376959;0.406860;ORGANIZING
2026.07.24 20:48:00;XAUUSDm;4054.487;0.507011;2.420207;2.061934;0.562616;1.000000;1.000000;0.295114;3.643114;59.470119;1.777412;0.222181;-64.847257;-0.385569;0.404785;ORGANIZING
2026.07.24 20:49:00;XAUUSDm;4054.220;0.577553;0.697092;2.495098;0.549340;1.000000;0.999727;0.302017;3.630838;59.491921;1.820367;0.223105;-64.411871;-0.384234;0.405106;ORGANIZING
2026.07.24 20:50:00;XAUUSDm;4054.326;0.466071;0.277327;2.295490;0.515739;1.000000;0.985014;0.296896;3.626119;59.513340;1.938965;0.225288;-64.579618;-0.380567;0.405990;ORGANIZING
2026.07.24 20:51:00;XAUUSDm;4053.667;0.734418;1.782044;2.846304;0.559054;1.000000;1.000000;0.309592;3.621542;59.535146;1.788735;0.222708;-64.110165;-0.385203;0.404873;ORGANIZING
2026.07.24 20:52:00;XAUUSDm;4053.590;0.830210;0.208041;3.468961;0.521504;1.000000;0.983117;0.325246;3.616030;59.556521;1.917532;0.224076;-63.491615;-0.381270;0.405821;ORGANIZING
2026.07.24 20:53:00;XAUUSDm;4053.973;0.766247;1.067566;4.043646;0.528807;1.000000;0.997456;0.337718;3.601017;59.577819;1.891050;0.223837;-62.940448;-0.382077;0.405626;ORGANIZING
2026.07.24 20:54:00;XAUUSDm;4053.120;0.503501;2.274182;4.421273;0.596076;1.000000;1.000000;0.339713;3.588516;59.599665;1.677640;0.221028;-62.630925;-0.388619;0.404050;ORGANIZING
2026.07.24 20:55:00;XAUUSDm;4052.375;0.420702;1.930852;4.067571;0.642814;1.000000;1.000000;0.340412;3.575636;59.621850;1.555659;0.219353;-63.029191;-0.392363;0.403149;ORGANIZING
2026.07.24 20:56:00;XAUUSDm;4052.904;0.457932;1.350523;3.742165;0.658200;1.000000;1.000000;0.339662;3.562417;59.644056;1.519296;0.219285;-63.364248;-0.393457;0.402885;ORGANIZING
